solid PARTassembly
   facet normal 0.0000 0.0000 -1.0000
      outer loop
         vertex -1.7348 4.4833 0.0000
         vertex -0.7172 1.9000 0.0000
         vertex -1.4000 1.9000 0.0000
      endloop
   endfacet
   facet normal 0.0000 0.0000 -1.0000
      outer loop
         vertex -1.7348 4.4833 0.0000
         vertex -1.4000 1.9000 0.0000
         vertex -1.4000 0.3000 0.0000
      endloop
   endfacet
   facet normal 0.0000 0.0000 -1.0000
      outer loop
         vertex -1.7348 4.4833 0.0000
         vertex -1.4000 0.3000 0.0000
         vertex -1.4000 0.0000 0.0000
      endloop
   endfacet
   facet normal 0.0000 0.0000 -1.0000
      outer loop
         vertex -1.7348 4.4833 0.0000
         vertex -1.4000 0.0000 0.0000
         vertex -1.7518 4.5263 0.0000
      endloop
   endfacet
   facet normal 0.0000 0.0000 -1.0000
      outer loop
         vertex -1.4000 0.0000 0.0000
         vertex -14.9000 0.0000 0.0000
         vertex -14.8319 3.3176 0.0000
      endloop
   endfacet
   facet normal 0.0000 0.0000 -1.0000
      outer loop
         vertex -1.4000 0.0000 0.0000
         vertex -14.8319 3.3176 0.0000
         vertex -14.6321 3.8000 0.0000
      endloop
   endfacet
   facet normal 0.0000 0.0000 -1.0000
      outer loop
         vertex -1.4000 0.0000 0.0000
         vertex -14.6321 3.8000 0.0000
         vertex -14.3086 4.2200 0.0000
      endloop
   endfacet
   facet normal 0.0000 0.0000 -1.0000
      outer loop
         vertex -1.4000 0.0000 0.0000
         vertex -14.3086 4.2200 0.0000
         vertex -14.0783 4.4160 0.0000
      endloop
   endfacet
   facet normal 0.0000 0.0000 -1.0000
      outer loop
         vertex -1.4000 0.0000 0.0000
         vertex -14.0783 4.4160 0.0000
         vertex -13.8030 4.5932 0.0000
      endloop
   endfacet
   facet normal 0.0000 0.0000 -1.0000
      outer loop
         vertex -1.4000 0.0000 0.0000
         vertex -13.8030 4.5932 0.0000
         vertex -12.8996 4.9689 0.0000
      endloop
   endfacet
   facet normal 0.0000 0.0000 -1.0000
      outer loop
         vertex -1.4000 0.0000 0.0000
         vertex -12.8996 4.9689 0.0000
         vertex -11.9160 5.0961 0.0000
      endloop
   endfacet
   facet normal 0.0000 0.0000 -1.0000
      outer loop
         vertex -1.4000 0.0000 0.0000
         vertex -11.9160 5.0961 0.0000
         vertex -11.0124 5.1347 0.0000
      endloop
   endfacet
   facet normal 0.0000 0.0000 -1.0000
      outer loop
         vertex -1.4000 0.0000 0.0000
         vertex -11.0124 5.1347 0.0000
         vertex -10.0975 5.1500 0.0000
      endloop
   endfacet
   facet normal 0.0000 0.0000 -1.0000
      outer loop
         vertex -1.4000 0.0000 0.0000
         vertex -10.0975 5.1500 0.0000
         vertex -7.3563 5.1500 0.0000
      endloop
   endfacet
   facet normal 0.0000 0.0000 -1.0000
      outer loop
         vertex -1.4000 0.0000 0.0000
         vertex -7.3563 5.1500 0.0000
         vertex -7.2912 5.1259 0.0000
      endloop
   endfacet
   facet normal 0.0000 0.0000 -1.0000
      outer loop
         vertex -1.4000 0.0000 0.0000
         vertex -7.2912 5.1259 0.0000
         vertex -7.1076 4.9685 0.0000
      endloop
   endfacet
   facet normal 0.0000 0.0000 -1.0000
      outer loop
         vertex -1.4000 0.0000 0.0000
         vertex -7.1076 4.9685 0.0000
         vertex -6.9795 4.8820 0.0000
      endloop
   endfacet
   facet normal 0.0000 0.0000 -1.0000
      outer loop
         vertex -1.4000 0.0000 0.0000
         vertex -6.9795 4.8820 0.0000
         vertex -6.6520 4.8000 0.0000
      endloop
   endfacet
   facet normal 0.0000 0.0000 -1.0000
      outer loop
         vertex -1.4000 0.0000 0.0000
         vertex -6.6520 4.8000 0.0000
         vertex -2.2000 4.8000 0.0000
      endloop
   endfacet
   facet normal 0.0000 0.0000 -1.0000
      outer loop
         vertex -1.4000 0.0000 0.0000
         vertex -2.2000 4.8000 0.0000
         vertex -1.9500 4.7330 0.0000
      endloop
   endfacet
   facet normal 0.0000 0.0000 -1.0000
      outer loop
         vertex -1.4000 0.0000 0.0000
         vertex -1.9500 4.7330 0.0000
         vertex -1.7518 4.5263 0.0000
      endloop
   endfacet
   facet normal 0.0000 0.0000 -1.0000
      outer loop
         vertex -7.2902 5.1271 0.0000
         vertex -7.2912 5.1259 0.0000
         vertex -7.3563 5.1500 0.0000
      endloop
   endfacet
   facet normal 0.0000 0.0000 -1.0000
      outer loop
         vertex -14.8319 3.3176 0.0000
         vertex -14.9000 0.0000 0.0000
         vertex -14.9000 2.8000 0.0000
      endloop
   endfacet
   facet normal 0.0000 0.0000 1.0000
      outer loop
         vertex -6.9795 4.8820 17.7000
         vertex -7.1076 4.9685 17.7000
         vertex -1.4000 0.0000 17.7000
      endloop
   endfacet
   facet normal 0.0000 0.0000 1.0000
      outer loop
         vertex -1.4000 0.0000 17.7000
         vertex -7.1076 4.9685 17.7000
         vertex -7.2912 5.1259 17.7000
      endloop
   endfacet
   facet normal 0.0000 0.0000 1.0000
      outer loop
         vertex -1.4000 0.0000 17.7000
         vertex -7.2912 5.1259 17.7000
         vertex -7.3563 5.1500 17.7000
      endloop
   endfacet
   facet normal 0.0000 0.0000 1.0000
      outer loop
         vertex -7.3563 5.1500 17.7000
         vertex -7.2912 5.1259 17.7000
         vertex -7.2902 5.1271 17.7000
      endloop
   endfacet
   facet normal 0.0000 0.0000 1.0000
      outer loop
         vertex -1.7348 4.4833 17.7000
         vertex -1.7518 4.5263 17.7000
         vertex -1.4000 0.0000 17.7000
      endloop
   endfacet
   facet normal 0.0000 0.0000 1.0000
      outer loop
         vertex -1.7348 4.4833 17.7000
         vertex -1.4000 0.0000 17.7000
         vertex -1.4000 0.3000 17.7000
      endloop
   endfacet
   facet normal 0.0000 0.0000 1.0000
      outer loop
         vertex -1.7348 4.4833 17.7000
         vertex -1.4000 0.3000 17.7000
         vertex -1.4000 1.9000 17.7000
      endloop
   endfacet
   facet normal 0.0000 0.0000 1.0000
      outer loop
         vertex -1.7348 4.4833 17.7000
         vertex -1.4000 1.9000 17.7000
         vertex -0.7172 1.9000 17.7000
      endloop
   endfacet
   facet normal 0.0000 0.0000 1.0000
      outer loop
         vertex -1.4000 0.0000 17.7000
         vertex -1.7518 4.5263 17.7000
         vertex -1.9500 4.7330 17.7000
      endloop
   endfacet
   facet normal 0.0000 0.0000 1.0000
      outer loop
         vertex -1.4000 0.0000 17.7000
         vertex -1.9500 4.7330 17.7000
         vertex -2.2000 4.8000 17.7000
      endloop
   endfacet
   facet normal 0.0000 0.0000 1.0000
      outer loop
         vertex -1.4000 0.0000 17.7000
         vertex -2.2000 4.8000 17.7000
         vertex -6.6520 4.8000 17.7000
      endloop
   endfacet
   facet normal 0.0000 0.0000 1.0000
      outer loop
         vertex -1.4000 0.0000 17.7000
         vertex -6.6520 4.8000 17.7000
         vertex -6.9795 4.8820 17.7000
      endloop
   endfacet
   facet normal 0.0000 0.0000 1.0000
      outer loop
         vertex -1.4000 0.0000 17.7000
         vertex -7.3563 5.1500 17.7000
         vertex -10.0975 5.1500 17.7000
      endloop
   endfacet
   facet normal 0.0000 0.0000 1.0000
      outer loop
         vertex -1.4000 0.0000 17.7000
         vertex -10.0975 5.1500 17.7000
         vertex -11.0124 5.1347 17.7000
      endloop
   endfacet
   facet normal 0.0000 0.0000 1.0000
      outer loop
         vertex -1.4000 0.0000 17.7000
         vertex -11.0124 5.1347 17.7000
         vertex -11.9160 5.0961 17.7000
      endloop
   endfacet
   facet normal 0.0000 0.0000 1.0000
      outer loop
         vertex -1.4000 0.0000 17.7000
         vertex -11.9160 5.0961 17.7000
         vertex -12.8996 4.9689 17.7000
      endloop
   endfacet
   facet normal 0.0000 0.0000 1.0000
      outer loop
         vertex -1.4000 0.0000 17.7000
         vertex -12.8996 4.9689 17.7000
         vertex -13.8030 4.5932 17.7000
      endloop
   endfacet
   facet normal 0.0000 0.0000 1.0000
      outer loop
         vertex -1.4000 0.0000 17.7000
         vertex -13.8030 4.5932 17.7000
         vertex -14.0783 4.4160 17.7000
      endloop
   endfacet
   facet normal 0.0000 0.0000 1.0000
      outer loop
         vertex -1.4000 0.0000 17.7000
         vertex -14.0783 4.4160 17.7000
         vertex -14.3086 4.2200 17.7000
      endloop
   endfacet
   facet normal 0.0000 0.0000 1.0000
      outer loop
         vertex -1.4000 0.0000 17.7000
         vertex -14.3086 4.2200 17.7000
         vertex -14.6321 3.8000 17.7000
      endloop
   endfacet
   facet normal 0.0000 0.0000 1.0000
      outer loop
         vertex -1.4000 0.0000 17.7000
         vertex -14.6321 3.8000 17.7000
         vertex -14.8319 3.3176 17.7000
      endloop
   endfacet
   facet normal 0.0000 0.0000 1.0000
      outer loop
         vertex -1.4000 0.0000 17.7000
         vertex -14.8319 3.3176 17.7000
         vertex -14.9000 2.8000 17.7000
      endloop
   endfacet
   facet normal 0.0000 0.0000 1.0000
      outer loop
         vertex -1.4000 0.0000 17.7000
         vertex -14.9000 2.8000 17.7000
         vertex -14.9000 0.0000 17.7000
      endloop
   endfacet
   facet normal 0.6508 0.7593 0.0000
      outer loop
         vertex -6.9123 5.1963 6.7500
         vertex -6.9123 5.1963 4.9500
         vertex -7.0960 5.3537 4.9500
      endloop
   endfacet
   facet normal 0.6508 0.7593 0.0000
      outer loop
         vertex -6.9123 5.1963 6.7500
         vertex -7.0960 5.3537 4.9500
         vertex -7.0960 5.3537 6.7500
      endloop
   endfacet
   facet normal 0.6508 0.7593 0.0000
      outer loop
         vertex -7.0960 5.3537 0.3000
         vertex -7.0960 5.3537 0.7500
         vertex -6.9123 5.1963 0.7500
      endloop
   endfacet
   facet normal 0.6508 0.7593 0.0000
      outer loop
         vertex -7.0960 5.3537 0.3000
         vertex -6.9123 5.1963 0.7500
         vertex -6.9123 5.1963 0.3000
      endloop
   endfacet
   facet normal 0.6508 0.7593 0.0000
      outer loop
         vertex -7.0960 5.3537 16.9500
         vertex -7.0960 5.3537 17.4000
         vertex -6.9123 5.1963 17.4000
      endloop
   endfacet
   facet normal 0.6508 0.7593 0.0000
      outer loop
         vertex -7.0960 5.3537 16.9500
         vertex -6.9123 5.1963 17.4000
         vertex -6.9123 5.1963 16.9500
      endloop
   endfacet
   facet normal 0.6508 0.7593 0.0000
      outer loop
         vertex -6.9123 5.1963 12.7500
         vertex -6.9123 5.1963 10.9500
         vertex -7.0960 5.3537 10.9500
      endloop
   endfacet
   facet normal 0.6508 0.7593 0.0000
      outer loop
         vertex -6.9123 5.1963 12.7500
         vertex -7.0960 5.3537 10.9500
         vertex -7.0960 5.3537 12.7500
      endloop
   endfacet
   facet normal 0.0000 -1.0000 0.0000
      outer loop
         vertex -1.4000 0.3000 14.1500
         vertex -1.8750 0.3000 14.2500
         vertex -11.8000 0.3000 14.1500
      endloop
   endfacet
   facet normal 0.0000 -1.0000 0.0000
      outer loop
         vertex -11.8000 0.3000 14.1500
         vertex -1.8750 0.3000 14.2500
         vertex -6.7812 0.3000 14.2500
      endloop
   endfacet
   facet normal 0.0000 -1.0000 0.0000
      outer loop
         vertex -11.8000 0.3000 14.1500
         vertex -6.7812 0.3000 14.2500
         vertex -11.8000 0.3000 15.5500
      endloop
   endfacet
   facet normal 0.0000 -1.0000 0.0000
      outer loop
         vertex -11.8000 0.3000 15.5500
         vertex -6.7812 0.3000 14.2500
         vertex -6.7812 0.3000 15.4500
      endloop
   endfacet
   facet normal 0.0000 -1.0000 0.0000
      outer loop
         vertex -11.8000 0.3000 15.5500
         vertex -6.7812 0.3000 15.4500
         vertex -1.4000 0.3000 15.5500
      endloop
   endfacet
   facet normal 0.0000 -1.0000 0.0000
      outer loop
         vertex -1.4000 0.3000 15.5500
         vertex -6.7812 0.3000 15.4500
         vertex -1.8750 0.3000 15.4500
      endloop
   endfacet
   facet normal 0.0000 -1.0000 0.0000
      outer loop
         vertex -1.4000 0.3000 15.5500
         vertex -1.8750 0.3000 15.4500
         vertex -1.8750 0.3000 14.2500
      endloop
   endfacet
   facet normal 0.0000 -1.0000 0.0000
      outer loop
         vertex -1.8750 0.3000 14.2500
         vertex -1.4000 0.3000 14.1500
         vertex -1.4000 0.3000 15.5500
      endloop
   endfacet
   facet normal 0.0000 -1.0000 0.0000
      outer loop
         vertex -1.4000 0.3000 8.1500
         vertex -1.8750 0.3000 8.2500
         vertex -11.8000 0.3000 8.1500
      endloop
   endfacet
   facet normal 0.0000 -1.0000 0.0000
      outer loop
         vertex -11.8000 0.3000 8.1500
         vertex -1.8750 0.3000 8.2500
         vertex -6.7812 0.3000 8.2500
      endloop
   endfacet
   facet normal 0.0000 -1.0000 0.0000
      outer loop
         vertex -11.8000 0.3000 8.1500
         vertex -6.7812 0.3000 8.2500
         vertex -11.8000 0.3000 9.5500
      endloop
   endfacet
   facet normal 0.0000 -1.0000 0.0000
      outer loop
         vertex -11.8000 0.3000 9.5500
         vertex -6.7812 0.3000 8.2500
         vertex -6.7812 0.3000 9.4500
      endloop
   endfacet
   facet normal 0.0000 -1.0000 0.0000
      outer loop
         vertex -11.8000 0.3000 9.5500
         vertex -6.7812 0.3000 9.4500
         vertex -1.4000 0.3000 9.5500
      endloop
   endfacet
   facet normal 0.0000 -1.0000 0.0000
      outer loop
         vertex -1.4000 0.3000 9.5500
         vertex -6.7812 0.3000 9.4500
         vertex -1.8750 0.3000 9.4500
      endloop
   endfacet
   facet normal 0.0000 -1.0000 0.0000
      outer loop
         vertex -1.4000 0.3000 9.5500
         vertex -1.8750 0.3000 9.4500
         vertex -1.8750 0.3000 8.2500
      endloop
   endfacet
   facet normal 0.0000 -1.0000 0.0000
      outer loop
         vertex -1.8750 0.3000 8.2500
         vertex -1.4000 0.3000 8.1500
         vertex -1.4000 0.3000 9.5500
      endloop
   endfacet
   facet normal 0.0000 -1.0000 0.0000
      outer loop
         vertex -1.4000 0.3000 2.1500
         vertex -1.8750 0.3000 2.2500
         vertex -11.8000 0.3000 2.1500
      endloop
   endfacet
   facet normal 0.0000 -1.0000 0.0000
      outer loop
         vertex -11.8000 0.3000 2.1500
         vertex -1.8750 0.3000 2.2500
         vertex -6.7812 0.3000 2.2500
      endloop
   endfacet
   facet normal 0.0000 -1.0000 0.0000
      outer loop
         vertex -11.8000 0.3000 2.1500
         vertex -6.7812 0.3000 2.2500
         vertex -11.8000 0.3000 3.5500
      endloop
   endfacet
   facet normal 0.0000 -1.0000 0.0000
      outer loop
         vertex -11.8000 0.3000 3.5500
         vertex -6.7812 0.3000 2.2500
         vertex -6.7812 0.3000 3.4500
      endloop
   endfacet
   facet normal 0.0000 -1.0000 0.0000
      outer loop
         vertex -11.8000 0.3000 3.5500
         vertex -6.7812 0.3000 3.4500
         vertex -1.4000 0.3000 3.5500
      endloop
   endfacet
   facet normal 0.0000 -1.0000 0.0000
      outer loop
         vertex -1.4000 0.3000 3.5500
         vertex -6.7812 0.3000 3.4500
         vertex -1.8750 0.3000 3.4500
      endloop
   endfacet
   facet normal 0.0000 -1.0000 0.0000
      outer loop
         vertex -1.4000 0.3000 3.5500
         vertex -1.8750 0.3000 3.4500
         vertex -1.8750 0.3000 2.2500
      endloop
   endfacet
   facet normal 0.0000 -1.0000 0.0000
      outer loop
         vertex -1.8750 0.3000 2.2500
         vertex -1.4000 0.3000 2.1500
         vertex -1.4000 0.3000 3.5500
      endloop
   endfacet
   facet normal 0.0000 -1.0000 0.0000
      outer loop
         vertex -11.8000 0.3000 8.1500
         vertex -11.8000 0.3000 9.5500
         vertex -13.8982 0.3000 8.2500
      endloop
   endfacet
   facet normal 0.0000 -1.0000 0.0000
      outer loop
         vertex -11.8000 0.3000 8.1500
         vertex -13.8982 0.3000 8.2500
         vertex -14.2000 0.3000 8.2500
      endloop
   endfacet
   facet normal 0.0000 -1.0000 0.0000
      outer loop
         vertex -11.8000 0.3000 8.1500
         vertex -14.2000 0.3000 8.2500
         vertex -14.2000 0.3000 7.9500
      endloop
   endfacet
   facet normal 0.0000 -1.0000 0.0000
      outer loop
         vertex -11.8000 0.3000 8.1500
         vertex -14.2000 0.3000 7.9500
         vertex -14.2000 0.3000 7.3500
      endloop
   endfacet
   facet normal 0.0000 -1.0000 0.0000
      outer loop
         vertex -11.8000 0.3000 8.1500
         vertex -14.2000 0.3000 7.3500
         vertex -14.1799 0.3000 7.2750
      endloop
   endfacet
   facet normal 0.0000 -1.0000 0.0000
      outer loop
         vertex -11.8000 0.3000 8.1500
         vertex -14.1799 0.3000 7.2750
         vertex -14.1250 0.3000 7.2201
      endloop
   endfacet
   facet normal 0.0000 -1.0000 0.0000
      outer loop
         vertex -11.8000 0.3000 8.1500
         vertex -14.1250 0.3000 7.2201
         vertex -14.0500 0.3000 7.2000
      endloop
   endfacet
   facet normal 0.0000 -1.0000 0.0000
      outer loop
         vertex -11.8000 0.3000 8.1500
         vertex -14.0500 0.3000 7.2000
         vertex -11.8000 0.3000 7.2000
      endloop
   endfacet
   facet normal 0.0000 -1.0000 0.0000
      outer loop
         vertex -11.8000 0.3000 10.5000
         vertex -14.0500 0.3000 10.5000
         vertex -14.1250 0.3000 10.4799
      endloop
   endfacet
   facet normal 0.0000 -1.0000 0.0000
      outer loop
         vertex -11.8000 0.3000 10.5000
         vertex -14.1250 0.3000 10.4799
         vertex -14.1799 0.3000 10.4250
      endloop
   endfacet
   facet normal 0.0000 -1.0000 0.0000
      outer loop
         vertex -11.8000 0.3000 10.5000
         vertex -14.1799 0.3000 10.4250
         vertex -14.2000 0.3000 10.3500
      endloop
   endfacet
   facet normal 0.0000 -1.0000 0.0000
      outer loop
         vertex -11.8000 0.3000 10.5000
         vertex -14.2000 0.3000 10.3500
         vertex -14.2000 0.3000 9.7500
      endloop
   endfacet
   facet normal 0.0000 -1.0000 0.0000
      outer loop
         vertex -11.8000 0.3000 10.5000
         vertex -14.2000 0.3000 9.7500
         vertex -11.8000 0.3000 9.5500
      endloop
   endfacet
   facet normal 0.0000 -1.0000 0.0000
      outer loop
         vertex -11.8000 0.3000 9.5500
         vertex -14.2000 0.3000 9.7500
         vertex -14.2000 0.3000 9.4500
      endloop
   endfacet
   facet normal 0.0000 -1.0000 0.0000
      outer loop
         vertex -11.8000 0.3000 9.5500
         vertex -14.2000 0.3000 9.4500
         vertex -13.8982 0.3000 9.4500
      endloop
   endfacet
   facet normal 0.0000 -1.0000 0.0000
      outer loop
         vertex -11.8000 0.3000 9.5500
         vertex -13.8982 0.3000 9.4500
         vertex -13.8982 0.3000 8.2500
      endloop
   endfacet
   facet normal 0.0000 -1.0000 0.0000
      outer loop
         vertex -11.8000 0.3000 14.1500
         vertex -11.8000 0.3000 15.5500
         vertex -13.8982 0.3000 14.2500
      endloop
   endfacet
   facet normal 0.0000 -1.0000 0.0000
      outer loop
         vertex -11.8000 0.3000 14.1500
         vertex -13.8982 0.3000 14.2500
         vertex -14.2000 0.3000 14.2500
      endloop
   endfacet
   facet normal 0.0000 -1.0000 0.0000
      outer loop
         vertex -11.8000 0.3000 14.1500
         vertex -14.2000 0.3000 14.2500
         vertex -14.2000 0.3000 13.9500
      endloop
   endfacet
   facet normal 0.0000 -1.0000 0.0000
      outer loop
         vertex -11.8000 0.3000 14.1500
         vertex -14.2000 0.3000 13.9500
         vertex -14.2000 0.3000 13.3500
      endloop
   endfacet
   facet normal 0.0000 -1.0000 0.0000
      outer loop
         vertex -11.8000 0.3000 14.1500
         vertex -14.2000 0.3000 13.3500
         vertex -14.1799 0.3000 13.2750
      endloop
   endfacet
   facet normal 0.0000 -1.0000 0.0000
      outer loop
         vertex -11.8000 0.3000 14.1500
         vertex -14.1799 0.3000 13.2750
         vertex -14.1250 0.3000 13.2201
      endloop
   endfacet
   facet normal 0.0000 -1.0000 0.0000
      outer loop
         vertex -11.8000 0.3000 14.1500
         vertex -14.1250 0.3000 13.2201
         vertex -14.0500 0.3000 13.2000
      endloop
   endfacet
   facet normal 0.0000 -1.0000 0.0000
      outer loop
         vertex -11.8000 0.3000 14.1500
         vertex -14.0500 0.3000 13.2000
         vertex -11.8000 0.3000 13.2000
      endloop
   endfacet
   facet normal 0.0000 -1.0000 0.0000
      outer loop
         vertex -11.8000 0.3000 16.5000
         vertex -14.0500 0.3000 16.5000
         vertex -14.1250 0.3000 16.4799
      endloop
   endfacet
   facet normal 0.0000 -1.0000 0.0000
      outer loop
         vertex -11.8000 0.3000 16.5000
         vertex -14.1250 0.3000 16.4799
         vertex -14.1799 0.3000 16.4250
      endloop
   endfacet
   facet normal 0.0000 -1.0000 0.0000
      outer loop
         vertex -11.8000 0.3000 16.5000
         vertex -14.1799 0.3000 16.4250
         vertex -14.2000 0.3000 16.3500
      endloop
   endfacet
   facet normal 0.0000 -1.0000 0.0000
      outer loop
         vertex -11.8000 0.3000 16.5000
         vertex -14.2000 0.3000 16.3500
         vertex -14.2000 0.3000 15.7500
      endloop
   endfacet
   facet normal 0.0000 -1.0000 0.0000
      outer loop
         vertex -11.8000 0.3000 16.5000
         vertex -14.2000 0.3000 15.7500
         vertex -11.8000 0.3000 15.5500
      endloop
   endfacet
   facet normal 0.0000 -1.0000 0.0000
      outer loop
         vertex -11.8000 0.3000 15.5500
         vertex -14.2000 0.3000 15.7500
         vertex -14.2000 0.3000 15.4500
      endloop
   endfacet
   facet normal 0.0000 -1.0000 0.0000
      outer loop
         vertex -11.8000 0.3000 15.5500
         vertex -14.2000 0.3000 15.4500
         vertex -13.8982 0.3000 15.4500
      endloop
   endfacet
   facet normal 0.0000 -1.0000 0.0000
      outer loop
         vertex -11.8000 0.3000 15.5500
         vertex -13.8982 0.3000 15.4500
         vertex -13.8982 0.3000 14.2500
      endloop
   endfacet
   facet normal 0.0000 -1.0000 0.0000
      outer loop
         vertex -11.8000 0.3000 2.1500
         vertex -11.8000 0.3000 3.5500
         vertex -13.8982 0.3000 2.2500
      endloop
   endfacet
   facet normal 0.0000 -1.0000 0.0000
      outer loop
         vertex -11.8000 0.3000 2.1500
         vertex -13.8982 0.3000 2.2500
         vertex -14.2000 0.3000 2.2500
      endloop
   endfacet
   facet normal 0.0000 -1.0000 0.0000
      outer loop
         vertex -11.8000 0.3000 2.1500
         vertex -14.2000 0.3000 2.2500
         vertex -14.2000 0.3000 1.9500
      endloop
   endfacet
   facet normal 0.0000 -1.0000 0.0000
      outer loop
         vertex -11.8000 0.3000 2.1500
         vertex -14.2000 0.3000 1.9500
         vertex -14.2000 0.3000 1.3500
      endloop
   endfacet
   facet normal 0.0000 -1.0000 0.0000
      outer loop
         vertex -11.8000 0.3000 2.1500
         vertex -14.2000 0.3000 1.3500
         vertex -14.1799 0.3000 1.2750
      endloop
   endfacet
   facet normal 0.0000 -1.0000 0.0000
      outer loop
         vertex -11.8000 0.3000 2.1500
         vertex -14.1799 0.3000 1.2750
         vertex -14.1250 0.3000 1.2201
      endloop
   endfacet
   facet normal 0.0000 -1.0000 0.0000
      outer loop
         vertex -11.8000 0.3000 2.1500
         vertex -14.1250 0.3000 1.2201
         vertex -14.0500 0.3000 1.2000
      endloop
   endfacet
   facet normal 0.0000 -1.0000 0.0000
      outer loop
         vertex -11.8000 0.3000 2.1500
         vertex -14.0500 0.3000 1.2000
         vertex -11.8000 0.3000 1.2000
      endloop
   endfacet
   facet normal 0.0000 -1.0000 0.0000
      outer loop
         vertex -11.8000 0.3000 4.5000
         vertex -14.0500 0.3000 4.5000
         vertex -14.1250 0.3000 4.4799
      endloop
   endfacet
   facet normal 0.0000 -1.0000 0.0000
      outer loop
         vertex -11.8000 0.3000 4.5000
         vertex -14.1250 0.3000 4.4799
         vertex -14.1799 0.3000 4.4250
      endloop
   endfacet
   facet normal 0.0000 -1.0000 0.0000
      outer loop
         vertex -11.8000 0.3000 4.5000
         vertex -14.1799 0.3000 4.4250
         vertex -14.2000 0.3000 4.3500
      endloop
   endfacet
   facet normal 0.0000 -1.0000 0.0000
      outer loop
         vertex -11.8000 0.3000 4.5000
         vertex -14.2000 0.3000 4.3500
         vertex -14.2000 0.3000 3.7500
      endloop
   endfacet
   facet normal 0.0000 -1.0000 0.0000
      outer loop
         vertex -11.8000 0.3000 4.5000
         vertex -14.2000 0.3000 3.7500
         vertex -11.8000 0.3000 3.5500
      endloop
   endfacet
   facet normal 0.0000 -1.0000 0.0000
      outer loop
         vertex -11.8000 0.3000 3.5500
         vertex -14.2000 0.3000 3.7500
         vertex -14.2000 0.3000 3.4500
      endloop
   endfacet
   facet normal 0.0000 -1.0000 0.0000
      outer loop
         vertex -11.8000 0.3000 3.5500
         vertex -14.2000 0.3000 3.4500
         vertex -13.8982 0.3000 3.4500
      endloop
   endfacet
   facet normal 0.0000 -1.0000 0.0000
      outer loop
         vertex -11.8000 0.3000 3.5500
         vertex -13.8982 0.3000 3.4500
         vertex -13.8982 0.3000 2.2500
      endloop
   endfacet
   facet normal 0.0000 -1.0000 0.0000
      outer loop
         vertex -14.2000 0.3000 9.4500
         vertex -14.2000 0.3000 9.7500
         vertex -14.2482 0.3000 9.4500
      endloop
   endfacet
   facet normal 0.0000 -1.0000 0.0000
      outer loop
         vertex -14.2482 0.3000 9.4500
         vertex -14.2000 0.3000 9.7500
         vertex -15.2000 0.3000 9.7500
      endloop
   endfacet
   facet normal 0.0000 -1.0000 0.0000
      outer loop
         vertex -14.2482 0.3000 9.4500
         vertex -15.2000 0.3000 9.7500
         vertex -14.2482 0.3000 8.2500
      endloop
   endfacet
   facet normal 0.0000 -1.0000 0.0000
      outer loop
         vertex -14.2482 0.3000 8.2500
         vertex -15.2000 0.3000 9.7500
         vertex -15.2000 0.3000 7.9500
      endloop
   endfacet
   facet normal 0.0000 -1.0000 0.0000
      outer loop
         vertex -14.2482 0.3000 8.2500
         vertex -15.2000 0.3000 7.9500
         vertex -14.2000 0.3000 8.2500
      endloop
   endfacet
   facet normal 0.0000 -1.0000 0.0000
      outer loop
         vertex -14.2000 0.3000 8.2500
         vertex -15.2000 0.3000 7.9500
         vertex -14.2000 0.3000 7.9500
      endloop
   endfacet
   facet normal 0.0000 -1.0000 0.0000
      outer loop
         vertex -14.2000 0.3000 15.4500
         vertex -14.2000 0.3000 15.7500
         vertex -14.2482 0.3000 15.4500
      endloop
   endfacet
   facet normal 0.0000 -1.0000 0.0000
      outer loop
         vertex -14.2482 0.3000 15.4500
         vertex -14.2000 0.3000 15.7500
         vertex -15.2000 0.3000 15.7500
      endloop
   endfacet
   facet normal 0.0000 -1.0000 0.0000
      outer loop
         vertex -14.2482 0.3000 15.4500
         vertex -15.2000 0.3000 15.7500
         vertex -14.2482 0.3000 14.2500
      endloop
   endfacet
   facet normal 0.0000 -1.0000 0.0000
      outer loop
         vertex -14.2482 0.3000 14.2500
         vertex -15.2000 0.3000 15.7500
         vertex -15.2000 0.3000 13.9500
      endloop
   endfacet
   facet normal 0.0000 -1.0000 0.0000
      outer loop
         vertex -14.2482 0.3000 14.2500
         vertex -15.2000 0.3000 13.9500
         vertex -14.2000 0.3000 14.2500
      endloop
   endfacet
   facet normal 0.0000 -1.0000 0.0000
      outer loop
         vertex -14.2000 0.3000 14.2500
         vertex -15.2000 0.3000 13.9500
         vertex -14.2000 0.3000 13.9500
      endloop
   endfacet
   facet normal 0.0000 -1.0000 0.0000
      outer loop
         vertex -14.2000 0.3000 3.4500
         vertex -14.2000 0.3000 3.7500
         vertex -14.2482 0.3000 3.4500
      endloop
   endfacet
   facet normal 0.0000 -1.0000 0.0000
      outer loop
         vertex -14.2482 0.3000 3.4500
         vertex -14.2000 0.3000 3.7500
         vertex -15.2000 0.3000 3.7500
      endloop
   endfacet
   facet normal 0.0000 -1.0000 0.0000
      outer loop
         vertex -14.2482 0.3000 3.4500
         vertex -15.2000 0.3000 3.7500
         vertex -14.2482 0.3000 2.2500
      endloop
   endfacet
   facet normal 0.0000 -1.0000 0.0000
      outer loop
         vertex -14.2482 0.3000 2.2500
         vertex -15.2000 0.3000 3.7500
         vertex -15.2000 0.3000 1.9500
      endloop
   endfacet
   facet normal 0.0000 -1.0000 0.0000
      outer loop
         vertex -14.2482 0.3000 2.2500
         vertex -15.2000 0.3000 1.9500
         vertex -14.2000 0.3000 2.2500
      endloop
   endfacet
   facet normal 0.0000 -1.0000 0.0000
      outer loop
         vertex -14.2000 0.3000 2.2500
         vertex -15.2000 0.3000 1.9500
         vertex -14.2000 0.3000 1.9500
      endloop
   endfacet
   facet normal 0.0000 -1.0000 0.0000
      outer loop
         vertex 0.0000 0.3000 8.1500
         vertex 0.0000 0.3000 9.5500
         vertex -1.4000 0.3000 9.5500
      endloop
   endfacet
   facet normal 0.0000 -1.0000 0.0000
      outer loop
         vertex 0.0000 0.3000 8.1500
         vertex -1.4000 0.3000 9.5500
         vertex -1.4000 0.3000 8.1500
      endloop
   endfacet
   facet normal 0.0000 -1.0000 0.0000
      outer loop
         vertex 0.0000 0.3000 14.1500
         vertex 0.0000 0.3000 15.5500
         vertex -1.4000 0.3000 15.5500
      endloop
   endfacet
   facet normal 0.0000 -1.0000 0.0000
      outer loop
         vertex 0.0000 0.3000 14.1500
         vertex -1.4000 0.3000 15.5500
         vertex -1.4000 0.3000 14.1500
      endloop
   endfacet
   facet normal 0.0000 -1.0000 0.0000
      outer loop
         vertex -1.4000 0.3000 2.1500
         vertex 0.0000 0.3000 2.1500
         vertex 0.0000 0.3000 3.5500
      endloop
   endfacet
   facet normal 0.0000 -1.0000 0.0000
      outer loop
         vertex -1.4000 0.3000 2.1500
         vertex 0.0000 0.3000 3.5500
         vertex -1.4000 0.3000 3.5500
      endloop
   endfacet
   facet normal -0.9763 0.2162 0.0000
      outer loop
         vertex -15.1216 3.3953 6.7500
         vertex -15.1216 3.3953 4.9500
         vertex -15.2000 2.8000 4.9500
      endloop
   endfacet
   facet normal -0.9849 0.1734 0.0000
      outer loop
         vertex -15.1216 3.3953 6.7500
         vertex -15.2000 2.8000 4.9500
         vertex -15.2000 2.8000 6.7500
      endloop
   endfacet
   facet normal -0.9849 0.1734 0.0000
      outer loop
         vertex -15.1216 3.3953 0.3000
         vertex -15.2000 2.8000 0.3000
         vertex -15.2000 2.8000 0.7500
      endloop
   endfacet
   facet normal -0.9763 0.2162 0.0000
      outer loop
         vertex -15.1216 3.3953 0.3000
         vertex -15.2000 2.8000 0.7500
         vertex -15.1216 3.3953 0.7500
      endloop
   endfacet
   facet normal -0.9849 0.1734 0.0000
      outer loop
         vertex -15.2000 2.8000 10.9500
         vertex -15.2000 2.8000 12.7500
         vertex -15.1216 3.3953 12.7500
      endloop
   endfacet
   facet normal -0.9763 0.2162 0.0000
      outer loop
         vertex -15.2000 2.8000 10.9500
         vertex -15.1216 3.3953 12.7500
         vertex -15.1216 3.3953 10.9500
      endloop
   endfacet
   facet normal -0.9763 0.2162 0.0000
      outer loop
         vertex -15.1216 3.3953 17.4000
         vertex -15.1216 3.3953 16.9500
         vertex -15.2000 2.8000 16.9500
      endloop
   endfacet
   facet normal -0.9849 0.1734 0.0000
      outer loop
         vertex -15.1216 3.3953 17.4000
         vertex -15.2000 2.8000 16.9500
         vertex -15.2000 2.8000 17.4000
      endloop
   endfacet
   facet normal 0.3703 0.9289 0.0000
      outer loop
         vertex -7.1563 5.3964 0.7500
         vertex -7.1563 5.3964 0.3000
         vertex -7.3563 5.4500 0.3000
      endloop
   endfacet
   facet normal 0.3147 0.9492 0.0000
      outer loop
         vertex -7.1563 5.3964 0.7500
         vertex -7.3563 5.4500 0.3000
         vertex -7.3563 5.4500 0.7500
      endloop
   endfacet
   facet normal 0.3147 0.9492 0.0000
      outer loop
         vertex -7.3563 5.4500 4.9500
         vertex -7.3563 5.4500 6.7500
         vertex -7.1563 5.3964 6.7500
      endloop
   endfacet
   facet normal 0.3703 0.9289 0.0000
      outer loop
         vertex -7.3563 5.4500 4.9500
         vertex -7.1563 5.3964 6.7500
         vertex -7.1563 5.3964 4.9500
      endloop
   endfacet
   facet normal 0.3703 0.9289 0.0000
      outer loop
         vertex -7.1563 5.3964 17.4000
         vertex -7.1563 5.3964 16.9500
         vertex -7.3563 5.4500 16.9500
      endloop
   endfacet
   facet normal 0.3147 0.9492 0.0000
      outer loop
         vertex -7.1563 5.3964 17.4000
         vertex -7.3563 5.4500 16.9500
         vertex -7.3563 5.4500 17.4000
      endloop
   endfacet
   facet normal 0.3147 0.9492 0.0000
      outer loop
         vertex -7.3563 5.4500 10.9500
         vertex -7.3563 5.4500 12.7500
         vertex -7.1563 5.3964 12.7500
      endloop
   endfacet
   facet normal 0.3703 0.9289 0.0000
      outer loop
         vertex -7.3563 5.4500 10.9500
         vertex -7.1563 5.3964 12.7500
         vertex -7.1563 5.3964 10.9500
      endloop
   endfacet
   facet normal 0.4782 0.8783 0.0000
      outer loop
         vertex -7.1563 5.3964 0.3000
         vertex -7.1563 5.3964 0.7500
         vertex -7.0960 5.3537 0.7500
      endloop
   endfacet
   facet normal 0.5293 0.8485 0.0000
      outer loop
         vertex -7.1563 5.3964 0.3000
         vertex -7.0960 5.3537 0.7500
         vertex -7.0960 5.3537 0.3000
      endloop
   endfacet
   facet normal 0.4782 0.8783 0.0000
      outer loop
         vertex -7.1563 5.3964 4.9500
         vertex -7.1563 5.3964 6.7500
         vertex -7.0960 5.3537 6.7500
      endloop
   endfacet
   facet normal 0.5293 0.8485 0.0000
      outer loop
         vertex -7.1563 5.3964 4.9500
         vertex -7.0960 5.3537 6.7500
         vertex -7.0960 5.3537 4.9500
      endloop
   endfacet
   facet normal 0.5293 0.8485 0.0000
      outer loop
         vertex -7.0960 5.3537 17.4000
         vertex -7.0960 5.3537 16.9500
         vertex -7.1563 5.3964 16.9500
      endloop
   endfacet
   facet normal 0.4782 0.8783 0.0000
      outer loop
         vertex -7.0960 5.3537 17.4000
         vertex -7.1563 5.3964 16.9500
         vertex -7.1563 5.3964 17.4000
      endloop
   endfacet
   facet normal 0.4782 0.8783 0.0000
      outer loop
         vertex -7.1563 5.3964 10.9500
         vertex -7.1563 5.3964 12.7500
         vertex -7.0960 5.3537 12.7500
      endloop
   endfacet
   facet normal 0.5293 0.8485 0.0000
      outer loop
         vertex -7.1563 5.3964 10.9500
         vertex -7.0960 5.3537 12.7500
         vertex -7.0960 5.3537 10.9500
      endloop
   endfacet
   facet normal -1.0000 0.0000 0.0000
      outer loop
         vertex -15.2000 0.0000 9.8029
         vertex -15.2000 0.3000 13.9500
         vertex -15.2000 0.3000 9.7500
      endloop
   endfacet
   facet normal -1.0000 0.0000 0.0000
      outer loop
         vertex -15.2000 0.3000 9.7500
         vertex -15.2000 0.3000 13.9500
         vertex -15.2000 2.8000 17.4000
      endloop
   endfacet
   facet normal -1.0000 0.0000 0.0000
      outer loop
         vertex -15.2000 0.3000 9.7500
         vertex -15.2000 2.8000 17.4000
         vertex -15.2000 0.3000 7.9500
      endloop
   endfacet
   facet normal -1.0000 0.0000 0.0000
      outer loop
         vertex -15.2000 0.3000 7.9500
         vertex -15.2000 2.8000 17.4000
         vertex -15.2000 0.3000 3.7500
      endloop
   endfacet
   facet normal -1.0000 0.0000 0.0000
      outer loop
         vertex -15.2000 0.3000 7.9500
         vertex -15.2000 0.3000 3.7500
         vertex -15.2000 0.0000 3.8029
      endloop
   endfacet
   facet normal -1.0000 0.0000 0.0000
      outer loop
         vertex -15.2000 0.3000 1.9500
         vertex -15.2000 0.3000 3.7500
         vertex -15.2000 2.8000 17.4000
      endloop
   endfacet
   facet normal -1.0000 0.0000 0.0000
      outer loop
         vertex -15.2000 0.3000 1.9500
         vertex -15.2000 2.8000 17.4000
         vertex -15.2000 2.8000 16.9500
      endloop
   endfacet
   facet normal -1.0000 0.0000 0.0000
      outer loop
         vertex -15.2000 0.3000 1.9500
         vertex -15.2000 2.8000 16.9500
         vertex -15.2000 2.8000 16.3500
      endloop
   endfacet
   facet normal -1.0000 0.0000 0.0000
      outer loop
         vertex -15.2000 0.3000 1.9500
         vertex -15.2000 2.8000 16.3500
         vertex -15.2000 2.8000 15.9500
      endloop
   endfacet
   facet normal -1.0000 0.0000 0.0000
      outer loop
         vertex -15.2000 0.3000 1.9500
         vertex -15.2000 2.8000 15.9500
         vertex -15.2000 2.8000 13.7500
      endloop
   endfacet
   facet normal -1.0000 0.0000 0.0000
      outer loop
         vertex -15.2000 0.3000 1.9500
         vertex -15.2000 2.8000 13.7500
         vertex -15.2000 2.8000 13.3500
      endloop
   endfacet
   facet normal -1.0000 0.0000 0.0000
      outer loop
         vertex -15.2000 0.3000 1.9500
         vertex -15.2000 2.8000 13.3500
         vertex -15.2000 2.8000 12.7500
      endloop
   endfacet
   facet normal -1.0000 0.0000 0.0000
      outer loop
         vertex -15.2000 0.3000 1.9500
         vertex -15.2000 2.8000 12.7500
         vertex -15.2000 2.8000 10.9500
      endloop
   endfacet
   facet normal -1.0000 0.0000 0.0000
      outer loop
         vertex -15.2000 0.3000 1.9500
         vertex -15.2000 2.8000 10.9500
         vertex -15.2000 2.8000 10.3500
      endloop
   endfacet
   facet normal -1.0000 0.0000 0.0000
      outer loop
         vertex -15.2000 0.3000 1.9500
         vertex -15.2000 2.8000 10.3500
         vertex -15.2000 2.8000 9.9500
      endloop
   endfacet
   facet normal -1.0000 0.0000 0.0000
      outer loop
         vertex -15.2000 0.3000 1.9500
         vertex -15.2000 2.8000 9.9500
         vertex -15.2000 2.8000 7.7500
      endloop
   endfacet
   facet normal -1.0000 0.0000 0.0000
      outer loop
         vertex -15.2000 0.3000 1.9500
         vertex -15.2000 2.8000 7.7500
         vertex -15.2000 2.8000 7.3500
      endloop
   endfacet
   facet normal -1.0000 0.0000 0.0000
      outer loop
         vertex -15.2000 0.3000 1.9500
         vertex -15.2000 2.8000 7.3500
         vertex -15.2000 2.8000 6.7500
      endloop
   endfacet
   facet normal -1.0000 0.0000 0.0000
      outer loop
         vertex -15.2000 0.3000 1.9500
         vertex -15.2000 2.8000 6.7500
         vertex -15.2000 2.8000 4.9500
      endloop
   endfacet
   facet normal -1.0000 0.0000 0.0000
      outer loop
         vertex -15.2000 0.3000 1.9500
         vertex -15.2000 2.8000 4.9500
         vertex -15.2000 2.8000 4.3500
      endloop
   endfacet
   facet normal -1.0000 0.0000 0.0000
      outer loop
         vertex -15.2000 0.3000 1.9500
         vertex -15.2000 2.8000 4.3500
         vertex -15.2000 2.8000 3.9500
      endloop
   endfacet
   facet normal -1.0000 0.0000 0.0000
      outer loop
         vertex -15.2000 0.3000 1.9500
         vertex -15.2000 2.8000 3.9500
         vertex -15.2000 2.8000 1.7500
      endloop
   endfacet
   facet normal -1.0000 0.0000 0.0000
      outer loop
         vertex -15.2000 0.3000 1.9500
         vertex -15.2000 2.8000 1.7500
         vertex -15.2000 2.8000 1.3500
      endloop
   endfacet
   facet normal -1.0000 0.0000 0.0000
      outer loop
         vertex -15.2000 0.3000 1.9500
         vertex -15.2000 2.8000 1.3500
         vertex -15.2000 2.8000 0.7500
      endloop
   endfacet
   facet normal -1.0000 0.0000 0.0000
      outer loop
         vertex -15.2000 0.3000 1.9500
         vertex -15.2000 2.8000 0.7500
         vertex -15.2000 2.8000 0.3000
      endloop
   endfacet
   facet normal -1.0000 0.0000 0.0000
      outer loop
         vertex -15.2000 0.3000 1.9500
         vertex -15.2000 2.8000 0.3000
         vertex -15.2000 0.0000 0.3000
      endloop
   endfacet
   facet normal -1.0000 0.0000 0.0000
      outer loop
         vertex -15.2000 0.3000 1.9500
         vertex -15.2000 0.0000 0.3000
         vertex -15.2000 0.0000 1.8971
      endloop
   endfacet
   facet normal -1.0000 0.0000 0.0000
      outer loop
         vertex -15.2000 2.8000 17.4000
         vertex -15.2000 0.3000 13.9500
         vertex -15.2000 0.3000 15.7500
      endloop
   endfacet
   facet normal -1.0000 0.0000 0.0000
      outer loop
         vertex -15.2000 2.8000 17.4000
         vertex -15.2000 0.3000 15.7500
         vertex -15.2000 0.0000 15.8029
      endloop
   endfacet
   facet normal -1.0000 0.0000 0.0000
      outer loop
         vertex -15.2000 2.8000 17.4000
         vertex -15.2000 0.0000 15.8029
         vertex -15.2000 0.0000 17.4000
      endloop
   endfacet
   facet normal -1.0000 0.0000 0.0000
      outer loop
         vertex -15.2000 0.3000 7.9500
         vertex -15.2000 0.0000 3.8029
         vertex -15.2000 0.0000 7.8971
      endloop
   endfacet
   facet normal -1.0000 0.0000 0.0000
      outer loop
         vertex -15.2000 0.3000 13.9500
         vertex -15.2000 0.0000 9.8029
         vertex -15.2000 0.0000 13.8971
      endloop
   endfacet
   facet normal -0.0000 0.1896 0.9819
      outer loop
         vertex -2.2000 4.8688 17.6921
         vertex -6.6520 4.8688 17.6921
         vertex -6.6520 4.8000 17.7000
      endloop
   endfacet
   facet normal -0.0000 0.1520 0.9884
      outer loop
         vertex -2.2000 4.8688 17.6921
         vertex -6.6520 4.8000 17.7000
         vertex -2.2000 4.8000 17.7000
      endloop
   endfacet
   facet normal -0.0000 0.3706 0.9288
      outer loop
         vertex -2.2000 4.9319 17.6695
         vertex -6.6520 4.9319 17.6695
         vertex -6.6520 4.8688 17.6921
      endloop
   endfacet
   facet normal -0.0000 0.2995 0.9541
      outer loop
         vertex -2.2000 4.9319 17.6695
         vertex -6.6520 4.8688 17.6921
         vertex -2.2000 4.8688 17.6921
      endloop
   endfacet
   facet normal -0.0000 0.5041 0.8636
      outer loop
         vertex -6.6520 4.9319 17.6695
         vertex -2.2000 4.9319 17.6695
         vertex -2.2000 4.9876 17.6341
      endloop
   endfacet
   facet normal -0.0000 0.5665 0.8240
      outer loop
         vertex -6.6520 4.9319 17.6695
         vertex -2.2000 4.9876 17.6341
         vertex -6.6520 4.9876 17.6341
      endloop
   endfacet
   facet normal 0.0000 1.0000 0.0000
      outer loop
         vertex -15.2000 2.8000 7.3500
         vertex -14.6393 2.8000 7.3500
         vertex -6.6000 2.8000 6.9500
      endloop
   endfacet
   facet normal 0.0000 1.0000 0.0000
      outer loop
         vertex -6.6000 2.8000 6.9500
         vertex -14.6393 2.8000 7.3500
         vertex -14.1980 2.8000 7.3500
      endloop
   endfacet
   facet normal 0.0000 1.0000 0.0000
      outer loop
         vertex -6.6000 2.8000 6.9500
         vertex -14.1980 2.8000 7.3500
         vertex -6.6000 2.8000 10.7500
      endloop
   endfacet
   facet normal 0.0000 1.0000 0.0000
      outer loop
         vertex -6.6000 2.8000 10.7500
         vertex -14.1980 2.8000 7.3500
         vertex -14.1980 2.8000 10.3500
      endloop
   endfacet
   facet normal 0.0000 1.0000 0.0000
      outer loop
         vertex -6.6000 2.8000 10.7500
         vertex -14.1980 2.8000 10.3500
         vertex -15.2000 2.8000 10.9500
      endloop
   endfacet
   facet normal 0.0000 1.0000 0.0000
      outer loop
         vertex -15.2000 2.8000 10.9500
         vertex -14.1980 2.8000 10.3500
         vertex -14.6393 2.8000 10.3500
      endloop
   endfacet
   facet normal 0.0000 1.0000 0.0000
      outer loop
         vertex -15.2000 2.8000 10.9500
         vertex -14.6393 2.8000 10.3500
         vertex -15.2000 2.8000 10.3500
      endloop
   endfacet
   facet normal 0.0000 1.0000 0.0000
      outer loop
         vertex -15.2000 2.8000 7.3500
         vertex -6.6000 2.8000 6.9500
         vertex -6.6268 2.8000 6.8500
      endloop
   endfacet
   facet normal 0.0000 1.0000 0.0000
      outer loop
         vertex -15.2000 2.8000 7.3500
         vertex -6.6268 2.8000 6.8500
         vertex -6.7000 2.8000 6.7768
      endloop
   endfacet
   facet normal 0.0000 1.0000 0.0000
      outer loop
         vertex -15.2000 2.8000 7.3500
         vertex -6.7000 2.8000 6.7768
         vertex -6.8000 2.8000 6.7500
      endloop
   endfacet
   facet normal 0.0000 1.0000 0.0000
      outer loop
         vertex -15.2000 2.8000 7.3500
         vertex -6.8000 2.8000 6.7500
         vertex -15.2000 2.8000 6.7500
      endloop
   endfacet
   facet normal 0.0000 1.0000 0.0000
      outer loop
         vertex -15.2000 2.8000 10.9500
         vertex -6.8000 2.8000 10.9500
         vertex -6.7000 2.8000 10.9232
      endloop
   endfacet
   facet normal 0.0000 1.0000 0.0000
      outer loop
         vertex -15.2000 2.8000 10.9500
         vertex -6.7000 2.8000 10.9232
         vertex -6.6268 2.8000 10.8500
      endloop
   endfacet
   facet normal 0.0000 1.0000 0.0000
      outer loop
         vertex -15.2000 2.8000 10.9500
         vertex -6.6268 2.8000 10.8500
         vertex -6.6000 2.8000 10.7500
      endloop
   endfacet
   facet normal 0.0000 1.0000 0.0000
      outer loop
         vertex -15.2000 2.8000 13.3500
         vertex -14.6393 2.8000 13.3500
         vertex -6.6000 2.8000 12.9500
      endloop
   endfacet
   facet normal 0.0000 1.0000 0.0000
      outer loop
         vertex -6.6000 2.8000 12.9500
         vertex -14.6393 2.8000 13.3500
         vertex -14.1980 2.8000 13.3500
      endloop
   endfacet
   facet normal 0.0000 1.0000 0.0000
      outer loop
         vertex -6.6000 2.8000 12.9500
         vertex -14.1980 2.8000 13.3500
         vertex -6.6000 2.8000 16.7500
      endloop
   endfacet
   facet normal 0.0000 1.0000 0.0000
      outer loop
         vertex -6.6000 2.8000 16.7500
         vertex -14.1980 2.8000 13.3500
         vertex -14.1980 2.8000 16.3500
      endloop
   endfacet
   facet normal 0.0000 1.0000 0.0000
      outer loop
         vertex -6.6000 2.8000 16.7500
         vertex -14.1980 2.8000 16.3500
         vertex -15.2000 2.8000 16.9500
      endloop
   endfacet
   facet normal 0.0000 1.0000 0.0000
      outer loop
         vertex -15.2000 2.8000 16.9500
         vertex -14.1980 2.8000 16.3500
         vertex -14.6393 2.8000 16.3500
      endloop
   endfacet
   facet normal 0.0000 1.0000 0.0000
      outer loop
         vertex -15.2000 2.8000 16.9500
         vertex -14.6393 2.8000 16.3500
         vertex -15.2000 2.8000 16.3500
      endloop
   endfacet
   facet normal 0.0000 1.0000 0.0000
      outer loop
         vertex -15.2000 2.8000 13.3500
         vertex -6.6000 2.8000 12.9500
         vertex -6.6268 2.8000 12.8500
      endloop
   endfacet
   facet normal 0.0000 1.0000 0.0000
      outer loop
         vertex -15.2000 2.8000 13.3500
         vertex -6.6268 2.8000 12.8500
         vertex -6.7000 2.8000 12.7768
      endloop
   endfacet
   facet normal 0.0000 1.0000 0.0000
      outer loop
         vertex -15.2000 2.8000 13.3500
         vertex -6.7000 2.8000 12.7768
         vertex -6.8000 2.8000 12.7500
      endloop
   endfacet
   facet normal 0.0000 1.0000 0.0000
      outer loop
         vertex -15.2000 2.8000 13.3500
         vertex -6.8000 2.8000 12.7500
         vertex -15.2000 2.8000 12.7500
      endloop
   endfacet
   facet normal 0.0000 1.0000 0.0000
      outer loop
         vertex -15.2000 2.8000 16.9500
         vertex -6.8000 2.8000 16.9500
         vertex -6.7000 2.8000 16.9232
      endloop
   endfacet
   facet normal 0.0000 1.0000 0.0000
      outer loop
         vertex -15.2000 2.8000 16.9500
         vertex -6.7000 2.8000 16.9232
         vertex -6.6268 2.8000 16.8500
      endloop
   endfacet
   facet normal 0.0000 1.0000 0.0000
      outer loop
         vertex -15.2000 2.8000 16.9500
         vertex -6.6268 2.8000 16.8500
         vertex -6.6000 2.8000 16.7500
      endloop
   endfacet
   facet normal -0.1896 -0.0000 0.9819
      outer loop
         vertex -14.9688 2.8000 17.6921
         vertex -14.9688 0.0000 17.6921
         vertex -14.9000 0.0000 17.7000
      endloop
   endfacet
   facet normal -0.1520 -0.0000 0.9884
      outer loop
         vertex -14.9688 2.8000 17.6921
         vertex -14.9000 0.0000 17.7000
         vertex -14.9000 2.8000 17.7000
      endloop
   endfacet
   facet normal -0.9884 -0.0000 0.1520
      outer loop
         vertex -15.2000 2.8000 17.4000
         vertex -15.2000 0.0000 17.4000
         vertex -15.1921 0.0000 17.4688
      endloop
   endfacet
   facet normal -0.9819 -0.0000 0.1896
      outer loop
         vertex -15.2000 2.8000 17.4000
         vertex -15.1921 0.0000 17.4688
         vertex -15.1921 2.8000 17.4688
      endloop
   endfacet
   facet normal -0.6807 0.0000 0.7325
      outer loop
         vertex -15.0876 0.0000 17.6341
         vertex -15.0876 2.8000 17.6341
         vertex -15.1341 2.8000 17.5876
      endloop
   endfacet
   facet normal -0.7325 0.0000 0.6807
      outer loop
         vertex -15.0876 0.0000 17.6341
         vertex -15.1341 2.8000 17.5876
         vertex -15.1341 0.0000 17.5876
      endloop
   endfacet
   facet normal -0.2995 -0.0000 0.9541
      outer loop
         vertex -14.9688 0.0000 17.6921
         vertex -14.9688 2.8000 17.6921
         vertex -15.0319 2.8000 17.6695
      endloop
   endfacet
   facet normal -0.3706 -0.0000 0.9288
      outer loop
         vertex -14.9688 0.0000 17.6921
         vertex -15.0319 2.8000 17.6695
         vertex -15.0319 0.0000 17.6695
      endloop
   endfacet
   facet normal -0.5665 0.0000 0.8240
      outer loop
         vertex -15.0876 2.8000 17.6341
         vertex -15.0876 0.0000 17.6341
         vertex -15.0319 0.0000 17.6695
      endloop
   endfacet
   facet normal -0.5041 0.0000 0.8636
      outer loop
         vertex -15.0876 2.8000 17.6341
         vertex -15.0319 0.0000 17.6695
         vertex -15.0319 2.8000 17.6695
      endloop
   endfacet
   facet normal -0.8636 -0.0000 0.5041
      outer loop
         vertex -15.1695 2.8000 17.5319
         vertex -15.1695 0.0000 17.5319
         vertex -15.1341 0.0000 17.5876
      endloop
   endfacet
   facet normal -0.8240 -0.0000 0.5665
      outer loop
         vertex -15.1695 2.8000 17.5319
         vertex -15.1341 0.0000 17.5876
         vertex -15.1341 2.8000 17.5876
      endloop
   endfacet
   facet normal -0.9288 -0.0000 0.3706
      outer loop
         vertex -15.1695 0.0000 17.5319
         vertex -15.1695 2.8000 17.5319
         vertex -15.1921 2.8000 17.4688
      endloop
   endfacet
   facet normal -0.9541 -0.0000 0.2995
      outer loop
         vertex -15.1695 0.0000 17.5319
         vertex -15.1921 2.8000 17.4688
         vertex -15.1921 0.0000 17.4688
      endloop
   endfacet
   facet normal 1.0000 0.0000 0.0000
      outer loop
         vertex -2.0000 3.9000 14.8500
         vertex -2.0000 3.8455 15.2641
         vertex -2.0000 3.6856 15.6500
      endloop
   endfacet
   facet normal 1.0000 0.0000 0.0000
      outer loop
         vertex -2.0000 3.9000 14.8500
         vertex -2.0000 3.6856 15.6500
         vertex -2.0000 3.4314 15.9814
      endloop
   endfacet
   facet normal 1.0000 0.0000 0.0000
      outer loop
         vertex -2.0000 3.9000 14.8500
         vertex -2.0000 3.4314 15.9814
         vertex -2.0000 3.1000 16.2356
      endloop
   endfacet
   facet normal 1.0000 0.0000 0.0000
      outer loop
         vertex -2.0000 3.9000 14.8500
         vertex -2.0000 3.1000 16.2356
         vertex -2.0000 2.7141 16.3955
      endloop
   endfacet
   facet normal 1.0000 0.0000 0.0000
      outer loop
         vertex -2.0000 3.9000 14.8500
         vertex -2.0000 2.7141 16.3955
         vertex -2.0000 2.3000 16.4500
      endloop
   endfacet
   facet normal 1.0000 0.0000 0.0000
      outer loop
         vertex -2.0000 3.9000 14.8500
         vertex -2.0000 2.3000 16.4500
         vertex -2.0000 1.8859 16.3955
      endloop
   endfacet
   facet normal 1.0000 0.0000 0.0000
      outer loop
         vertex -2.0000 3.9000 14.8500
         vertex -2.0000 1.8859 16.3955
         vertex -2.0000 1.5000 16.2356
      endloop
   endfacet
   facet normal 1.0000 0.0000 0.0000
      outer loop
         vertex -2.0000 3.9000 14.8500
         vertex -2.0000 1.5000 16.2356
         vertex -2.0000 1.1686 15.9814
      endloop
   endfacet
   facet normal 1.0000 0.0000 0.0000
      outer loop
         vertex -2.0000 3.9000 14.8500
         vertex -2.0000 1.1686 15.9814
         vertex -2.0000 0.9144 15.6500
      endloop
   endfacet
   facet normal 1.0000 0.0000 0.0000
      outer loop
         vertex -2.0000 3.9000 14.8500
         vertex -2.0000 0.9144 15.6500
         vertex -2.0000 0.7545 15.2641
      endloop
   endfacet
   facet normal 1.0000 0.0000 0.0000
      outer loop
         vertex -2.0000 3.9000 14.8500
         vertex -2.0000 0.7545 15.2641
         vertex -2.0000 0.7000 14.8500
      endloop
   endfacet
   facet normal 1.0000 0.0000 0.0000
      outer loop
         vertex -2.0000 3.9000 14.8500
         vertex -2.0000 0.7000 14.8500
         vertex -2.0000 0.7545 14.4359
      endloop
   endfacet
   facet normal 1.0000 0.0000 0.0000
      outer loop
         vertex -2.0000 3.9000 14.8500
         vertex -2.0000 0.7545 14.4359
         vertex -2.0000 0.9144 14.0500
      endloop
   endfacet
   facet normal 1.0000 0.0000 0.0000
      outer loop
         vertex -2.0000 3.9000 14.8500
         vertex -2.0000 0.9144 14.0500
         vertex -2.0000 1.1686 13.7186
      endloop
   endfacet
   facet normal 1.0000 0.0000 0.0000
      outer loop
         vertex -2.0000 3.9000 14.8500
         vertex -2.0000 1.1686 13.7186
         vertex -2.0000 1.5000 13.4644
      endloop
   endfacet
   facet normal 1.0000 0.0000 0.0000
      outer loop
         vertex -2.0000 3.9000 14.8500
         vertex -2.0000 1.5000 13.4644
         vertex -2.0000 1.8859 13.3045
      endloop
   endfacet
   facet normal 1.0000 0.0000 0.0000
      outer loop
         vertex -2.0000 3.9000 14.8500
         vertex -2.0000 1.8859 13.3045
         vertex -2.0000 2.3000 13.2500
      endloop
   endfacet
   facet normal 1.0000 0.0000 0.0000
      outer loop
         vertex -2.0000 3.9000 14.8500
         vertex -2.0000 2.3000 13.2500
         vertex -2.0000 2.7141 13.3045
      endloop
   endfacet
   facet normal 1.0000 0.0000 0.0000
      outer loop
         vertex -2.0000 3.9000 14.8500
         vertex -2.0000 2.7141 13.3045
         vertex -2.0000 3.1000 13.4644
      endloop
   endfacet
   facet normal 1.0000 0.0000 0.0000
      outer loop
         vertex -2.0000 3.9000 14.8500
         vertex -2.0000 3.1000 13.4644
         vertex -2.0000 3.4314 13.7186
      endloop
   endfacet
   facet normal 1.0000 0.0000 0.0000
      outer loop
         vertex -2.0000 3.9000 14.8500
         vertex -2.0000 3.4314 13.7186
         vertex -2.0000 3.6856 14.0500
      endloop
   endfacet
   facet normal 1.0000 0.0000 0.0000
      outer loop
         vertex -2.0000 3.9000 14.8500
         vertex -2.0000 3.6856 14.0500
         vertex -2.0000 3.8455 14.4359
      endloop
   endfacet
   facet normal 0.0000 0.0000 1.0000
      outer loop
         vertex -15.2000 2.8000 13.3500
         vertex -15.0401 2.4333 13.3500
         vertex -14.9027 2.5009 13.3500
      endloop
   endfacet
   facet normal 0.0000 0.0000 1.0000
      outer loop
         vertex -15.2000 2.8000 13.3500
         vertex -14.9027 2.5009 13.3500
         vertex -14.6661 2.7391 13.3500
      endloop
   endfacet
   facet normal 0.0000 0.0000 1.0000
      outer loop
         vertex -15.2000 2.8000 13.3500
         vertex -14.6661 2.7391 13.3500
         vertex -14.6393 2.8000 13.3500
      endloop
   endfacet
   facet normal 0.9166 0.3997 0.0000
      outer loop
         vertex -15.2000 2.8000 16.3500
         vertex -15.0401 2.4333 16.3500
         vertex -15.1024 2.5761 16.3186
      endloop
   endfacet
   facet normal 0.9166 0.3997 0.0000
      outer loop
         vertex -15.2000 2.8000 16.3500
         vertex -15.1024 2.5761 16.3186
         vertex -15.1532 2.6926 16.2328
      endloop
   endfacet
   facet normal 0.9166 0.3997 0.0000
      outer loop
         vertex -15.2000 2.8000 16.3500
         vertex -15.1532 2.6926 16.2328
         vertex -15.1874 2.7712 16.1057
      endloop
   endfacet
   facet normal 0.9166 0.3997 0.0000
      outer loop
         vertex -15.2000 2.8000 16.3500
         vertex -15.1874 2.7712 16.1057
         vertex -15.2000 2.8000 15.9500
      endloop
   endfacet
   facet normal 0.9166 0.3997 0.0000
      outer loop
         vertex -15.2000 2.8000 13.3500
         vertex -15.2000 2.8000 13.7500
         vertex -15.1874 2.7712 13.5943
      endloop
   endfacet
   facet normal 0.9166 0.3997 0.0000
      outer loop
         vertex -15.2000 2.8000 13.3500
         vertex -15.1874 2.7712 13.5943
         vertex -15.1532 2.6926 13.4672
      endloop
   endfacet
   facet normal 0.9166 0.3997 0.0000
      outer loop
         vertex -15.2000 2.8000 13.3500
         vertex -15.1532 2.6926 13.4672
         vertex -15.1024 2.5761 13.3814
      endloop
   endfacet
   facet normal 0.9166 0.3997 0.0000
      outer loop
         vertex -15.2000 2.8000 13.3500
         vertex -15.1024 2.5761 13.3814
         vertex -15.0401 2.4333 13.3500
      endloop
   endfacet
   facet normal -0.1112 0.2124 -0.9708
      outer loop
         vertex -15.0401 2.4333 13.3500
         vertex -15.1024 2.5761 13.3814
         vertex -14.9027 2.5009 13.3500
      endloop
   endfacet
   facet normal -0.1533 0.2603 -0.9533
      outer loop
         vertex -14.9904 2.6295 13.3814
         vertex -14.9027 2.5009 13.3500
         vertex -15.1024 2.5761 13.3814
      endloop
   endfacet
   facet normal -0.2142 0.4108 -0.8862
      outer loop
         vertex -15.1024 2.5761 13.3814
         vertex -15.1532 2.6926 13.4672
         vertex -14.9904 2.6295 13.3814
      endloop
   endfacet
   facet normal -0.3005 0.5096 -0.8062
      outer loop
         vertex -14.9904 2.6295 13.3814
         vertex -15.1532 2.6926 13.4672
         vertex -15.0620 2.7346 13.4672
      endloop
   endfacet
   facet normal -0.3530 0.6785 -0.6442
      outer loop
         vertex -15.1532 2.6926 13.4672
         vertex -15.1874 2.7712 13.5943
         vertex -15.0620 2.7346 13.4672
      endloop
   endfacet
   facet normal -0.4338 0.7345 -0.5219
      outer loop
         vertex -15.1874 2.7712 13.5943
         vertex -15.1103 2.8054 13.5943
         vertex -15.0620 2.7346 13.4672
      endloop
   endfacet
   facet normal -0.4298 0.8346 -0.3444
      outer loop
         vertex -15.1103 2.8054 13.5943
         vertex -15.1874 2.7712 13.5943
         vertex -15.2000 2.8000 13.7500
      endloop
   endfacet
   facet normal 0.0000 0.0000 -1.0000
      outer loop
         vertex -15.0401 2.4333 16.3500
         vertex -15.2000 2.8000 16.3500
         vertex -14.6393 2.8000 16.3500
      endloop
   endfacet
   facet normal 0.0000 0.0000 -1.0000
      outer loop
         vertex -15.0401 2.4333 16.3500
         vertex -14.6393 2.8000 16.3500
         vertex -14.6661 2.7391 16.3500
      endloop
   endfacet
   facet normal 0.0000 0.0000 -1.0000
      outer loop
         vertex -15.0401 2.4333 16.3500
         vertex -14.6661 2.7391 16.3500
         vertex -14.9027 2.5009 16.3500
      endloop
   endfacet
   facet normal -0.4298 0.8346 0.3444
      outer loop
         vertex -15.1874 2.7712 16.1057
         vertex -15.1103 2.8054 16.1057
         vertex -15.2000 2.8000 15.9500
      endloop
   endfacet
   facet normal -0.4338 0.7345 0.5219
      outer loop
         vertex -15.0620 2.7346 16.2328
         vertex -15.1103 2.8054 16.1057
         vertex -15.1874 2.7712 16.1057
      endloop
   endfacet
   facet normal -0.3530 0.6785 0.6442
      outer loop
         vertex -15.0620 2.7346 16.2328
         vertex -15.1874 2.7712 16.1057
         vertex -15.1532 2.6926 16.2328
      endloop
   endfacet
   facet normal -0.3005 0.5096 0.8062
      outer loop
         vertex -15.0620 2.7346 16.2328
         vertex -15.1532 2.6926 16.2328
         vertex -14.9904 2.6295 16.3186
      endloop
   endfacet
   facet normal -0.2142 0.4108 0.8862
      outer loop
         vertex -14.9904 2.6295 16.3186
         vertex -15.1532 2.6926 16.2328
         vertex -15.1024 2.5761 16.3186
      endloop
   endfacet
   facet normal -0.1533 0.2603 0.9533
      outer loop
         vertex -14.9027 2.5009 16.3500
         vertex -14.9904 2.6295 16.3186
         vertex -15.1024 2.5761 16.3186
      endloop
   endfacet
   facet normal -0.1112 0.2124 0.9708
      outer loop
         vertex -14.9027 2.5009 16.3500
         vertex -15.1024 2.5761 16.3186
         vertex -15.0401 2.4333 16.3500
      endloop
   endfacet
   facet normal -0.2499 0.2279 -0.9411
      outer loop
         vertex -14.9904 2.6295 13.3814
         vertex -14.7960 2.8249 13.3814
         vertex -14.6661 2.7391 13.3500
      endloop
   endfacet
   facet normal -0.1611 0.1997 -0.9665
      outer loop
         vertex -14.9904 2.6295 13.3814
         vertex -14.6661 2.7391 13.3500
         vertex -14.9027 2.5009 13.3500
      endloop
   endfacet
   facet normal -0.2499 0.2279 0.9411
      outer loop
         vertex -14.9904 2.6295 16.3186
         vertex -14.6661 2.7391 16.3500
         vertex -14.7960 2.8249 16.3186
      endloop
   endfacet
   facet normal -0.1611 0.1997 0.9665
      outer loop
         vertex -14.6661 2.7391 16.3500
         vertex -14.9904 2.6295 16.3186
         vertex -14.9027 2.5009 16.3500
      endloop
   endfacet
   facet normal -0.2780 0.1638 0.9465
      outer loop
         vertex -14.7960 2.8249 16.3186
         vertex -14.6661 2.7391 16.3500
         vertex -14.7300 2.9779 16.3186
      endloop
   endfacet
   facet normal -0.2211 0.0966 0.9705
      outer loop
         vertex -14.6393 2.8000 16.3500
         vertex -14.5816 2.9310 16.3500
         vertex -14.7300 2.9779 16.3186
      endloop
   endfacet
   facet normal -0.2148 0.1070 0.9708
      outer loop
         vertex -14.6393 2.8000 16.3500
         vertex -14.7300 2.9779 16.3186
         vertex -14.6661 2.7391 16.3500
      endloop
   endfacet
   facet normal -0.3320 0.3915 0.8582
      outer loop
         vertex -14.7960 2.8249 16.3186
         vertex -15.0620 2.7346 16.2328
         vertex -14.9904 2.6295 16.3186
      endloop
   endfacet
   facet normal -0.5254 0.6027 0.6006
      outer loop
         vertex -15.1103 2.8054 16.1057
         vertex -15.0620 2.7346 16.2328
         vertex -14.9021 2.8950 16.2328
      endloop
   endfacet
   facet normal -0.2148 0.1070 -0.9708
      outer loop
         vertex -14.6393 2.8000 13.3500
         vertex -14.6661 2.7391 13.3500
         vertex -14.7300 2.9779 13.3814
      endloop
   endfacet
   facet normal -0.2211 0.0966 -0.9705
      outer loop
         vertex -14.6393 2.8000 13.3500
         vertex -14.7300 2.9779 13.3814
         vertex -14.5816 2.9310 13.3500
      endloop
   endfacet
   facet normal -0.2780 0.1638 -0.9465
      outer loop
         vertex -14.6661 2.7391 13.3500
         vertex -14.7960 2.8249 13.3814
         vertex -14.7300 2.9779 13.3814
      endloop
   endfacet
   facet normal -0.3320 0.3915 -0.8582
      outer loop
         vertex -15.0620 2.7346 13.4672
         vertex -14.7960 2.8249 13.3814
         vertex -14.9904 2.6295 13.3814
      endloop
   endfacet
   facet normal -0.5254 0.6027 -0.6006
      outer loop
         vertex -14.9021 2.8950 13.4672
         vertex -15.0620 2.7346 13.4672
         vertex -15.1103 2.8054 13.5943
      endloop
   endfacet
   facet normal 0.0000 0.8433 0.5375
      outer loop
         vertex -2.0000 0.9144 14.0500
         vertex -0.0233 0.9144 14.0500
         vertex -0.0696 1.0744 13.8414
      endloop
   endfacet
   facet normal 0.0000 0.7934 0.6088
      outer loop
         vertex -2.0000 0.9144 14.0500
         vertex -0.0696 1.0744 13.8414
         vertex -0.1067 1.1686 13.7186
      endloop
   endfacet
   facet normal 0.0000 0.7659 0.6430
      outer loop
         vertex -2.0000 0.9144 14.0500
         vertex -0.1067 1.1686 13.7186
         vertex -2.0000 1.1686 13.7186
      endloop
   endfacet
   facet normal 0.0000 0.9062 0.4228
      outer loop
         vertex -0.0233 0.9144 14.0500
         vertex -2.0000 0.9144 14.0500
         vertex -2.0000 0.7545 14.4359
      endloop
   endfacet
   facet normal 0.0000 0.9398 0.3418
      outer loop
         vertex -0.0233 0.9144 14.0500
         vertex -2.0000 0.7545 14.4359
         vertex -0.0044 0.7545 14.4359
      endloop
   endfacet
   facet normal 0.0000 0.9239 0.3827
      outer loop
         vertex -0.0233 0.9144 14.0500
         vertex -0.0044 0.7545 14.4359
         vertex -0.0175 0.8944 14.0981
      endloop
   endfacet
   facet normal 0.0000 0.9990 0.0438
      outer loop
         vertex -2.0000 0.7000 14.8500
         vertex 0.0000 0.7000 14.8500
         vertex -0.0000 0.7079 14.7898
      endloop
   endfacet
   facet normal 0.0000 0.9914 0.1305
      outer loop
         vertex -2.0000 0.7000 14.8500
         vertex -0.0000 0.7079 14.7898
         vertex -0.0044 0.7545 14.4359
      endloop
   endfacet
   facet normal 0.0000 0.9848 0.1739
      outer loop
         vertex -2.0000 0.7000 14.8500
         vertex -0.0044 0.7545 14.4359
         vertex -2.0000 0.7545 14.4359
      endloop
   endfacet
   facet normal 0.0000 0.9962 -0.0869
      outer loop
         vertex 0.0000 0.7000 14.8500
         vertex -2.0000 0.7000 14.8500
         vertex -2.0000 0.7545 15.2641
      endloop
   endfacet
   facet normal 0.0000 0.9848 -0.1739
      outer loop
         vertex 0.0000 0.7000 14.8500
         vertex -2.0000 0.7545 15.2641
         vertex -0.0044 0.7545 15.2641
      endloop
   endfacet
   facet normal 0.0000 0.9914 -0.1305
      outer loop
         vertex 0.0000 0.7000 14.8500
         vertex -0.0044 0.7545 15.2641
         vertex -0.0000 0.7079 14.9102
      endloop
   endfacet
   facet normal 0.0000 0.8871 -0.4616
      outer loop
         vertex -2.0000 0.9144 15.6500
         vertex -0.0233 0.9144 15.6500
         vertex -0.0175 0.8944 15.6019
      endloop
   endfacet
   facet normal 0.0000 0.9239 -0.3827
      outer loop
         vertex -2.0000 0.9144 15.6500
         vertex -0.0175 0.8944 15.6019
         vertex -0.0044 0.7545 15.2641
      endloop
   endfacet
   facet normal 0.0000 0.9398 -0.3418
      outer loop
         vertex -2.0000 0.9144 15.6500
         vertex -0.0044 0.7545 15.2641
         vertex -2.0000 0.7545 15.2641
      endloop
   endfacet
   facet normal 0.0000 0.8193 -0.5734
      outer loop
         vertex -0.0233 0.9144 15.6500
         vertex -2.0000 0.9144 15.6500
         vertex -2.0000 1.1686 15.9814
      endloop
   endfacet
   facet normal 0.0000 0.7659 -0.6430
      outer loop
         vertex -0.0233 0.9144 15.6500
         vertex -2.0000 1.1686 15.9814
         vertex -0.1067 1.1686 15.9814
      endloop
   endfacet
   facet normal 0.0000 0.7934 -0.6088
      outer loop
         vertex -0.0233 0.9144 15.6500
         vertex -0.1067 1.1686 15.9814
         vertex -0.0696 1.0744 15.8586
      endloop
   endfacet
   facet normal 1.0000 0.0000 0.0000
      outer loop
         vertex -2.0000 3.9000 8.8500
         vertex -2.0000 3.8455 9.2641
         vertex -2.0000 3.6856 9.6500
      endloop
   endfacet
   facet normal 1.0000 0.0000 0.0000
      outer loop
         vertex -2.0000 3.9000 8.8500
         vertex -2.0000 3.6856 9.6500
         vertex -2.0000 3.4314 9.9814
      endloop
   endfacet
   facet normal 1.0000 0.0000 0.0000
      outer loop
         vertex -2.0000 3.9000 8.8500
         vertex -2.0000 3.4314 9.9814
         vertex -2.0000 3.1000 10.2356
      endloop
   endfacet
   facet normal 1.0000 0.0000 0.0000
      outer loop
         vertex -2.0000 3.9000 8.8500
         vertex -2.0000 3.1000 10.2356
         vertex -2.0000 2.7141 10.3955
      endloop
   endfacet
   facet normal 1.0000 0.0000 0.0000
      outer loop
         vertex -2.0000 3.9000 8.8500
         vertex -2.0000 2.7141 10.3955
         vertex -2.0000 2.3000 10.4500
      endloop
   endfacet
   facet normal 1.0000 0.0000 0.0000
      outer loop
         vertex -2.0000 3.9000 8.8500
         vertex -2.0000 2.3000 10.4500
         vertex -2.0000 1.8859 10.3955
      endloop
   endfacet
   facet normal 1.0000 0.0000 0.0000
      outer loop
         vertex -2.0000 3.9000 8.8500
         vertex -2.0000 1.8859 10.3955
         vertex -2.0000 1.5000 10.2356
      endloop
   endfacet
   facet normal 1.0000 0.0000 0.0000
      outer loop
         vertex -2.0000 3.9000 8.8500
         vertex -2.0000 1.5000 10.2356
         vertex -2.0000 1.1686 9.9814
      endloop
   endfacet
   facet normal 1.0000 0.0000 0.0000
      outer loop
         vertex -2.0000 3.9000 8.8500
         vertex -2.0000 1.1686 9.9814
         vertex -2.0000 0.9144 9.6500
      endloop
   endfacet
   facet normal 1.0000 0.0000 0.0000
      outer loop
         vertex -2.0000 3.9000 8.8500
         vertex -2.0000 0.9144 9.6500
         vertex -2.0000 0.7545 9.2641
      endloop
   endfacet
   facet normal 1.0000 0.0000 0.0000
      outer loop
         vertex -2.0000 3.9000 8.8500
         vertex -2.0000 0.7545 9.2641
         vertex -2.0000 0.7000 8.8500
      endloop
   endfacet
   facet normal 1.0000 0.0000 0.0000
      outer loop
         vertex -2.0000 3.9000 8.8500
         vertex -2.0000 0.7000 8.8500
         vertex -2.0000 0.7545 8.4359
      endloop
   endfacet
   facet normal 1.0000 0.0000 0.0000
      outer loop
         vertex -2.0000 3.9000 8.8500
         vertex -2.0000 0.7545 8.4359
         vertex -2.0000 0.9144 8.0500
      endloop
   endfacet
   facet normal 1.0000 0.0000 0.0000
      outer loop
         vertex -2.0000 3.9000 8.8500
         vertex -2.0000 0.9144 8.0500
         vertex -2.0000 1.1686 7.7186
      endloop
   endfacet
   facet normal 1.0000 0.0000 0.0000
      outer loop
         vertex -2.0000 3.9000 8.8500
         vertex -2.0000 1.1686 7.7186
         vertex -2.0000 1.5000 7.4644
      endloop
   endfacet
   facet normal 1.0000 0.0000 0.0000
      outer loop
         vertex -2.0000 3.9000 8.8500
         vertex -2.0000 1.5000 7.4644
         vertex -2.0000 1.8859 7.3045
      endloop
   endfacet
   facet normal 1.0000 0.0000 0.0000
      outer loop
         vertex -2.0000 3.9000 8.8500
         vertex -2.0000 1.8859 7.3045
         vertex -2.0000 2.3000 7.2500
      endloop
   endfacet
   facet normal 1.0000 0.0000 0.0000
      outer loop
         vertex -2.0000 3.9000 8.8500
         vertex -2.0000 2.3000 7.2500
         vertex -2.0000 2.7141 7.3045
      endloop
   endfacet
   facet normal 1.0000 0.0000 0.0000
      outer loop
         vertex -2.0000 3.9000 8.8500
         vertex -2.0000 2.7141 7.3045
         vertex -2.0000 3.1000 7.4644
      endloop
   endfacet
   facet normal 1.0000 0.0000 0.0000
      outer loop
         vertex -2.0000 3.9000 8.8500
         vertex -2.0000 3.1000 7.4644
         vertex -2.0000 3.4314 7.7186
      endloop
   endfacet
   facet normal 1.0000 0.0000 0.0000
      outer loop
         vertex -2.0000 3.9000 8.8500
         vertex -2.0000 3.4314 7.7186
         vertex -2.0000 3.6856 8.0500
      endloop
   endfacet
   facet normal 1.0000 0.0000 0.0000
      outer loop
         vertex -2.0000 3.9000 8.8500
         vertex -2.0000 3.6856 8.0500
         vertex -2.0000 3.8455 8.4359
      endloop
   endfacet
   facet normal 0.9166 0.3997 0.0000
      outer loop
         vertex -15.2000 2.8000 10.3500
         vertex -15.0401 2.4333 10.3500
         vertex -15.1024 2.5761 10.3186
      endloop
   endfacet
   facet normal 0.9166 0.3997 0.0000
      outer loop
         vertex -15.2000 2.8000 10.3500
         vertex -15.1024 2.5761 10.3186
         vertex -15.1532 2.6926 10.2328
      endloop
   endfacet
   facet normal 0.9166 0.3997 0.0000
      outer loop
         vertex -15.2000 2.8000 10.3500
         vertex -15.1532 2.6926 10.2328
         vertex -15.1874 2.7712 10.1057
      endloop
   endfacet
   facet normal 0.9166 0.3997 0.0000
      outer loop
         vertex -15.2000 2.8000 10.3500
         vertex -15.1874 2.7712 10.1057
         vertex -15.2000 2.8000 9.9500
      endloop
   endfacet
   facet normal -0.1112 0.2124 0.9708
      outer loop
         vertex -14.9027 2.5009 10.3500
         vertex -15.1024 2.5761 10.3186
         vertex -15.0401 2.4333 10.3500
      endloop
   endfacet
   facet normal -0.1533 0.2603 0.9533
      outer loop
         vertex -14.9027 2.5009 10.3500
         vertex -14.9904 2.6295 10.3186
         vertex -15.1024 2.5761 10.3186
      endloop
   endfacet
   facet normal -0.2142 0.4108 0.8862
      outer loop
         vertex -14.9904 2.6295 10.3186
         vertex -15.1532 2.6926 10.2328
         vertex -15.1024 2.5761 10.3186
      endloop
   endfacet
   facet normal -0.3005 0.5096 0.8062
      outer loop
         vertex -15.0620 2.7346 10.2328
         vertex -15.1532 2.6926 10.2328
         vertex -14.9904 2.6295 10.3186
      endloop
   endfacet
   facet normal -0.3530 0.6785 0.6442
      outer loop
         vertex -15.0620 2.7346 10.2328
         vertex -15.1874 2.7712 10.1057
         vertex -15.1532 2.6926 10.2328
      endloop
   endfacet
   facet normal -0.4338 0.7345 0.5219
      outer loop
         vertex -15.0620 2.7346 10.2328
         vertex -15.1103 2.8054 10.1057
         vertex -15.1874 2.7712 10.1057
      endloop
   endfacet
   facet normal -0.4298 0.8346 0.3444
      outer loop
         vertex -15.1874 2.7712 10.1057
         vertex -15.1103 2.8054 10.1057
         vertex -15.2000 2.8000 9.9500
      endloop
   endfacet
   facet normal 0.0000 0.0000 -1.0000
      outer loop
         vertex -15.2000 2.8000 10.3500
         vertex -14.6393 2.8000 10.3500
         vertex -14.6661 2.7391 10.3500
      endloop
   endfacet
   facet normal 0.0000 0.0000 -1.0000
      outer loop
         vertex -15.2000 2.8000 10.3500
         vertex -14.6661 2.7391 10.3500
         vertex -14.9027 2.5009 10.3500
      endloop
   endfacet
   facet normal 0.0000 0.0000 -1.0000
      outer loop
         vertex -15.2000 2.8000 10.3500
         vertex -14.9027 2.5009 10.3500
         vertex -15.0401 2.4333 10.3500
      endloop
   endfacet
   facet normal -0.5254 0.6027 0.6006
      outer loop
         vertex -15.1103 2.8054 10.1057
         vertex -15.0620 2.7346 10.2328
         vertex -14.9021 2.8950 10.2328
      endloop
   endfacet
   facet normal -0.2780 0.1638 0.9465
      outer loop
         vertex -14.7960 2.8249 10.3186
         vertex -14.6661 2.7391 10.3500
         vertex -14.7300 2.9779 10.3186
      endloop
   endfacet
   facet normal -0.2211 0.0966 0.9705
      outer loop
         vertex -14.6393 2.8000 10.3500
         vertex -14.5816 2.9310 10.3500
         vertex -14.7300 2.9779 10.3186
      endloop
   endfacet
   facet normal -0.2148 0.1070 0.9708
      outer loop
         vertex -14.6393 2.8000 10.3500
         vertex -14.7300 2.9779 10.3186
         vertex -14.6661 2.7391 10.3500
      endloop
   endfacet
   facet normal -0.3320 0.3915 0.8582
      outer loop
         vertex -14.7960 2.8249 10.3186
         vertex -15.0620 2.7346 10.2328
         vertex -14.9904 2.6295 10.3186
      endloop
   endfacet
   facet normal -0.1611 0.1997 0.9665
      outer loop
         vertex -14.9904 2.6295 10.3186
         vertex -14.9027 2.5009 10.3500
         vertex -14.6661 2.7391 10.3500
      endloop
   endfacet
   facet normal -0.2499 0.2279 0.9411
      outer loop
         vertex -14.6661 2.7391 10.3500
         vertex -14.7960 2.8249 10.3186
         vertex -14.9904 2.6295 10.3186
      endloop
   endfacet
   facet normal 0.0000 0.9962 -0.0869
      outer loop
         vertex 0.0000 0.7000 8.8500
         vertex -2.0000 0.7000 8.8500
         vertex -2.0000 0.7545 9.2641
      endloop
   endfacet
   facet normal 0.0000 0.9848 -0.1739
      outer loop
         vertex 0.0000 0.7000 8.8500
         vertex -2.0000 0.7545 9.2641
         vertex -0.0044 0.7545 9.2641
      endloop
   endfacet
   facet normal 0.0000 0.9914 -0.1305
      outer loop
         vertex 0.0000 0.7000 8.8500
         vertex -0.0044 0.7545 9.2641
         vertex -0.0000 0.7079 8.9102
      endloop
   endfacet
   facet normal 0.0000 0.8871 -0.4616
      outer loop
         vertex -2.0000 0.9144 9.6500
         vertex -0.0233 0.9144 9.6500
         vertex -0.0175 0.8944 9.6019
      endloop
   endfacet
   facet normal 0.0000 0.9239 -0.3827
      outer loop
         vertex -2.0000 0.9144 9.6500
         vertex -0.0175 0.8944 9.6019
         vertex -0.0044 0.7545 9.2641
      endloop
   endfacet
   facet normal 0.0000 0.9398 -0.3418
      outer loop
         vertex -2.0000 0.9144 9.6500
         vertex -0.0044 0.7545 9.2641
         vertex -2.0000 0.7545 9.2641
      endloop
   endfacet
   facet normal 0.0000 0.8193 -0.5734
      outer loop
         vertex -0.0233 0.9144 9.6500
         vertex -2.0000 0.9144 9.6500
         vertex -2.0000 1.1686 9.9814
      endloop
   endfacet
   facet normal 0.0000 0.7659 -0.6430
      outer loop
         vertex -0.0233 0.9144 9.6500
         vertex -2.0000 1.1686 9.9814
         vertex -0.1067 1.1686 9.9814
      endloop
   endfacet
   facet normal 0.0000 0.7934 -0.6088
      outer loop
         vertex -0.0233 0.9144 9.6500
         vertex -0.1067 1.1686 9.9814
         vertex -0.0696 1.0744 9.8586
      endloop
   endfacet
   facet normal 0.0000 -0.9849 -0.1734
      outer loop
         vertex 0.0000 0.3000 14.1500
         vertex -1.4000 0.3000 14.1500
         vertex -1.4000 0.3818 13.5288
      endloop
   endfacet
   facet normal 0.0000 -0.9763 -0.2162
      outer loop
         vertex 0.0000 0.3000 14.1500
         vertex -1.4000 0.3818 13.5288
         vertex 0.0000 0.3818 13.5288
      endloop
   endfacet
   facet normal 0.0000 -0.9849 0.1734
      outer loop
         vertex -1.4000 0.3000 15.5500
         vertex 0.0000 0.3000 15.5500
         vertex 0.0000 0.3818 16.1712
      endloop
   endfacet
   facet normal 0.0000 -0.9763 0.2162
      outer loop
         vertex -1.4000 0.3000 15.5500
         vertex 0.0000 0.3818 16.1712
         vertex -1.4000 0.3818 16.1712
      endloop
   endfacet
   facet normal 0.0000 -0.9849 0.1734
      outer loop
         vertex -1.4000 0.3000 9.5500
         vertex 0.0000 0.3000 9.5500
         vertex 0.0000 0.3818 10.1712
      endloop
   endfacet
   facet normal 0.0000 -0.9763 0.2162
      outer loop
         vertex -1.4000 0.3000 9.5500
         vertex 0.0000 0.3818 10.1712
         vertex -1.4000 0.3818 10.1712
      endloop
   endfacet
   facet normal -0.1685 0.0645 0.9836
      outer loop
         vertex -14.6916 3.8344 17.6921
         vertex -14.8983 3.3354 17.6921
         vertex -14.8319 3.3176 17.7000
      endloop
   endfacet
   facet normal -0.1284 0.0639 0.9897
      outer loop
         vertex -14.6916 3.8344 17.6921
         vertex -14.8319 3.3176 17.7000
         vertex -14.6321 3.8000 17.7000
      endloop
   endfacet
   facet normal -0.1507 0.0249 0.9883
      outer loop
         vertex -14.9688 2.8000 17.6921
         vertex -14.9000 2.8000 17.7000
         vertex -14.8319 3.3176 17.7000
      endloop
   endfacet
   facet normal -0.1856 0.0394 0.9818
      outer loop
         vertex -14.9688 2.8000 17.6921
         vertex -14.8319 3.3176 17.7000
         vertex -14.8983 3.3354 17.6921
      endloop
   endfacet
   facet normal -0.9734 0.1717 0.1515
      outer loop
         vertex -15.1216 3.3953 17.4000
         vertex -15.2000 2.8000 17.4000
         vertex -15.1921 2.8000 17.4688
      endloop
   endfacet
   facet normal -0.9586 0.2127 0.1894
      outer loop
         vertex -15.1216 3.3953 17.4000
         vertex -15.1921 2.8000 17.4688
         vertex -15.1140 3.3932 17.4688
      endloop
   endfacet
   facet normal -0.8778 0.4357 0.1990
      outer loop
         vertex -15.1140 3.3932 17.4688
         vertex -14.8850 3.9460 17.4688
         vertex -14.8919 3.9500 17.4000
      endloop
   endfacet
   facet normal -0.9233 0.3521 0.1536
      outer loop
         vertex -15.1140 3.3932 17.4688
         vertex -14.8919 3.9500 17.4000
         vertex -15.1216 3.3953 17.4000
      endloop
   endfacet
   facet normal -0.2523 0.1277 0.9592
      outer loop
         vertex -14.8983 3.3354 17.6921
         vertex -14.6916 3.8344 17.6921
         vertex -14.7463 3.8660 17.6695
      endloop
   endfacet
   facet normal -0.3360 0.1307 0.9328
      outer loop
         vertex -14.8983 3.3354 17.6921
         vertex -14.7463 3.8660 17.6695
         vertex -14.9593 3.3518 17.6695
      endloop
   endfacet
   facet normal -0.5199 0.1989 0.8307
      outer loop
         vertex -14.7945 3.8938 17.6341
         vertex -15.0131 3.3662 17.6341
         vertex -14.9593 3.3518 17.6695
      endloop
   endfacet
   facet normal -0.4369 0.2173 0.8729
      outer loop
         vertex -14.7945 3.8938 17.6341
         vertex -14.9593 3.3518 17.6695
         vertex -14.7463 3.8660 17.6695
      endloop
   endfacet
   facet normal -0.6771 0.2568 0.6897
      outer loop
         vertex -14.8348 3.9170 17.5876
         vertex -15.0580 3.3782 17.5876
         vertex -15.0131 3.3662 17.6341
      endloop
   endfacet
   facet normal -0.5976 0.2951 0.7455
      outer loop
         vertex -14.8348 3.9170 17.5876
         vertex -15.0131 3.3662 17.6341
         vertex -14.7945 3.8938 17.6341
      endloop
   endfacet
   facet normal -0.7295 0.3587 0.5823
      outer loop
         vertex -15.0580 3.3782 17.5876
         vertex -14.8348 3.9170 17.5876
         vertex -14.8655 3.9348 17.5319
      endloop
   endfacet
   facet normal -0.8024 0.3028 0.5143
      outer loop
         vertex -15.0580 3.3782 17.5876
         vertex -14.8655 3.9348 17.5319
         vertex -15.0922 3.3874 17.5319
      endloop
   endfacet
   facet normal -0.8901 0.3346 0.3095
      outer loop
         vertex -14.8850 3.9460 17.4688
         vertex -15.1140 3.3932 17.4688
         vertex -15.0922 3.3874 17.5319
      endloop
   endfacet
   facet normal -0.8277 0.4057 0.3878
      outer loop
         vertex -14.8850 3.9460 17.4688
         vertex -15.0922 3.3874 17.5319
         vertex -14.8655 3.9348 17.5319
      endloop
   endfacet
   facet normal -0.2966 0.0491 0.9537
      outer loop
         vertex -15.0319 2.8000 17.6695
         vertex -14.9688 2.8000 17.6921
         vertex -14.8983 3.3354 17.6921
      endloop
   endfacet
   facet normal -0.3628 0.0772 0.9287
      outer loop
         vertex -15.0319 2.8000 17.6695
         vertex -14.8983 3.3354 17.6921
         vertex -14.9593 3.3518 17.6695
      endloop
   endfacet
   facet normal -0.4984 0.0850 0.8628
      outer loop
         vertex -15.0876 2.8000 17.6341
         vertex -15.0319 2.8000 17.6695
         vertex -14.9593 3.3518 17.6695
      endloop
   endfacet
   facet normal -0.5540 0.1199 0.8238
      outer loop
         vertex -15.0876 2.8000 17.6341
         vertex -14.9593 3.3518 17.6695
         vertex -15.0131 3.3662 17.6341
      endloop
   endfacet
   facet normal -0.6722 0.1161 0.7313
      outer loop
         vertex -15.1341 2.8000 17.5876
         vertex -15.0876 2.8000 17.6341
         vertex -15.0131 3.3662 17.6341
      endloop
   endfacet
   facet normal -0.7159 0.1562 0.6805
      outer loop
         vertex -15.1341 2.8000 17.5876
         vertex -15.0131 3.3662 17.6341
         vertex -15.0580 3.3782 17.5876
      endloop
   endfacet
   facet normal -0.8128 0.1414 0.5651
      outer loop
         vertex -15.1695 2.8000 17.5319
         vertex -15.1341 2.8000 17.5876
         vertex -15.0580 3.3782 17.5876
      endloop
   endfacet
   facet normal -0.8437 0.1851 0.5039
      outer loop
         vertex -15.1695 2.8000 17.5319
         vertex -15.0580 3.3782 17.5876
         vertex -15.0922 3.3874 17.5319
      endloop
   endfacet
   facet normal -0.9398 0.1665 0.2985
      outer loop
         vertex -15.1140 3.3932 17.4688
         vertex -15.1921 2.8000 17.4688
         vertex -15.1695 2.8000 17.5319
      endloop
   endfacet
   facet normal -0.9066 0.2019 0.3704
      outer loop
         vertex -15.1140 3.3932 17.4688
         vertex -15.1695 2.8000 17.5319
         vertex -15.0922 3.3874 17.5319
      endloop
   endfacet
   facet normal 0.0000 0.0000 1.0000
      outer loop
         vertex -6.8000 2.8000 12.7500
         vertex -6.8000 5.1396 12.7500
         vertex -6.8520 5.1536 12.7500
      endloop
   endfacet
   facet normal 0.0000 0.0000 1.0000
      outer loop
         vertex -6.8000 2.8000 12.7500
         vertex -6.8520 5.1536 12.7500
         vertex -6.9123 5.1963 12.7500
      endloop
   endfacet
   facet normal 0.0000 0.0000 1.0000
      outer loop
         vertex -6.8000 2.8000 12.7500
         vertex -6.9123 5.1963 12.7500
         vertex -7.0960 5.3537 12.7500
      endloop
   endfacet
   facet normal 0.0000 0.0000 1.0000
      outer loop
         vertex -6.8000 2.8000 12.7500
         vertex -7.0960 5.3537 12.7500
         vertex -7.1563 5.3964 12.7500
      endloop
   endfacet
   facet normal 0.0000 0.0000 1.0000
      outer loop
         vertex -6.8000 2.8000 12.7500
         vertex -7.1563 5.3964 12.7500
         vertex -7.3563 5.4500 12.7500
      endloop
   endfacet
   facet normal 0.0000 0.0000 1.0000
      outer loop
         vertex -6.8000 2.8000 12.7500
         vertex -7.3563 5.4500 12.7500
         vertex -10.1000 5.4500 12.7500
      endloop
   endfacet
   facet normal 0.0000 0.0000 1.0000
      outer loop
         vertex -6.8000 2.8000 12.7500
         vertex -10.1000 5.4500 12.7500
         vertex -11.0214 5.4345 12.7500
      endloop
   endfacet
   facet normal 0.0000 0.0000 1.0000
      outer loop
         vertex -6.8000 2.8000 12.7500
         vertex -11.0214 5.4345 12.7500
         vertex -11.9420 5.3950 12.7500
      endloop
   endfacet
   facet normal 0.0000 0.0000 1.0000
      outer loop
         vertex -6.8000 2.8000 12.7500
         vertex -11.9420 5.3950 12.7500
         vertex -12.9773 5.2587 12.7500
      endloop
   endfacet
   facet normal 0.0000 0.0000 1.0000
      outer loop
         vertex -6.8000 2.8000 12.7500
         vertex -12.9773 5.2587 12.7500
         vertex -13.9420 4.8591 12.7500
      endloop
   endfacet
   facet normal 0.0000 0.0000 1.0000
      outer loop
         vertex -6.8000 2.8000 12.7500
         vertex -13.9420 4.8591 12.7500
         vertex -14.2573 4.6568 12.7500
      endloop
   endfacet
   facet normal 0.0000 0.0000 1.0000
      outer loop
         vertex -6.8000 2.8000 12.7500
         vertex -14.2573 4.6568 12.7500
         vertex -14.5263 4.4263 12.7500
      endloop
   endfacet
   facet normal 0.0000 0.0000 1.0000
      outer loop
         vertex -6.8000 2.8000 12.7500
         vertex -14.5263 4.4263 12.7500
         vertex -14.8919 3.9500 12.7500
      endloop
   endfacet
   facet normal 0.0000 0.0000 1.0000
      outer loop
         vertex -6.8000 2.8000 12.7500
         vertex -14.8919 3.9500 12.7500
         vertex -15.1216 3.3953 12.7500
      endloop
   endfacet
   facet normal 0.0000 0.0000 1.0000
      outer loop
         vertex -6.8000 2.8000 12.7500
         vertex -15.1216 3.3953 12.7500
         vertex -15.2000 2.8000 12.7500
      endloop
   endfacet
   facet normal -0.4210 0.0000 0.9071
      outer loop
         vertex -6.7000 2.8000 12.7768
         vertex -6.7000 5.1129 12.7768
         vertex -6.8000 5.1396 12.7500
      endloop
   endfacet
   facet normal -0.3399 0.0000 0.9405
      outer loop
         vertex -6.7000 2.8000 12.7768
         vertex -6.8000 5.1396 12.7500
         vertex -6.8000 2.8000 12.7500
      endloop
   endfacet
   facet normal -0.8181 0.0000 0.5751
      outer loop
         vertex -6.6268 2.8000 12.8500
         vertex -6.6268 5.1000 12.8500
         vertex -6.6520 5.1000 12.8248
      endloop
   endfacet
   facet normal -0.7071 0.0000 0.7071
      outer loop
         vertex -6.6268 2.8000 12.8500
         vertex -6.6520 5.1000 12.8248
         vertex -6.7000 5.1129 12.7768
      endloop
   endfacet
   facet normal -0.6414 0.0000 0.7672
      outer loop
         vertex -6.6268 2.8000 12.8500
         vertex -6.7000 5.1129 12.7768
         vertex -6.7000 2.8000 12.7768
      endloop
   endfacet
   facet normal -0.9405 0.0000 0.3399
      outer loop
         vertex -6.6000 2.8000 12.9500
         vertex -6.6000 5.1000 12.9500
         vertex -6.6268 5.1000 12.8500
      endloop
   endfacet
   facet normal -0.9071 0.0000 0.4210
      outer loop
         vertex -6.6000 2.8000 12.9500
         vertex -6.6268 5.1000 12.8500
         vertex -6.6268 2.8000 12.8500
      endloop
   endfacet
   facet normal -1.0000 0.0000 0.0000
      outer loop
         vertex -6.6000 5.1000 12.9500
         vertex -6.6000 2.8000 12.9500
         vertex -6.6000 2.8000 16.7500
      endloop
   endfacet
   facet normal -1.0000 0.0000 0.0000
      outer loop
         vertex -6.6000 5.1000 12.9500
         vertex -6.6000 2.8000 16.7500
         vertex -6.6000 5.1000 16.7500
      endloop
   endfacet
   facet normal 0.0000 0.0000 -1.0000
      outer loop
         vertex -7.6168 4.9700 13.3500
         vertex -7.5224 4.3741 13.3500
         vertex -9.6142 3.5951 13.3500
      endloop
   endfacet
   facet normal 0.0000 0.0000 -1.0000
      outer loop
         vertex -7.6168 4.9700 13.3500
         vertex -9.6142 3.5951 13.3500
         vertex -10.1015 3.5696 13.3500
      endloop
   endfacet
   facet normal 0.0000 0.0000 -1.0000
      outer loop
         vertex -7.6168 4.9700 13.3500
         vertex -10.1015 3.5696 13.3500
         vertex -10.1067 3.5694 13.3500
      endloop
   endfacet
   facet normal 0.0000 0.0000 -1.0000
      outer loop
         vertex -7.6168 4.9700 13.3500
         vertex -10.1067 3.5694 13.3500
         vertex -10.1567 3.5828 13.3500
      endloop
   endfacet
   facet normal 0.0000 0.0000 -1.0000
      outer loop
         vertex -7.6168 4.9700 13.3500
         vertex -10.1567 3.5828 13.3500
         vertex -10.1933 3.6194 13.3500
      endloop
   endfacet
   facet normal 0.0000 0.0000 -1.0000
      outer loop
         vertex -7.6168 4.9700 13.3500
         vertex -10.1933 3.6194 13.3500
         vertex -10.2059 3.6564 13.3500
      endloop
   endfacet
   facet normal 0.0000 0.0000 -1.0000
      outer loop
         vertex -7.6168 4.9700 13.3500
         vertex -10.2059 3.6564 13.3500
         vertex -10.2913 4.3053 13.3500
      endloop
   endfacet
   facet normal 0.0000 0.0000 -1.0000
      outer loop
         vertex -7.6168 4.9700 13.3500
         vertex -10.2913 4.3053 13.3500
         vertex -10.3540 4.4900 13.3500
      endloop
   endfacet
   facet normal 0.0000 0.0000 -1.0000
      outer loop
         vertex -7.6168 4.9700 13.3500
         vertex -10.3540 4.4900 13.3500
         vertex -10.5200 4.9700 13.3500
      endloop
   endfacet
   facet normal 0.0000 0.0000 -1.0000
      outer loop
         vertex -10.5200 4.9700 13.3500
         vertex -10.3540 4.4900 13.3500
         vertex -10.5370 4.6730 13.3500
      endloop
   endfacet
   facet normal 0.0000 0.0000 -1.0000
      outer loop
         vertex -10.5200 4.9700 13.3500
         vertex -10.5370 4.6730 13.3500
         vertex -10.7870 4.7400 13.3500
      endloop
   endfacet
   facet normal 0.0000 0.0000 -1.0000
      outer loop
         vertex -10.5200 4.9700 13.3500
         vertex -10.7870 4.7400 13.3500
         vertex -10.8325 4.7379 13.3500
      endloop
   endfacet
   facet normal 0.0000 0.0000 -1.0000
      outer loop
         vertex -10.5200 4.9700 13.3500
         vertex -10.8325 4.7379 13.3500
         vertex -10.9237 4.7331 13.3500
      endloop
   endfacet
   facet normal 0.0000 0.0000 -1.0000
      outer loop
         vertex -10.5200 4.9700 13.3500
         vertex -10.9237 4.7331 13.3500
         vertex -10.9336 4.9514 13.3500
      endloop
   endfacet
   facet normal 0.0000 0.0000 -1.0000
      outer loop
         vertex -10.9237 4.7331 13.3500
         vertex -11.1379 4.7173 13.3500
         vertex -10.9336 4.9514 13.3500
      endloop
   endfacet
   facet normal 0.0000 0.0000 -1.0000
      outer loop
         vertex -10.9336 4.9514 13.3500
         vertex -11.1379 4.7173 13.3500
         vertex -11.3511 4.6923 13.3500
      endloop
   endfacet
   facet normal 0.0000 0.0000 -1.0000
      outer loop
         vertex -10.9336 4.9514 13.3500
         vertex -11.3511 4.6923 13.3500
         vertex -11.3573 4.8934 13.3500
      endloop
   endfacet
   facet normal 0.0000 0.0000 -1.0000
      outer loop
         vertex -11.3573 4.8934 13.3500
         vertex -11.3511 4.6923 13.3500
         vertex -12.5755 4.4984 13.3500
      endloop
   endfacet
   facet normal 0.0000 0.0000 -1.0000
      outer loop
         vertex -11.3573 4.8934 13.3500
         vertex -12.5755 4.4984 13.3500
         vertex -12.7971 4.4513 13.3500
      endloop
   endfacet
   facet normal 0.0000 0.0000 -1.0000
      outer loop
         vertex -13.7086 3.9476 13.3500
         vertex -13.5430 4.4033 13.3500
         vertex -13.3190 4.2351 13.3500
      endloop
   endfacet
   facet normal 0.0000 0.0000 -1.0000
      outer loop
         vertex -13.3190 4.2351 13.3500
         vertex -13.5430 4.4033 13.3500
         vertex -13.0118 4.6214 13.3500
      endloop
   endfacet
   facet normal 0.0000 0.0000 -1.0000
      outer loop
         vertex -13.3190 4.2351 13.3500
         vertex -13.0118 4.6214 13.3500
         vertex -12.7971 4.4513 13.3500
      endloop
   endfacet
   facet normal 0.0000 0.0000 -1.0000
      outer loop
         vertex -12.7971 4.4513 13.3500
         vertex -13.0118 4.6214 13.3500
         vertex -12.8078 4.6637 13.3500
      endloop
   endfacet
   facet normal 0.0000 0.0000 -1.0000
      outer loop
         vertex -12.7971 4.4513 13.3500
         vertex -12.8078 4.6637 13.3500
         vertex -11.3573 4.8934 13.3500
      endloop
   endfacet
   facet normal 0.0000 0.0000 -1.0000
      outer loop
         vertex -13.7709 3.8889 13.3500
         vertex -13.9934 3.5990 13.3500
         vertex -13.9862 4.0632 13.3500
      endloop
   endfacet
   facet normal 0.0000 0.0000 -1.0000
      outer loop
         vertex -13.7709 3.8889 13.3500
         vertex -13.9862 4.0632 13.3500
         vertex -13.5430 4.4033 13.3500
      endloop
   endfacet
   facet normal 0.0000 0.0000 -1.0000
      outer loop
         vertex -13.7709 3.8889 13.3500
         vertex -13.5430 4.4033 13.3500
         vertex -13.7086 3.9476 13.3500
      endloop
   endfacet
   facet normal 0.0000 0.0000 -1.0000
      outer loop
         vertex -14.5816 2.9310 13.3500
         vertex -14.5457 3.0848 13.3500
         vertex -14.1980 2.8000 13.3500
      endloop
   endfacet
   facet normal 0.0000 0.0000 -1.0000
      outer loop
         vertex -14.1980 2.8000 13.3500
         vertex -14.5457 3.0848 13.3500
         vertex -14.3263 3.6200 13.3500
      endloop
   endfacet
   facet normal 0.0000 0.0000 -1.0000
      outer loop
         vertex -14.1980 2.8000 13.3500
         vertex -14.3263 3.6200 13.3500
         vertex -14.1405 3.2369 13.3500
      endloop
   endfacet
   facet normal 0.0000 0.0000 -1.0000
      outer loop
         vertex -14.1405 3.2369 13.3500
         vertex -14.3263 3.6200 13.3500
         vertex -13.9862 4.0632 13.3500
      endloop
   endfacet
   facet normal 0.0000 0.0000 -1.0000
      outer loop
         vertex -14.1405 3.2369 13.3500
         vertex -13.9862 4.0632 13.3500
         vertex -14.0616 3.4647 13.3500
      endloop
   endfacet
   facet normal 0.0000 0.0000 -1.0000
      outer loop
         vertex -14.0616 3.4647 13.3500
         vertex -13.9862 4.0632 13.3500
         vertex -13.9934 3.5990 13.3500
      endloop
   endfacet
   facet normal 0.0000 0.0000 -1.0000
      outer loop
         vertex -14.5816 2.9310 13.3500
         vertex -14.1980 2.8000 13.3500
         vertex -14.6393 2.8000 13.3500
      endloop
   endfacet
   facet normal -0.6339 -0.7734 0.0000
      outer loop
         vertex -10.1567 3.5828 13.3500
         vertex -10.1567 3.5828 16.3500
         vertex -10.1933 3.6194 16.3500
      endloop
   endfacet
   facet normal -0.7534 -0.6575 0.0000
      outer loop
         vertex -10.1567 3.5828 13.3500
         vertex -10.1933 3.6194 16.3500
         vertex -10.1933 3.6194 13.3500
      endloop
   endfacet
   facet normal -0.9914 -0.1305 0.0000
      outer loop
         vertex -10.2059 3.6564 13.3500
         vertex -10.2059 3.6564 16.3500
         vertex -10.2913 4.3053 16.3500
      endloop
   endfacet
   facet normal -0.9914 -0.1305 0.0000
      outer loop
         vertex -10.2059 3.6564 13.3500
         vertex -10.2913 4.3053 16.3500
         vertex -10.2913 4.3053 13.3500
      endloop
   endfacet
   facet normal 0.0523 -0.9986 0.0000
      outer loop
         vertex -10.1015 3.5696 16.3500
         vertex -10.1015 3.5696 13.3500
         vertex -9.6142 3.5951 13.3500
      endloop
   endfacet
   facet normal 0.0523 -0.9986 0.0000
      outer loop
         vertex -10.1015 3.5696 16.3500
         vertex -9.6142 3.5951 13.3500
         vertex -9.6142 3.5951 16.3500
      endloop
   endfacet
   facet normal -0.0214 -0.9998 0.0000
      outer loop
         vertex -10.1015 3.5696 13.3500
         vertex -10.1015 3.5696 16.3500
         vertex -10.1067 3.5694 16.3500
      endloop
   endfacet
   facet normal -0.0695 -0.9976 0.0000
      outer loop
         vertex -10.1015 3.5696 13.3500
         vertex -10.1067 3.5694 16.3500
         vertex -10.1067 3.5694 13.3500
      endloop
   endfacet
   facet normal -0.3774 -0.9261 0.0000
      outer loop
         vertex -10.1567 3.5828 16.3500
         vertex -10.1567 3.5828 13.3500
         vertex -10.1067 3.5694 13.3500
      endloop
   endfacet
   facet normal -0.2474 -0.9689 0.0000
      outer loop
         vertex -10.1567 3.5828 16.3500
         vertex -10.1067 3.5694 13.3500
         vertex -10.1067 3.5694 16.3500
      endloop
   endfacet
   facet normal -0.8876 -0.4607 0.0000
      outer loop
         vertex -10.1933 3.6194 13.3500
         vertex -10.1933 3.6194 16.3500
         vertex -10.2059 3.6564 16.3500
      endloop
   endfacet
   facet normal -0.9202 -0.3914 0.0000
      outer loop
         vertex -10.1933 3.6194 13.3500
         vertex -10.2059 3.6564 16.3500
         vertex -10.2059 3.6564 13.3500
      endloop
   endfacet
   facet normal 0.0660 0.9405 0.3332
      outer loop
         vertex -9.0329 5.1412 13.9807
         vertex -8.9206 4.9613 14.4000
         vertex -8.8000 4.9613 14.3841
      endloop
   endfacet
   facet normal 0.0435 0.9076 0.4175
      outer loop
         vertex -9.0329 5.1412 13.9807
         vertex -8.8000 4.9613 14.3841
         vertex -8.8000 5.1412 13.9500
      endloop
   endfacet
   facet normal 0.0225 0.9850 0.1709
      outer loop
         vertex -8.8000 4.9613 14.3841
         vertex -8.9206 4.9613 14.4000
         vertex -8.8000 4.9000 14.8500
      endloop
   endfacet
   facet normal 0.1501 0.9076 0.3920
      outer loop
         vertex -8.9206 4.9613 14.4000
         vertex -9.0329 5.1412 13.9807
         vertex -9.2500 5.1412 14.0706
      endloop
   endfacet
   facet normal 0.1500 0.9405 0.3048
      outer loop
         vertex -8.9206 4.9613 14.4000
         vertex -9.2500 5.1412 14.0706
         vertex -9.0329 4.9613 14.4465
      endloop
   endfacet
   facet normal 0.0660 0.9850 0.1592
      outer loop
         vertex -8.9206 4.9613 14.4000
         vertex -9.0329 4.9613 14.4465
         vertex -8.8000 4.9000 14.8500
      endloop
   endfacet
   facet normal 0.2237 0.9405 0.2556
      outer loop
         vertex -9.4364 5.1412 14.2136
         vertex -9.1294 4.9613 14.5206
         vertex -9.0329 4.9613 14.4465
      endloop
   endfacet
   facet normal 0.2464 0.9076 0.3398
      outer loop
         vertex -9.4364 5.1412 14.2136
         vertex -9.0329 4.9613 14.4465
         vertex -9.2500 5.1412 14.0706
      endloop
   endfacet
   facet normal 0.1049 0.9850 0.1367
      outer loop
         vertex -9.0329 4.9613 14.4465
         vertex -9.1294 4.9613 14.5206
         vertex -8.8000 4.9000 14.8500
      endloop
   endfacet
   facet normal 0.3260 0.9076 0.2645
      outer loop
         vertex -9.1294 4.9613 14.5206
         vertex -9.4364 5.1412 14.2136
         vertex -9.5794 5.1412 14.4000
      endloop
   endfacet
   facet normal 0.2823 0.9405 0.1890
      outer loop
         vertex -9.1294 4.9613 14.5206
         vertex -9.5794 5.1412 14.4000
         vertex -9.2035 4.9613 14.6171
      endloop
   endfacet
   facet normal 0.1367 0.9850 0.1049
      outer loop
         vertex -9.2035 4.9613 14.6171
         vertex -8.8000 4.9000 14.8500
         vertex -9.1294 4.9613 14.5206
      endloop
   endfacet
   facet normal 0.1592 0.9850 0.0660
      outer loop
         vertex -9.2500 4.9613 14.7294
         vertex -8.8000 4.9000 14.8500
         vertex -9.2035 4.9613 14.6171
      endloop
   endfacet
   facet normal 0.1709 0.9850 0.0225
      outer loop
         vertex -8.8000 4.9000 14.8500
         vertex -9.2500 4.9613 14.7294
         vertex -9.2659 4.9613 14.8500
      endloop
   endfacet
   facet normal 0.1709 0.9850 -0.0225
      outer loop
         vertex -9.2500 4.9613 14.9706
         vertex -8.8000 4.9000 14.8500
         vertex -9.2659 4.9613 14.8500
      endloop
   endfacet
   facet normal 0.1592 0.9850 -0.0660
      outer loop
         vertex -9.2035 4.9613 15.0829
         vertex -8.8000 4.9000 14.8500
         vertex -9.2500 4.9613 14.9706
      endloop
   endfacet
   facet normal 0.3260 0.9076 -0.2645
      outer loop
         vertex -9.5794 5.1412 15.3000
         vertex -9.4364 5.1412 15.4864
         vertex -9.1294 4.9613 15.1794
      endloop
   endfacet
   facet normal 0.2823 0.9405 -0.1890
      outer loop
         vertex -9.5794 5.1412 15.3000
         vertex -9.1294 4.9613 15.1794
         vertex -9.2035 4.9613 15.0829
      endloop
   endfacet
   facet normal 0.1367 0.9850 -0.1049
      outer loop
         vertex -8.8000 4.9000 14.8500
         vertex -9.2035 4.9613 15.0829
         vertex -9.1294 4.9613 15.1794
      endloop
   endfacet
   facet normal 0.2645 0.9076 -0.3260
      outer loop
         vertex -9.1294 4.9613 15.1794
         vertex -9.4364 5.1412 15.4864
         vertex -9.2500 5.1412 15.6294
      endloop
   endfacet
   facet normal 0.1890 0.9405 -0.2823
      outer loop
         vertex -9.1294 4.9613 15.1794
         vertex -9.2500 5.1412 15.6294
         vertex -9.0329 4.9613 15.2535
      endloop
   endfacet
   facet normal 0.1049 0.9850 -0.1367
      outer loop
         vertex -8.8000 4.9000 14.8500
         vertex -9.1294 4.9613 15.1794
         vertex -9.0329 4.9613 15.2535
      endloop
   endfacet
   facet normal 0.1095 0.9405 -0.3216
      outer loop
         vertex -9.0329 5.1412 15.7193
         vertex -8.9206 4.9613 15.3000
         vertex -9.0329 4.9613 15.2535
      endloop
   endfacet
   facet normal 0.1711 0.9076 -0.3833
      outer loop
         vertex -9.0329 5.1412 15.7193
         vertex -9.0329 4.9613 15.2535
         vertex -9.2500 5.1412 15.6294
      endloop
   endfacet
   facet normal 0.0660 0.9850 -0.1592
      outer loop
         vertex -8.8000 4.9000 14.8500
         vertex -9.0329 4.9613 15.2535
         vertex -8.9206 4.9613 15.3000
      endloop
   endfacet
   facet normal 0.0660 0.9076 -0.4146
      outer loop
         vertex -8.9206 4.9613 15.3000
         vertex -9.0329 5.1412 15.7193
         vertex -8.8000 5.1412 15.7500
      endloop
   endfacet
   facet normal 0.0225 0.9405 -0.3389
      outer loop
         vertex -8.9206 4.9613 15.3000
         vertex -8.8000 5.1412 15.7500
         vertex -8.8000 4.9613 15.3159
      endloop
   endfacet
   facet normal 0.0225 0.9850 -0.1709
      outer loop
         vertex -8.8000 4.9000 14.8500
         vertex -8.9206 4.9613 15.3000
         vertex -8.8000 4.9613 15.3159
      endloop
   endfacet
   facet normal -0.0660 0.9405 -0.3332
      outer loop
         vertex -8.5671 5.1412 15.7193
         vertex -8.6794 4.9613 15.3000
         vertex -8.8000 4.9613 15.3159
      endloop
   endfacet
   facet normal -0.0435 0.9076 -0.4175
      outer loop
         vertex -8.5671 5.1412 15.7193
         vertex -8.8000 4.9613 15.3159
         vertex -8.8000 5.1412 15.7500
      endloop
   endfacet
   facet normal -0.0225 0.9850 -0.1709
      outer loop
         vertex -8.6794 4.9613 15.3000
         vertex -8.8000 4.9000 14.8500
         vertex -8.8000 4.9613 15.3159
      endloop
   endfacet
   facet normal -0.1796 0.8451 -0.5035
      outer loop
         vertex -8.3500 5.1412 15.6294
         vertex -8.5671 5.1412 15.7193
         vertex -8.4930 5.3608 15.9958
      endloop
   endfacet
   facet normal -0.2146 0.8197 -0.5311
      outer loop
         vertex -8.3500 5.1412 15.6294
         vertex -8.4930 5.3608 15.9958
         vertex -8.3513 5.3700 15.9500
      endloop
   endfacet
   facet normal -0.2635 0.8187 -0.5101
      outer loop
         vertex -8.3500 5.1412 15.6294
         vertex -8.3513 5.3700 15.9500
         vertex -8.2009 5.3700 15.8877
      endloop
   endfacet
   facet normal -0.1501 0.9076 -0.3920
      outer loop
         vertex -8.6794 4.9613 15.3000
         vertex -8.5671 5.1412 15.7193
         vertex -8.3500 5.1412 15.6294
      endloop
   endfacet
   facet normal -0.1500 0.9405 -0.3048
      outer loop
         vertex -8.6794 4.9613 15.3000
         vertex -8.3500 5.1412 15.6294
         vertex -8.5671 4.9613 15.2535
      endloop
   endfacet
   facet normal -0.0660 0.9850 -0.1592
      outer loop
         vertex -8.5671 4.9613 15.2535
         vertex -8.8000 4.9000 14.8500
         vertex -8.6794 4.9613 15.3000
      endloop
   endfacet
   facet normal -0.3462 0.8451 -0.4073
      outer loop
         vertex -7.9527 5.3700 15.6973
         vertex -8.1636 5.1412 15.4864
         vertex -8.3500 5.1412 15.6294
      endloop
   endfacet
   facet normal -0.3299 0.8211 -0.4657
      outer loop
         vertex -7.9527 5.3700 15.6973
         vertex -8.3500 5.1412 15.6294
         vertex -8.2009 5.3700 15.8877
      endloop
   endfacet
   facet normal -0.1890 0.9405 -0.2823
      outer loop
         vertex -8.4706 4.9613 15.1794
         vertex -8.5671 4.9613 15.2535
         vertex -8.3500 5.1412 15.6294
      endloop
   endfacet
   facet normal -0.2645 0.9076 -0.3260
      outer loop
         vertex -8.4706 4.9613 15.1794
         vertex -8.3500 5.1412 15.6294
         vertex -8.1636 5.1412 15.4864
      endloop
   endfacet
   facet normal -0.1049 0.9850 -0.1367
      outer loop
         vertex -8.4706 4.9613 15.1794
         vertex -8.8000 4.9000 14.8500
         vertex -8.5671 4.9613 15.2535
      endloop
   endfacet
   facet normal -0.4392 0.8211 -0.3644
      outer loop
         vertex -8.1636 5.1412 15.4864
         vertex -7.9527 5.3700 15.6973
         vertex -7.7623 5.3700 15.4491
      endloop
   endfacet
   facet normal -0.4399 0.8451 -0.3038
      outer loop
         vertex -8.1636 5.1412 15.4864
         vertex -7.7623 5.3700 15.4491
         vertex -8.0206 5.1412 15.3000
      endloop
   endfacet
   facet normal -0.2823 0.9405 -0.1890
      outer loop
         vertex -8.0206 5.1412 15.3000
         vertex -8.3965 4.9613 15.0829
         vertex -8.4706 4.9613 15.1794
      endloop
   endfacet
   facet normal -0.3260 0.9076 -0.2645
      outer loop
         vertex -8.0206 5.1412 15.3000
         vertex -8.4706 4.9613 15.1794
         vertex -8.1636 5.1412 15.4864
      endloop
   endfacet
   facet normal -0.1367 0.9850 -0.1049
      outer loop
         vertex -8.3965 4.9613 15.0829
         vertex -8.8000 4.9000 14.8500
         vertex -8.4706 4.9613 15.1794
      endloop
   endfacet
   facet normal -0.5035 0.8451 -0.1796
      outer loop
         vertex -7.6426 5.3700 15.1601
         vertex -7.9307 5.1412 15.0829
         vertex -8.0206 5.1412 15.3000
      endloop
   endfacet
   facet normal -0.5186 0.8211 -0.2383
      outer loop
         vertex -7.6426 5.3700 15.1601
         vertex -8.0206 5.1412 15.3000
         vertex -7.7623 5.3700 15.4491
      endloop
   endfacet
   facet normal -0.3216 0.9405 -0.1095
      outer loop
         vertex -7.9307 5.1412 15.0829
         vertex -8.3500 4.9613 14.9706
         vertex -8.3965 4.9613 15.0829
      endloop
   endfacet
   facet normal -0.3833 0.9076 -0.1711
      outer loop
         vertex -7.9307 5.1412 15.0829
         vertex -8.3965 4.9613 15.0829
         vertex -8.0206 5.1412 15.3000
      endloop
   endfacet
   facet normal -0.1592 0.9850 -0.0660
      outer loop
         vertex -8.3500 4.9613 14.9706
         vertex -8.8000 4.9000 14.8500
         vertex -8.3965 4.9613 15.0829
      endloop
   endfacet
   facet normal -0.5626 0.8211 -0.0960
      outer loop
         vertex -7.9307 5.1412 15.0829
         vertex -7.6426 5.3700 15.1601
         vertex -7.6018 5.3700 14.8500
      endloop
   endfacet
   facet normal -0.5328 0.8451 -0.0432
      outer loop
         vertex -7.9307 5.1412 15.0829
         vertex -7.6018 5.3700 14.8500
         vertex -7.9000 5.1412 14.8500
      endloop
   endfacet
   facet normal -0.3389 0.9405 -0.0225
      outer loop
         vertex -7.9000 5.1412 14.8500
         vertex -8.3341 4.9613 14.8500
         vertex -8.3500 4.9613 14.9706
      endloop
   endfacet
   facet normal -0.4146 0.9076 -0.0660
      outer loop
         vertex -7.9000 5.1412 14.8500
         vertex -8.3500 4.9613 14.9706
         vertex -7.9307 5.1412 15.0829
      endloop
   endfacet
   facet normal -0.1709 0.9850 -0.0225
      outer loop
         vertex -8.3500 4.9613 14.9706
         vertex -8.3341 4.9613 14.8500
         vertex -8.8000 4.9000 14.8500
      endloop
   endfacet
   facet normal -0.5626 0.8211 0.0960
      outer loop
         vertex -7.6018 5.3700 14.8500
         vertex -7.6426 5.3700 14.5399
         vertex -7.9307 5.1412 14.6171
      endloop
   endfacet
   facet normal -0.5328 0.8451 0.0432
      outer loop
         vertex -7.6018 5.3700 14.8500
         vertex -7.9307 5.1412 14.6171
         vertex -7.9000 5.1412 14.8500
      endloop
   endfacet
   facet normal -0.4146 0.9076 0.0660
      outer loop
         vertex -7.9000 5.1412 14.8500
         vertex -7.9307 5.1412 14.6171
         vertex -8.3500 4.9613 14.7294
      endloop
   endfacet
   facet normal -0.3389 0.9405 0.0225
      outer loop
         vertex -7.9000 5.1412 14.8500
         vertex -8.3500 4.9613 14.7294
         vertex -8.3341 4.9613 14.8500
      endloop
   endfacet
   facet normal -0.1709 0.9850 0.0225
      outer loop
         vertex -8.3341 4.9613 14.8500
         vertex -8.3500 4.9613 14.7294
         vertex -8.8000 4.9000 14.8500
      endloop
   endfacet
   facet normal -0.5186 0.8211 0.2383
      outer loop
         vertex -7.6426 5.3700 14.5399
         vertex -7.7623 5.3700 14.2509
         vertex -8.0206 5.1412 14.4000
      endloop
   endfacet
   facet normal -0.5035 0.8451 0.1796
      outer loop
         vertex -7.6426 5.3700 14.5399
         vertex -8.0206 5.1412 14.4000
         vertex -7.9307 5.1412 14.6171
      endloop
   endfacet
   facet normal -0.3833 0.9076 0.1711
      outer loop
         vertex -7.9307 5.1412 14.6171
         vertex -8.0206 5.1412 14.4000
         vertex -8.3965 4.9613 14.6171
      endloop
   endfacet
   facet normal -0.3216 0.9405 0.1095
      outer loop
         vertex -7.9307 5.1412 14.6171
         vertex -8.3965 4.9613 14.6171
         vertex -8.3500 4.9613 14.7294
      endloop
   endfacet
   facet normal -0.1592 0.9850 0.0660
      outer loop
         vertex -8.3500 4.9613 14.7294
         vertex -8.3965 4.9613 14.6171
         vertex -8.8000 4.9000 14.8500
      endloop
   endfacet
   facet normal -0.4073 0.8451 0.3462
      outer loop
         vertex -7.9527 5.3700 14.0027
         vertex -8.1636 5.1412 14.2136
         vertex -8.0206 5.1412 14.4000
      endloop
   endfacet
   facet normal -0.4657 0.8211 0.3299
      outer loop
         vertex -7.9527 5.3700 14.0027
         vertex -8.0206 5.1412 14.4000
         vertex -7.7623 5.3700 14.2509
      endloop
   endfacet
   facet normal -0.0000 0.9461 -0.3238
      outer loop
         vertex -10.5200 5.3386 13.5943
         vertex -10.5200 5.3700 13.7500
         vertex -7.4460 5.3386 13.5943
      endloop
   endfacet
   facet normal -0.0000 0.9654 -0.2609
      outer loop
         vertex -7.4460 5.3386 13.5943
         vertex -10.5200 5.3700 13.7500
         vertex -8.8000 5.3543 13.6722
      endloop
   endfacet
   facet normal -0.0000 0.9654 -0.2609
      outer loop
         vertex -7.4460 5.3386 13.5943
         vertex -8.8000 5.3543 13.6722
         vertex -7.4460 5.3700 13.7500
      endloop
   endfacet
   facet normal -0.0000 0.9802 -0.1979
      outer loop
         vertex -7.4460 5.3700 13.7500
         vertex -8.8000 5.3543 13.6722
         vertex -8.4930 5.3608 13.7042
      endloop
   endfacet
   facet normal -0.0000 0.9802 -0.1979
      outer loop
         vertex -7.4460 5.3700 13.7500
         vertex -8.4930 5.3608 13.7042
         vertex -8.3513 5.3700 13.7500
      endloop
   endfacet
   facet normal -0.0000 0.9802 -0.1979
      outer loop
         vertex -9.1070 5.3608 13.7042
         vertex -8.8000 5.3543 13.6722
         vertex -10.5200 5.3700 13.7500
      endloop
   endfacet
   facet normal -0.0000 0.9802 -0.1979
      outer loop
         vertex -9.1070 5.3608 13.7042
         vertex -10.5200 5.3700 13.7500
         vertex -9.2487 5.3700 13.7500
      endloop
   endfacet
   facet normal -0.0000 0.7921 -0.6103
      outer loop
         vertex -7.4460 5.2528 13.4672
         vertex -10.5200 5.2528 13.4672
         vertex -10.5200 5.3386 13.5943
      endloop
   endfacet
   facet normal -0.0000 0.8652 -0.5015
      outer loop
         vertex -7.4460 5.2528 13.4672
         vertex -10.5200 5.3386 13.5943
         vertex -7.4460 5.3386 13.5943
      endloop
   endfacet
   facet normal -0.3260 0.9076 0.2645
      outer loop
         vertex -8.0206 5.1412 14.4000
         vertex -8.1636 5.1412 14.2136
         vertex -8.4706 4.9613 14.5206
      endloop
   endfacet
   facet normal -0.2823 0.9405 0.1890
      outer loop
         vertex -8.0206 5.1412 14.4000
         vertex -8.4706 4.9613 14.5206
         vertex -8.3965 4.9613 14.6171
      endloop
   endfacet
   facet normal -0.1367 0.9850 0.1049
      outer loop
         vertex -8.3965 4.9613 14.6171
         vertex -8.4706 4.9613 14.5206
         vertex -8.8000 4.9000 14.8500
      endloop
   endfacet
   facet normal -0.3644 0.8211 0.4392
      outer loop
         vertex -8.1636 5.1412 14.2136
         vertex -7.9527 5.3700 14.0027
         vertex -8.2009 5.3700 13.8123
      endloop
   endfacet
   facet normal -0.3038 0.8451 0.4399
      outer loop
         vertex -8.1636 5.1412 14.2136
         vertex -8.2009 5.3700 13.8123
         vertex -8.3500 5.1412 14.0706
      endloop
   endfacet
   facet normal -0.0000 0.3238 -0.9461
      outer loop
         vertex -10.5200 5.1257 13.3814
         vertex -7.4838 5.1257 13.3814
         vertex -7.6168 4.9700 13.3500
      endloop
   endfacet
   facet normal -0.0000 0.2609 -0.9654
      outer loop
         vertex -10.5200 5.1257 13.3814
         vertex -7.6168 4.9700 13.3500
         vertex -10.5200 4.9700 13.3500
      endloop
   endfacet
   facet normal -0.1890 0.9405 0.2823
      outer loop
         vertex -8.3500 5.1412 14.0706
         vertex -8.5671 4.9613 14.4465
         vertex -8.4706 4.9613 14.5206
      endloop
   endfacet
   facet normal -0.2645 0.9076 0.3260
      outer loop
         vertex -8.3500 5.1412 14.0706
         vertex -8.4706 4.9613 14.5206
         vertex -8.1636 5.1412 14.2136
      endloop
   endfacet
   facet normal -0.1049 0.9850 0.1367
      outer loop
         vertex -8.5671 4.9613 14.4465
         vertex -8.8000 4.9000 14.8500
         vertex -8.4706 4.9613 14.5206
      endloop
   endfacet
   facet normal -0.2635 0.8187 0.5101
      outer loop
         vertex -8.3500 5.1412 14.0706
         vertex -8.2009 5.3700 13.8123
         vertex -8.3513 5.3700 13.7500
      endloop
   endfacet
   facet normal -0.2146 0.8197 0.5311
      outer loop
         vertex -8.3500 5.1412 14.0706
         vertex -8.3513 5.3700 13.7500
         vertex -8.4930 5.3608 13.7042
      endloop
   endfacet
   facet normal -0.1796 0.8451 0.5035
      outer loop
         vertex -8.3500 5.1412 14.0706
         vertex -8.4930 5.3608 13.7042
         vertex -8.5671 5.1412 13.9807
      endloop
   endfacet
   facet normal -0.1095 0.9405 0.3216
      outer loop
         vertex -8.5671 5.1412 13.9807
         vertex -8.6794 4.9613 14.4000
         vertex -8.5671 4.9613 14.4465
      endloop
   endfacet
   facet normal -0.1711 0.9076 0.3833
      outer loop
         vertex -8.5671 5.1412 13.9807
         vertex -8.5671 4.9613 14.4465
         vertex -8.3500 5.1412 14.0706
      endloop
   endfacet
   facet normal -0.0660 0.9850 0.1592
      outer loop
         vertex -8.6794 4.9613 14.4000
         vertex -8.8000 4.9000 14.8500
         vertex -8.5671 4.9613 14.4465
      endloop
   endfacet
   facet normal -0.0660 0.9076 0.4146
      outer loop
         vertex -8.6794 4.9613 14.4000
         vertex -8.5671 5.1412 13.9807
         vertex -8.8000 5.1412 13.9500
      endloop
   endfacet
   facet normal -0.0225 0.9405 0.3389
      outer loop
         vertex -8.6794 4.9613 14.4000
         vertex -8.8000 5.1412 13.9500
         vertex -8.8000 4.9613 14.3841
      endloop
   endfacet
   facet normal -0.0225 0.9850 0.1709
      outer loop
         vertex -8.6794 4.9613 14.4000
         vertex -8.8000 4.9613 14.3841
         vertex -8.8000 4.9000 14.8500
      endloop
   endfacet
   facet normal 0.4210 0.9071 0.0000
      outer loop
         vertex -7.4460 5.3700 15.9500
         vertex -7.3460 5.3432 15.9500
         vertex -7.3460 5.3432 13.7500
      endloop
   endfacet
   facet normal 0.3399 0.9405 0.0000
      outer loop
         vertex -7.4460 5.3700 15.9500
         vertex -7.3460 5.3432 13.7500
         vertex -7.4460 5.3700 13.7500
      endloop
   endfacet
   facet normal 0.9159 0.4015 0.0000
      outer loop
         vertex -7.2728 5.2700 15.9500
         vertex -7.2485 5.2013 15.9500
         vertex -7.2485 5.2013 13.7500
      endloop
   endfacet
   facet normal 0.8835 0.4685 0.0000
      outer loop
         vertex -7.2728 5.2700 15.9500
         vertex -7.2485 5.2013 13.7500
         vertex -7.2728 5.2700 13.7500
      endloop
   endfacet
   facet normal 0.9877 0.1564 0.0000
      outer loop
         vertex -7.2485 5.2013 13.7500
         vertex -7.2485 5.2013 15.9500
         vertex -7.1400 4.5165 15.9500
      endloop
   endfacet
   facet normal 0.9877 0.1564 0.0000
      outer loop
         vertex -7.2485 5.2013 13.7500
         vertex -7.1400 4.5165 15.9500
         vertex -7.1400 4.5165 13.7500
      endloop
   endfacet
   facet normal 0.3490 -0.9371 0.0000
      outer loop
         vertex -7.3736 4.4295 16.3186
         vertex -7.5224 4.3741 16.3500
         vertex -9.6142 3.5951 16.3500
      endloop
   endfacet
   facet normal 0.3490 -0.9371 0.0000
      outer loop
         vertex -7.3736 4.4295 16.3186
         vertex -9.6142 3.5951 16.3500
         vertex -9.6142 3.5951 13.3500
      endloop
   endfacet
   facet normal 0.3490 -0.9371 0.0000
      outer loop
         vertex -7.3736 4.4295 16.3186
         vertex -9.6142 3.5951 13.3500
         vertex -7.5224 4.3741 13.3500
      endloop
   endfacet
   facet normal 0.3490 -0.9371 0.0000
      outer loop
         vertex -7.3736 4.4295 16.3186
         vertex -7.5224 4.3741 13.3500
         vertex -7.3736 4.4295 13.3814
      endloop
   endfacet
   facet normal 0.3490 -0.9371 0.0000
      outer loop
         vertex -7.3736 4.4295 16.3186
         vertex -7.3736 4.4295 13.3814
         vertex -7.2520 4.4748 13.4672
      endloop
   endfacet
   facet normal 0.3490 -0.9371 0.0000
      outer loop
         vertex -7.3736 4.4295 16.3186
         vertex -7.2520 4.4748 13.4672
         vertex -7.1701 4.5053 13.5943
      endloop
   endfacet
   facet normal 0.3490 -0.9371 0.0000
      outer loop
         vertex -7.3736 4.4295 16.3186
         vertex -7.1701 4.5053 13.5943
         vertex -7.1400 4.5165 13.7500
      endloop
   endfacet
   facet normal 0.3490 -0.9371 0.0000
      outer loop
         vertex -7.3736 4.4295 16.3186
         vertex -7.1400 4.5165 13.7500
         vertex -7.1400 4.5165 15.9500
      endloop
   endfacet
   facet normal 0.3490 -0.9371 0.0000
      outer loop
         vertex -7.3736 4.4295 16.3186
         vertex -7.1400 4.5165 15.9500
         vertex -7.1701 4.5053 16.1057
      endloop
   endfacet
   facet normal 0.3490 -0.9371 0.0000
      outer loop
         vertex -7.3736 4.4295 16.3186
         vertex -7.1701 4.5053 16.1057
         vertex -7.2520 4.4748 16.2328
      endloop
   endfacet
   facet normal 0.1564 -0.9877 0.0000
      outer loop
         vertex -7.4398 5.1710 16.2845
         vertex -7.4403 5.1709 16.2848
         vertex -7.4384 5.1712 16.2836
      endloop
   endfacet
   facet normal 0.1564 -0.9877 0.0000
      outer loop
         vertex -7.4384 5.1712 16.2836
         vertex -7.4403 5.1709 16.2848
         vertex -7.4264 5.1731 16.2753
      endloop
   endfacet
   facet normal 0.1564 -0.9877 0.0000
      outer loop
         vertex -7.4384 5.1712 16.2836
         vertex -7.4264 5.1731 16.2753
         vertex -7.4362 5.1716 16.2822
      endloop
   endfacet
   facet normal 0.1564 -0.9877 0.0000
      outer loop
         vertex -7.4362 5.1716 16.2822
         vertex -7.4264 5.1731 16.2753
         vertex -7.4335 5.1720 16.2805
      endloop
   endfacet
   facet normal 0.1564 -0.9877 0.0000
      outer loop
         vertex -7.4362 5.1716 16.2822
         vertex -7.4335 5.1720 16.2805
         vertex -7.4345 5.1718 16.2812
      endloop
   endfacet
   facet normal 0.1564 -0.9877 0.0000
      outer loop
         vertex -7.4335 5.1720 16.2805
         vertex -7.4264 5.1731 16.2753
         vertex -7.4264 5.1731 16.2763
      endloop
   endfacet
   facet normal 0.1564 -0.9877 0.0000
      outer loop
         vertex -7.4335 5.1720 16.2805
         vertex -7.4264 5.1731 16.2763
         vertex -7.4265 5.1731 16.2764
      endloop
   endfacet
   facet normal 0.1564 -0.9877 0.0000
      outer loop
         vertex -7.4264 5.1731 16.2753
         vertex -7.4403 5.1709 16.2848
         vertex -7.4411 5.1708 16.2853
      endloop
   endfacet
   facet normal 0.1564 -0.9877 0.0000
      outer loop
         vertex -7.4384 5.1712 16.2836
         vertex -7.4362 5.1716 16.2822
         vertex -7.4374 5.1714 16.2830
      endloop
   endfacet
   facet normal 0.1564 -0.9877 0.0000
      outer loop
         vertex -7.4264 5.1731 13.4247
         vertex -7.4411 5.1708 13.4147
         vertex -7.4403 5.1709 13.4152
      endloop
   endfacet
   facet normal 0.1564 -0.9877 0.0000
      outer loop
         vertex -7.4264 5.1731 13.4247
         vertex -7.4403 5.1709 13.4152
         vertex -7.4398 5.1710 13.4155
      endloop
   endfacet
   facet normal 0.1564 -0.9877 0.0000
      outer loop
         vertex -7.4264 5.1731 13.4247
         vertex -7.4398 5.1710 13.4155
         vertex -7.4384 5.1712 13.4164
      endloop
   endfacet
   facet normal 0.1564 -0.9877 0.0000
      outer loop
         vertex -7.4264 5.1731 13.4247
         vertex -7.4384 5.1712 13.4164
         vertex -7.4374 5.1714 13.4170
      endloop
   endfacet
   facet normal 0.1564 -0.9877 0.0000
      outer loop
         vertex -7.4264 5.1731 13.4247
         vertex -7.4374 5.1714 13.4170
         vertex -7.4362 5.1716 13.4178
      endloop
   endfacet
   facet normal 0.1564 -0.9877 0.0000
      outer loop
         vertex -7.4264 5.1731 13.4247
         vertex -7.4362 5.1716 13.4178
         vertex -7.4345 5.1718 13.4188
      endloop
   endfacet
   facet normal 0.1564 -0.9877 0.0000
      outer loop
         vertex -7.4264 5.1731 13.4247
         vertex -7.4345 5.1718 13.4188
         vertex -7.4335 5.1720 13.4195
      endloop
   endfacet
   facet normal 0.1564 -0.9877 0.0000
      outer loop
         vertex -7.4264 5.1731 13.4247
         vertex -7.4335 5.1720 13.4195
         vertex -7.4265 5.1731 13.4236
      endloop
   endfacet
   facet normal 0.1564 -0.9877 0.0000
      outer loop
         vertex -7.4264 5.1731 13.4247
         vertex -7.4265 5.1731 13.4236
         vertex -7.4264 5.1731 13.4237
      endloop
   endfacet
   facet normal 0.4396 0.8324 -0.3374
      outer loop
         vertex -7.3460 5.3432 13.7500
         vertex -7.3617 5.3160 13.5943
         vertex -7.4460 5.3386 13.5943
      endloop
   endfacet
   facet normal 0.3574 0.8973 -0.2590
      outer loop
         vertex -7.3460 5.3432 13.7500
         vertex -7.4460 5.3386 13.5943
         vertex -7.4460 5.3700 13.7500
      endloop
   endfacet
   facet normal 0.4390 0.4301 -0.7888
      outer loop
         vertex -7.4046 5.2417 13.4672
         vertex -7.4364 5.1867 13.4243
         vertex -7.4443 5.1729 13.4136
      endloop
   endfacet
   facet normal 0.5009 0.3868 -0.7742
      outer loop
         vertex -7.4046 5.2417 13.4672
         vertex -7.4443 5.1729 13.4136
         vertex -7.4460 5.1700 13.4113
      endloop
   endfacet
   facet normal 0.3844 0.5325 -0.7541
      outer loop
         vertex -7.4046 5.2417 13.4672
         vertex -7.4460 5.1700 13.4113
         vertex -7.4460 5.2528 13.4672
      endloop
   endfacet
   facet normal 0.3606 0.6855 -0.6325
      outer loop
         vertex -7.3617 5.3160 13.5943
         vertex -7.4046 5.2417 13.4672
         vertex -7.4460 5.2528 13.4672
      endloop
   endfacet
   facet normal 0.3127 0.8009 -0.5106
      outer loop
         vertex -7.3617 5.3160 13.5943
         vertex -7.4460 5.2528 13.4672
         vertex -7.4460 5.3386 13.5943
      endloop
   endfacet
   facet normal 0.4390 0.4301 0.7888
      outer loop
         vertex -7.4443 5.1729 16.2864
         vertex -7.4364 5.1867 16.2757
         vertex -7.4046 5.2417 16.2328
      endloop
   endfacet
   facet normal 0.3736 0.5358 0.7572
      outer loop
         vertex -7.4443 5.1729 16.2864
         vertex -7.4046 5.2417 16.2328
         vertex -7.4460 5.2528 16.2328
      endloop
   endfacet
   facet normal 0.4409 0.4461 0.7788
      outer loop
         vertex -7.4443 5.1729 16.2864
         vertex -7.4460 5.2528 16.2328
         vertex -7.4460 5.1700 16.2887
      endloop
   endfacet
   facet normal 0.6411 0.1771 -0.7468
      outer loop
         vertex -7.4435 5.1703 13.4130
         vertex -7.4449 5.1700 13.4120
         vertex -7.4437 5.1719 13.4136
      endloop
   endfacet
   facet normal 0.5939 0.2256 -0.7722
      outer loop
         vertex -7.4435 5.1703 13.4130
         vertex -7.4437 5.1719 13.4136
         vertex -7.4430 5.1710 13.4136
      endloop
   endfacet
   facet normal 0.4902 0.3301 -0.8067
      outer loop
         vertex -7.4337 5.1834 13.4243
         vertex -7.4430 5.1710 13.4136
         vertex -7.4350 5.1850 13.4243
      endloop
   endfacet
   facet normal 0.4736 0.4322 -0.7674
      outer loop
         vertex -7.4046 5.2417 13.4672
         vertex -7.3719 5.2075 13.4672
         vertex -7.4310 5.1801 13.4243
      endloop
   endfacet
   facet normal 0.5002 0.5763 -0.6463
      outer loop
         vertex -7.4046 5.2417 13.4672
         vertex -7.3617 5.3160 13.5943
         vertex -7.3719 5.2075 13.4672
      endloop
   endfacet
   facet normal 0.4311 0.4267 -0.7950
      outer loop
         vertex -7.4046 5.2417 13.4672
         vertex -7.4310 5.1801 13.4243
         vertex -7.4323 5.1818 13.4243
      endloop
   endfacet
   facet normal 0.4362 0.4255 -0.7929
      outer loop
         vertex -7.4046 5.2417 13.4672
         vertex -7.4323 5.1818 13.4243
         vertex -7.4337 5.1834 13.4243
      endloop
   endfacet
   facet normal 0.4376 0.4266 -0.7915
      outer loop
         vertex -7.4046 5.2417 13.4672
         vertex -7.4337 5.1834 13.4243
         vertex -7.4350 5.1850 13.4243
      endloop
   endfacet
   facet normal 0.4148 0.4449 -0.7937
      outer loop
         vertex -7.4046 5.2417 13.4672
         vertex -7.4350 5.1850 13.4243
         vertex -7.4364 5.1867 13.4243
      endloop
   endfacet
   facet normal 0.4723 0.3499 -0.8090
      outer loop
         vertex -7.4350 5.1850 13.4243
         vertex -7.4437 5.1719 13.4136
         vertex -7.4364 5.1867 13.4243
      endloop
   endfacet
   facet normal 0.5227 0.3024 -0.7971
      outer loop
         vertex -7.4350 5.1850 13.4243
         vertex -7.4430 5.1710 13.4136
         vertex -7.4437 5.1719 13.4136
      endloop
   endfacet
   facet normal 0.4965 0.3317 -0.8021
      outer loop
         vertex -7.4364 5.1867 13.4243
         vertex -7.4437 5.1719 13.4136
         vertex -7.4443 5.1729 13.4136
      endloop
   endfacet
   facet normal 0.6360 0.1992 -0.7456
      outer loop
         vertex -7.4460 5.1699 13.4113
         vertex -7.4460 5.1700 13.4114
         vertex -7.4449 5.1701 13.4120
      endloop
   endfacet
   facet normal 0.6502 0.1861 -0.7366
      outer loop
         vertex -7.4449 5.1701 13.4120
         vertex -7.4460 5.1700 13.4114
         vertex -7.4443 5.1729 13.4136
      endloop
   endfacet
   facet normal 0.5980 0.2358 -0.7660
      outer loop
         vertex -7.4449 5.1701 13.4120
         vertex -7.4443 5.1729 13.4136
         vertex -7.4437 5.1719 13.4136
      endloop
   endfacet
   facet normal 0.6478 0.1775 -0.7409
      outer loop
         vertex -7.4437 5.1719 13.4136
         vertex -7.4449 5.1700 13.4120
         vertex -7.4449 5.1701 13.4120
      endloop
   endfacet
   facet normal 0.6123 0.2324 -0.7557
      outer loop
         vertex -7.4460 5.1700 13.4113
         vertex -7.4443 5.1729 13.4136
         vertex -7.4460 5.1700 13.4114
      endloop
   endfacet
   facet normal 0.4622 0.3470 -0.8161
      outer loop
         vertex -7.4398 5.1710 13.4155
         vertex -7.4403 5.1709 13.4152
         vertex -7.4323 5.1818 13.4243
      endloop
   endfacet
   facet normal 0.4554 0.3528 -0.8174
      outer loop
         vertex -7.4398 5.1710 13.4155
         vertex -7.4323 5.1818 13.4243
         vertex -7.4310 5.1801 13.4243
      endloop
   endfacet
   facet normal 0.4651 0.3492 -0.8135
      outer loop
         vertex -7.4418 5.1706 13.4142
         vertex -7.4420 5.1706 13.4140
         vertex -7.4337 5.1834 13.4243
      endloop
   endfacet
   facet normal 0.4614 0.3523 -0.8142
      outer loop
         vertex -7.4418 5.1706 13.4142
         vertex -7.4337 5.1834 13.4243
         vertex -7.4323 5.1818 13.4243
      endloop
   endfacet
   facet normal 0.4704 0.3414 -0.8137
      outer loop
         vertex -7.4411 5.1708 13.4147
         vertex -7.4418 5.1706 13.4142
         vertex -7.4323 5.1818 13.4243
      endloop
   endfacet
   facet normal 0.4700 0.3411 -0.8141
      outer loop
         vertex -7.4411 5.1708 13.4147
         vertex -7.4323 5.1818 13.4243
         vertex -7.4403 5.1709 13.4152
      endloop
   endfacet
   facet normal 0.4991 0.3189 -0.8057
      outer loop
         vertex -7.4426 5.1704 13.4136
         vertex -7.4430 5.1710 13.4136
         vertex -7.4337 5.1834 13.4243
      endloop
   endfacet
   facet normal 0.4726 0.3430 -0.8118
      outer loop
         vertex -7.4426 5.1704 13.4136
         vertex -7.4337 5.1834 13.4243
         vertex -7.4420 5.1706 13.4140
      endloop
   endfacet
   facet normal 0.5711 0.2439 -0.7838
      outer loop
         vertex -7.4426 5.1704 13.4136
         vertex -7.4435 5.1702 13.4130
         vertex -7.4430 5.1710 13.4136
      endloop
   endfacet
   facet normal 0.6313 0.1760 -0.7553
      outer loop
         vertex -7.4430 5.1710 13.4136
         vertex -7.4435 5.1702 13.4130
         vertex -7.4435 5.1703 13.4130
      endloop
   endfacet
   facet normal 0.4544 0.3283 -0.8281
      outer loop
         vertex -7.4256 5.1736 13.4243
         vertex -7.4264 5.1731 13.4237
         vertex -7.4265 5.1731 13.4236
      endloop
   endfacet
   facet normal 0.5571 0.2417 -0.7945
      outer loop
         vertex -7.3719 5.2075 13.4672
         vertex -7.3988 5.1905 13.4457
         vertex -7.4122 5.1820 13.4350
      endloop
   endfacet
   facet normal 0.5260 0.2958 -0.7974
      outer loop
         vertex -7.3719 5.2075 13.4672
         vertex -7.4122 5.1820 13.4350
         vertex -7.4256 5.1736 13.4243
      endloop
   endfacet
   facet normal 0.4924 0.3522 -0.7959
      outer loop
         vertex -7.3719 5.2075 13.4672
         vertex -7.4256 5.1736 13.4243
         vertex -7.4283 5.1768 13.4243
      endloop
   endfacet
   facet normal 0.4932 0.3547 -0.7943
      outer loop
         vertex -7.3719 5.2075 13.4672
         vertex -7.4283 5.1768 13.4243
         vertex -7.4297 5.1785 13.4243
      endloop
   endfacet
   facet normal 0.4927 0.3594 -0.7925
      outer loop
         vertex -7.3719 5.2075 13.4672
         vertex -7.4297 5.1785 13.4243
         vertex -7.4310 5.1801 13.4243
      endloop
   endfacet
   facet normal 0.6276 0.6990 -0.3428
      outer loop
         vertex -7.3460 5.3432 13.7500
         vertex -7.2994 5.2532 13.5943
         vertex -7.3617 5.3160 13.5943
      endloop
   endfacet
   facet normal 0.6411 0.1771 0.7468
      outer loop
         vertex -7.4437 5.1719 16.2864
         vertex -7.4449 5.1700 16.2880
         vertex -7.4435 5.1703 16.2870
      endloop
   endfacet
   facet normal 0.5939 0.2256 0.7722
      outer loop
         vertex -7.4437 5.1719 16.2864
         vertex -7.4435 5.1703 16.2870
         vertex -7.4430 5.1710 16.2864
      endloop
   endfacet
   facet normal 0.4902 0.3301 0.8067
      outer loop
         vertex -7.4337 5.1834 16.2757
         vertex -7.4350 5.1850 16.2757
         vertex -7.4430 5.1710 16.2864
      endloop
   endfacet
   facet normal 0.4736 0.4322 0.7674
      outer loop
         vertex -7.4046 5.2417 16.2328
         vertex -7.4310 5.1801 16.2757
         vertex -7.3719 5.2075 16.2328
      endloop
   endfacet
   facet normal 0.5002 0.5763 0.6463
      outer loop
         vertex -7.3719 5.2075 16.2328
         vertex -7.3617 5.3160 16.1057
         vertex -7.4046 5.2417 16.2328
      endloop
   endfacet
   facet normal 0.4148 0.4449 0.7937
      outer loop
         vertex -7.4046 5.2417 16.2328
         vertex -7.4364 5.1867 16.2757
         vertex -7.4350 5.1850 16.2757
      endloop
   endfacet
   facet normal 0.4376 0.4266 0.7915
      outer loop
         vertex -7.4046 5.2417 16.2328
         vertex -7.4350 5.1850 16.2757
         vertex -7.4337 5.1834 16.2757
      endloop
   endfacet
   facet normal 0.4362 0.4255 0.7929
      outer loop
         vertex -7.4046 5.2417 16.2328
         vertex -7.4337 5.1834 16.2757
         vertex -7.4323 5.1818 16.2757
      endloop
   endfacet
   facet normal 0.4311 0.4267 0.7950
      outer loop
         vertex -7.4046 5.2417 16.2328
         vertex -7.4323 5.1818 16.2757
         vertex -7.4310 5.1801 16.2757
      endloop
   endfacet
   facet normal 0.4723 0.3499 0.8090
      outer loop
         vertex -7.4350 5.1850 16.2757
         vertex -7.4364 5.1867 16.2757
         vertex -7.4437 5.1719 16.2864
      endloop
   endfacet
   facet normal 0.5227 0.3024 0.7971
      outer loop
         vertex -7.4350 5.1850 16.2757
         vertex -7.4437 5.1719 16.2864
         vertex -7.4430 5.1710 16.2864
      endloop
   endfacet
   facet normal 0.4965 0.3317 0.8021
      outer loop
         vertex -7.4364 5.1867 16.2757
         vertex -7.4443 5.1729 16.2864
         vertex -7.4437 5.1719 16.2864
      endloop
   endfacet
   facet normal 0.5980 0.2358 0.7660
      outer loop
         vertex -7.4449 5.1701 16.2880
         vertex -7.4437 5.1719 16.2864
         vertex -7.4443 5.1729 16.2864
      endloop
   endfacet
   facet normal 0.6502 0.1861 0.7366
      outer loop
         vertex -7.4449 5.1701 16.2880
         vertex -7.4443 5.1729 16.2864
         vertex -7.4460 5.1700 16.2886
      endloop
   endfacet
   facet normal 0.7023 0.1272 0.7004
      outer loop
         vertex -7.4449 5.1701 16.2880
         vertex -7.4460 5.1700 16.2886
         vertex -7.4460 5.1699 16.2887
      endloop
   endfacet
   facet normal 0.6360 0.1992 0.7456
      outer loop
         vertex -7.4449 5.1701 16.2880
         vertex -7.4460 5.1699 16.2887
         vertex -7.4460 5.1699 16.2887
      endloop
   endfacet
   facet normal 0.6478 0.1775 0.7409
      outer loop
         vertex -7.4437 5.1719 16.2864
         vertex -7.4449 5.1701 16.2880
         vertex -7.4449 5.1700 16.2880
      endloop
   endfacet
   facet normal 0.6123 0.2324 0.7557
      outer loop
         vertex -7.4460 5.1700 16.2887
         vertex -7.4460 5.1700 16.2886
         vertex -7.4443 5.1729 16.2864
      endloop
   endfacet
   facet normal 0.4622 0.3470 0.8161
      outer loop
         vertex -7.4323 5.1818 16.2757
         vertex -7.4403 5.1709 16.2848
         vertex -7.4398 5.1710 16.2845
      endloop
   endfacet
   facet normal 0.4554 0.3528 0.8174
      outer loop
         vertex -7.4323 5.1818 16.2757
         vertex -7.4398 5.1710 16.2845
         vertex -7.4310 5.1801 16.2757
      endloop
   endfacet
   facet normal 0.4651 0.3492 0.8135
      outer loop
         vertex -7.4337 5.1834 16.2757
         vertex -7.4420 5.1706 16.2860
         vertex -7.4418 5.1706 16.2858
      endloop
   endfacet
   facet normal 0.4614 0.3523 0.8142
      outer loop
         vertex -7.4337 5.1834 16.2757
         vertex -7.4418 5.1706 16.2858
         vertex -7.4323 5.1818 16.2757
      endloop
   endfacet
   facet normal 0.4704 0.3414 0.8137
      outer loop
         vertex -7.4323 5.1818 16.2757
         vertex -7.4418 5.1706 16.2858
         vertex -7.4411 5.1708 16.2853
      endloop
   endfacet
   facet normal 0.4700 0.3411 0.8141
      outer loop
         vertex -7.4323 5.1818 16.2757
         vertex -7.4411 5.1708 16.2853
         vertex -7.4403 5.1709 16.2848
      endloop
   endfacet
   facet normal 0.4991 0.3189 0.8057
      outer loop
         vertex -7.4337 5.1834 16.2757
         vertex -7.4430 5.1710 16.2864
         vertex -7.4426 5.1704 16.2864
      endloop
   endfacet
   facet normal 0.4726 0.3430 0.8118
      outer loop
         vertex -7.4337 5.1834 16.2757
         vertex -7.4426 5.1704 16.2864
         vertex -7.4420 5.1706 16.2860
      endloop
   endfacet
   facet normal 0.5711 0.2439 0.7838
      outer loop
         vertex -7.4426 5.1704 16.2864
         vertex -7.4430 5.1710 16.2864
         vertex -7.4435 5.1702 16.2870
      endloop
   endfacet
   facet normal 0.6313 0.1760 0.7553
      outer loop
         vertex -7.4430 5.1710 16.2864
         vertex -7.4435 5.1703 16.2870
         vertex -7.4435 5.1702 16.2870
      endloop
   endfacet
   facet normal 0.4544 0.3283 0.8281
      outer loop
         vertex -7.4256 5.1736 16.2757
         vertex -7.4265 5.1731 16.2764
         vertex -7.4264 5.1731 16.2763
      endloop
   endfacet
   facet normal 0.4927 0.3594 0.7925
      outer loop
         vertex -7.3719 5.2075 16.2328
         vertex -7.4310 5.1801 16.2757
         vertex -7.4297 5.1785 16.2757
      endloop
   endfacet
   facet normal 0.4932 0.3547 0.7943
      outer loop
         vertex -7.3719 5.2075 16.2328
         vertex -7.4297 5.1785 16.2757
         vertex -7.4283 5.1768 16.2757
      endloop
   endfacet
   facet normal 0.4924 0.3522 0.7959
      outer loop
         vertex -7.3719 5.2075 16.2328
         vertex -7.4283 5.1768 16.2757
         vertex -7.4256 5.1736 16.2757
      endloop
   endfacet
   facet normal 0.5260 0.2958 0.7974
      outer loop
         vertex -7.3719 5.2075 16.2328
         vertex -7.4256 5.1736 16.2757
         vertex -7.4122 5.1820 16.2650
      endloop
   endfacet
   facet normal 0.5571 0.2417 0.7945
      outer loop
         vertex -7.3719 5.2075 16.2328
         vertex -7.4122 5.1820 16.2650
         vertex -7.3988 5.1905 16.2543
      endloop
   endfacet
   facet normal 0.6407 0.5553 0.5302
      outer loop
         vertex -7.2994 5.2532 16.1057
         vertex -7.3617 5.3160 16.1057
         vertex -7.3719 5.2075 16.2328
      endloop
   endfacet
   facet normal 0.4548 0.3416 0.8224
      outer loop
         vertex -7.4297 5.1785 16.2757
         vertex -7.4362 5.1716 16.2822
         vertex -7.4345 5.1718 16.2812
      endloop
   endfacet
   facet normal 0.4507 0.3443 0.8236
      outer loop
         vertex -7.4297 5.1785 16.2757
         vertex -7.4345 5.1718 16.2812
         vertex -7.4283 5.1768 16.2757
      endloop
   endfacet
   facet normal 0.4513 0.3391 0.8255
      outer loop
         vertex -7.4283 5.1768 16.2757
         vertex -7.4335 5.1720 16.2805
         vertex -7.4265 5.1731 16.2764
      endloop
   endfacet
   facet normal 0.4481 0.3405 0.8266
      outer loop
         vertex -7.4283 5.1768 16.2757
         vertex -7.4265 5.1731 16.2764
         vertex -7.4256 5.1736 16.2757
      endloop
   endfacet
   facet normal 0.4530 0.3403 0.8240
      outer loop
         vertex -7.4283 5.1768 16.2757
         vertex -7.4345 5.1718 16.2812
         vertex -7.4335 5.1720 16.2805
      endloop
   endfacet
   facet normal 0.4558 0.3473 0.8195
      outer loop
         vertex -7.4310 5.1801 16.2757
         vertex -7.4384 5.1712 16.2836
         vertex -7.4374 5.1714 16.2830
      endloop
   endfacet
   facet normal 0.4513 0.3497 0.8210
      outer loop
         vertex -7.4310 5.1801 16.2757
         vertex -7.4374 5.1714 16.2830
         vertex -7.4297 5.1785 16.2757
      endloop
   endfacet
   facet normal 0.4559 0.3424 0.8215
      outer loop
         vertex -7.4297 5.1785 16.2757
         vertex -7.4374 5.1714 16.2830
         vertex -7.4362 5.1716 16.2822
      endloop
   endfacet
   facet normal 0.4569 0.3481 0.8186
      outer loop
         vertex -7.4310 5.1801 16.2757
         vertex -7.4398 5.1710 16.2845
         vertex -7.4384 5.1712 16.2836
      endloop
   endfacet
   facet normal 0.6407 0.5553 -0.5302
      outer loop
         vertex -7.2994 5.2532 13.5943
         vertex -7.3719 5.2075 13.4672
         vertex -7.3617 5.3160 13.5943
      endloop
   endfacet
   facet normal 0.7560 0.5979 -0.2666
      outer loop
         vertex -7.2728 5.2700 13.7500
         vertex -7.2994 5.2532 13.5943
         vertex -7.3460 5.3432 13.7500
      endloop
   endfacet
   facet normal 0.4548 0.3416 -0.8224
      outer loop
         vertex -7.4345 5.1718 13.4188
         vertex -7.4362 5.1716 13.4178
         vertex -7.4297 5.1785 13.4243
      endloop
   endfacet
   facet normal 0.4507 0.3443 -0.8236
      outer loop
         vertex -7.4345 5.1718 13.4188
         vertex -7.4297 5.1785 13.4243
         vertex -7.4283 5.1768 13.4243
      endloop
   endfacet
   facet normal 0.4513 0.3391 -0.8255
      outer loop
         vertex -7.4265 5.1731 13.4236
         vertex -7.4335 5.1720 13.4195
         vertex -7.4283 5.1768 13.4243
      endloop
   endfacet
   facet normal 0.4481 0.3405 -0.8266
      outer loop
         vertex -7.4265 5.1731 13.4236
         vertex -7.4283 5.1768 13.4243
         vertex -7.4256 5.1736 13.4243
      endloop
   endfacet
   facet normal 0.4530 0.3403 -0.8240
      outer loop
         vertex -7.4283 5.1768 13.4243
         vertex -7.4335 5.1720 13.4195
         vertex -7.4345 5.1718 13.4188
      endloop
   endfacet
   facet normal 0.4558 0.3473 -0.8195
      outer loop
         vertex -7.4374 5.1714 13.4170
         vertex -7.4384 5.1712 13.4164
         vertex -7.4310 5.1801 13.4243
      endloop
   endfacet
   facet normal 0.4513 0.3497 -0.8210
      outer loop
         vertex -7.4374 5.1714 13.4170
         vertex -7.4310 5.1801 13.4243
         vertex -7.4297 5.1785 13.4243
      endloop
   endfacet
   facet normal 0.4559 0.3424 -0.8215
      outer loop
         vertex -7.4297 5.1785 13.4243
         vertex -7.4362 5.1716 13.4178
         vertex -7.4374 5.1714 13.4170
      endloop
   endfacet
   facet normal 0.4569 0.3481 -0.8186
      outer loop
         vertex -7.4310 5.1801 13.4243
         vertex -7.4384 5.1712 13.4164
         vertex -7.4398 5.1710 13.4155
      endloop
   endfacet
   facet normal 0.6812 -0.4123 -0.6049
      outer loop
         vertex -7.4120 5.1804 13.4350
         vertex -7.4254 5.1737 13.4247
         vertex -7.4249 5.1740 13.4251
      endloop
   endfacet
   facet normal 0.6735 -0.2416 -0.6986
      outer loop
         vertex -7.4120 5.1804 13.4350
         vertex -7.4249 5.1740 13.4251
         vertex -7.4121 5.1812 13.4350
      endloop
   endfacet
   facet normal 0.6059 -0.0052 -0.7955
      outer loop
         vertex -7.3980 5.1874 13.4457
         vertex -7.4119 5.1796 13.4350
         vertex -7.4120 5.1804 13.4350
      endloop
   endfacet
   facet normal 0.5775 -0.0845 -0.8120
      outer loop
         vertex -7.4113 5.1755 13.4350
         vertex -7.4264 5.1731 13.4247
         vertex -7.4263 5.1732 13.4248
      endloop
   endfacet
   facet normal 0.5835 -0.1446 -0.7992
      outer loop
         vertex -7.4113 5.1755 13.4350
         vertex -7.4263 5.1732 13.4248
         vertex -7.4114 5.1763 13.4350
      endloop
   endfacet
   facet normal 0.5899 0.2296 -0.7741
      outer loop
         vertex -7.3700 5.2014 13.4672
         vertex -7.3980 5.1874 13.4457
         vertex -7.3719 5.2075 13.4672
      endloop
   endfacet
   facet normal 0.8051 0.3464 -0.4814
      outer loop
         vertex -7.2795 5.1964 13.5943
         vertex -7.3642 5.1830 13.4672
         vertex -7.2994 5.2532 13.5943
      endloop
   endfacet
   facet normal 0.8539 0.4233 -0.3028
      outer loop
         vertex -7.2728 5.2700 13.7500
         vertex -7.2795 5.1964 13.5943
         vertex -7.2994 5.2532 13.5943
      endloop
   endfacet
   facet normal 0.6059 -0.0052 0.7955
      outer loop
         vertex -7.3980 5.1874 16.2543
         vertex -7.4120 5.1804 16.2650
         vertex -7.4119 5.1796 16.2650
      endloop
   endfacet
   facet normal 0.6812 -0.4123 0.6049
      outer loop
         vertex -7.4249 5.1740 16.2749
         vertex -7.4254 5.1737 16.2753
         vertex -7.4120 5.1804 16.2650
      endloop
   endfacet
   facet normal 0.6735 -0.2416 0.6986
      outer loop
         vertex -7.4249 5.1740 16.2749
         vertex -7.4120 5.1804 16.2650
         vertex -7.4121 5.1812 16.2650
      endloop
   endfacet
   facet normal 0.5775 -0.0845 0.8120
      outer loop
         vertex -7.4263 5.1732 16.2752
         vertex -7.4264 5.1731 16.2753
         vertex -7.4113 5.1755 16.2650
      endloop
   endfacet
   facet normal 0.5835 -0.1446 0.7992
      outer loop
         vertex -7.4263 5.1732 16.2752
         vertex -7.4113 5.1755 16.2650
         vertex -7.4114 5.1763 16.2650
      endloop
   endfacet
   facet normal 0.5863 0.0667 0.8073
      outer loop
         vertex -7.3980 5.1874 16.2543
         vertex -7.3984 5.1890 16.2543
         vertex -7.4120 5.1804 16.2650
      endloop
   endfacet
   facet normal 0.6778 0.3553 0.6437
      outer loop
         vertex -7.2994 5.2532 16.1057
         vertex -7.3719 5.2075 16.2328
         vertex -7.3700 5.2014 16.2328
      endloop
   endfacet
   facet normal 0.6914 0.2940 0.6599
      outer loop
         vertex -7.2994 5.2532 16.1057
         vertex -7.3700 5.2014 16.2328
         vertex -7.3680 5.1952 16.2328
      endloop
   endfacet
   facet normal 0.7101 0.3023 0.6359
      outer loop
         vertex -7.2994 5.2532 16.1057
         vertex -7.3680 5.1952 16.2328
         vertex -7.3642 5.1830 16.2328
      endloop
   endfacet
   facet normal 0.8990 0.3676 0.2379
      outer loop
         vertex -7.2728 5.2700 15.9500
         vertex -7.2795 5.1964 16.1057
         vertex -7.2485 5.2013 15.9500
      endloop
   endfacet
   facet normal 0.5899 0.2296 0.7741
      outer loop
         vertex -7.3719 5.2075 16.2328
         vertex -7.3980 5.1874 16.2543
         vertex -7.3700 5.2014 16.2328
      endloop
   endfacet
   facet normal 0.5656 0.2252 0.7933
      outer loop
         vertex -7.3719 5.2075 16.2328
         vertex -7.3988 5.1905 16.2543
         vertex -7.3984 5.1890 16.2543
      endloop
   endfacet
   facet normal 0.5725 0.2098 0.7926
      outer loop
         vertex -7.3719 5.2075 16.2328
         vertex -7.3984 5.1890 16.2543
         vertex -7.3980 5.1874 16.2543
      endloop
   endfacet
   facet normal 0.8539 0.4233 0.3028
      outer loop
         vertex -7.2795 5.1964 16.1057
         vertex -7.2728 5.2700 15.9500
         vertex -7.2994 5.2532 16.1057
      endloop
   endfacet
   facet normal 0.8051 0.3464 0.4814
      outer loop
         vertex -7.2994 5.2532 16.1057
         vertex -7.3642 5.1830 16.2328
         vertex -7.2795 5.1964 16.1057
      endloop
   endfacet
   facet normal 0.5836 0.0836 0.8077
      outer loop
         vertex -7.3984 5.1890 16.2543
         vertex -7.3988 5.1905 16.2543
         vertex -7.4121 5.1812 16.2650
      endloop
   endfacet
   facet normal 0.6145 -0.0074 0.7889
      outer loop
         vertex -7.3984 5.1890 16.2543
         vertex -7.4121 5.1812 16.2650
         vertex -7.4120 5.1804 16.2650
      endloop
   endfacet
   facet normal 0.5762 0.1008 0.8110
      outer loop
         vertex -7.3988 5.1905 16.2543
         vertex -7.4122 5.1820 16.2650
         vertex -7.4121 5.1812 16.2650
      endloop
   endfacet
   facet normal 0.6243 -0.3870 0.6785
      outer loop
         vertex -7.4258 5.1735 16.2752
         vertex -7.4259 5.1734 16.2753
         vertex -7.4116 5.1780 16.2650
      endloop
   endfacet
   facet normal 0.6272 -0.2335 0.7430
      outer loop
         vertex -7.4258 5.1735 16.2752
         vertex -7.4116 5.1780 16.2650
         vertex -7.4117 5.1788 16.2650
      endloop
   endfacet
   facet normal 0.5990 -0.3698 0.7103
      outer loop
         vertex -7.4260 5.1733 16.2753
         vertex -7.4261 5.1733 16.2752
         vertex -7.4115 5.1771 16.2650
      endloop
   endfacet
   facet normal 0.6062 -0.3752 0.7013
      outer loop
         vertex -7.4259 5.1734 16.2752
         vertex -7.4260 5.1733 16.2753
         vertex -7.4115 5.1771 16.2650
      endloop
   endfacet
   facet normal 0.6121 -0.2278 0.7572
      outer loop
         vertex -7.4259 5.1734 16.2752
         vertex -7.4115 5.1771 16.2650
         vertex -7.4116 5.1780 16.2650
      endloop
   endfacet
   facet normal 0.6169 -0.3822 0.6880
      outer loop
         vertex -7.4259 5.1734 16.2753
         vertex -7.4259 5.1734 16.2752
         vertex -7.4116 5.1780 16.2650
      endloop
   endfacet
   facet normal 0.5818 -0.3562 0.7312
      outer loop
         vertex -7.4262 5.1732 16.2753
         vertex -7.4263 5.1732 16.2752
         vertex -7.4114 5.1763 16.2650
      endloop
   endfacet
   facet normal 0.5887 -0.3621 0.7227
      outer loop
         vertex -7.4261 5.1733 16.2752
         vertex -7.4262 5.1732 16.2753
         vertex -7.4114 5.1763 16.2650
      endloop
   endfacet
   facet normal 0.5975 -0.2210 0.7708
      outer loop
         vertex -7.4261 5.1733 16.2752
         vertex -7.4114 5.1763 16.2650
         vertex -7.4115 5.1771 16.2650
      endloop
   endfacet
   facet normal 0.6543 -0.4026 0.6402
      outer loop
         vertex -7.4256 5.1736 16.2753
         vertex -7.4256 5.1736 16.2752
         vertex -7.4119 5.1796 16.2650
      endloop
   endfacet
   facet normal 0.6620 -0.4059 0.6301
      outer loop
         vertex -7.4253 5.1738 16.2751
         vertex -7.4256 5.1736 16.2753
         vertex -7.4119 5.1796 16.2650
      endloop
   endfacet
   facet normal 0.6580 -0.2405 0.7136
      outer loop
         vertex -7.4253 5.1738 16.2751
         vertex -7.4119 5.1796 16.2650
         vertex -7.4120 5.1804 16.2650
      endloop
   endfacet
   facet normal 0.6734 -0.4100 0.6152
      outer loop
         vertex -7.4254 5.1737 16.2753
         vertex -7.4253 5.1738 16.2751
         vertex -7.4120 5.1804 16.2650
      endloop
   endfacet
   facet normal 0.6430 -0.3974 0.6547
      outer loop
         vertex -7.4256 5.1736 16.2752
         vertex -7.4257 5.1735 16.2753
         vertex -7.4117 5.1788 16.2650
      endloop
   endfacet
   facet normal 0.6426 -0.2378 0.7284
      outer loop
         vertex -7.4256 5.1736 16.2752
         vertex -7.4117 5.1788 16.2650
         vertex -7.4119 5.1796 16.2650
      endloop
   endfacet
   facet normal 0.6354 -0.3933 0.6646
      outer loop
         vertex -7.4257 5.1735 16.2753
         vertex -7.4258 5.1735 16.2752
         vertex -7.4117 5.1788 16.2650
      endloop
   endfacet
   facet normal 0.5662 0.0642 0.8218
      outer loop
         vertex -7.3964 5.1811 16.2543
         vertex -7.3968 5.1827 16.2543
         vertex -7.4115 5.1771 16.2650
      endloop
   endfacet
   facet normal 0.5793 0.1496 0.8013
      outer loop
         vertex -7.3700 5.2014 16.2328
         vertex -7.3980 5.1874 16.2543
         vertex -7.3976 5.1858 16.2543
      endloop
   endfacet
   facet normal 0.5778 0.1492 0.8024
      outer loop
         vertex -7.3700 5.2014 16.2328
         vertex -7.3976 5.1858 16.2543
         vertex -7.3972 5.1843 16.2543
      endloop
   endfacet
   facet normal 0.5754 -0.0047 0.8179
      outer loop
         vertex -7.3964 5.1811 16.2543
         vertex -7.4115 5.1771 16.2650
         vertex -7.4114 5.1763 16.2650
      endloop
   endfacet
   facet normal 0.5619 0.0502 0.8257
      outer loop
         vertex -7.3960 5.1796 16.2543
         vertex -7.4114 5.1763 16.2650
         vertex -7.4113 5.1755 16.2650
      endloop
   endfacet
   facet normal 0.5612 0.0625 0.8253
      outer loop
         vertex -7.3960 5.1796 16.2543
         vertex -7.3964 5.1811 16.2543
         vertex -7.4114 5.1763 16.2650
      endloop
   endfacet
   facet normal 0.5947 0.1556 0.7887
      outer loop
         vertex -7.3642 5.1830 16.2328
         vertex -7.3964 5.1811 16.2543
         vertex -7.3960 5.1796 16.2543
      endloop
   endfacet
   facet normal 0.5960 0.1437 0.7900
      outer loop
         vertex -7.3642 5.1830 16.2328
         vertex -7.3960 5.1796 16.2543
         vertex -7.4113 5.1755 16.2650
      endloop
   endfacet
   facet normal 0.6168 0.1777 0.7668
      outer loop
         vertex -7.3642 5.1830 16.2328
         vertex -7.3680 5.1952 16.2328
         vertex -7.3964 5.1811 16.2543
      endloop
   endfacet
   facet normal 0.5969 0.1690 0.7843
      outer loop
         vertex -7.3700 5.2014 16.2328
         vertex -7.3972 5.1843 16.2543
         vertex -7.3680 5.1952 16.2328
      endloop
   endfacet
   facet normal 0.5753 0.1487 0.8043
      outer loop
         vertex -7.3680 5.1952 16.2328
         vertex -7.3972 5.1843 16.2543
         vertex -7.3968 5.1827 16.2543
      endloop
   endfacet
   facet normal 0.5736 0.1483 0.8056
      outer loop
         vertex -7.3680 5.1952 16.2328
         vertex -7.3968 5.1827 16.2543
         vertex -7.3964 5.1811 16.2543
      endloop
   endfacet
   facet normal 0.5813 0.0656 0.8111
      outer loop
         vertex -7.3976 5.1858 16.2543
         vertex -7.3980 5.1874 16.2543
         vertex -7.4119 5.1796 16.2650
      endloop
   endfacet
   facet normal 0.5907 -0.0061 0.8068
      outer loop
         vertex -7.3972 5.1843 16.2543
         vertex -7.4117 5.1788 16.2650
         vertex -7.4116 5.1780 16.2650
      endloop
   endfacet
   facet normal 0.5764 0.0648 0.8146
      outer loop
         vertex -7.3972 5.1843 16.2543
         vertex -7.3976 5.1858 16.2543
         vertex -7.4117 5.1788 16.2650
      endloop
   endfacet
   facet normal 0.5992 -0.0096 0.8005
      outer loop
         vertex -7.3976 5.1858 16.2543
         vertex -7.4119 5.1796 16.2650
         vertex -7.4117 5.1788 16.2650
      endloop
   endfacet
   facet normal 0.5713 0.0644 0.8182
      outer loop
         vertex -7.3968 5.1827 16.2543
         vertex -7.3972 5.1843 16.2543
         vertex -7.4116 5.1780 16.2650
      endloop
   endfacet
   facet normal 0.5837 -0.0092 0.8119
      outer loop
         vertex -7.3968 5.1827 16.2543
         vertex -7.4116 5.1780 16.2650
         vertex -7.4115 5.1771 16.2650
      endloop
   endfacet
   facet normal 0.6927 -0.4151 0.5898
      outer loop
         vertex -7.4253 5.1738 16.2753
         vertex -7.4249 5.1740 16.2749
         vertex -7.4121 5.1812 16.2650
      endloop
   endfacet
   facet normal 0.6547 -0.1309 0.7445
      outer loop
         vertex -7.4121 5.1812 16.2650
         vertex -7.4122 5.1820 16.2650
         vertex -7.4253 5.1738 16.2753
      endloop
   endfacet
   facet normal 0.8990 0.3676 -0.2379
      outer loop
         vertex -7.2485 5.2013 13.7500
         vertex -7.2795 5.1964 13.5943
         vertex -7.2728 5.2700 13.7500
      endloop
   endfacet
   facet normal 0.7101 0.3023 -0.6359
      outer loop
         vertex -7.2994 5.2532 13.5943
         vertex -7.3642 5.1830 13.4672
         vertex -7.3680 5.1952 13.4672
      endloop
   endfacet
   facet normal 0.6914 0.2940 -0.6599
      outer loop
         vertex -7.2994 5.2532 13.5943
         vertex -7.3680 5.1952 13.4672
         vertex -7.3700 5.2014 13.4672
      endloop
   endfacet
   facet normal 0.6778 0.3553 -0.6437
      outer loop
         vertex -7.2994 5.2532 13.5943
         vertex -7.3700 5.2014 13.4672
         vertex -7.3719 5.2075 13.4672
      endloop
   endfacet
   facet normal 0.5863 0.0667 -0.8073
      outer loop
         vertex -7.3980 5.1874 13.4457
         vertex -7.4120 5.1804 13.4350
         vertex -7.3984 5.1890 13.4457
      endloop
   endfacet
   facet normal 0.5656 0.2252 -0.7933
      outer loop
         vertex -7.3984 5.1890 13.4457
         vertex -7.3988 5.1905 13.4457
         vertex -7.3719 5.2075 13.4672
      endloop
   endfacet
   facet normal 0.5725 0.2098 -0.7926
      outer loop
         vertex -7.3984 5.1890 13.4457
         vertex -7.3719 5.2075 13.4672
         vertex -7.3980 5.1874 13.4457
      endloop
   endfacet
   facet normal 0.5836 0.0836 -0.8077
      outer loop
         vertex -7.3984 5.1890 13.4457
         vertex -7.4121 5.1812 13.4350
         vertex -7.3988 5.1905 13.4457
      endloop
   endfacet
   facet normal 0.6145 -0.0074 -0.7889
      outer loop
         vertex -7.3984 5.1890 13.4457
         vertex -7.4120 5.1804 13.4350
         vertex -7.4121 5.1812 13.4350
      endloop
   endfacet
   facet normal 0.5762 0.1008 -0.8110
      outer loop
         vertex -7.3988 5.1905 13.4457
         vertex -7.4121 5.1812 13.4350
         vertex -7.4122 5.1820 13.4350
      endloop
   endfacet
   facet normal 0.6243 -0.3870 -0.6785
      outer loop
         vertex -7.4116 5.1780 13.4350
         vertex -7.4259 5.1734 13.4247
         vertex -7.4258 5.1735 13.4248
      endloop
   endfacet
   facet normal 0.6272 -0.2335 -0.7430
      outer loop
         vertex -7.4116 5.1780 13.4350
         vertex -7.4258 5.1735 13.4248
         vertex -7.4117 5.1788 13.4350
      endloop
   endfacet
   facet normal 0.5990 -0.3698 -0.7103
      outer loop
         vertex -7.4115 5.1771 13.4350
         vertex -7.4261 5.1733 13.4248
         vertex -7.4260 5.1733 13.4247
      endloop
   endfacet
   facet normal 0.6169 -0.3822 -0.6880
      outer loop
         vertex -7.4116 5.1780 13.4350
         vertex -7.4259 5.1734 13.4248
         vertex -7.4259 5.1734 13.4247
      endloop
   endfacet
   facet normal 0.6062 -0.3752 -0.7013
      outer loop
         vertex -7.4115 5.1771 13.4350
         vertex -7.4260 5.1733 13.4247
         vertex -7.4259 5.1734 13.4248
      endloop
   endfacet
   facet normal 0.6121 -0.2278 -0.7572
      outer loop
         vertex -7.4115 5.1771 13.4350
         vertex -7.4259 5.1734 13.4248
         vertex -7.4116 5.1780 13.4350
      endloop
   endfacet
   facet normal 0.5887 -0.3621 -0.7227
      outer loop
         vertex -7.4114 5.1763 13.4350
         vertex -7.4262 5.1732 13.4247
         vertex -7.4261 5.1733 13.4248
      endloop
   endfacet
   facet normal 0.5975 -0.2210 -0.7708
      outer loop
         vertex -7.4114 5.1763 13.4350
         vertex -7.4261 5.1733 13.4248
         vertex -7.4115 5.1771 13.4350
      endloop
   endfacet
   facet normal 0.5818 -0.3562 -0.7312
      outer loop
         vertex -7.4114 5.1763 13.4350
         vertex -7.4263 5.1732 13.4248
         vertex -7.4262 5.1732 13.4247
      endloop
   endfacet
   facet normal 0.6543 -0.4026 -0.6402
      outer loop
         vertex -7.4119 5.1796 13.4350
         vertex -7.4256 5.1736 13.4248
         vertex -7.4256 5.1736 13.4247
      endloop
   endfacet
   facet normal 0.6734 -0.4100 -0.6152
      outer loop
         vertex -7.4120 5.1804 13.4350
         vertex -7.4253 5.1738 13.4249
         vertex -7.4254 5.1737 13.4247
      endloop
   endfacet
   facet normal 0.6620 -0.4059 -0.6301
      outer loop
         vertex -7.4119 5.1796 13.4350
         vertex -7.4256 5.1736 13.4247
         vertex -7.4253 5.1738 13.4249
      endloop
   endfacet
   facet normal 0.6580 -0.2405 -0.7136
      outer loop
         vertex -7.4119 5.1796 13.4350
         vertex -7.4253 5.1738 13.4249
         vertex -7.4120 5.1804 13.4350
      endloop
   endfacet
   facet normal 0.6354 -0.3933 -0.6646
      outer loop
         vertex -7.4117 5.1788 13.4350
         vertex -7.4258 5.1735 13.4248
         vertex -7.4257 5.1735 13.4247
      endloop
   endfacet
   facet normal 0.6430 -0.3974 -0.6547
      outer loop
         vertex -7.4117 5.1788 13.4350
         vertex -7.4257 5.1735 13.4247
         vertex -7.4256 5.1736 13.4248
      endloop
   endfacet
   facet normal 0.6426 -0.2378 -0.7284
      outer loop
         vertex -7.4117 5.1788 13.4350
         vertex -7.4256 5.1736 13.4248
         vertex -7.4119 5.1796 13.4350
      endloop
   endfacet
   facet normal 0.5713 0.0644 -0.8182
      outer loop
         vertex -7.3968 5.1827 13.4457
         vertex -7.4116 5.1780 13.4350
         vertex -7.3972 5.1843 13.4457
      endloop
   endfacet
   facet normal 0.5960 0.1437 -0.7900
      outer loop
         vertex -7.3642 5.1830 13.4672
         vertex -7.4113 5.1755 13.4350
         vertex -7.3960 5.1796 13.4457
      endloop
   endfacet
   facet normal 0.5947 0.1556 -0.7887
      outer loop
         vertex -7.3642 5.1830 13.4672
         vertex -7.3960 5.1796 13.4457
         vertex -7.3964 5.1811 13.4457
      endloop
   endfacet
   facet normal 0.5612 0.0625 -0.8253
      outer loop
         vertex -7.3960 5.1796 13.4457
         vertex -7.4114 5.1763 13.4350
         vertex -7.3964 5.1811 13.4457
      endloop
   endfacet
   facet normal 0.5619 0.0502 -0.8257
      outer loop
         vertex -7.3960 5.1796 13.4457
         vertex -7.4113 5.1755 13.4350
         vertex -7.4114 5.1763 13.4350
      endloop
   endfacet
   facet normal 0.5754 -0.0047 -0.8179
      outer loop
         vertex -7.3964 5.1811 13.4457
         vertex -7.4114 5.1763 13.4350
         vertex -7.4115 5.1771 13.4350
      endloop
   endfacet
   facet normal 0.5793 0.1496 -0.8013
      outer loop
         vertex -7.3976 5.1858 13.4457
         vertex -7.3980 5.1874 13.4457
         vertex -7.3700 5.2014 13.4672
      endloop
   endfacet
   facet normal 0.5778 0.1492 -0.8024
      outer loop
         vertex -7.3976 5.1858 13.4457
         vertex -7.3700 5.2014 13.4672
         vertex -7.3972 5.1843 13.4457
      endloop
   endfacet
   facet normal 0.5837 -0.0092 -0.8119
      outer loop
         vertex -7.3968 5.1827 13.4457
         vertex -7.4115 5.1771 13.4350
         vertex -7.4116 5.1780 13.4350
      endloop
   endfacet
   facet normal 0.5662 0.0642 -0.8218
      outer loop
         vertex -7.3964 5.1811 13.4457
         vertex -7.4115 5.1771 13.4350
         vertex -7.3968 5.1827 13.4457
      endloop
   endfacet
   facet normal 0.5753 0.1487 -0.8043
      outer loop
         vertex -7.3968 5.1827 13.4457
         vertex -7.3972 5.1843 13.4457
         vertex -7.3680 5.1952 13.4672
      endloop
   endfacet
   facet normal 0.5736 0.1483 -0.8056
      outer loop
         vertex -7.3968 5.1827 13.4457
         vertex -7.3680 5.1952 13.4672
         vertex -7.3964 5.1811 13.4457
      endloop
   endfacet
   facet normal 0.5969 0.1690 -0.7843
      outer loop
         vertex -7.3680 5.1952 13.4672
         vertex -7.3972 5.1843 13.4457
         vertex -7.3700 5.2014 13.4672
      endloop
   endfacet
   facet normal 0.6168 0.1777 -0.7668
      outer loop
         vertex -7.3680 5.1952 13.4672
         vertex -7.3642 5.1830 13.4672
         vertex -7.3964 5.1811 13.4457
      endloop
   endfacet
   facet normal 0.5907 -0.0061 -0.8068
      outer loop
         vertex -7.3972 5.1843 13.4457
         vertex -7.4116 5.1780 13.4350
         vertex -7.4117 5.1788 13.4350
      endloop
   endfacet
   facet normal 0.5992 -0.0096 -0.8005
      outer loop
         vertex -7.3976 5.1858 13.4457
         vertex -7.4117 5.1788 13.4350
         vertex -7.4119 5.1796 13.4350
      endloop
   endfacet
   facet normal 0.5813 0.0656 -0.8111
      outer loop
         vertex -7.3976 5.1858 13.4457
         vertex -7.4119 5.1796 13.4350
         vertex -7.3980 5.1874 13.4457
      endloop
   endfacet
   facet normal 0.5764 0.0648 -0.8146
      outer loop
         vertex -7.3972 5.1843 13.4457
         vertex -7.4117 5.1788 13.4350
         vertex -7.3976 5.1858 13.4457
      endloop
   endfacet
   facet normal 0.6547 -0.1309 -0.7445
      outer loop
         vertex -7.4121 5.1812 13.4350
         vertex -7.4253 5.1738 13.4247
         vertex -7.4122 5.1820 13.4350
      endloop
   endfacet
   facet normal 0.6927 -0.4151 -0.5898
      outer loop
         vertex -7.4121 5.1812 13.4350
         vertex -7.4249 5.1740 13.4251
         vertex -7.4253 5.1738 13.4247
      endloop
   endfacet
   facet normal 0.2577 0.0408 -0.9654
      outer loop
         vertex -7.3736 4.4295 13.3814
         vertex -7.5224 4.3741 13.3500
         vertex -7.6168 4.9700 13.3500
      endloop
   endfacet
   facet normal 0.3198 0.0507 -0.9461
      outer loop
         vertex -7.3736 4.4295 13.3814
         vertex -7.6168 4.9700 13.3500
         vertex -7.4838 5.1257 13.3814
      endloop
   endfacet
   facet normal 0.9345 0.1480 -0.3238
      outer loop
         vertex -7.1400 4.5165 13.7500
         vertex -7.1701 4.5053 13.5943
         vertex -7.2795 5.1964 13.5943
      endloop
   endfacet
   facet normal 0.9535 0.1510 -0.2609
      outer loop
         vertex -7.1400 4.5165 13.7500
         vertex -7.2795 5.1964 13.5943
         vertex -7.2485 5.2013 13.7500
      endloop
   endfacet
   facet normal 0.8545 0.1353 -0.5015
      outer loop
         vertex -7.3642 5.1830 13.4672
         vertex -7.2795 5.1964 13.5943
         vertex -7.1701 4.5053 13.5943
      endloop
   endfacet
   facet normal 0.7824 0.1239 -0.6103
      outer loop
         vertex -7.3642 5.1830 13.4672
         vertex -7.1701 4.5053 13.5943
         vertex -7.2520 4.4748 13.4672
      endloop
   endfacet
   facet normal 0.3198 0.0507 0.9461
      outer loop
         vertex -7.5224 4.3741 16.3500
         vertex -7.3736 4.4295 16.3186
         vertex -7.4838 5.1257 16.3186
      endloop
   endfacet
   facet normal 0.2577 0.0408 0.9654
      outer loop
         vertex -7.5224 4.3741 16.3500
         vertex -7.4838 5.1257 16.3186
         vertex -7.6168 4.9700 16.3500
      endloop
   endfacet
   facet normal 0.9345 0.1480 0.3238
      outer loop
         vertex -7.2485 5.2013 15.9500
         vertex -7.2795 5.1964 16.1057
         vertex -7.1701 4.5053 16.1057
      endloop
   endfacet
   facet normal 0.9535 0.1510 0.2609
      outer loop
         vertex -7.2485 5.2013 15.9500
         vertex -7.1701 4.5053 16.1057
         vertex -7.1400 4.5165 15.9500
      endloop
   endfacet
   facet normal 0.7824 0.1239 0.6103
      outer loop
         vertex -7.2795 5.1964 16.1057
         vertex -7.3642 5.1830 16.2328
         vertex -7.2520 4.4748 16.2328
      endloop
   endfacet
   facet normal 0.8545 0.1353 0.5015
      outer loop
         vertex -7.2795 5.1964 16.1057
         vertex -7.2520 4.4748 16.2328
         vertex -7.1701 4.5053 16.1057
      endloop
   endfacet
   facet normal 0.4408 0.0698 -0.8949
      outer loop
         vertex -7.3736 4.4295 13.3814
         vertex -7.4838 5.1257 13.3814
         vertex -7.4460 5.1699 13.4113
      endloop
   endfacet
   facet normal 0.4980 0.0789 -0.8636
      outer loop
         vertex -7.3736 4.4295 13.3814
         vertex -7.4460 5.1699 13.4113
         vertex -7.4460 5.1699 13.4113
      endloop
   endfacet
   facet normal 0.4980 0.0789 -0.8636
      outer loop
         vertex -7.3736 4.4295 13.3814
         vertex -7.4460 5.1699 13.4113
         vertex -7.4449 5.1700 13.4120
      endloop
   endfacet
   facet normal 0.4980 0.0789 -0.8636
      outer loop
         vertex -7.3736 4.4295 13.3814
         vertex -7.4449 5.1700 13.4120
         vertex -7.4435 5.1702 13.4130
      endloop
   endfacet
   facet normal 0.4980 0.0789 -0.8636
      outer loop
         vertex -7.3736 4.4295 13.3814
         vertex -7.4435 5.1702 13.4130
         vertex -7.4426 5.1704 13.4136
      endloop
   endfacet
   facet normal 0.4980 0.0789 -0.8636
      outer loop
         vertex -7.3736 4.4295 13.3814
         vertex -7.4426 5.1704 13.4136
         vertex -7.4420 5.1706 13.4140
      endloop
   endfacet
   facet normal 0.4980 0.0789 -0.8636
      outer loop
         vertex -7.3736 4.4295 13.3814
         vertex -7.4420 5.1706 13.4140
         vertex -7.4418 5.1706 13.4142
      endloop
   endfacet
   facet normal 0.4980 0.0789 -0.8636
      outer loop
         vertex -7.3736 4.4295 13.3814
         vertex -7.4418 5.1706 13.4142
         vertex -7.4411 5.1708 13.4147
      endloop
   endfacet
   facet normal 0.4980 0.0789 -0.8636
      outer loop
         vertex -7.3736 4.4295 13.3814
         vertex -7.4411 5.1708 13.4147
         vertex -7.4264 5.1731 13.4247
      endloop
   endfacet
   facet normal 0.4980 0.0789 -0.8636
      outer loop
         vertex -7.3736 4.4295 13.3814
         vertex -7.4264 5.1731 13.4247
         vertex -7.4113 5.1755 13.4350
      endloop
   endfacet
   facet normal 0.5509 0.0873 -0.8300
      outer loop
         vertex -7.3736 4.4295 13.3814
         vertex -7.4113 5.1755 13.4350
         vertex -7.3642 5.1830 13.4672
      endloop
   endfacet
   facet normal 0.6028 0.0955 -0.7921
      outer loop
         vertex -7.3736 4.4295 13.3814
         vertex -7.3642 5.1830 13.4672
         vertex -7.2520 4.4748 13.4672
      endloop
   endfacet
   facet normal 0.4980 0.0789 -0.8636
      outer loop
         vertex -7.4460 5.1700 13.4113
         vertex -7.4460 5.1699 13.4113
         vertex -7.4838 5.1257 13.3814
      endloop
   endfacet
   facet normal 0.5521 0.0875 -0.8291
      outer loop
         vertex -7.4449 5.1701 13.4120
         vertex -7.4449 5.1700 13.4120
         vertex -7.4460 5.1699 13.4113
      endloop
   endfacet
   facet normal 0.5521 0.0875 -0.8291
      outer loop
         vertex -7.4435 5.1703 13.4130
         vertex -7.4435 5.1702 13.4130
         vertex -7.4449 5.1700 13.4120
      endloop
   endfacet
   facet normal 0.4980 0.0789 0.8636
      outer loop
         vertex -7.4460 5.1699 16.2887
         vertex -7.4461 5.1699 16.2888
         vertex -7.3736 4.4295 16.3186
      endloop
   endfacet
   facet normal 0.4980 0.0789 0.8636
      outer loop
         vertex -7.4460 5.1699 16.2887
         vertex -7.3736 4.4295 16.3186
         vertex -7.4460 5.1699 16.2887
      endloop
   endfacet
   facet normal 0.4980 0.0789 0.8636
      outer loop
         vertex -7.4460 5.1699 16.2887
         vertex -7.3736 4.4295 16.3186
         vertex -7.4449 5.1700 16.2880
      endloop
   endfacet
   facet normal 0.5521 0.0875 0.8291
      outer loop
         vertex -7.4460 5.1699 16.2887
         vertex -7.4449 5.1700 16.2880
         vertex -7.4449 5.1701 16.2880
      endloop
   endfacet
   facet normal 0.4980 0.0789 0.8636
      outer loop
         vertex -7.4420 5.1706 16.2860
         vertex -7.4426 5.1704 16.2864
         vertex -7.3736 4.4295 16.3186
      endloop
   endfacet
   facet normal 0.4980 0.0789 0.8636
      outer loop
         vertex -7.3736 4.4295 16.3186
         vertex -7.4426 5.1704 16.2864
         vertex -7.4435 5.1702 16.2870
      endloop
   endfacet
   facet normal 0.4980 0.0789 0.8636
      outer loop
         vertex -7.3736 4.4295 16.3186
         vertex -7.4435 5.1702 16.2870
         vertex -7.4449 5.1700 16.2880
      endloop
   endfacet
   facet normal 0.5521 0.0875 0.8291
      outer loop
         vertex -7.4449 5.1700 16.2880
         vertex -7.4435 5.1702 16.2870
         vertex -7.4435 5.1703 16.2870
      endloop
   endfacet
   facet normal 0.6028 0.0955 0.7921
      outer loop
         vertex -7.3736 4.4295 16.3186
         vertex -7.2520 4.4748 16.2328
         vertex -7.3642 5.1830 16.2328
      endloop
   endfacet
   facet normal 0.5509 0.0873 0.8300
      outer loop
         vertex -7.3736 4.4295 16.3186
         vertex -7.3642 5.1830 16.2328
         vertex -7.4113 5.1755 16.2650
      endloop
   endfacet
   facet normal 0.4980 0.0789 0.8636
      outer loop
         vertex -7.3736 4.4295 16.3186
         vertex -7.4113 5.1755 16.2650
         vertex -7.4264 5.1731 16.2753
      endloop
   endfacet
   facet normal 0.4980 0.0789 0.8636
      outer loop
         vertex -7.3736 4.4295 16.3186
         vertex -7.4264 5.1731 16.2753
         vertex -7.4411 5.1708 16.2853
      endloop
   endfacet
   facet normal 0.4980 0.0789 0.8636
      outer loop
         vertex -7.3736 4.4295 16.3186
         vertex -7.4411 5.1708 16.2853
         vertex -7.4418 5.1706 16.2858
      endloop
   endfacet
   facet normal 0.4980 0.0789 0.8636
      outer loop
         vertex -7.3736 4.4295 16.3186
         vertex -7.4418 5.1706 16.2858
         vertex -7.4420 5.1706 16.2860
      endloop
   endfacet
   facet normal 0.4408 0.0698 0.8949
      outer loop
         vertex -7.4462 5.1697 16.2889
         vertex -7.4838 5.1257 16.3186
         vertex -7.3736 4.4295 16.3186
      endloop
   endfacet
   facet normal 0.4980 0.0789 0.8636
      outer loop
         vertex -7.4462 5.1697 16.2889
         vertex -7.3736 4.4295 16.3186
         vertex -7.4461 5.1699 16.2888
      endloop
   endfacet
   facet normal -0.7534 -0.6575 0.0000
      outer loop
         vertex -10.5370 4.6730 13.3500
         vertex -10.3540 4.4900 13.3500
         vertex -10.3540 4.4900 16.3500
      endloop
   endfacet
   facet normal -0.6339 -0.7734 0.0000
      outer loop
         vertex -10.5370 4.6730 13.3500
         vertex -10.3540 4.4900 16.3500
         vertex -10.5370 4.6730 16.3500
      endloop
   endfacet
   facet normal -0.8876 -0.4607 0.0000
      outer loop
         vertex -10.3540 4.4900 16.3500
         vertex -10.3540 4.4900 13.3500
         vertex -10.2913 4.3053 13.3500
      endloop
   endfacet
   facet normal -0.9202 -0.3914 0.0000
      outer loop
         vertex -10.3540 4.4900 16.3500
         vertex -10.2913 4.3053 13.3500
         vertex -10.2913 4.3053 16.3500
      endloop
   endfacet
   facet normal 0.7790 -0.6270 0.0000
      outer loop
         vertex -13.7709 3.8889 13.3500
         vertex -13.7709 3.8889 16.3500
         vertex -13.9934 3.5990 16.3500
      endloop
   endfacet
   facet normal 0.8140 -0.5809 0.0000
      outer loop
         vertex -13.7709 3.8889 13.3500
         vertex -13.9934 3.5990 16.3500
         vertex -13.9934 3.5990 13.3500
      endloop
   endfacet
   facet normal -0.9071 0.0000 -0.4210
      outer loop
         vertex -6.6268 2.8000 16.8500
         vertex -6.6268 5.1000 16.8500
         vertex -6.6000 5.1000 16.7500
      endloop
   endfacet
   facet normal -0.9405 0.0000 -0.3399
      outer loop
         vertex -6.6268 2.8000 16.8500
         vertex -6.6000 5.1000 16.7500
         vertex -6.6000 2.8000 16.7500
      endloop
   endfacet
   facet normal -0.5751 0.0000 -0.8181
      outer loop
         vertex -6.7000 2.8000 16.9232
         vertex -6.7000 5.1129 16.9232
         vertex -6.6520 5.1000 16.8752
      endloop
   endfacet
   facet normal -0.7071 0.0000 -0.7071
      outer loop
         vertex -6.7000 2.8000 16.9232
         vertex -6.6520 5.1000 16.8752
         vertex -6.6268 5.1000 16.8500
      endloop
   endfacet
   facet normal -0.7672 0.0000 -0.6414
      outer loop
         vertex -6.7000 2.8000 16.9232
         vertex -6.6268 5.1000 16.8500
         vertex -6.6268 2.8000 16.8500
      endloop
   endfacet
   facet normal -0.4210 0.0000 -0.9071
      outer loop
         vertex -6.7000 5.1129 16.9232
         vertex -6.7000 2.8000 16.9232
         vertex -6.8000 2.8000 16.9500
      endloop
   endfacet
   facet normal -0.3399 0.0000 -0.9405
      outer loop
         vertex -6.7000 5.1129 16.9232
         vertex -6.8000 2.8000 16.9500
         vertex -6.8000 5.1396 16.9500
      endloop
   endfacet
   facet normal 0.0000 0.0000 1.0000
      outer loop
         vertex -7.6168 4.9700 16.3500
         vertex -10.5200 4.9700 16.3500
         vertex -10.3540 4.4900 16.3500
      endloop
   endfacet
   facet normal 0.0000 0.0000 1.0000
      outer loop
         vertex -7.6168 4.9700 16.3500
         vertex -10.3540 4.4900 16.3500
         vertex -10.2913 4.3053 16.3500
      endloop
   endfacet
   facet normal 0.0000 0.0000 1.0000
      outer loop
         vertex -7.6168 4.9700 16.3500
         vertex -10.2913 4.3053 16.3500
         vertex -10.2059 3.6564 16.3500
      endloop
   endfacet
   facet normal 0.0000 0.0000 1.0000
      outer loop
         vertex -7.6168 4.9700 16.3500
         vertex -10.2059 3.6564 16.3500
         vertex -10.1933 3.6194 16.3500
      endloop
   endfacet
   facet normal 0.0000 0.0000 1.0000
      outer loop
         vertex -7.6168 4.9700 16.3500
         vertex -10.1933 3.6194 16.3500
         vertex -10.1567 3.5828 16.3500
      endloop
   endfacet
   facet normal 0.0000 0.0000 1.0000
      outer loop
         vertex -7.6168 4.9700 16.3500
         vertex -10.1567 3.5828 16.3500
         vertex -10.1067 3.5694 16.3500
      endloop
   endfacet
   facet normal 0.0000 0.0000 1.0000
      outer loop
         vertex -7.6168 4.9700 16.3500
         vertex -10.1067 3.5694 16.3500
         vertex -10.1015 3.5696 16.3500
      endloop
   endfacet
   facet normal 0.0000 0.0000 1.0000
      outer loop
         vertex -7.6168 4.9700 16.3500
         vertex -10.1015 3.5696 16.3500
         vertex -9.6142 3.5951 16.3500
      endloop
   endfacet
   facet normal 0.0000 0.0000 1.0000
      outer loop
         vertex -7.6168 4.9700 16.3500
         vertex -9.6142 3.5951 16.3500
         vertex -7.5224 4.3741 16.3500
      endloop
   endfacet
   facet normal 0.0000 0.0000 1.0000
      outer loop
         vertex -10.5200 4.9700 16.3500
         vertex -10.9336 4.9514 16.3500
         vertex -10.9237 4.7331 16.3500
      endloop
   endfacet
   facet normal 0.0000 0.0000 1.0000
      outer loop
         vertex -10.5200 4.9700 16.3500
         vertex -10.9237 4.7331 16.3500
         vertex -10.8325 4.7379 16.3500
      endloop
   endfacet
   facet normal 0.0000 0.0000 1.0000
      outer loop
         vertex -10.5200 4.9700 16.3500
         vertex -10.8325 4.7379 16.3500
         vertex -10.7870 4.7400 16.3500
      endloop
   endfacet
   facet normal 0.0000 0.0000 1.0000
      outer loop
         vertex -10.5200 4.9700 16.3500
         vertex -10.7870 4.7400 16.3500
         vertex -10.5370 4.6730 16.3500
      endloop
   endfacet
   facet normal 0.0000 0.0000 1.0000
      outer loop
         vertex -10.5200 4.9700 16.3500
         vertex -10.5370 4.6730 16.3500
         vertex -10.3540 4.4900 16.3500
      endloop
   endfacet
   facet normal 0.0000 0.0000 1.0000
      outer loop
         vertex -12.7971 4.4513 16.3500
         vertex -12.5755 4.4984 16.3500
         vertex -11.3573 4.8934 16.3500
      endloop
   endfacet
   facet normal 0.0000 0.0000 1.0000
      outer loop
         vertex -11.3573 4.8934 16.3500
         vertex -12.5755 4.4984 16.3500
         vertex -11.3511 4.6923 16.3500
      endloop
   endfacet
   facet normal 0.0000 0.0000 1.0000
      outer loop
         vertex -11.3573 4.8934 16.3500
         vertex -11.3511 4.6923 16.3500
         vertex -10.9336 4.9514 16.3500
      endloop
   endfacet
   facet normal 0.0000 0.0000 1.0000
      outer loop
         vertex -10.9336 4.9514 16.3500
         vertex -11.3511 4.6923 16.3500
         vertex -11.1379 4.7173 16.3500
      endloop
   endfacet
   facet normal 0.0000 0.0000 1.0000
      outer loop
         vertex -10.9336 4.9514 16.3500
         vertex -11.1379 4.7173 16.3500
         vertex -10.9237 4.7331 16.3500
      endloop
   endfacet
   facet normal 0.0000 0.0000 1.0000
      outer loop
         vertex -13.7709 3.8889 16.3500
         vertex -13.7086 3.9476 16.3500
         vertex -13.5430 4.4033 16.3500
      endloop
   endfacet
   facet normal 0.0000 0.0000 1.0000
      outer loop
         vertex -13.5430 4.4033 16.3500
         vertex -13.7086 3.9476 16.3500
         vertex -13.3190 4.2351 16.3500
      endloop
   endfacet
   facet normal 0.0000 0.0000 1.0000
      outer loop
         vertex -13.5430 4.4033 16.3500
         vertex -13.3190 4.2351 16.3500
         vertex -13.0118 4.6214 16.3500
      endloop
   endfacet
   facet normal 0.0000 0.0000 1.0000
      outer loop
         vertex -13.0118 4.6214 16.3500
         vertex -13.3190 4.2351 16.3500
         vertex -12.7971 4.4513 16.3500
      endloop
   endfacet
   facet normal 0.0000 0.0000 1.0000
      outer loop
         vertex -13.0118 4.6214 16.3500
         vertex -12.7971 4.4513 16.3500
         vertex -12.8078 4.6637 16.3500
      endloop
   endfacet
   facet normal 0.0000 0.0000 1.0000
      outer loop
         vertex -12.8078 4.6637 16.3500
         vertex -12.7971 4.4513 16.3500
         vertex -11.3573 4.8934 16.3500
      endloop
   endfacet
   facet normal 0.0000 0.0000 1.0000
      outer loop
         vertex -13.9862 4.0632 16.3500
         vertex -14.3263 3.6200 16.3500
         vertex -14.1405 3.2369 16.3500
      endloop
   endfacet
   facet normal 0.0000 0.0000 1.0000
      outer loop
         vertex -13.9862 4.0632 16.3500
         vertex -14.1405 3.2369 16.3500
         vertex -14.0616 3.4647 16.3500
      endloop
   endfacet
   facet normal 0.0000 0.0000 1.0000
      outer loop
         vertex -13.9862 4.0632 16.3500
         vertex -14.0616 3.4647 16.3500
         vertex -13.9934 3.5990 16.3500
      endloop
   endfacet
   facet normal 0.0000 0.0000 1.0000
      outer loop
         vertex -13.9862 4.0632 16.3500
         vertex -13.9934 3.5990 16.3500
         vertex -13.7709 3.8889 16.3500
      endloop
   endfacet
   facet normal 0.0000 0.0000 1.0000
      outer loop
         vertex -13.9862 4.0632 16.3500
         vertex -13.7709 3.8889 16.3500
         vertex -13.5430 4.4033 16.3500
      endloop
   endfacet
   facet normal 0.0000 0.0000 1.0000
      outer loop
         vertex -14.1980 2.8000 16.3500
         vertex -14.1405 3.2369 16.3500
         vertex -14.3263 3.6200 16.3500
      endloop
   endfacet
   facet normal 0.0000 0.0000 1.0000
      outer loop
         vertex -14.1980 2.8000 16.3500
         vertex -14.3263 3.6200 16.3500
         vertex -14.5457 3.0848 16.3500
      endloop
   endfacet
   facet normal 0.0000 0.0000 1.0000
      outer loop
         vertex -14.1980 2.8000 16.3500
         vertex -14.5457 3.0848 16.3500
         vertex -14.5816 2.9310 16.3500
      endloop
   endfacet
   facet normal 0.0000 0.0000 1.0000
      outer loop
         vertex -14.1980 2.8000 16.3500
         vertex -14.5816 2.9310 16.3500
         vertex -14.6393 2.8000 16.3500
      endloop
   endfacet
   facet normal -0.9014 0.4330 0.0000
      outer loop
         vertex -14.9630 3.0515 15.9500
         vertex -14.9630 3.0515 13.7500
         vertex -14.9999 2.9595 13.7500
      endloop
   endfacet
   facet normal -0.8701 0.4928 0.0000
      outer loop
         vertex -14.9630 3.0515 15.9500
         vertex -14.9999 2.9595 13.7500
         vertex -14.9999 2.9595 15.9500
      endloop
   endfacet
   facet normal -0.7599 0.4332 -0.4846
      outer loop
         vertex -14.9330 3.0420 13.5943
         vertex -14.9021 2.8950 13.4672
         vertex -14.9737 2.9422 13.5943
      endloop
   endfacet
   facet normal -0.8512 0.4132 -0.3235
      outer loop
         vertex -14.9330 3.0420 13.5943
         vertex -14.9737 2.9422 13.5943
         vertex -14.9630 3.0515 13.7500
      endloop
   endfacet
   facet normal -0.8446 0.4786 -0.2403
      outer loop
         vertex -14.9630 3.0515 13.7500
         vertex -14.9737 2.9422 13.5943
         vertex -14.9999 2.9595 13.7500
      endloop
   endfacet
   facet normal -0.8446 0.4786 0.2403
      outer loop
         vertex -14.9737 2.9422 16.1057
         vertex -14.9630 3.0515 15.9500
         vertex -14.9999 2.9595 15.9500
      endloop
   endfacet
   facet normal -0.8512 0.4132 0.3235
      outer loop
         vertex -14.9737 2.9422 16.1057
         vertex -14.9330 3.0420 16.1057
         vertex -14.9630 3.0515 15.9500
      endloop
   endfacet
   facet normal -0.7599 0.4332 0.4846
      outer loop
         vertex -14.9330 3.0420 16.1057
         vertex -14.9737 2.9422 16.1057
         vertex -14.9021 2.8950 16.2328
      endloop
   endfacet
   facet normal -0.5423 0.3122 -0.7800
      outer loop
         vertex -14.8513 3.0162 13.4672
         vertex -14.7960 2.8249 13.3814
         vertex -14.9021 2.8950 13.4672
      endloop
   endfacet
   facet normal -0.7455 0.6207 -0.2427
      outer loop
         vertex -14.9737 2.9422 13.5943
         vertex -15.1280 2.8314 13.7500
         vertex -14.9999 2.9595 13.7500
      endloop
   endfacet
   facet normal -0.4325 0.2152 -0.8756
      outer loop
         vertex -14.7960 2.8249 13.3814
         vertex -14.8513 3.0162 13.4672
         vertex -14.7300 2.9779 13.3814
      endloop
   endfacet
   facet normal -0.6990 0.3436 -0.6272
      outer loop
         vertex -14.9330 3.0420 13.5943
         vertex -14.8513 3.0162 13.4672
         vertex -14.9021 2.8950 13.4672
      endloop
   endfacet
   facet normal -0.5423 0.3122 0.7800
      outer loop
         vertex -14.9021 2.8950 16.2328
         vertex -14.7960 2.8249 16.3186
         vertex -14.8513 3.0162 16.2328
      endloop
   endfacet
   facet normal -0.7455 0.6207 0.2427
      outer loop
         vertex -15.1280 2.8314 15.9500
         vertex -14.9737 2.9422 16.1057
         vertex -14.9999 2.9595 15.9500
      endloop
   endfacet
   facet normal -0.6990 0.3436 0.6272
      outer loop
         vertex -14.9330 3.0420 16.1057
         vertex -14.9021 2.8950 16.2328
         vertex -14.8513 3.0162 16.2328
      endloop
   endfacet
   facet normal -0.4325 0.2152 0.8756
      outer loop
         vertex -14.7300 2.9779 16.3186
         vertex -14.8513 3.0162 16.2328
         vertex -14.7960 2.8249 16.3186
      endloop
   endfacet
   facet normal -0.4728 0.4255 0.7716
      outer loop
         vertex -15.0620 2.7346 16.2328
         vertex -14.7960 2.8249 16.3186
         vertex -14.9021 2.8950 16.2328
      endloop
   endfacet
   facet normal -0.6616 0.5833 0.4712
      outer loop
         vertex -14.9737 2.9422 16.1057
         vertex -15.1103 2.8054 16.1057
         vertex -14.9021 2.8950 16.2328
      endloop
   endfacet
   facet normal -0.4728 0.4255 -0.7716
      outer loop
         vertex -14.7960 2.8249 13.3814
         vertex -15.0620 2.7346 13.4672
         vertex -14.9021 2.8950 13.4672
      endloop
   endfacet
   facet normal -0.6616 0.5833 -0.4712
      outer loop
         vertex -15.1103 2.8054 13.5943
         vertex -14.9737 2.9422 13.5943
         vertex -14.9021 2.8950 13.4672
      endloop
   endfacet
   facet normal -0.4288 0.2092 -0.8789
      outer loop
         vertex -14.5712 3.7614 13.4672
         vertex -14.4611 3.6978 13.3814
         vertex -14.6939 3.1325 13.3814
      endloop
   endfacet
   facet normal -0.7961 0.3182 -0.5147
      outer loop
         vertex -14.8965 3.1978 13.5943
         vertex -14.6455 3.8043 13.5943
         vertex -14.8149 3.1715 13.4672
      endloop
   endfacet
   facet normal -0.6225 0.1669 -0.7646
      outer loop
         vertex -14.8149 3.1715 13.4672
         vertex -14.7300 2.9779 13.3814
         vertex -14.8513 3.0162 13.4672
      endloop
   endfacet
   facet normal -0.8567 0.2274 -0.4631
      outer loop
         vertex -14.8513 3.0162 13.4672
         vertex -14.9330 3.0420 13.5943
         vertex -14.8965 3.1978 13.5943
      endloop
   endfacet
   facet normal -0.2212 0.1110 -0.9689
      outer loop
         vertex -14.3263 3.6200 13.3500
         vertex -14.5457 3.0848 13.3500
         vertex -14.4611 3.6978 13.3814
      endloop
   endfacet
   facet normal -0.9032 0.3401 -0.2619
      outer loop
         vertex -14.9265 3.2074 13.7500
         vertex -14.6727 3.8200 13.7500
         vertex -14.8965 3.1978 13.5943
      endloop
   endfacet
   facet normal -0.9170 0.2596 -0.3028
      outer loop
         vertex -14.9265 3.2074 13.7500
         vertex -14.8965 3.1978 13.5943
         vertex -14.9330 3.0420 13.5943
      endloop
   endfacet
   facet normal -0.2752 0.0643 -0.9592
      outer loop
         vertex -14.6938 3.1324 13.3814
         vertex -14.5816 2.9310 13.3500
         vertex -14.7300 2.9779 13.3814
      endloop
   endfacet
   facet normal -0.3330 0.0902 -0.9386
      outer loop
         vertex -14.6938 3.1324 13.3814
         vertex -14.7300 2.9779 13.3814
         vertex -14.6939 3.1325 13.3814
      endloop
   endfacet
   facet normal -0.2492 0.0778 -0.9653
      outer loop
         vertex -14.6938 3.1324 13.3814
         vertex -14.6939 3.1325 13.3814
         vertex -14.5457 3.0848 13.3500
      endloop
   endfacet
   facet normal -0.1913 0.0519 -0.9802
      outer loop
         vertex -14.6938 3.1324 13.3814
         vertex -14.5457 3.0848 13.3500
         vertex -14.5816 2.9310 13.3500
      endloop
   endfacet
   facet normal -0.9411 0.2389 -0.2395
      outer loop
         vertex -14.9265 3.2074 13.7500
         vertex -14.9330 3.0420 13.5943
         vertex -14.9630 3.0515 13.7500
      endloop
   endfacet
   facet normal -0.4288 0.2092 0.8789
      outer loop
         vertex -14.4611 3.6978 16.3186
         vertex -14.5712 3.7614 16.2328
         vertex -14.6939 3.1325 16.3186
      endloop
   endfacet
   facet normal -0.7961 0.3182 0.5147
      outer loop
         vertex -14.6455 3.8043 16.1057
         vertex -14.8965 3.1978 16.1057
         vertex -14.8149 3.1715 16.2328
      endloop
   endfacet
   facet normal -0.6225 0.1669 0.7646
      outer loop
         vertex -14.7300 2.9779 16.3186
         vertex -14.8149 3.1715 16.2328
         vertex -14.8513 3.0162 16.2328
      endloop
   endfacet
   facet normal -0.8567 0.2274 0.4631
      outer loop
         vertex -14.9330 3.0420 16.1057
         vertex -14.8513 3.0162 16.2328
         vertex -14.8965 3.1978 16.1057
      endloop
   endfacet
   facet normal -0.2212 0.1110 0.9689
      outer loop
         vertex -14.4611 3.6978 16.3186
         vertex -14.5457 3.0848 16.3500
         vertex -14.3263 3.6200 16.3500
      endloop
   endfacet
   facet normal -0.9032 0.3401 0.2619
      outer loop
         vertex -14.8965 3.1978 16.1057
         vertex -14.6727 3.8200 15.9500
         vertex -14.9265 3.2074 15.9500
      endloop
   endfacet
   facet normal -0.9170 0.2596 0.3028
      outer loop
         vertex -14.9265 3.2074 15.9500
         vertex -14.9330 3.0420 16.1057
         vertex -14.8965 3.1978 16.1057
      endloop
   endfacet
   facet normal -0.3330 0.0902 0.9386
      outer loop
         vertex -14.6938 3.1324 16.3186
         vertex -14.6939 3.1325 16.3186
         vertex -14.7300 2.9779 16.3186
      endloop
   endfacet
   facet normal -0.2752 0.0643 0.9592
      outer loop
         vertex -14.6938 3.1324 16.3186
         vertex -14.7300 2.9779 16.3186
         vertex -14.5816 2.9310 16.3500
      endloop
   endfacet
   facet normal -0.1917 0.0502 0.9802
      outer loop
         vertex -14.6938 3.1325 16.3186
         vertex -14.6938 3.1324 16.3186
         vertex -14.5816 2.9310 16.3500
      endloop
   endfacet
   facet normal -0.1897 0.0570 0.9802
      outer loop
         vertex -14.6938 3.1325 16.3186
         vertex -14.5816 2.9310 16.3500
         vertex -14.5457 3.0848 16.3500
      endloop
   endfacet
   facet normal -0.9411 0.2389 0.2395
      outer loop
         vertex -14.9330 3.0420 16.1057
         vertex -14.9265 3.2074 15.9500
         vertex -14.9630 3.0515 15.9500
      endloop
   endfacet
   facet normal -0.8550 0.3937 0.3377
      outer loop
         vertex -14.6727 3.8200 15.9500
         vertex -14.8965 3.1978 16.1057
         vertex -14.6455 3.8043 16.1057
      endloop
   endfacet
   facet normal -0.2869 0.1175 0.9507
      outer loop
         vertex -14.4611 3.6978 16.3186
         vertex -14.6939 3.1325 16.3186
         vertex -14.6938 3.1325 16.3186
      endloop
   endfacet
   facet normal -0.2269 0.0982 0.9690
      outer loop
         vertex -14.4611 3.6978 16.3186
         vertex -14.6938 3.1325 16.3186
         vertex -14.5457 3.0848 16.3500
      endloop
   endfacet
   facet normal -0.7721 0.2287 0.5929
      outer loop
         vertex -14.8513 3.0162 16.2328
         vertex -14.8149 3.1715 16.2328
         vertex -14.8965 3.1978 16.1057
      endloop
   endfacet
   facet normal -0.4986 0.1503 0.8537
      outer loop
         vertex -14.8149 3.1715 16.2328
         vertex -14.7300 2.9779 16.3186
         vertex -14.6939 3.1325 16.3186
      endloop
   endfacet
   facet normal -0.6997 0.3320 0.6327
      outer loop
         vertex -14.8149 3.1715 16.2328
         vertex -14.5712 3.7614 16.2328
         vertex -14.6455 3.8043 16.1057
      endloop
   endfacet
   facet normal -0.5537 0.2265 0.8013
      outer loop
         vertex -14.5712 3.7614 16.2328
         vertex -14.8149 3.1715 16.2328
         vertex -14.6939 3.1325 16.3186
      endloop
   endfacet
   facet normal -0.8550 0.3937 -0.3377
      outer loop
         vertex -14.6455 3.8043 13.5943
         vertex -14.8965 3.1978 13.5943
         vertex -14.6727 3.8200 13.7500
      endloop
   endfacet
   facet normal -0.2865 0.1192 -0.9506
      outer loop
         vertex -14.5457 3.0848 13.3500
         vertex -14.6939 3.1325 13.3814
         vertex -14.4611 3.6978 13.3814
      endloop
   endfacet
   facet normal -0.7721 0.2287 -0.5929
      outer loop
         vertex -14.8965 3.1978 13.5943
         vertex -14.8149 3.1715 13.4672
         vertex -14.8513 3.0162 13.4672
      endloop
   endfacet
   facet normal -0.4986 0.1503 -0.8537
      outer loop
         vertex -14.7300 2.9779 13.3814
         vertex -14.8149 3.1715 13.4672
         vertex -14.6939 3.1325 13.3814
      endloop
   endfacet
   facet normal -0.6997 0.3320 -0.6327
      outer loop
         vertex -14.8149 3.1715 13.4672
         vertex -14.6455 3.8043 13.5943
         vertex -14.5712 3.7614 13.4672
      endloop
   endfacet
   facet normal -0.5537 0.2265 -0.8013
      outer loop
         vertex -14.5712 3.7614 13.4672
         vertex -14.6939 3.1325 13.3814
         vertex -14.8149 3.1715 13.4672
      endloop
   endfacet
   facet normal -0.9598 0.2806 0.0000
      outer loop
         vertex -14.9265 3.2074 15.9500
         vertex -14.9265 3.2074 13.7500
         vertex -14.9630 3.0515 13.7500
      endloop
   endfacet
   facet normal -0.9671 0.2545 0.0000
      outer loop
         vertex -14.9265 3.2074 15.9500
         vertex -14.9630 3.0515 13.7500
         vertex -14.9630 3.0515 15.9500
      endloop
   endfacet
   facet normal -0.9280 0.3726 0.0000
      outer loop
         vertex -14.6727 3.8200 13.7500
         vertex -14.9265 3.2074 13.7500
         vertex -14.9265 3.2074 15.9500
      endloop
   endfacet
   facet normal -0.8992 0.4375 0.0000
      outer loop
         vertex -14.6727 3.8200 13.7500
         vertex -14.9265 3.2074 15.9500
         vertex -14.6727 3.8200 15.9500
      endloop
   endfacet
   facet normal -0.5101 0.8601 0.0000
      outer loop
         vertex -15.1280 2.8314 15.9500
         vertex -15.1280 2.8314 13.7500
         vertex -15.2000 2.8000 13.7500
      endloop
   endfacet
   facet normal -0.4553 0.8903 0.0000
      outer loop
         vertex -15.1280 2.8314 15.9500
         vertex -15.2000 2.8000 13.7500
         vertex -15.2000 2.8000 15.9500
      endloop
   endfacet
   facet normal -0.5091 0.8200 -0.2615
      outer loop
         vertex -15.1280 2.8314 13.7500
         vertex -15.1103 2.8054 13.5943
         vertex -15.2000 2.8000 13.7500
      endloop
   endfacet
   facet normal -0.5091 0.8200 0.2615
      outer loop
         vertex -15.1103 2.8054 16.1057
         vertex -15.1280 2.8314 15.9500
         vertex -15.2000 2.8000 15.9500
      endloop
   endfacet
   facet normal -0.6464 0.6984 -0.3073
      outer loop
         vertex -14.9737 2.9422 13.5943
         vertex -15.1103 2.8054 13.5943
         vertex -15.1280 2.8314 13.7500
      endloop
   endfacet
   facet normal -0.6464 0.6984 0.3073
      outer loop
         vertex -15.1103 2.8054 16.1057
         vertex -14.9737 2.9422 16.1057
         vertex -15.1280 2.8314 15.9500
      endloop
   endfacet
   facet normal -0.6646 0.7472 0.0000
      outer loop
         vertex -14.9999 2.9595 13.7500
         vertex -15.1280 2.8314 13.7500
         vertex -15.1280 2.8314 15.9500
      endloop
   endfacet
   facet normal -0.7566 0.6538 0.0000
      outer loop
         vertex -14.9999 2.9595 13.7500
         vertex -15.1280 2.8314 15.9500
         vertex -14.9999 2.9595 15.9500
      endloop
   endfacet
   facet normal 0.9804 -0.1970 0.0000
      outer loop
         vertex -14.1980 2.8000 13.3500
         vertex -14.1405 3.2369 13.3500
         vertex -14.1405 3.2369 16.3500
      endloop
   endfacet
   facet normal 0.9865 -0.1638 0.0000
      outer loop
         vertex -14.1980 2.8000 13.3500
         vertex -14.1405 3.2369 16.3500
         vertex -14.1980 2.8000 16.3500
      endloop
   endfacet
   facet normal 0.8622 -0.5066 0.0000
      outer loop
         vertex -14.0616 3.4647 13.3500
         vertex -13.9934 3.5990 13.3500
         vertex -13.9934 3.5990 16.3500
      endloop
   endfacet
   facet normal 0.8774 -0.4799 0.0000
      outer loop
         vertex -14.0616 3.4647 13.3500
         vertex -13.9934 3.5990 16.3500
         vertex -14.0616 3.4647 16.3500
      endloop
   endfacet
   facet normal 0.9554 -0.2952 0.0000
      outer loop
         vertex -14.1405 3.2369 13.3500
         vertex -14.0616 3.4647 13.3500
         vertex -14.0616 3.4647 16.3500
      endloop
   endfacet
   facet normal 0.9648 -0.2628 0.0000
      outer loop
         vertex -14.1405 3.2369 13.3500
         vertex -14.0616 3.4647 16.3500
         vertex -14.1405 3.2369 16.3500
      endloop
   endfacet
   facet normal -1.0000 0.0000 0.0000
      outer loop
         vertex -6.6000 2.8000 6.9500
         vertex -6.6000 2.8000 10.7500
         vertex -6.6000 5.1000 10.7500
      endloop
   endfacet
   facet normal -1.0000 0.0000 0.0000
      outer loop
         vertex -6.6000 2.8000 6.9500
         vertex -6.6000 5.1000 10.7500
         vertex -6.6000 5.1000 6.9500
      endloop
   endfacet
   facet normal -0.7534 -0.6575 0.0000
      outer loop
         vertex -10.1933 3.6194 10.3500
         vertex -10.1933 3.6194 7.3500
         vertex -10.1567 3.5828 7.3500
      endloop
   endfacet
   facet normal -0.6339 -0.7734 0.0000
      outer loop
         vertex -10.1933 3.6194 10.3500
         vertex -10.1567 3.5828 7.3500
         vertex -10.1567 3.5828 10.3500
      endloop
   endfacet
   facet normal -0.9914 -0.1305 0.0000
      outer loop
         vertex -10.2059 3.6564 7.3500
         vertex -10.2059 3.6564 10.3500
         vertex -10.2913 4.3053 10.3500
      endloop
   endfacet
   facet normal -0.9914 -0.1305 0.0000
      outer loop
         vertex -10.2059 3.6564 7.3500
         vertex -10.2913 4.3053 10.3500
         vertex -10.2913 4.3053 7.3500
      endloop
   endfacet
   facet normal 0.0523 -0.9986 0.0000
      outer loop
         vertex -9.6142 3.5951 7.3500
         vertex -9.6142 3.5951 10.3500
         vertex -10.1015 3.5696 10.3500
      endloop
   endfacet
   facet normal 0.0523 -0.9986 0.0000
      outer loop
         vertex -9.6142 3.5951 7.3500
         vertex -10.1015 3.5696 10.3500
         vertex -10.1015 3.5696 7.3500
      endloop
   endfacet
   facet normal -0.0214 -0.9998 0.0000
      outer loop
         vertex -10.1015 3.5696 7.3500
         vertex -10.1015 3.5696 10.3500
         vertex -10.1067 3.5694 10.3500
      endloop
   endfacet
   facet normal -0.0695 -0.9976 0.0000
      outer loop
         vertex -10.1015 3.5696 7.3500
         vertex -10.1067 3.5694 10.3500
         vertex -10.1067 3.5694 7.3500
      endloop
   endfacet
   facet normal -0.3774 -0.9261 0.0000
      outer loop
         vertex -10.1567 3.5828 10.3500
         vertex -10.1567 3.5828 7.3500
         vertex -10.1067 3.5694 7.3500
      endloop
   endfacet
   facet normal -0.2474 -0.9689 0.0000
      outer loop
         vertex -10.1567 3.5828 10.3500
         vertex -10.1067 3.5694 7.3500
         vertex -10.1067 3.5694 10.3500
      endloop
   endfacet
   facet normal -0.9202 -0.3914 0.0000
      outer loop
         vertex -10.2059 3.6564 10.3500
         vertex -10.2059 3.6564 7.3500
         vertex -10.1933 3.6194 7.3500
      endloop
   endfacet
   facet normal -0.8876 -0.4607 0.0000
      outer loop
         vertex -10.2059 3.6564 10.3500
         vertex -10.1933 3.6194 7.3500
         vertex -10.1933 3.6194 10.3500
      endloop
   endfacet
   facet normal 0.1709 0.9850 -0.0225
      outer loop
         vertex -9.2500 4.9613 8.9706
         vertex -8.8000 4.9000 8.8500
         vertex -9.2659 4.9613 8.8500
      endloop
   endfacet
   facet normal 0.1592 0.9850 -0.0660
      outer loop
         vertex -8.8000 4.9000 8.8500
         vertex -9.2500 4.9613 8.9706
         vertex -9.2035 4.9613 9.0829
      endloop
   endfacet
   facet normal 0.2556 0.9405 -0.2237
      outer loop
         vertex -9.4364 5.1412 9.4864
         vertex -9.1294 4.9613 9.1794
         vertex -9.2035 4.9613 9.0829
      endloop
   endfacet
   facet normal 0.3398 0.9076 -0.2464
      outer loop
         vertex -9.4364 5.1412 9.4864
         vertex -9.2035 4.9613 9.0829
         vertex -9.5794 5.1412 9.3000
      endloop
   endfacet
   facet normal 0.1367 0.9850 -0.1049
      outer loop
         vertex -9.2035 4.9613 9.0829
         vertex -9.1294 4.9613 9.1794
         vertex -8.8000 4.9000 8.8500
      endloop
   endfacet
   facet normal 0.2645 0.9076 -0.3260
      outer loop
         vertex -9.1294 4.9613 9.1794
         vertex -9.4364 5.1412 9.4864
         vertex -9.2500 5.1412 9.6294
      endloop
   endfacet
   facet normal 0.1890 0.9405 -0.2823
      outer loop
         vertex -9.1294 4.9613 9.1794
         vertex -9.2500 5.1412 9.6294
         vertex -9.0329 4.9613 9.2535
      endloop
   endfacet
   facet normal 0.1049 0.9850 -0.1367
      outer loop
         vertex -8.8000 4.9000 8.8500
         vertex -9.1294 4.9613 9.1794
         vertex -9.0329 4.9613 9.2535
      endloop
   endfacet
   facet normal 0.1095 0.9405 -0.3216
      outer loop
         vertex -9.0329 5.1412 9.7193
         vertex -8.9206 4.9613 9.3000
         vertex -9.0329 4.9613 9.2535
      endloop
   endfacet
   facet normal 0.1711 0.9076 -0.3833
      outer loop
         vertex -9.0329 5.1412 9.7193
         vertex -9.0329 4.9613 9.2535
         vertex -9.2500 5.1412 9.6294
      endloop
   endfacet
   facet normal 0.0660 0.9850 -0.1592
      outer loop
         vertex -8.8000 4.9000 8.8500
         vertex -9.0329 4.9613 9.2535
         vertex -8.9206 4.9613 9.3000
      endloop
   endfacet
   facet normal 0.0660 0.9076 -0.4146
      outer loop
         vertex -8.9206 4.9613 9.3000
         vertex -9.0329 5.1412 9.7193
         vertex -8.8000 5.1412 9.7500
      endloop
   endfacet
   facet normal 0.0225 0.9405 -0.3389
      outer loop
         vertex -8.9206 4.9613 9.3000
         vertex -8.8000 5.1412 9.7500
         vertex -8.8000 4.9613 9.3159
      endloop
   endfacet
   facet normal 0.0225 0.9850 -0.1709
      outer loop
         vertex -8.8000 4.9000 8.8500
         vertex -8.9206 4.9613 9.3000
         vertex -8.8000 4.9613 9.3159
      endloop
   endfacet
   facet normal -0.0435 0.9076 -0.4175
      outer loop
         vertex -8.8000 4.9613 9.3159
         vertex -8.8000 5.1412 9.7500
         vertex -8.5671 5.1412 9.7193
      endloop
   endfacet
   facet normal -0.0660 0.9405 -0.3332
      outer loop
         vertex -8.8000 4.9613 9.3159
         vertex -8.5671 5.1412 9.7193
         vertex -8.6794 4.9613 9.3000
      endloop
   endfacet
   facet normal -0.0225 0.9850 -0.1709
      outer loop
         vertex -8.6794 4.9613 9.3000
         vertex -8.8000 4.9000 8.8500
         vertex -8.8000 4.9613 9.3159
      endloop
   endfacet
   facet normal -0.1796 0.8451 -0.5035
      outer loop
         vertex -8.3500 5.1412 9.6294
         vertex -8.5671 5.1412 9.7193
         vertex -8.4930 5.3608 9.9958
      endloop
   endfacet
   facet normal -0.2146 0.8197 -0.5311
      outer loop
         vertex -8.3500 5.1412 9.6294
         vertex -8.4930 5.3608 9.9958
         vertex -8.3513 5.3700 9.9500
      endloop
   endfacet
   facet normal -0.2635 0.8187 -0.5101
      outer loop
         vertex -8.3500 5.1412 9.6294
         vertex -8.3513 5.3700 9.9500
         vertex -8.2009 5.3700 9.8877
      endloop
   endfacet
   facet normal -0.1711 0.9076 -0.3833
      outer loop
         vertex -8.5671 5.1412 9.7193
         vertex -8.3500 5.1412 9.6294
         vertex -8.5671 4.9613 9.2535
      endloop
   endfacet
   facet normal -0.1095 0.9405 -0.3216
      outer loop
         vertex -8.5671 5.1412 9.7193
         vertex -8.5671 4.9613 9.2535
         vertex -8.6794 4.9613 9.3000
      endloop
   endfacet
   facet normal -0.0660 0.9850 -0.1592
      outer loop
         vertex -8.5671 4.9613 9.2535
         vertex -8.8000 4.9000 8.8500
         vertex -8.6794 4.9613 9.3000
      endloop
   endfacet
   facet normal -0.3462 0.8451 -0.4073
      outer loop
         vertex -7.9527 5.3700 9.6973
         vertex -8.1636 5.1412 9.4864
         vertex -8.3500 5.1412 9.6294
      endloop
   endfacet
   facet normal -0.3299 0.8211 -0.4657
      outer loop
         vertex -7.9527 5.3700 9.6973
         vertex -8.3500 5.1412 9.6294
         vertex -8.2009 5.3700 9.8877
      endloop
   endfacet
   facet normal -0.1890 0.9405 -0.2823
      outer loop
         vertex -8.4706 4.9613 9.1794
         vertex -8.5671 4.9613 9.2535
         vertex -8.3500 5.1412 9.6294
      endloop
   endfacet
   facet normal -0.2645 0.9076 -0.3260
      outer loop
         vertex -8.4706 4.9613 9.1794
         vertex -8.3500 5.1412 9.6294
         vertex -8.1636 5.1412 9.4864
      endloop
   endfacet
   facet normal -0.1049 0.9850 -0.1367
      outer loop
         vertex -8.4706 4.9613 9.1794
         vertex -8.8000 4.9000 8.8500
         vertex -8.5671 4.9613 9.2535
      endloop
   endfacet
   facet normal -0.4392 0.8211 -0.3644
      outer loop
         vertex -8.1636 5.1412 9.4864
         vertex -7.9527 5.3700 9.6973
         vertex -7.7623 5.3700 9.4491
      endloop
   endfacet
   facet normal -0.4399 0.8451 -0.3038
      outer loop
         vertex -8.1636 5.1412 9.4864
         vertex -7.7623 5.3700 9.4491
         vertex -8.0206 5.1412 9.3000
      endloop
   endfacet
   facet normal -0.2823 0.9405 -0.1890
      outer loop
         vertex -8.0206 5.1412 9.3000
         vertex -8.3965 4.9613 9.0829
         vertex -8.4706 4.9613 9.1794
      endloop
   endfacet
   facet normal -0.3260 0.9076 -0.2645
      outer loop
         vertex -8.0206 5.1412 9.3000
         vertex -8.4706 4.9613 9.1794
         vertex -8.1636 5.1412 9.4864
      endloop
   endfacet
   facet normal -0.1367 0.9850 -0.1049
      outer loop
         vertex -8.3965 4.9613 9.0829
         vertex -8.8000 4.9000 8.8500
         vertex -8.4706 4.9613 9.1794
      endloop
   endfacet
   facet normal -0.5352 0.8211 -0.1982
      outer loop
         vertex -7.7623 5.3700 9.4491
         vertex -7.6426 5.3700 9.1601
         vertex -7.9307 5.1412 9.0829
      endloop
   endfacet
   facet normal -0.4830 0.8451 -0.2290
      outer loop
         vertex -7.7623 5.3700 9.4491
         vertex -7.9307 5.1412 9.0829
         vertex -8.0206 5.1412 9.3000
      endloop
   endfacet
   facet normal -0.3216 0.9405 -0.1095
      outer loop
         vertex -7.9307 5.1412 9.0829
         vertex -8.3500 4.9613 8.9706
         vertex -8.3965 4.9613 9.0829
      endloop
   endfacet
   facet normal -0.3833 0.9076 -0.1711
      outer loop
         vertex -7.9307 5.1412 9.0829
         vertex -8.3965 4.9613 9.0829
         vertex -8.0206 5.1412 9.3000
      endloop
   endfacet
   facet normal -0.1592 0.9850 -0.0660
      outer loop
         vertex -8.3500 4.9613 8.9706
         vertex -8.8000 4.9000 8.8500
         vertex -8.3965 4.9613 9.0829
      endloop
   endfacet
   facet normal -0.5328 0.8451 -0.0432
      outer loop
         vertex -7.6018 5.3700 8.8500
         vertex -7.9000 5.1412 8.8500
         vertex -7.9307 5.1412 9.0829
      endloop
   endfacet
   facet normal -0.5626 0.8211 -0.0960
      outer loop
         vertex -7.6018 5.3700 8.8500
         vertex -7.9307 5.1412 9.0829
         vertex -7.6426 5.3700 9.1601
      endloop
   endfacet
   facet normal -0.3389 0.9405 -0.0225
      outer loop
         vertex -7.9000 5.1412 8.8500
         vertex -8.3341 4.9613 8.8500
         vertex -8.3500 4.9613 8.9706
      endloop
   endfacet
   facet normal -0.4146 0.9076 -0.0660
      outer loop
         vertex -7.9000 5.1412 8.8500
         vertex -8.3500 4.9613 8.9706
         vertex -7.9307 5.1412 9.0829
      endloop
   endfacet
   facet normal -0.1709 0.9850 -0.0225
      outer loop
         vertex -8.3500 4.9613 8.9706
         vertex -8.3341 4.9613 8.8500
         vertex -8.8000 4.9000 8.8500
      endloop
   endfacet
   facet normal 0.3399 0.9405 0.0000
      outer loop
         vertex -7.4460 5.3700 7.7500
         vertex -7.4460 5.3700 9.9500
         vertex -7.3460 5.3432 9.9500
      endloop
   endfacet
   facet normal 0.4210 0.9071 0.0000
      outer loop
         vertex -7.4460 5.3700 7.7500
         vertex -7.3460 5.3432 9.9500
         vertex -7.3460 5.3432 7.7500
      endloop
   endfacet
   facet normal 0.8835 0.4685 0.0000
      outer loop
         vertex -7.2728 5.2700 7.7500
         vertex -7.2728 5.2700 9.9500
         vertex -7.2485 5.2013 9.9500
      endloop
   endfacet
   facet normal 0.9159 0.4015 0.0000
      outer loop
         vertex -7.2728 5.2700 7.7500
         vertex -7.2485 5.2013 9.9500
         vertex -7.2485 5.2013 7.7500
      endloop
   endfacet
   facet normal 0.9877 0.1564 0.0000
      outer loop
         vertex -7.1400 4.5165 7.7500
         vertex -7.2485 5.2013 7.7500
         vertex -7.2485 5.2013 9.9500
      endloop
   endfacet
   facet normal 0.9877 0.1564 0.0000
      outer loop
         vertex -7.1400 4.5165 7.7500
         vertex -7.2485 5.2013 9.9500
         vertex -7.1400 4.5165 9.9500
      endloop
   endfacet
   facet normal 0.3490 -0.9371 0.0000
      outer loop
         vertex -9.6142 3.5951 10.3500
         vertex -9.6142 3.5951 7.3500
         vertex -7.5224 4.3741 7.3500
      endloop
   endfacet
   facet normal 0.3490 -0.9371 0.0000
      outer loop
         vertex -9.6142 3.5951 10.3500
         vertex -7.5224 4.3741 7.3500
         vertex -7.3736 4.4295 7.3814
      endloop
   endfacet
   facet normal 0.3490 -0.9371 0.0000
      outer loop
         vertex -9.6142 3.5951 10.3500
         vertex -7.3736 4.4295 7.3814
         vertex -7.2520 4.4748 7.4672
      endloop
   endfacet
   facet normal 0.3490 -0.9371 0.0000
      outer loop
         vertex -9.6142 3.5951 10.3500
         vertex -7.2520 4.4748 7.4672
         vertex -7.1701 4.5053 7.5943
      endloop
   endfacet
   facet normal 0.3490 -0.9371 0.0000
      outer loop
         vertex -9.6142 3.5951 10.3500
         vertex -7.1701 4.5053 7.5943
         vertex -7.1400 4.5165 7.7500
      endloop
   endfacet
   facet normal 0.3490 -0.9371 0.0000
      outer loop
         vertex -9.6142 3.5951 10.3500
         vertex -7.1400 4.5165 7.7500
         vertex -7.1400 4.5165 9.9500
      endloop
   endfacet
   facet normal 0.3490 -0.9371 0.0000
      outer loop
         vertex -9.6142 3.5951 10.3500
         vertex -7.1400 4.5165 9.9500
         vertex -7.1701 4.5053 10.1057
      endloop
   endfacet
   facet normal 0.3490 -0.9371 0.0000
      outer loop
         vertex -9.6142 3.5951 10.3500
         vertex -7.1701 4.5053 10.1057
         vertex -7.2520 4.4748 10.2328
      endloop
   endfacet
   facet normal 0.3490 -0.9371 0.0000
      outer loop
         vertex -9.6142 3.5951 10.3500
         vertex -7.2520 4.4748 10.2328
         vertex -7.3736 4.4295 10.3186
      endloop
   endfacet
   facet normal 0.3490 -0.9371 0.0000
      outer loop
         vertex -9.6142 3.5951 10.3500
         vertex -7.3736 4.4295 10.3186
         vertex -7.5224 4.3741 10.3500
      endloop
   endfacet
   facet normal 0.1564 -0.9877 0.0000
      outer loop
         vertex -7.4398 5.1710 10.2845
         vertex -7.4403 5.1709 10.2848
         vertex -7.4384 5.1712 10.2836
      endloop
   endfacet
   facet normal 0.1564 -0.9877 0.0000
      outer loop
         vertex -7.4384 5.1712 10.2836
         vertex -7.4403 5.1709 10.2848
         vertex -7.4264 5.1731 10.2753
      endloop
   endfacet
   facet normal 0.1564 -0.9877 0.0000
      outer loop
         vertex -7.4384 5.1712 10.2836
         vertex -7.4264 5.1731 10.2753
         vertex -7.4362 5.1716 10.2822
      endloop
   endfacet
   facet normal 0.1564 -0.9877 0.0000
      outer loop
         vertex -7.4362 5.1716 10.2822
         vertex -7.4264 5.1731 10.2753
         vertex -7.4335 5.1720 10.2805
      endloop
   endfacet
   facet normal 0.1564 -0.9877 0.0000
      outer loop
         vertex -7.4362 5.1716 10.2822
         vertex -7.4335 5.1720 10.2805
         vertex -7.4345 5.1718 10.2812
      endloop
   endfacet
   facet normal 0.1564 -0.9877 0.0000
      outer loop
         vertex -7.4335 5.1720 10.2805
         vertex -7.4264 5.1731 10.2753
         vertex -7.4264 5.1731 10.2763
      endloop
   endfacet
   facet normal 0.1564 -0.9877 0.0000
      outer loop
         vertex -7.4335 5.1720 10.2805
         vertex -7.4264 5.1731 10.2763
         vertex -7.4265 5.1731 10.2764
      endloop
   endfacet
   facet normal 0.1564 -0.9877 0.0000
      outer loop
         vertex -7.4264 5.1731 10.2753
         vertex -7.4403 5.1709 10.2848
         vertex -7.4411 5.1708 10.2853
      endloop
   endfacet
   facet normal 0.1564 -0.9877 0.0000
      outer loop
         vertex -7.4384 5.1712 10.2836
         vertex -7.4362 5.1716 10.2822
         vertex -7.4374 5.1714 10.2830
      endloop
   endfacet
   facet normal 0.4442 0.8529 0.2743
      outer loop
         vertex -7.3617 5.3160 10.1057
         vertex -7.3460 5.3432 9.9500
         vertex -7.4460 5.3700 9.9500
      endloop
   endfacet
   facet normal 0.3330 0.8820 0.3335
      outer loop
         vertex -7.3617 5.3160 10.1057
         vertex -7.4460 5.3700 9.9500
         vertex -7.4460 5.3386 10.1057
      endloop
   endfacet
   facet normal 0.4390 0.4301 0.7888
      outer loop
         vertex -7.4443 5.1729 10.2864
         vertex -7.4364 5.1867 10.2757
         vertex -7.4046 5.2417 10.2328
      endloop
   endfacet
   facet normal 0.3736 0.5358 0.7572
      outer loop
         vertex -7.4443 5.1729 10.2864
         vertex -7.4046 5.2417 10.2328
         vertex -7.4460 5.2528 10.2328
      endloop
   endfacet
   facet normal 0.4409 0.4461 0.7788
      outer loop
         vertex -7.4443 5.1729 10.2864
         vertex -7.4460 5.2528 10.2328
         vertex -7.4460 5.1700 10.2887
      endloop
   endfacet
   facet normal 0.3819 0.7604 0.5254
      outer loop
         vertex -7.4046 5.2417 10.2328
         vertex -7.3617 5.3160 10.1057
         vertex -7.4460 5.3386 10.1057
      endloop
   endfacet
   facet normal 0.2756 0.7370 0.6172
      outer loop
         vertex -7.4046 5.2417 10.2328
         vertex -7.4460 5.3386 10.1057
         vertex -7.4460 5.2528 10.2328
      endloop
   endfacet
   facet normal 0.6411 0.1771 0.7468
      outer loop
         vertex -7.4437 5.1719 10.2864
         vertex -7.4449 5.1700 10.2880
         vertex -7.4435 5.1703 10.2870
      endloop
   endfacet
   facet normal 0.5939 0.2256 0.7722
      outer loop
         vertex -7.4437 5.1719 10.2864
         vertex -7.4435 5.1703 10.2870
         vertex -7.4430 5.1710 10.2864
      endloop
   endfacet
   facet normal 0.4902 0.3301 0.8067
      outer loop
         vertex -7.4337 5.1834 10.2757
         vertex -7.4350 5.1850 10.2757
         vertex -7.4430 5.1710 10.2864
      endloop
   endfacet
   facet normal 0.4736 0.4322 0.7674
      outer loop
         vertex -7.4046 5.2417 10.2328
         vertex -7.4310 5.1801 10.2757
         vertex -7.3719 5.2075 10.2328
      endloop
   endfacet
   facet normal 0.5002 0.5763 0.6463
      outer loop
         vertex -7.3617 5.3160 10.1057
         vertex -7.4046 5.2417 10.2328
         vertex -7.3719 5.2075 10.2328
      endloop
   endfacet
   facet normal 0.4148 0.4449 0.7937
      outer loop
         vertex -7.4046 5.2417 10.2328
         vertex -7.4364 5.1867 10.2757
         vertex -7.4350 5.1850 10.2757
      endloop
   endfacet
   facet normal 0.4376 0.4266 0.7915
      outer loop
         vertex -7.4046 5.2417 10.2328
         vertex -7.4350 5.1850 10.2757
         vertex -7.4337 5.1834 10.2757
      endloop
   endfacet
   facet normal 0.4362 0.4255 0.7929
      outer loop
         vertex -7.4046 5.2417 10.2328
         vertex -7.4337 5.1834 10.2757
         vertex -7.4323 5.1818 10.2757
      endloop
   endfacet
   facet normal 0.4311 0.4267 0.7950
      outer loop
         vertex -7.4046 5.2417 10.2328
         vertex -7.4323 5.1818 10.2757
         vertex -7.4310 5.1801 10.2757
      endloop
   endfacet
   facet normal 0.4723 0.3499 0.8090
      outer loop
         vertex -7.4350 5.1850 10.2757
         vertex -7.4364 5.1867 10.2757
         vertex -7.4437 5.1719 10.2864
      endloop
   endfacet
   facet normal 0.5227 0.3024 0.7971
      outer loop
         vertex -7.4350 5.1850 10.2757
         vertex -7.4437 5.1719 10.2864
         vertex -7.4430 5.1710 10.2864
      endloop
   endfacet
   facet normal 0.4965 0.3317 0.8021
      outer loop
         vertex -7.4364 5.1867 10.2757
         vertex -7.4443 5.1729 10.2864
         vertex -7.4437 5.1719 10.2864
      endloop
   endfacet
   facet normal 0.6502 0.1861 0.7366
      outer loop
         vertex -7.4443 5.1729 10.2864
         vertex -7.4460 5.1699 10.2887
         vertex -7.4449 5.1701 10.2880
      endloop
   endfacet
   facet normal 0.5980 0.2358 0.7660
      outer loop
         vertex -7.4443 5.1729 10.2864
         vertex -7.4449 5.1701 10.2880
         vertex -7.4437 5.1719 10.2864
      endloop
   endfacet
   facet normal 0.6478 0.1775 0.7409
      outer loop
         vertex -7.4437 5.1719 10.2864
         vertex -7.4449 5.1701 10.2880
         vertex -7.4449 5.1700 10.2880
      endloop
   endfacet
   facet normal 0.6123 0.2324 0.7557
      outer loop
         vertex -7.4443 5.1729 10.2864
         vertex -7.4460 5.1700 10.2887
         vertex -7.4460 5.1699 10.2887
      endloop
   endfacet
   facet normal 0.4622 0.3470 0.8161
      outer loop
         vertex -7.4323 5.1818 10.2757
         vertex -7.4403 5.1709 10.2848
         vertex -7.4398 5.1710 10.2845
      endloop
   endfacet
   facet normal 0.4554 0.3528 0.8174
      outer loop
         vertex -7.4323 5.1818 10.2757
         vertex -7.4398 5.1710 10.2845
         vertex -7.4310 5.1801 10.2757
      endloop
   endfacet
   facet normal 0.4651 0.3492 0.8135
      outer loop
         vertex -7.4337 5.1834 10.2757
         vertex -7.4420 5.1706 10.2860
         vertex -7.4418 5.1706 10.2858
      endloop
   endfacet
   facet normal 0.4614 0.3523 0.8142
      outer loop
         vertex -7.4337 5.1834 10.2757
         vertex -7.4418 5.1706 10.2858
         vertex -7.4323 5.1818 10.2757
      endloop
   endfacet
   facet normal 0.4704 0.3414 0.8137
      outer loop
         vertex -7.4323 5.1818 10.2757
         vertex -7.4418 5.1706 10.2858
         vertex -7.4411 5.1708 10.2853
      endloop
   endfacet
   facet normal 0.4700 0.3411 0.8141
      outer loop
         vertex -7.4323 5.1818 10.2757
         vertex -7.4411 5.1708 10.2853
         vertex -7.4403 5.1709 10.2848
      endloop
   endfacet
   facet normal 0.4991 0.3189 0.8057
      outer loop
         vertex -7.4337 5.1834 10.2757
         vertex -7.4430 5.1710 10.2864
         vertex -7.4426 5.1704 10.2864
      endloop
   endfacet
   facet normal 0.4726 0.3430 0.8118
      outer loop
         vertex -7.4337 5.1834 10.2757
         vertex -7.4426 5.1704 10.2864
         vertex -7.4420 5.1706 10.2860
      endloop
   endfacet
   facet normal 0.5711 0.2439 0.7838
      outer loop
         vertex -7.4426 5.1704 10.2864
         vertex -7.4430 5.1710 10.2864
         vertex -7.4435 5.1702 10.2870
      endloop
   endfacet
   facet normal 0.6313 0.1760 0.7553
      outer loop
         vertex -7.4430 5.1710 10.2864
         vertex -7.4435 5.1703 10.2870
         vertex -7.4435 5.1702 10.2870
      endloop
   endfacet
   facet normal 0.4544 0.3283 0.8281
      outer loop
         vertex -7.4256 5.1736 10.2757
         vertex -7.4265 5.1731 10.2764
         vertex -7.4264 5.1731 10.2763
      endloop
   endfacet
   facet normal 0.4927 0.3594 0.7925
      outer loop
         vertex -7.3719 5.2075 10.2328
         vertex -7.4310 5.1801 10.2757
         vertex -7.4297 5.1785 10.2757
      endloop
   endfacet
   facet normal 0.4932 0.3547 0.7943
      outer loop
         vertex -7.3719 5.2075 10.2328
         vertex -7.4297 5.1785 10.2757
         vertex -7.4283 5.1768 10.2757
      endloop
   endfacet
   facet normal 0.4924 0.3522 0.7959
      outer loop
         vertex -7.3719 5.2075 10.2328
         vertex -7.4283 5.1768 10.2757
         vertex -7.4256 5.1736 10.2757
      endloop
   endfacet
   facet normal 0.5260 0.2958 0.7974
      outer loop
         vertex -7.3719 5.2075 10.2328
         vertex -7.4256 5.1736 10.2757
         vertex -7.4122 5.1820 10.2650
      endloop
   endfacet
   facet normal 0.5571 0.2417 0.7945
      outer loop
         vertex -7.3719 5.2075 10.2328
         vertex -7.4122 5.1820 10.2650
         vertex -7.3988 5.1905 10.2543
      endloop
   endfacet
   facet normal 0.6276 0.6990 0.3428
      outer loop
         vertex -7.2994 5.2532 10.1057
         vertex -7.3460 5.3432 9.9500
         vertex -7.3617 5.3160 10.1057
      endloop
   endfacet
   facet normal 0.6407 0.5553 0.5302
      outer loop
         vertex -7.2994 5.2532 10.1057
         vertex -7.3617 5.3160 10.1057
         vertex -7.3719 5.2075 10.2328
      endloop
   endfacet
   facet normal 0.7560 0.5979 0.2666
      outer loop
         vertex -7.2728 5.2700 9.9500
         vertex -7.3460 5.3432 9.9500
         vertex -7.2994 5.2532 10.1057
      endloop
   endfacet
   facet normal 0.4548 0.3416 0.8224
      outer loop
         vertex -7.4297 5.1785 10.2757
         vertex -7.4362 5.1716 10.2822
         vertex -7.4345 5.1718 10.2812
      endloop
   endfacet
   facet normal 0.4507 0.3443 0.8236
      outer loop
         vertex -7.4297 5.1785 10.2757
         vertex -7.4345 5.1718 10.2812
         vertex -7.4283 5.1768 10.2757
      endloop
   endfacet
   facet normal 0.4513 0.3391 0.8255
      outer loop
         vertex -7.4283 5.1768 10.2757
         vertex -7.4335 5.1720 10.2805
         vertex -7.4265 5.1731 10.2764
      endloop
   endfacet
   facet normal 0.4481 0.3405 0.8266
      outer loop
         vertex -7.4283 5.1768 10.2757
         vertex -7.4265 5.1731 10.2764
         vertex -7.4256 5.1736 10.2757
      endloop
   endfacet
   facet normal 0.4530 0.3403 0.8240
      outer loop
         vertex -7.4283 5.1768 10.2757
         vertex -7.4345 5.1718 10.2812
         vertex -7.4335 5.1720 10.2805
      endloop
   endfacet
   facet normal 0.4558 0.3473 0.8195
      outer loop
         vertex -7.4310 5.1801 10.2757
         vertex -7.4384 5.1712 10.2836
         vertex -7.4374 5.1714 10.2830
      endloop
   endfacet
   facet normal 0.4513 0.3497 0.8210
      outer loop
         vertex -7.4310 5.1801 10.2757
         vertex -7.4374 5.1714 10.2830
         vertex -7.4297 5.1785 10.2757
      endloop
   endfacet
   facet normal 0.4559 0.3424 0.8215
      outer loop
         vertex -7.4297 5.1785 10.2757
         vertex -7.4374 5.1714 10.2830
         vertex -7.4362 5.1716 10.2822
      endloop
   endfacet
   facet normal 0.4569 0.3481 0.8186
      outer loop
         vertex -7.4310 5.1801 10.2757
         vertex -7.4398 5.1710 10.2845
         vertex -7.4384 5.1712 10.2836
      endloop
   endfacet
   facet normal 0.6059 -0.0052 0.7955
      outer loop
         vertex -7.3980 5.1874 10.2543
         vertex -7.4120 5.1804 10.2650
         vertex -7.4119 5.1796 10.2650
      endloop
   endfacet
   facet normal 0.6812 -0.4123 0.6049
      outer loop
         vertex -7.4249 5.1740 10.2749
         vertex -7.4254 5.1737 10.2753
         vertex -7.4120 5.1804 10.2650
      endloop
   endfacet
   facet normal 0.6735 -0.2416 0.6986
      outer loop
         vertex -7.4249 5.1740 10.2749
         vertex -7.4120 5.1804 10.2650
         vertex -7.4121 5.1812 10.2650
      endloop
   endfacet
   facet normal 0.5775 -0.0845 0.8120
      outer loop
         vertex -7.4263 5.1732 10.2752
         vertex -7.4264 5.1731 10.2753
         vertex -7.4113 5.1755 10.2650
      endloop
   endfacet
   facet normal 0.5835 -0.1446 0.7992
      outer loop
         vertex -7.4263 5.1732 10.2752
         vertex -7.4113 5.1755 10.2650
         vertex -7.4114 5.1763 10.2650
      endloop
   endfacet
   facet normal 0.5899 0.2296 0.7741
      outer loop
         vertex -7.3719 5.2075 10.2328
         vertex -7.3980 5.1874 10.2543
         vertex -7.3700 5.2014 10.2328
      endloop
   endfacet
   facet normal 0.8051 0.3464 0.4814
      outer loop
         vertex -7.2994 5.2532 10.1057
         vertex -7.3642 5.1830 10.2328
         vertex -7.2795 5.1964 10.1057
      endloop
   endfacet
   facet normal 0.8539 0.4233 0.3028
      outer loop
         vertex -7.2795 5.1964 10.1057
         vertex -7.2728 5.2700 9.9500
         vertex -7.2994 5.2532 10.1057
      endloop
   endfacet
   facet normal 0.8990 0.3676 0.2379
      outer loop
         vertex -7.2485 5.2013 9.9500
         vertex -7.2728 5.2700 9.9500
         vertex -7.2795 5.1964 10.1057
      endloop
   endfacet
   facet normal 0.6778 0.3553 0.6437
      outer loop
         vertex -7.2994 5.2532 10.1057
         vertex -7.3719 5.2075 10.2328
         vertex -7.3700 5.2014 10.2328
      endloop
   endfacet
   facet normal 0.6914 0.2940 0.6599
      outer loop
         vertex -7.2994 5.2532 10.1057
         vertex -7.3700 5.2014 10.2328
         vertex -7.3680 5.1952 10.2328
      endloop
   endfacet
   facet normal 0.7101 0.3023 0.6359
      outer loop
         vertex -7.2994 5.2532 10.1057
         vertex -7.3680 5.1952 10.2328
         vertex -7.3642 5.1830 10.2328
      endloop
   endfacet
   facet normal 0.5836 0.0836 0.8077
      outer loop
         vertex -7.3984 5.1890 10.2543
         vertex -7.3988 5.1905 10.2543
         vertex -7.4121 5.1812 10.2650
      endloop
   endfacet
   facet normal 0.5863 0.0667 0.8073
      outer loop
         vertex -7.3980 5.1874 10.2543
         vertex -7.3984 5.1890 10.2543
         vertex -7.4120 5.1804 10.2650
      endloop
   endfacet
   facet normal 0.5656 0.2252 0.7933
      outer loop
         vertex -7.3719 5.2075 10.2328
         vertex -7.3988 5.1905 10.2543
         vertex -7.3984 5.1890 10.2543
      endloop
   endfacet
   facet normal 0.5725 0.2098 0.7926
      outer loop
         vertex -7.3719 5.2075 10.2328
         vertex -7.3984 5.1890 10.2543
         vertex -7.3980 5.1874 10.2543
      endloop
   endfacet
   facet normal 0.6145 -0.0074 0.7889
      outer loop
         vertex -7.3984 5.1890 10.2543
         vertex -7.4121 5.1812 10.2650
         vertex -7.4120 5.1804 10.2650
      endloop
   endfacet
   facet normal 0.5762 0.1008 0.8110
      outer loop
         vertex -7.3988 5.1905 10.2543
         vertex -7.4122 5.1820 10.2650
         vertex -7.4121 5.1812 10.2650
      endloop
   endfacet
   facet normal 0.6243 -0.3870 0.6785
      outer loop
         vertex -7.4258 5.1735 10.2752
         vertex -7.4259 5.1734 10.2753
         vertex -7.4116 5.1780 10.2650
      endloop
   endfacet
   facet normal 0.6272 -0.2335 0.7430
      outer loop
         vertex -7.4258 5.1735 10.2752
         vertex -7.4116 5.1780 10.2650
         vertex -7.4117 5.1788 10.2650
      endloop
   endfacet
   facet normal 0.5990 -0.3698 0.7103
      outer loop
         vertex -7.4260 5.1733 10.2753
         vertex -7.4261 5.1733 10.2752
         vertex -7.4115 5.1771 10.2650
      endloop
   endfacet
   facet normal 0.6169 -0.3822 0.6880
      outer loop
         vertex -7.4259 5.1734 10.2753
         vertex -7.4259 5.1734 10.2752
         vertex -7.4116 5.1780 10.2650
      endloop
   endfacet
   facet normal 0.6062 -0.3752 0.7013
      outer loop
         vertex -7.4259 5.1734 10.2752
         vertex -7.4260 5.1733 10.2753
         vertex -7.4115 5.1771 10.2650
      endloop
   endfacet
   facet normal 0.6121 -0.2278 0.7572
      outer loop
         vertex -7.4259 5.1734 10.2752
         vertex -7.4115 5.1771 10.2650
         vertex -7.4116 5.1780 10.2650
      endloop
   endfacet
   facet normal 0.5818 -0.3562 0.7312
      outer loop
         vertex -7.4262 5.1732 10.2753
         vertex -7.4263 5.1732 10.2752
         vertex -7.4114 5.1763 10.2650
      endloop
   endfacet
   facet normal 0.5887 -0.3621 0.7227
      outer loop
         vertex -7.4261 5.1733 10.2752
         vertex -7.4262 5.1732 10.2753
         vertex -7.4114 5.1763 10.2650
      endloop
   endfacet
   facet normal 0.5975 -0.2210 0.7708
      outer loop
         vertex -7.4261 5.1733 10.2752
         vertex -7.4114 5.1763 10.2650
         vertex -7.4115 5.1771 10.2650
      endloop
   endfacet
   facet normal 0.6543 -0.4026 0.6402
      outer loop
         vertex -7.4256 5.1736 10.2753
         vertex -7.4256 5.1736 10.2752
         vertex -7.4119 5.1796 10.2650
      endloop
   endfacet
   facet normal 0.6734 -0.4100 0.6152
      outer loop
         vertex -7.4254 5.1737 10.2753
         vertex -7.4253 5.1738 10.2751
         vertex -7.4120 5.1804 10.2650
      endloop
   endfacet
   facet normal 0.6620 -0.4059 0.6301
      outer loop
         vertex -7.4253 5.1738 10.2751
         vertex -7.4256 5.1736 10.2753
         vertex -7.4119 5.1796 10.2650
      endloop
   endfacet
   facet normal 0.6580 -0.2405 0.7136
      outer loop
         vertex -7.4253 5.1738 10.2751
         vertex -7.4119 5.1796 10.2650
         vertex -7.4120 5.1804 10.2650
      endloop
   endfacet
   facet normal 0.6430 -0.3974 0.6547
      outer loop
         vertex -7.4256 5.1736 10.2752
         vertex -7.4257 5.1735 10.2753
         vertex -7.4117 5.1788 10.2650
      endloop
   endfacet
   facet normal 0.6426 -0.2378 0.7284
      outer loop
         vertex -7.4256 5.1736 10.2752
         vertex -7.4117 5.1788 10.2650
         vertex -7.4119 5.1796 10.2650
      endloop
   endfacet
   facet normal 0.6354 -0.3933 0.6646
      outer loop
         vertex -7.4257 5.1735 10.2753
         vertex -7.4258 5.1735 10.2752
         vertex -7.4117 5.1788 10.2650
      endloop
   endfacet
   facet normal 0.5713 0.0644 0.8182
      outer loop
         vertex -7.3968 5.1827 10.2543
         vertex -7.3972 5.1843 10.2543
         vertex -7.4116 5.1780 10.2650
      endloop
   endfacet
   facet normal 0.6168 0.1777 0.7668
      outer loop
         vertex -7.3642 5.1830 10.2328
         vertex -7.3680 5.1952 10.2328
         vertex -7.3964 5.1811 10.2543
      endloop
   endfacet
   facet normal 0.5947 0.1556 0.7887
      outer loop
         vertex -7.3642 5.1830 10.2328
         vertex -7.3964 5.1811 10.2543
         vertex -7.3960 5.1796 10.2543
      endloop
   endfacet
   facet normal 0.5960 0.1437 0.7900
      outer loop
         vertex -7.3642 5.1830 10.2328
         vertex -7.3960 5.1796 10.2543
         vertex -7.4113 5.1755 10.2650
      endloop
   endfacet
   facet normal 0.5612 0.0625 0.8253
      outer loop
         vertex -7.3960 5.1796 10.2543
         vertex -7.3964 5.1811 10.2543
         vertex -7.4114 5.1763 10.2650
      endloop
   endfacet
   facet normal 0.5619 0.0502 0.8257
      outer loop
         vertex -7.3960 5.1796 10.2543
         vertex -7.4114 5.1763 10.2650
         vertex -7.4113 5.1755 10.2650
      endloop
   endfacet
   facet normal 0.5754 -0.0047 0.8179
      outer loop
         vertex -7.3964 5.1811 10.2543
         vertex -7.4115 5.1771 10.2650
         vertex -7.4114 5.1763 10.2650
      endloop
   endfacet
   facet normal 0.5793 0.1496 0.8013
      outer loop
         vertex -7.3700 5.2014 10.2328
         vertex -7.3980 5.1874 10.2543
         vertex -7.3976 5.1858 10.2543
      endloop
   endfacet
   facet normal 0.5778 0.1492 0.8024
      outer loop
         vertex -7.3700 5.2014 10.2328
         vertex -7.3976 5.1858 10.2543
         vertex -7.3972 5.1843 10.2543
      endloop
   endfacet
   facet normal 0.5837 -0.0092 0.8119
      outer loop
         vertex -7.3968 5.1827 10.2543
         vertex -7.4116 5.1780 10.2650
         vertex -7.4115 5.1771 10.2650
      endloop
   endfacet
   facet normal 0.5662 0.0642 0.8218
      outer loop
         vertex -7.3964 5.1811 10.2543
         vertex -7.3968 5.1827 10.2543
         vertex -7.4115 5.1771 10.2650
      endloop
   endfacet
   facet normal 0.5969 0.1690 0.7843
      outer loop
         vertex -7.3700 5.2014 10.2328
         vertex -7.3972 5.1843 10.2543
         vertex -7.3680 5.1952 10.2328
      endloop
   endfacet
   facet normal 0.5753 0.1487 0.8043
      outer loop
         vertex -7.3680 5.1952 10.2328
         vertex -7.3972 5.1843 10.2543
         vertex -7.3968 5.1827 10.2543
      endloop
   endfacet
   facet normal 0.5736 0.1483 0.8056
      outer loop
         vertex -7.3680 5.1952 10.2328
         vertex -7.3968 5.1827 10.2543
         vertex -7.3964 5.1811 10.2543
      endloop
   endfacet
   facet normal 0.5907 -0.0061 0.8068
      outer loop
         vertex -7.3972 5.1843 10.2543
         vertex -7.4117 5.1788 10.2650
         vertex -7.4116 5.1780 10.2650
      endloop
   endfacet
   facet normal 0.5992 -0.0096 0.8005
      outer loop
         vertex -7.3976 5.1858 10.2543
         vertex -7.4119 5.1796 10.2650
         vertex -7.4117 5.1788 10.2650
      endloop
   endfacet
   facet normal 0.5813 0.0656 0.8111
      outer loop
         vertex -7.3976 5.1858 10.2543
         vertex -7.3980 5.1874 10.2543
         vertex -7.4119 5.1796 10.2650
      endloop
   endfacet
   facet normal 0.5764 0.0648 0.8146
      outer loop
         vertex -7.3972 5.1843 10.2543
         vertex -7.3976 5.1858 10.2543
         vertex -7.4117 5.1788 10.2650
      endloop
   endfacet
   facet normal 0.6927 -0.4151 0.5898
      outer loop
         vertex -7.4253 5.1738 10.2753
         vertex -7.4249 5.1740 10.2749
         vertex -7.4121 5.1812 10.2650
      endloop
   endfacet
   facet normal 0.6547 -0.1309 0.7445
      outer loop
         vertex -7.4121 5.1812 10.2650
         vertex -7.4122 5.1820 10.2650
         vertex -7.4253 5.1738 10.2753
      endloop
   endfacet
   facet normal 0.2577 0.0408 0.9654
      outer loop
         vertex -7.4838 5.1257 10.3186
         vertex -7.6168 4.9700 10.3500
         vertex -7.5224 4.3741 10.3500
      endloop
   endfacet
   facet normal 0.3198 0.0507 0.9461
      outer loop
         vertex -7.4838 5.1257 10.3186
         vertex -7.5224 4.3741 10.3500
         vertex -7.3736 4.4295 10.3186
      endloop
   endfacet
   facet normal 0.9345 0.1480 0.3238
      outer loop
         vertex -7.2795 5.1964 10.1057
         vertex -7.1701 4.5053 10.1057
         vertex -7.1400 4.5165 9.9500
      endloop
   endfacet
   facet normal 0.9535 0.1510 0.2609
      outer loop
         vertex -7.2795 5.1964 10.1057
         vertex -7.1400 4.5165 9.9500
         vertex -7.2485 5.2013 9.9500
      endloop
   endfacet
   facet normal 0.4980 0.0789 0.8636
      outer loop
         vertex -7.4460 5.1700 10.2887
         vertex -7.4838 5.1257 10.3186
         vertex -7.4460 5.1699 10.2887
      endloop
   endfacet
   facet normal 0.4408 0.0698 0.8949
      outer loop
         vertex -7.4460 5.1699 10.2887
         vertex -7.4838 5.1257 10.3186
         vertex -7.3736 4.4295 10.3186
      endloop
   endfacet
   facet normal 0.4980 0.0789 0.8636
      outer loop
         vertex -7.4460 5.1699 10.2887
         vertex -7.3736 4.4295 10.3186
         vertex -7.4449 5.1700 10.2880
      endloop
   endfacet
   facet normal 0.4980 0.0789 0.8636
      outer loop
         vertex -7.4449 5.1700 10.2880
         vertex -7.3736 4.4295 10.3186
         vertex -7.4435 5.1702 10.2870
      endloop
   endfacet
   facet normal 0.5521 0.0875 0.8291
      outer loop
         vertex -7.4449 5.1700 10.2880
         vertex -7.4435 5.1702 10.2870
         vertex -7.4435 5.1703 10.2870
      endloop
   endfacet
   facet normal 0.6028 0.0955 0.7921
      outer loop
         vertex -7.3736 4.4295 10.3186
         vertex -7.2520 4.4748 10.2328
         vertex -7.3642 5.1830 10.2328
      endloop
   endfacet
   facet normal 0.5509 0.0873 0.8300
      outer loop
         vertex -7.3736 4.4295 10.3186
         vertex -7.3642 5.1830 10.2328
         vertex -7.4113 5.1755 10.2650
      endloop
   endfacet
   facet normal 0.4980 0.0789 0.8636
      outer loop
         vertex -7.3736 4.4295 10.3186
         vertex -7.4113 5.1755 10.2650
         vertex -7.4264 5.1731 10.2753
      endloop
   endfacet
   facet normal 0.4980 0.0789 0.8636
      outer loop
         vertex -7.3736 4.4295 10.3186
         vertex -7.4264 5.1731 10.2753
         vertex -7.4411 5.1708 10.2853
      endloop
   endfacet
   facet normal 0.4980 0.0789 0.8636
      outer loop
         vertex -7.3736 4.4295 10.3186
         vertex -7.4411 5.1708 10.2853
         vertex -7.4418 5.1706 10.2858
      endloop
   endfacet
   facet normal 0.4980 0.0789 0.8636
      outer loop
         vertex -7.3736 4.4295 10.3186
         vertex -7.4418 5.1706 10.2858
         vertex -7.4420 5.1706 10.2860
      endloop
   endfacet
   facet normal 0.4980 0.0789 0.8636
      outer loop
         vertex -7.3736 4.4295 10.3186
         vertex -7.4420 5.1706 10.2860
         vertex -7.4426 5.1704 10.2864
      endloop
   endfacet
   facet normal 0.4980 0.0789 0.8636
      outer loop
         vertex -7.3736 4.4295 10.3186
         vertex -7.4426 5.1704 10.2864
         vertex -7.4435 5.1702 10.2870
      endloop
   endfacet
   facet normal 0.5521 0.0875 0.8291
      outer loop
         vertex -7.4449 5.1701 10.2880
         vertex -7.4460 5.1699 10.2887
         vertex -7.4449 5.1700 10.2880
      endloop
   endfacet
   facet normal 0.7824 0.1239 0.6103
      outer loop
         vertex -7.2795 5.1964 10.1057
         vertex -7.3642 5.1830 10.2328
         vertex -7.2520 4.4748 10.2328
      endloop
   endfacet
   facet normal 0.8545 0.1353 0.5015
      outer loop
         vertex -7.2795 5.1964 10.1057
         vertex -7.2520 4.4748 10.2328
         vertex -7.1701 4.5053 10.1057
      endloop
   endfacet
   facet normal -0.7534 -0.6575 0.0000
      outer loop
         vertex -10.3540 4.4900 7.3500
         vertex -10.3540 4.4900 10.3500
         vertex -10.5370 4.6730 10.3500
      endloop
   endfacet
   facet normal -0.6339 -0.7734 0.0000
      outer loop
         vertex -10.3540 4.4900 7.3500
         vertex -10.5370 4.6730 10.3500
         vertex -10.5370 4.6730 7.3500
      endloop
   endfacet
   facet normal -0.8876 -0.4607 0.0000
      outer loop
         vertex -10.3540 4.4900 10.3500
         vertex -10.3540 4.4900 7.3500
         vertex -10.2913 4.3053 7.3500
      endloop
   endfacet
   facet normal -0.9202 -0.3914 0.0000
      outer loop
         vertex -10.3540 4.4900 10.3500
         vertex -10.2913 4.3053 7.3500
         vertex -10.2913 4.3053 10.3500
      endloop
   endfacet
   facet normal -0.9071 0.0000 -0.4210
      outer loop
         vertex -6.6268 2.8000 10.8500
         vertex -6.6268 5.1000 10.8500
         vertex -6.6000 5.1000 10.7500
      endloop
   endfacet
   facet normal -0.9405 0.0000 -0.3399
      outer loop
         vertex -6.6268 2.8000 10.8500
         vertex -6.6000 5.1000 10.7500
         vertex -6.6000 2.8000 10.7500
      endloop
   endfacet
   facet normal -0.5751 0.0000 -0.8181
      outer loop
         vertex -6.7000 2.8000 10.9232
         vertex -6.7000 5.1129 10.9232
         vertex -6.6520 5.1000 10.8752
      endloop
   endfacet
   facet normal -0.7071 0.0000 -0.7071
      outer loop
         vertex -6.7000 2.8000 10.9232
         vertex -6.6520 5.1000 10.8752
         vertex -6.6268 5.1000 10.8500
      endloop
   endfacet
   facet normal -0.7672 0.0000 -0.6414
      outer loop
         vertex -6.7000 2.8000 10.9232
         vertex -6.6268 5.1000 10.8500
         vertex -6.6268 2.8000 10.8500
      endloop
   endfacet
   facet normal -0.4210 0.0000 -0.9071
      outer loop
         vertex -6.7000 5.1129 10.9232
         vertex -6.7000 2.8000 10.9232
         vertex -6.8000 2.8000 10.9500
      endloop
   endfacet
   facet normal -0.3399 0.0000 -0.9405
      outer loop
         vertex -6.7000 5.1129 10.9232
         vertex -6.8000 2.8000 10.9500
         vertex -6.8000 5.1396 10.9500
      endloop
   endfacet
   facet normal 0.0000 0.0000 -1.0000
      outer loop
         vertex -6.8000 2.8000 10.9500
         vertex -15.2000 2.8000 10.9500
         vertex -15.1216 3.3953 10.9500
      endloop
   endfacet
   facet normal 0.0000 0.0000 -1.0000
      outer loop
         vertex -6.8000 2.8000 10.9500
         vertex -15.1216 3.3953 10.9500
         vertex -14.8919 3.9500 10.9500
      endloop
   endfacet
   facet normal 0.0000 0.0000 -1.0000
      outer loop
         vertex -6.8000 2.8000 10.9500
         vertex -14.8919 3.9500 10.9500
         vertex -14.5263 4.4263 10.9500
      endloop
   endfacet
   facet normal 0.0000 0.0000 -1.0000
      outer loop
         vertex -6.8000 2.8000 10.9500
         vertex -14.5263 4.4263 10.9500
         vertex -14.2573 4.6568 10.9500
      endloop
   endfacet
   facet normal 0.0000 0.0000 -1.0000
      outer loop
         vertex -6.8000 2.8000 10.9500
         vertex -14.2573 4.6568 10.9500
         vertex -13.9420 4.8591 10.9500
      endloop
   endfacet
   facet normal 0.0000 0.0000 -1.0000
      outer loop
         vertex -6.8000 2.8000 10.9500
         vertex -13.9420 4.8591 10.9500
         vertex -12.9773 5.2587 10.9500
      endloop
   endfacet
   facet normal 0.0000 0.0000 -1.0000
      outer loop
         vertex -6.8000 2.8000 10.9500
         vertex -12.9773 5.2587 10.9500
         vertex -11.9420 5.3950 10.9500
      endloop
   endfacet
   facet normal 0.0000 0.0000 -1.0000
      outer loop
         vertex -6.8000 2.8000 10.9500
         vertex -11.9420 5.3950 10.9500
         vertex -11.0214 5.4345 10.9500
      endloop
   endfacet
   facet normal 0.0000 0.0000 -1.0000
      outer loop
         vertex -6.8000 2.8000 10.9500
         vertex -11.0214 5.4345 10.9500
         vertex -10.1000 5.4500 10.9500
      endloop
   endfacet
   facet normal 0.0000 0.0000 -1.0000
      outer loop
         vertex -6.8000 2.8000 10.9500
         vertex -10.1000 5.4500 10.9500
         vertex -7.3563 5.4500 10.9500
      endloop
   endfacet
   facet normal 0.0000 0.0000 -1.0000
      outer loop
         vertex -6.8000 2.8000 10.9500
         vertex -7.3563 5.4500 10.9500
         vertex -7.1563 5.3964 10.9500
      endloop
   endfacet
   facet normal 0.0000 0.0000 -1.0000
      outer loop
         vertex -6.8000 2.8000 10.9500
         vertex -7.1563 5.3964 10.9500
         vertex -7.0960 5.3537 10.9500
      endloop
   endfacet
   facet normal 0.0000 0.0000 -1.0000
      outer loop
         vertex -6.8000 2.8000 10.9500
         vertex -7.0960 5.3537 10.9500
         vertex -6.9123 5.1963 10.9500
      endloop
   endfacet
   facet normal 0.0000 0.0000 -1.0000
      outer loop
         vertex -6.8000 2.8000 10.9500
         vertex -6.9123 5.1963 10.9500
         vertex -6.8520 5.1536 10.9500
      endloop
   endfacet
   facet normal 0.0000 0.0000 -1.0000
      outer loop
         vertex -6.8000 2.8000 10.9500
         vertex -6.8520 5.1536 10.9500
         vertex -6.8000 5.1396 10.9500
      endloop
   endfacet
   facet normal 0.0000 0.0000 1.0000
      outer loop
         vertex -7.6168 4.9700 10.3500
         vertex -10.5200 4.9700 10.3500
         vertex -10.3540 4.4900 10.3500
      endloop
   endfacet
   facet normal 0.0000 0.0000 1.0000
      outer loop
         vertex -7.6168 4.9700 10.3500
         vertex -10.3540 4.4900 10.3500
         vertex -10.2913 4.3053 10.3500
      endloop
   endfacet
   facet normal 0.0000 0.0000 1.0000
      outer loop
         vertex -7.6168 4.9700 10.3500
         vertex -10.2913 4.3053 10.3500
         vertex -10.2059 3.6564 10.3500
      endloop
   endfacet
   facet normal 0.0000 0.0000 1.0000
      outer loop
         vertex -7.6168 4.9700 10.3500
         vertex -10.2059 3.6564 10.3500
         vertex -10.1933 3.6194 10.3500
      endloop
   endfacet
   facet normal 0.0000 0.0000 1.0000
      outer loop
         vertex -7.6168 4.9700 10.3500
         vertex -10.1933 3.6194 10.3500
         vertex -10.1567 3.5828 10.3500
      endloop
   endfacet
   facet normal 0.0000 0.0000 1.0000
      outer loop
         vertex -7.6168 4.9700 10.3500
         vertex -10.1567 3.5828 10.3500
         vertex -10.1067 3.5694 10.3500
      endloop
   endfacet
   facet normal 0.0000 0.0000 1.0000
      outer loop
         vertex -7.6168 4.9700 10.3500
         vertex -10.1067 3.5694 10.3500
         vertex -10.1015 3.5696 10.3500
      endloop
   endfacet
   facet normal 0.0000 0.0000 1.0000
      outer loop
         vertex -7.6168 4.9700 10.3500
         vertex -10.1015 3.5696 10.3500
         vertex -9.6142 3.5951 10.3500
      endloop
   endfacet
   facet normal 0.0000 0.0000 1.0000
      outer loop
         vertex -7.6168 4.9700 10.3500
         vertex -9.6142 3.5951 10.3500
         vertex -7.5224 4.3741 10.3500
      endloop
   endfacet
   facet normal 0.0000 0.0000 1.0000
      outer loop
         vertex -10.5200 4.9700 10.3500
         vertex -10.9336 4.9514 10.3500
         vertex -10.9237 4.7331 10.3500
      endloop
   endfacet
   facet normal 0.0000 0.0000 1.0000
      outer loop
         vertex -10.5200 4.9700 10.3500
         vertex -10.9237 4.7331 10.3500
         vertex -10.8325 4.7379 10.3500
      endloop
   endfacet
   facet normal 0.0000 0.0000 1.0000
      outer loop
         vertex -10.5200 4.9700 10.3500
         vertex -10.8325 4.7379 10.3500
         vertex -10.7870 4.7400 10.3500
      endloop
   endfacet
   facet normal 0.0000 0.0000 1.0000
      outer loop
         vertex -10.5200 4.9700 10.3500
         vertex -10.7870 4.7400 10.3500
         vertex -10.5370 4.6730 10.3500
      endloop
   endfacet
   facet normal 0.0000 0.0000 1.0000
      outer loop
         vertex -10.5200 4.9700 10.3500
         vertex -10.5370 4.6730 10.3500
         vertex -10.3540 4.4900 10.3500
      endloop
   endfacet
   facet normal 0.0000 0.0000 1.0000
      outer loop
         vertex -12.7971 4.4513 10.3500
         vertex -12.5755 4.4984 10.3500
         vertex -11.3573 4.8934 10.3500
      endloop
   endfacet
   facet normal 0.0000 0.0000 1.0000
      outer loop
         vertex -11.3573 4.8934 10.3500
         vertex -12.5755 4.4984 10.3500
         vertex -11.3511 4.6923 10.3500
      endloop
   endfacet
   facet normal 0.0000 0.0000 1.0000
      outer loop
         vertex -11.3573 4.8934 10.3500
         vertex -11.3511 4.6923 10.3500
         vertex -10.9336 4.9514 10.3500
      endloop
   endfacet
   facet normal 0.0000 0.0000 1.0000
      outer loop
         vertex -10.9336 4.9514 10.3500
         vertex -11.3511 4.6923 10.3500
         vertex -11.1379 4.7173 10.3500
      endloop
   endfacet
   facet normal 0.0000 0.0000 1.0000
      outer loop
         vertex -10.9336 4.9514 10.3500
         vertex -11.1379 4.7173 10.3500
         vertex -10.9237 4.7331 10.3500
      endloop
   endfacet
   facet normal 0.0000 0.0000 1.0000
      outer loop
         vertex -13.7709 3.8889 10.3500
         vertex -13.7086 3.9476 10.3500
         vertex -13.5430 4.4033 10.3500
      endloop
   endfacet
   facet normal 0.0000 0.0000 1.0000
      outer loop
         vertex -13.5430 4.4033 10.3500
         vertex -13.7086 3.9476 10.3500
         vertex -13.3190 4.2351 10.3500
      endloop
   endfacet
   facet normal 0.0000 0.0000 1.0000
      outer loop
         vertex -13.5430 4.4033 10.3500
         vertex -13.3190 4.2351 10.3500
         vertex -13.0118 4.6214 10.3500
      endloop
   endfacet
   facet normal 0.0000 0.0000 1.0000
      outer loop
         vertex -13.0118 4.6214 10.3500
         vertex -13.3190 4.2351 10.3500
         vertex -12.7971 4.4513 10.3500
      endloop
   endfacet
   facet normal 0.0000 0.0000 1.0000
      outer loop
         vertex -13.0118 4.6214 10.3500
         vertex -12.7971 4.4513 10.3500
         vertex -12.8078 4.6637 10.3500
      endloop
   endfacet
   facet normal 0.0000 0.0000 1.0000
      outer loop
         vertex -12.8078 4.6637 10.3500
         vertex -12.7971 4.4513 10.3500
         vertex -11.3573 4.8934 10.3500
      endloop
   endfacet
   facet normal 0.0000 0.0000 1.0000
      outer loop
         vertex -13.9862 4.0632 10.3500
         vertex -14.3263 3.6200 10.3500
         vertex -14.1405 3.2369 10.3500
      endloop
   endfacet
   facet normal 0.0000 0.0000 1.0000
      outer loop
         vertex -13.9862 4.0632 10.3500
         vertex -14.1405 3.2369 10.3500
         vertex -14.0616 3.4647 10.3500
      endloop
   endfacet
   facet normal 0.0000 0.0000 1.0000
      outer loop
         vertex -13.9862 4.0632 10.3500
         vertex -14.0616 3.4647 10.3500
         vertex -13.9934 3.5990 10.3500
      endloop
   endfacet
   facet normal 0.0000 0.0000 1.0000
      outer loop
         vertex -13.9862 4.0632 10.3500
         vertex -13.9934 3.5990 10.3500
         vertex -13.7709 3.8889 10.3500
      endloop
   endfacet
   facet normal 0.0000 0.0000 1.0000
      outer loop
         vertex -13.9862 4.0632 10.3500
         vertex -13.7709 3.8889 10.3500
         vertex -13.5430 4.4033 10.3500
      endloop
   endfacet
   facet normal 0.0000 0.0000 1.0000
      outer loop
         vertex -14.1980 2.8000 10.3500
         vertex -14.1405 3.2369 10.3500
         vertex -14.3263 3.6200 10.3500
      endloop
   endfacet
   facet normal 0.0000 0.0000 1.0000
      outer loop
         vertex -14.1980 2.8000 10.3500
         vertex -14.3263 3.6200 10.3500
         vertex -14.5457 3.0848 10.3500
      endloop
   endfacet
   facet normal 0.0000 0.0000 1.0000
      outer loop
         vertex -14.1980 2.8000 10.3500
         vertex -14.5457 3.0848 10.3500
         vertex -14.5816 2.9310 10.3500
      endloop
   endfacet
   facet normal 0.0000 0.0000 1.0000
      outer loop
         vertex -14.1980 2.8000 10.3500
         vertex -14.5816 2.9310 10.3500
         vertex -14.6393 2.8000 10.3500
      endloop
   endfacet
   facet normal -0.9014 0.4330 0.0000
      outer loop
         vertex -14.9630 3.0515 9.9500
         vertex -14.9630 3.0515 7.7500
         vertex -14.9999 2.9595 7.7500
      endloop
   endfacet
   facet normal -0.8701 0.4928 0.0000
      outer loop
         vertex -14.9630 3.0515 9.9500
         vertex -14.9999 2.9595 7.7500
         vertex -14.9999 2.9595 9.9500
      endloop
   endfacet
   facet normal -0.7599 0.4332 0.4846
      outer loop
         vertex -14.9021 2.8950 10.2328
         vertex -14.9330 3.0420 10.1057
         vertex -14.9737 2.9422 10.1057
      endloop
   endfacet
   facet normal -0.4728 0.4255 0.7716
      outer loop
         vertex -15.0620 2.7346 10.2328
         vertex -14.7960 2.8249 10.3186
         vertex -14.9021 2.8950 10.2328
      endloop
   endfacet
   facet normal -0.7455 0.6207 0.2427
      outer loop
         vertex -15.1280 2.8314 9.9500
         vertex -14.9737 2.9422 10.1057
         vertex -14.9999 2.9595 9.9500
      endloop
   endfacet
   facet normal -0.6990 0.3436 0.6272
      outer loop
         vertex -14.8513 3.0162 10.2328
         vertex -14.9330 3.0420 10.1057
         vertex -14.9021 2.8950 10.2328
      endloop
   endfacet
   facet normal -0.8512 0.4132 0.3235
      outer loop
         vertex -14.9330 3.0420 10.1057
         vertex -14.9630 3.0515 9.9500
         vertex -14.9737 2.9422 10.1057
      endloop
   endfacet
   facet normal -0.8446 0.4786 0.2403
      outer loop
         vertex -14.9630 3.0515 9.9500
         vertex -14.9999 2.9595 9.9500
         vertex -14.9737 2.9422 10.1057
      endloop
   endfacet
   facet normal -0.4325 0.2152 0.8756
      outer loop
         vertex -14.7300 2.9779 10.3186
         vertex -14.8513 3.0162 10.2328
         vertex -14.7960 2.8249 10.3186
      endloop
   endfacet
   facet normal -0.5423 0.3122 0.7800
      outer loop
         vertex -14.9021 2.8950 10.2328
         vertex -14.7960 2.8249 10.3186
         vertex -14.8513 3.0162 10.2328
      endloop
   endfacet
   facet normal -0.6616 0.5833 0.4712
      outer loop
         vertex -14.9737 2.9422 10.1057
         vertex -15.1103 2.8054 10.1057
         vertex -14.9021 2.8950 10.2328
      endloop
   endfacet
   facet normal -0.4288 0.2092 0.8789
      outer loop
         vertex -14.5712 3.7614 10.2328
         vertex -14.6939 3.1325 10.3186
         vertex -14.4611 3.6978 10.3186
      endloop
   endfacet
   facet normal -0.7961 0.3182 0.5147
      outer loop
         vertex -14.6455 3.8043 10.1057
         vertex -14.8965 3.1978 10.1057
         vertex -14.8149 3.1715 10.2328
      endloop
   endfacet
   facet normal -0.6225 0.1669 0.7646
      outer loop
         vertex -14.8513 3.0162 10.2328
         vertex -14.7300 2.9779 10.3186
         vertex -14.8149 3.1715 10.2328
      endloop
   endfacet
   facet normal -0.8567 0.2274 0.4631
      outer loop
         vertex -14.9330 3.0420 10.1057
         vertex -14.8513 3.0162 10.2328
         vertex -14.8965 3.1978 10.1057
      endloop
   endfacet
   facet normal -0.2212 0.1110 0.9689
      outer loop
         vertex -14.5457 3.0848 10.3500
         vertex -14.3263 3.6200 10.3500
         vertex -14.4611 3.6978 10.3186
      endloop
   endfacet
   facet normal -0.9032 0.3401 0.2619
      outer loop
         vertex -14.8965 3.1978 10.1057
         vertex -14.6727 3.8200 9.9500
         vertex -14.9265 3.2074 9.9500
      endloop
   endfacet
   facet normal -0.9170 0.2596 0.3028
      outer loop
         vertex -14.9265 3.2074 9.9500
         vertex -14.9330 3.0420 10.1057
         vertex -14.8965 3.1978 10.1057
      endloop
   endfacet
   facet normal -0.2492 0.0778 0.9653
      outer loop
         vertex -14.5457 3.0848 10.3500
         vertex -14.6939 3.1325 10.3186
         vertex -14.6938 3.1324 10.3186
      endloop
   endfacet
   facet normal -0.1913 0.0519 0.9802
      outer loop
         vertex -14.5457 3.0848 10.3500
         vertex -14.6938 3.1324 10.3186
         vertex -14.5816 2.9310 10.3500
      endloop
   endfacet
   facet normal -0.3330 0.0902 0.9386
      outer loop
         vertex -14.6938 3.1324 10.3186
         vertex -14.6939 3.1325 10.3186
         vertex -14.7300 2.9779 10.3186
      endloop
   endfacet
   facet normal -0.2752 0.0643 0.9592
      outer loop
         vertex -14.6938 3.1324 10.3186
         vertex -14.7300 2.9779 10.3186
         vertex -14.5816 2.9310 10.3500
      endloop
   endfacet
   facet normal -0.9411 0.2389 0.2395
      outer loop
         vertex -14.9330 3.0420 10.1057
         vertex -14.9265 3.2074 9.9500
         vertex -14.9630 3.0515 9.9500
      endloop
   endfacet
   facet normal -0.8550 0.3937 0.3377
      outer loop
         vertex -14.6727 3.8200 9.9500
         vertex -14.8965 3.1978 10.1057
         vertex -14.6455 3.8043 10.1057
      endloop
   endfacet
   facet normal -0.2865 0.1192 0.9506
      outer loop
         vertex -14.6939 3.1325 10.3186
         vertex -14.5457 3.0848 10.3500
         vertex -14.4611 3.6978 10.3186
      endloop
   endfacet
   facet normal -0.7721 0.2287 0.5929
      outer loop
         vertex -14.8513 3.0162 10.2328
         vertex -14.8149 3.1715 10.2328
         vertex -14.8965 3.1978 10.1057
      endloop
   endfacet
   facet normal -0.4986 0.1503 0.8537
      outer loop
         vertex -14.7300 2.9779 10.3186
         vertex -14.6939 3.1325 10.3186
         vertex -14.8149 3.1715 10.2328
      endloop
   endfacet
   facet normal -0.6997 0.3320 0.6327
      outer loop
         vertex -14.8149 3.1715 10.2328
         vertex -14.5712 3.7614 10.2328
         vertex -14.6455 3.8043 10.1057
      endloop
   endfacet
   facet normal -0.5537 0.2265 0.8013
      outer loop
         vertex -14.5712 3.7614 10.2328
         vertex -14.8149 3.1715 10.2328
         vertex -14.6939 3.1325 10.3186
      endloop
   endfacet
   facet normal -0.9671 0.2545 0.0000
      outer loop
         vertex -14.9630 3.0515 7.7500
         vertex -14.9630 3.0515 9.9500
         vertex -14.9265 3.2074 9.9500
      endloop
   endfacet
   facet normal -0.9598 0.2806 0.0000
      outer loop
         vertex -14.9630 3.0515 7.7500
         vertex -14.9265 3.2074 9.9500
         vertex -14.9265 3.2074 7.7500
      endloop
   endfacet
   facet normal -0.9280 0.3726 0.0000
      outer loop
         vertex -14.6727 3.8200 7.7500
         vertex -14.9265 3.2074 7.7500
         vertex -14.9265 3.2074 9.9500
      endloop
   endfacet
   facet normal -0.8992 0.4375 0.0000
      outer loop
         vertex -14.6727 3.8200 7.7500
         vertex -14.9265 3.2074 9.9500
         vertex -14.6727 3.8200 9.9500
      endloop
   endfacet
   facet normal -0.5101 0.8601 0.0000
      outer loop
         vertex -15.1280 2.8314 9.9500
         vertex -15.1280 2.8314 7.7500
         vertex -15.2000 2.8000 7.7500
      endloop
   endfacet
   facet normal -0.4553 0.8903 0.0000
      outer loop
         vertex -15.1280 2.8314 9.9500
         vertex -15.2000 2.8000 7.7500
         vertex -15.2000 2.8000 9.9500
      endloop
   endfacet
   facet normal -0.5091 0.8200 0.2615
      outer loop
         vertex -15.1280 2.8314 9.9500
         vertex -15.2000 2.8000 9.9500
         vertex -15.1103 2.8054 10.1057
      endloop
   endfacet
   facet normal -0.6464 0.6984 0.3073
      outer loop
         vertex -15.1103 2.8054 10.1057
         vertex -14.9737 2.9422 10.1057
         vertex -15.1280 2.8314 9.9500
      endloop
   endfacet
   facet normal -0.6646 0.7472 0.0000
      outer loop
         vertex -15.1280 2.8314 7.7500
         vertex -15.1280 2.8314 9.9500
         vertex -14.9999 2.9595 9.9500
      endloop
   endfacet
   facet normal -0.7566 0.6538 0.0000
      outer loop
         vertex -15.1280 2.8314 7.7500
         vertex -14.9999 2.9595 9.9500
         vertex -14.9999 2.9595 7.7500
      endloop
   endfacet
   facet normal 0.9804 -0.1970 0.0000
      outer loop
         vertex -14.1405 3.2369 7.3500
         vertex -14.1405 3.2369 10.3500
         vertex -14.1980 2.8000 10.3500
      endloop
   endfacet
   facet normal 0.9865 -0.1638 0.0000
      outer loop
         vertex -14.1405 3.2369 7.3500
         vertex -14.1980 2.8000 10.3500
         vertex -14.1980 2.8000 7.3500
      endloop
   endfacet
   facet normal 0.8140 -0.5809 0.0000
      outer loop
         vertex -13.9934 3.5990 10.3500
         vertex -13.9934 3.5990 7.3500
         vertex -13.7709 3.8889 7.3500
      endloop
   endfacet
   facet normal 0.7790 -0.6270 0.0000
      outer loop
         vertex -13.9934 3.5990 10.3500
         vertex -13.7709 3.8889 7.3500
         vertex -13.7709 3.8889 10.3500
      endloop
   endfacet
   facet normal 0.8622 -0.5066 0.0000
      outer loop
         vertex -13.9934 3.5990 7.3500
         vertex -13.9934 3.5990 10.3500
         vertex -14.0616 3.4647 10.3500
      endloop
   endfacet
   facet normal 0.8774 -0.4799 0.0000
      outer loop
         vertex -13.9934 3.5990 7.3500
         vertex -14.0616 3.4647 10.3500
         vertex -14.0616 3.4647 7.3500
      endloop
   endfacet
   facet normal 0.9648 -0.2628 0.0000
      outer loop
         vertex -14.1405 3.2369 10.3500
         vertex -14.1405 3.2369 7.3500
         vertex -14.0616 3.4647 7.3500
      endloop
   endfacet
   facet normal 0.9554 -0.2952 0.0000
      outer loop
         vertex -14.1405 3.2369 10.3500
         vertex -14.0616 3.4647 7.3500
         vertex -14.0616 3.4647 10.3500
      endloop
   endfacet
   facet normal 0.3079 0.7735 0.5540
      outer loop
         vertex -6.8800 5.0939 17.5876
         vertex -6.6520 5.0341 17.5876
         vertex -6.8650 5.1260 17.5319
      endloop
   endfacet
   facet normal 0.2554 0.6427 0.7223
      outer loop
         vertex -6.6520 4.9876 17.6341
         vertex -6.8800 5.0939 17.5876
         vertex -6.8998 5.0519 17.6341
      endloop
   endfacet
   facet normal 0.1849 0.5621 0.8061
      outer loop
         vertex -6.6520 4.9319 17.6695
         vertex -6.6520 4.9876 17.6341
         vertex -6.8998 5.0519 17.6341
      endloop
   endfacet
   facet normal 0.3451 0.6366 0.6896
      outer loop
         vertex -6.9552 5.1463 17.5876
         vertex -6.8998 5.0519 17.6341
         vertex -6.8800 5.0939 17.5876
      endloop
   endfacet
   facet normal 0.1913 0.4798 0.8562
      outer loop
         vertex -6.6520 4.9319 17.6695
         vertex -6.8998 5.0519 17.6341
         vertex -6.9235 5.0015 17.6695
      endloop
   endfacet
   facet normal 0.1728 0.3146 0.9334
      outer loop
         vertex -6.9503 4.9443 17.6921
         vertex -6.9235 5.0015 17.6695
         vertex -7.0217 5.0687 17.6695
      endloop
   endfacet
   facet normal 0.1179 0.2894 0.9499
      outer loop
         vertex -6.9235 5.0015 17.6695
         vertex -6.9503 4.9443 17.6921
         vertex -6.6520 4.8688 17.6921
      endloop
   endfacet
   facet normal 0.1251 0.3777 0.9175
      outer loop
         vertex -6.6520 4.9319 17.6695
         vertex -6.9235 5.0015 17.6695
         vertex -6.6520 4.8688 17.6921
      endloop
   endfacet
   facet normal 0.2537 0.4119 0.8752
      outer loop
         vertex -6.9235 5.0015 17.6695
         vertex -6.9855 5.1110 17.6341
         vertex -7.0217 5.0687 17.6695
      endloop
   endfacet
   facet normal 0.2653 0.4890 0.8309
      outer loop
         vertex -6.9855 5.1110 17.6341
         vertex -6.9235 5.0015 17.6695
         vertex -6.8998 5.0519 17.6341
      endloop
   endfacet
   facet normal 0.3481 0.5651 0.7480
      outer loop
         vertex -6.8998 5.0519 17.6341
         vertex -6.9552 5.1463 17.5876
         vertex -6.9855 5.1110 17.6341
      endloop
   endfacet
   facet normal 0.1234 0.1439 0.9819
      outer loop
         vertex -7.1076 4.9685 17.7000
         vertex -7.0628 5.0207 17.6921
         vertex -7.2465 5.1782 17.6921
      endloop
   endfacet
   facet normal 0.0989 0.1154 0.9884
      outer loop
         vertex -7.1076 4.9685 17.7000
         vertex -7.2465 5.1782 17.6921
         vertex -7.2689 5.1520 17.6960
      endloop
   endfacet
   facet normal 0.0745 0.0869 0.9934
      outer loop
         vertex -7.1076 4.9685 17.7000
         vertex -7.2689 5.1520 17.6960
         vertex -7.2737 5.1464 17.6969
      endloop
   endfacet
   facet normal 0.0745 0.0869 0.9934
      outer loop
         vertex -7.1076 4.9685 17.7000
         vertex -7.2737 5.1464 17.6969
         vertex -7.2912 5.1259 17.7000
      endloop
   endfacet
   facet normal 0.1949 0.2274 0.9541
      outer loop
         vertex -7.2465 5.1782 17.6921
         vertex -7.0628 5.0207 17.6921
         vertex -7.0217 5.0687 17.6695
      endloop
   endfacet
   facet normal 0.2412 0.2814 0.9288
      outer loop
         vertex -7.2465 5.1782 17.6921
         vertex -7.0217 5.0687 17.6695
         vertex -7.2054 5.2261 17.6695
      endloop
   endfacet
   facet normal 0.3281 0.3828 0.8636
      outer loop
         vertex -7.2054 5.2261 17.6695
         vertex -7.0217 5.0687 17.6695
         vertex -6.9855 5.1110 17.6341
      endloop
   endfacet
   facet normal 0.3687 0.4302 0.8240
      outer loop
         vertex -7.2054 5.2261 17.6695
         vertex -6.9855 5.1110 17.6341
         vertex -7.1691 5.2684 17.6341
      endloop
   endfacet
   facet normal 0.0600 0.1398 0.9884
      outer loop
         vertex -6.9503 4.9443 17.6921
         vertex -6.9795 4.8820 17.7000
         vertex -6.6520 4.8000 17.7000
      endloop
   endfacet
   facet normal 0.0648 0.1936 0.9789
      outer loop
         vertex -6.6520 4.8688 17.6921
         vertex -6.9503 4.9443 17.6921
         vertex -6.6520 4.8000 17.7000
      endloop
   endfacet
   facet normal 0.0748 0.1183 0.9902
      outer loop
         vertex -6.9795 4.8820 17.7000
         vertex -7.0628 5.0207 17.6921
         vertex -7.1076 4.9685 17.7000
      endloop
   endfacet
   facet normal 0.0863 0.1546 0.9842
      outer loop
         vertex -7.0628 5.0207 17.6921
         vertex -6.9795 4.8820 17.7000
         vertex -6.9503 4.9443 17.6921
      endloop
   endfacet
   facet normal 0.1462 0.2343 0.9611
      outer loop
         vertex -7.0217 5.0687 17.6695
         vertex -7.0628 5.0207 17.6921
         vertex -6.9503 4.9443 17.6921
      endloop
   endfacet
   facet normal 0.3518 0.8831 0.3104
      outer loop
         vertex -7.1597 5.3892 17.4688
         vertex -7.3563 5.4421 17.4688
         vertex -7.1693 5.3688 17.5319
      endloop
   endfacet
   facet normal 0.3086 0.9300 0.1996
      outer loop
         vertex -7.3563 5.4421 17.4688
         vertex -7.1597 5.3892 17.4688
         vertex -7.3563 5.4500 17.4000
      endloop
   endfacet
   facet normal 0.0000 0.0000 -1.0000
      outer loop
         vertex -6.8000 2.8000 16.9500
         vertex -15.2000 2.8000 16.9500
         vertex -15.1216 3.3953 16.9500
      endloop
   endfacet
   facet normal 0.0000 0.0000 -1.0000
      outer loop
         vertex -6.8000 2.8000 16.9500
         vertex -15.1216 3.3953 16.9500
         vertex -14.8919 3.9500 16.9500
      endloop
   endfacet
   facet normal 0.0000 0.0000 -1.0000
      outer loop
         vertex -6.8000 2.8000 16.9500
         vertex -14.8919 3.9500 16.9500
         vertex -14.5263 4.4263 16.9500
      endloop
   endfacet
   facet normal 0.0000 0.0000 -1.0000
      outer loop
         vertex -6.8000 2.8000 16.9500
         vertex -14.5263 4.4263 16.9500
         vertex -14.2573 4.6568 16.9500
      endloop
   endfacet
   facet normal 0.0000 0.0000 -1.0000
      outer loop
         vertex -6.8000 2.8000 16.9500
         vertex -14.2573 4.6568 16.9500
         vertex -13.9420 4.8591 16.9500
      endloop
   endfacet
   facet normal 0.0000 0.0000 -1.0000
      outer loop
         vertex -6.8000 2.8000 16.9500
         vertex -13.9420 4.8591 16.9500
         vertex -12.9773 5.2587 16.9500
      endloop
   endfacet
   facet normal 0.0000 0.0000 -1.0000
      outer loop
         vertex -6.8000 2.8000 16.9500
         vertex -12.9773 5.2587 16.9500
         vertex -11.9420 5.3950 16.9500
      endloop
   endfacet
   facet normal 0.0000 0.0000 -1.0000
      outer loop
         vertex -6.8000 2.8000 16.9500
         vertex -11.9420 5.3950 16.9500
         vertex -11.0214 5.4345 16.9500
      endloop
   endfacet
   facet normal 0.0000 0.0000 -1.0000
      outer loop
         vertex -6.8000 2.8000 16.9500
         vertex -11.0214 5.4345 16.9500
         vertex -10.1000 5.4500 16.9500
      endloop
   endfacet
   facet normal 0.0000 0.0000 -1.0000
      outer loop
         vertex -6.8000 2.8000 16.9500
         vertex -10.1000 5.4500 16.9500
         vertex -7.3563 5.4500 16.9500
      endloop
   endfacet
   facet normal 0.0000 0.0000 -1.0000
      outer loop
         vertex -6.8000 2.8000 16.9500
         vertex -7.3563 5.4500 16.9500
         vertex -7.1563 5.3964 16.9500
      endloop
   endfacet
   facet normal 0.0000 0.0000 -1.0000
      outer loop
         vertex -6.8000 2.8000 16.9500
         vertex -7.1563 5.3964 16.9500
         vertex -7.0960 5.3537 16.9500
      endloop
   endfacet
   facet normal 0.0000 0.0000 -1.0000
      outer loop
         vertex -6.8000 2.8000 16.9500
         vertex -7.0960 5.3537 16.9500
         vertex -6.9123 5.1963 16.9500
      endloop
   endfacet
   facet normal 0.0000 0.0000 -1.0000
      outer loop
         vertex -6.8000 2.8000 16.9500
         vertex -6.9123 5.1963 16.9500
         vertex -6.8520 5.1536 16.9500
      endloop
   endfacet
   facet normal 0.0000 0.0000 -1.0000
      outer loop
         vertex -6.8000 2.8000 16.9500
         vertex -6.8520 5.1536 16.9500
         vertex -6.8000 5.1396 16.9500
      endloop
   endfacet
   facet normal 0.3841 0.9107 0.1518
      outer loop
         vertex -7.1563 5.3964 17.4000
         vertex -7.3563 5.4500 17.4000
         vertex -7.1597 5.3892 17.4688
      endloop
   endfacet
   facet normal 0.5092 0.8154 0.2754
      outer loop
         vertex -7.1597 5.3892 17.4688
         vertex -7.1159 5.3306 17.5319
         vertex -7.1012 5.3477 17.4688
      endloop
   endfacet
   facet normal 0.4880 0.8546 0.1774
      outer loop
         vertex -7.1012 5.3477 17.4688
         vertex -7.1563 5.3964 17.4000
         vertex -7.1597 5.3892 17.4688
      endloop
   endfacet
   facet normal 0.5406 0.8297 0.1393
      outer loop
         vertex -7.0960 5.3537 17.4000
         vertex -7.1563 5.3964 17.4000
         vertex -7.1012 5.3477 17.4688
      endloop
   endfacet
   facet normal 0.4469 0.8191 0.3597
      outer loop
         vertex -7.1159 5.3306 17.5319
         vertex -7.1597 5.3892 17.4688
         vertex -7.1693 5.3688 17.5319
      endloop
   endfacet
   facet normal 0.6390 0.7455 0.1896
      outer loop
         vertex -7.1012 5.3477 17.4688
         vertex -6.9175 5.1903 17.4688
         vertex -6.9123 5.1963 17.4000
      endloop
   endfacet
   facet normal 0.6432 0.7504 0.1520
      outer loop
         vertex -7.1012 5.3477 17.4688
         vertex -6.9123 5.1963 17.4000
         vertex -7.0960 5.3537 17.4000
      endloop
   endfacet
   facet normal 0.6044 0.7052 0.3706
      outer loop
         vertex -7.1012 5.3477 17.4688
         vertex -7.1159 5.3306 17.5319
         vertex -6.9322 5.1731 17.5319
      endloop
   endfacet
   facet normal 0.6209 0.7244 0.2995
      outer loop
         vertex -7.1012 5.3477 17.4688
         vertex -6.9322 5.1731 17.5319
         vertex -6.9175 5.1903 17.4688
      endloop
   endfacet
   facet normal 0.7593 -0.6508 0.0000
      outer loop
         vertex -7.2878 5.1300 17.6996
         vertex -7.2902 5.1271 17.7000
         vertex -7.2737 5.1464 17.6969
      endloop
   endfacet
   facet normal 0.7593 -0.6508 0.0000
      outer loop
         vertex -7.2878 5.1300 17.6996
         vertex -7.2737 5.1464 17.6969
         vertex -7.2737 5.1464 17.6971
      endloop
   endfacet
   facet normal 0.7593 -0.6508 0.0000
      outer loop
         vertex -7.2878 5.1300 17.6996
         vertex -7.2737 5.1464 17.6971
         vertex -7.2737 5.1464 17.6973
      endloop
   endfacet
   facet normal 0.7593 -0.6508 0.0000
      outer loop
         vertex -7.2737 5.1464 17.6969
         vertex -7.2902 5.1271 17.7000
         vertex -7.2912 5.1259 17.7000
      endloop
   endfacet
   facet normal 0.0000 0.9819 0.1896
      outer loop
         vertex -10.0999 5.4421 17.4688
         vertex -7.3563 5.4421 17.4688
         vertex -7.3563 5.4500 17.4000
      endloop
   endfacet
   facet normal 0.0000 0.9884 0.1520
      outer loop
         vertex -10.0999 5.4421 17.4688
         vertex -7.3563 5.4500 17.4000
         vertex -10.1000 5.4500 17.4000
      endloop
   endfacet
   facet normal -0.0000 0.1520 0.9884
      outer loop
         vertex -10.0975 5.1500 17.7000
         vertex -7.3563 5.1500 17.7000
         vertex -7.3563 5.2188 17.6921
      endloop
   endfacet
   facet normal -0.0000 0.1896 0.9819
      outer loop
         vertex -10.0975 5.1500 17.7000
         vertex -7.3563 5.2188 17.6921
         vertex -10.0981 5.2188 17.6921
      endloop
   endfacet
   facet normal 0.0000 0.7325 0.6807
      outer loop
         vertex -7.3563 5.3841 17.5876
         vertex -10.0994 5.3841 17.5876
         vertex -10.0991 5.3376 17.6341
      endloop
   endfacet
   facet normal 0.0000 0.6807 0.7325
      outer loop
         vertex -7.3563 5.3841 17.5876
         vertex -10.0991 5.3376 17.6341
         vertex -7.3563 5.3376 17.6341
      endloop
   endfacet
   facet normal -0.0000 0.3706 0.9288
      outer loop
         vertex -7.3563 5.2819 17.6695
         vertex -10.0986 5.2819 17.6695
         vertex -10.0981 5.2188 17.6921
      endloop
   endfacet
   facet normal -0.0000 0.2995 0.9541
      outer loop
         vertex -7.3563 5.2819 17.6695
         vertex -10.0981 5.2188 17.6921
         vertex -7.3563 5.2188 17.6921
      endloop
   endfacet
   facet normal -0.0000 0.5041 0.8636
      outer loop
         vertex -10.0986 5.2819 17.6695
         vertex -7.3563 5.2819 17.6695
         vertex -7.3563 5.3376 17.6341
      endloop
   endfacet
   facet normal -0.0000 0.5665 0.8240
      outer loop
         vertex -10.0986 5.2819 17.6695
         vertex -7.3563 5.3376 17.6341
         vertex -10.0991 5.3376 17.6341
      endloop
   endfacet
   facet normal 0.0000 0.8240 0.5665
      outer loop
         vertex -10.0994 5.3841 17.5876
         vertex -7.3563 5.3841 17.5876
         vertex -7.3563 5.4195 17.5319
      endloop
   endfacet
   facet normal 0.0000 0.8636 0.5041
      outer loop
         vertex -10.0994 5.3841 17.5876
         vertex -7.3563 5.4195 17.5319
         vertex -10.0997 5.4195 17.5319
      endloop
   endfacet
   facet normal 0.0000 0.9288 0.3706
      outer loop
         vertex -10.0997 5.4195 17.5319
         vertex -7.3563 5.4195 17.5319
         vertex -7.3563 5.4421 17.4688
      endloop
   endfacet
   facet normal 0.0000 0.9541 0.2995
      outer loop
         vertex -10.0997 5.4195 17.5319
         vertex -7.3563 5.4421 17.4688
         vertex -10.0999 5.4421 17.4688
      endloop
   endfacet
   facet normal 0.3574 0.8973 0.2590
      outer loop
         vertex -7.3460 5.3432 15.9500
         vertex -7.4460 5.3700 15.9500
         vertex -7.4460 5.3386 16.1057
      endloop
   endfacet
   facet normal 0.4396 0.8324 0.3374
      outer loop
         vertex -7.3460 5.3432 15.9500
         vertex -7.4460 5.3386 16.1057
         vertex -7.3617 5.3160 16.1057
      endloop
   endfacet
   facet normal 0.3819 0.7604 0.5254
      outer loop
         vertex -7.4046 5.2417 16.2328
         vertex -7.3617 5.3160 16.1057
         vertex -7.4460 5.3386 16.1057
      endloop
   endfacet
   facet normal 0.2756 0.7370 0.6172
      outer loop
         vertex -7.4046 5.2417 16.2328
         vertex -7.4460 5.3386 16.1057
         vertex -7.4460 5.2528 16.2328
      endloop
   endfacet
   facet normal 0.6276 0.6990 0.3428
      outer loop
         vertex -7.3617 5.3160 16.1057
         vertex -7.2994 5.2532 16.1057
         vertex -7.3460 5.3432 15.9500
      endloop
   endfacet
   facet normal 0.2169 0.6326 0.7435
      outer loop
         vertex -7.3563 5.3841 17.5876
         vertex -7.3563 5.3376 17.6341
         vertex -7.2041 5.2947 17.6341
      endloop
   endfacet
   facet normal 0.3194 0.7969 0.5127
      outer loop
         vertex -7.3563 5.4195 17.5319
         vertex -7.1843 5.3368 17.5876
         vertex -7.1693 5.3688 17.5319
      endloop
   endfacet
   facet normal 0.1650 0.4607 0.8721
      outer loop
         vertex -7.3563 5.3376 17.6341
         vertex -7.3563 5.2819 17.6695
         vertex -7.2277 5.2443 17.6695
      endloop
   endfacet
   facet normal 0.1059 0.2600 0.9598
      outer loop
         vertex -7.3563 5.2819 17.6695
         vertex -7.3563 5.2188 17.6921
         vertex -7.2546 5.1871 17.6921
      endloop
   endfacet
   facet normal 0.0464 0.1388 0.9892
      outer loop
         vertex -7.3563 5.2188 17.6921
         vertex -7.3563 5.1500 17.7000
         vertex -7.2902 5.1271 17.7000
      endloop
   endfacet
   facet normal 0.0455 0.1381 0.9894
      outer loop
         vertex -7.3563 5.2188 17.6921
         vertex -7.2902 5.1271 17.7000
         vertex -7.2878 5.1300 17.6996
      endloop
   endfacet
   facet normal 0.7506 0.6608 0.0000
      outer loop
         vertex -7.2728 5.2700 15.9500
         vertex -7.2728 5.2700 13.7500
         vertex -7.3460 5.3432 13.7500
      endloop
   endfacet
   facet normal 0.6324 0.7746 0.0000
      outer loop
         vertex -7.2728 5.2700 15.9500
         vertex -7.3460 5.3432 13.7500
         vertex -7.3460 5.3432 15.9500
      endloop
   endfacet
   facet normal 0.7560 0.5979 0.2666
      outer loop
         vertex -7.2994 5.2532 16.1057
         vertex -7.2728 5.2700 15.9500
         vertex -7.3460 5.3432 15.9500
      endloop
   endfacet
   facet normal 0.0763 0.0910 0.9929
      outer loop
         vertex -7.2878 5.1300 17.6996
         vertex -7.2737 5.1464 17.6973
         vertex -7.2692 5.1560 17.6960
      endloop
   endfacet
   facet normal 0.1107 0.1167 0.9870
      outer loop
         vertex -7.2878 5.1300 17.6996
         vertex -7.2692 5.1560 17.6960
         vertex -7.2546 5.1871 17.6921
      endloop
   endfacet
   facet normal 0.0779 0.1626 0.9836
      outer loop
         vertex -7.2878 5.1300 17.6996
         vertex -7.2546 5.1871 17.6921
         vertex -7.3563 5.2188 17.6921
      endloop
   endfacet
   facet normal 0.1551 0.3274 0.9321
      outer loop
         vertex -7.2277 5.2443 17.6695
         vertex -7.3563 5.2819 17.6695
         vertex -7.2546 5.1871 17.6921
      endloop
   endfacet
   facet normal 0.2910 0.8740 0.3892
      outer loop
         vertex -7.3563 5.4421 17.4688
         vertex -7.3563 5.4195 17.5319
         vertex -7.1693 5.3688 17.5319
      endloop
   endfacet
   facet normal 0.2174 0.5153 0.8290
      outer loop
         vertex -7.2041 5.2947 17.6341
         vertex -7.3563 5.3376 17.6341
         vertex -7.2277 5.2443 17.6695
      endloop
   endfacet
   facet normal 0.2595 0.7716 0.5808
      outer loop
         vertex -7.1843 5.3368 17.5876
         vertex -7.3563 5.4195 17.5319
         vertex -7.3563 5.3841 17.5876
      endloop
   endfacet
   facet normal 0.2737 0.6729 0.6873
      outer loop
         vertex -7.2041 5.2947 17.6341
         vertex -7.1843 5.3368 17.5876
         vertex -7.3563 5.3841 17.5876
      endloop
   endfacet
   facet normal 0.2248 -0.0371 0.9737
      outer loop
         vertex -7.2736 5.1466 17.6969
         vertex -7.2737 5.1464 17.6969
         vertex -7.2689 5.1520 17.6960
      endloop
   endfacet
   facet normal 0.2635 -0.0667 0.9624
      outer loop
         vertex -7.2736 5.1466 17.6969
         vertex -7.2689 5.1520 17.6960
         vertex -7.2689 5.1525 17.6960
      endloop
   endfacet
   facet normal 0.2425 0.0520 0.9688
      outer loop
         vertex -7.2546 5.1871 17.6921
         vertex -7.2692 5.1560 17.6960
         vertex -7.2692 5.1555 17.6960
      endloop
   endfacet
   facet normal 0.3528 -0.0094 0.9357
      outer loop
         vertex -7.2546 5.1871 17.6921
         vertex -7.2692 5.1555 17.6960
         vertex -7.2691 5.1550 17.6960
      endloop
   endfacet
   facet normal 0.3422 -0.0157 0.9395
      outer loop
         vertex -7.2546 5.1871 17.6921
         vertex -7.2691 5.1550 17.6960
         vertex -7.2691 5.1545 17.6960
      endloop
   endfacet
   facet normal 0.2907 0.0051 0.9568
      outer loop
         vertex -7.2546 5.1871 17.6921
         vertex -7.2691 5.1545 17.6960
         vertex -7.2690 5.1540 17.6960
      endloop
   endfacet
   facet normal 0.4661 0.7417 0.4824
      outer loop
         vertex -7.1159 5.3306 17.5319
         vertex -7.1693 5.3688 17.5319
         vertex -7.1389 5.3037 17.5876
      endloop
   endfacet
   facet normal 0.3369 0.6014 0.7245
      outer loop
         vertex -7.1843 5.3368 17.5876
         vertex -7.2041 5.2947 17.6341
         vertex -7.1691 5.2684 17.6341
      endloop
   endfacet
   facet normal 0.2606 0.4441 0.8573
      outer loop
         vertex -7.2041 5.2947 17.6341
         vertex -7.2277 5.2443 17.6695
         vertex -7.2054 5.2261 17.6695
      endloop
   endfacet
   facet normal 0.1686 0.2288 0.9588
      outer loop
         vertex -7.2277 5.2443 17.6695
         vertex -7.2546 5.1871 17.6921
         vertex -7.2505 5.1826 17.6921
      endloop
   endfacet
   facet normal 0.1862 0.2311 0.9550
      outer loop
         vertex -7.2277 5.2443 17.6695
         vertex -7.2505 5.1826 17.6921
         vertex -7.2465 5.1782 17.6921
      endloop
   endfacet
   facet normal 0.2319 0.3210 0.9182
      outer loop
         vertex -7.2277 5.2443 17.6695
         vertex -7.2465 5.1782 17.6921
         vertex -7.2054 5.2261 17.6695
      endloop
   endfacet
   facet normal 0.3231 0.4906 0.8092
      outer loop
         vertex -7.2041 5.2947 17.6341
         vertex -7.2054 5.2261 17.6695
         vertex -7.1691 5.2684 17.6341
      endloop
   endfacet
   facet normal 0.4030 0.6318 0.6621
      outer loop
         vertex -7.1843 5.3368 17.5876
         vertex -7.1691 5.2684 17.6341
         vertex -7.1389 5.3037 17.5876
      endloop
   endfacet
   facet normal 0.4002 0.7278 0.5570
      outer loop
         vertex -7.1693 5.3688 17.5319
         vertex -7.1843 5.3368 17.5876
         vertex -7.1389 5.3037 17.5876
      endloop
   endfacet
   facet normal 0.1642 0.1119 0.9801
      outer loop
         vertex -7.2505 5.1826 17.6921
         vertex -7.2689 5.1520 17.6960
         vertex -7.2465 5.1782 17.6921
      endloop
   endfacet
   facet normal 0.1993 0.0809 0.9766
      outer loop
         vertex -7.2546 5.1871 17.6921
         vertex -7.2690 5.1540 17.6960
         vertex -7.2505 5.1826 17.6921
      endloop
   endfacet
   facet normal 0.2681 -0.0181 0.9632
      outer loop
         vertex -7.2505 5.1826 17.6921
         vertex -7.2690 5.1540 17.6960
         vertex -7.2690 5.1535 17.6960
      endloop
   endfacet
   facet normal 0.2680 -0.0274 0.9630
      outer loop
         vertex -7.2505 5.1826 17.6921
         vertex -7.2690 5.1535 17.6960
         vertex -7.2689 5.1530 17.6960
      endloop
   endfacet
   facet normal 0.2458 -0.0178 0.9692
      outer loop
         vertex -7.2505 5.1826 17.6921
         vertex -7.2689 5.1530 17.6960
         vertex -7.2689 5.1525 17.6960
      endloop
   endfacet
   facet normal 0.1919 0.0231 0.9811
      outer loop
         vertex -7.2505 5.1826 17.6921
         vertex -7.2689 5.1525 17.6960
         vertex -7.2689 5.1520 17.6960
      endloop
   endfacet
   facet normal 0.5309 -0.2201 0.8184
      outer loop
         vertex -7.2729 5.1482 17.6969
         vertex -7.2730 5.1478 17.6969
         vertex -7.2690 5.1540 17.6960
      endloop
   endfacet
   facet normal 0.4769 -0.1714 0.8621
      outer loop
         vertex -7.2729 5.1482 17.6969
         vertex -7.2690 5.1540 17.6960
         vertex -7.2691 5.1545 17.6960
      endloop
   endfacet
   facet normal 0.4137 -0.1724 0.8939
      outer loop
         vertex -7.2733 5.1473 17.6969
         vertex -7.2734 5.1471 17.6969
         vertex -7.2689 5.1530 17.6960
      endloop
   endfacet
   facet normal 0.3836 -0.1423 0.9125
      outer loop
         vertex -7.2733 5.1473 17.6969
         vertex -7.2689 5.1530 17.6960
         vertex -7.2690 5.1535 17.6960
      endloop
   endfacet
   facet normal 0.3596 -0.1445 0.9219
      outer loop
         vertex -7.2734 5.1469 17.6969
         vertex -7.2735 5.1467 17.6969
         vertex -7.2689 5.1525 17.6960
      endloop
   endfacet
   facet normal 0.3362 -0.1190 0.9342
      outer loop
         vertex -7.2734 5.1469 17.6969
         vertex -7.2689 5.1525 17.6960
         vertex -7.2689 5.1530 17.6960
      endloop
   endfacet
   facet normal 0.3403 -0.1344 0.9307
      outer loop
         vertex -7.2689 5.1525 17.6960
         vertex -7.2735 5.1467 17.6969
         vertex -7.2736 5.1466 17.6969
      endloop
   endfacet
   facet normal 0.3893 -0.1598 0.9071
      outer loop
         vertex -7.2689 5.1530 17.6960
         vertex -7.2734 5.1471 17.6969
         vertex -7.2734 5.1469 17.6969
      endloop
   endfacet
   facet normal 0.4804 -0.2060 0.8525
      outer loop
         vertex -7.2731 5.1477 17.6969
         vertex -7.2732 5.1475 17.6969
         vertex -7.2690 5.1535 17.6960
      endloop
   endfacet
   facet normal 0.4142 -0.1479 0.8981
      outer loop
         vertex -7.2731 5.1477 17.6969
         vertex -7.2690 5.1535 17.6960
         vertex -7.2690 5.1540 17.6960
      endloop
   endfacet
   facet normal 0.4514 -0.1916 0.8715
      outer loop
         vertex -7.2690 5.1535 17.6960
         vertex -7.2732 5.1475 17.6969
         vertex -7.2733 5.1473 17.6969
      endloop
   endfacet
   facet normal 0.5008 -0.2070 0.8404
      outer loop
         vertex -7.2690 5.1540 17.6960
         vertex -7.2730 5.1478 17.6969
         vertex -7.2731 5.1477 17.6969
      endloop
   endfacet
   facet normal 0.6975 -0.2900 0.6553
      outer loop
         vertex -7.2723 5.1494 17.6968
         vertex -7.2727 5.1485 17.6969
         vertex -7.2691 5.1550 17.6960
      endloop
   endfacet
   facet normal 0.5998 -0.2138 0.7711
      outer loop
         vertex -7.2723 5.1494 17.6968
         vertex -7.2691 5.1550 17.6960
         vertex -7.2692 5.1555 17.6960
      endloop
   endfacet
   facet normal 0.6343 -0.2718 0.7238
      outer loop
         vertex -7.2726 5.1487 17.6968
         vertex -7.2729 5.1482 17.6969
         vertex -7.2691 5.1545 17.6960
      endloop
   endfacet
   facet normal 0.5611 -0.2100 0.8007
      outer loop
         vertex -7.2726 5.1487 17.6968
         vertex -7.2691 5.1545 17.6960
         vertex -7.2691 5.1550 17.6960
      endloop
   endfacet
   facet normal 0.6079 -0.2624 0.7494
      outer loop
         vertex -7.2691 5.1545 17.6960
         vertex -7.2729 5.1482 17.6969
         vertex -7.2729 5.1482 17.6969
      endloop
   endfacet
   facet normal 0.6780 -0.2865 0.6770
      outer loop
         vertex -7.2691 5.1550 17.6960
         vertex -7.2727 5.1485 17.6969
         vertex -7.2726 5.1487 17.6968
      endloop
   endfacet
   facet normal 0.4688 -0.1251 0.8744
      outer loop
         vertex -7.2692 5.1555 17.6960
         vertex -7.2692 5.1560 17.6960
         vertex -7.2725 5.1489 17.6969
      endloop
   endfacet
   facet normal 0.7306 -0.2950 0.6158
      outer loop
         vertex -7.2692 5.1555 17.6960
         vertex -7.2725 5.1489 17.6969
         vertex -7.2723 5.1494 17.6968
      endloop
   endfacet
   facet normal 0.4430 0.5169 0.7325
      outer loop
         vertex -7.1389 5.3037 17.5876
         vertex -7.1691 5.2684 17.6341
         vertex -6.9855 5.1110 17.6341
      endloop
   endfacet
   facet normal 0.4767 0.5562 0.6807
      outer loop
         vertex -7.1389 5.3037 17.5876
         vertex -6.9855 5.1110 17.6341
         vertex -6.9552 5.1463 17.5876
      endloop
   endfacet
   facet normal 0.5620 0.6557 0.5041
      outer loop
         vertex -6.9322 5.1731 17.5319
         vertex -7.1159 5.3306 17.5319
         vertex -7.1389 5.3037 17.5876
      endloop
   endfacet
   facet normal 0.5363 0.6257 0.5665
      outer loop
         vertex -6.9322 5.1731 17.5319
         vertex -7.1389 5.3037 17.5876
         vertex -6.9552 5.1463 17.5876
      endloop
   endfacet
   facet normal 0.4095 0.7533 0.5147
      outer loop
         vertex -6.8650 5.1260 17.5319
         vertex -6.9322 5.1731 17.5319
         vertex -6.8800 5.0939 17.5876
      endloop
   endfacet
   facet normal 0.4555 0.8772 0.1517
      outer loop
         vertex -6.8520 5.1536 17.4000
         vertex -6.9123 5.1963 17.4000
         vertex -6.8554 5.1464 17.4688
      endloop
   endfacet
   facet normal 0.4854 0.7811 0.3928
      outer loop
         vertex -6.9322 5.1731 17.5319
         vertex -6.8650 5.1260 17.5319
         vertex -6.9175 5.1903 17.4688
      endloop
   endfacet
   facet normal 0.4548 0.8344 0.3113
      outer loop
         vertex -6.8554 5.1464 17.4688
         vertex -6.9175 5.1903 17.4688
         vertex -6.8650 5.1260 17.5319
      endloop
   endfacet
   facet normal 0.5181 0.8313 0.2013
      outer loop
         vertex -6.8554 5.1464 17.4688
         vertex -6.9123 5.1963 17.4000
         vertex -6.9175 5.1903 17.4688
      endloop
   endfacet
   facet normal 0.4264 0.6894 0.5856
      outer loop
         vertex -6.9322 5.1731 17.5319
         vertex -6.9552 5.1463 17.5876
         vertex -6.8800 5.0939 17.5876
      endloop
   endfacet
   facet normal 0.0000 0.9819 -0.1896
      outer loop
         vertex -7.3563 5.4421 0.2312
         vertex -10.0999 5.4421 0.2312
         vertex -10.1000 5.4500 0.3000
      endloop
   endfacet
   facet normal 0.0000 0.9884 -0.1520
      outer loop
         vertex -7.3563 5.4421 0.2312
         vertex -10.1000 5.4500 0.3000
         vertex -7.3563 5.4500 0.3000
      endloop
   endfacet
   facet normal 0.0000 0.1896 -0.9819
      outer loop
         vertex -10.0981 5.2188 0.0079
         vertex -7.3563 5.2188 0.0079
         vertex -7.3563 5.1500 0.0000
      endloop
   endfacet
   facet normal 0.0000 0.1520 -0.9884
      outer loop
         vertex -10.0981 5.2188 0.0079
         vertex -7.3563 5.1500 0.0000
         vertex -10.0975 5.1500 0.0000
      endloop
   endfacet
   facet normal 0.0000 0.6807 -0.7325
      outer loop
         vertex -7.3563 5.3376 0.0659
         vertex -10.0991 5.3376 0.0659
         vertex -10.0994 5.3841 0.1124
      endloop
   endfacet
   facet normal 0.0000 0.7325 -0.6807
      outer loop
         vertex -7.3563 5.3376 0.0659
         vertex -10.0994 5.3841 0.1124
         vertex -7.3563 5.3841 0.1124
      endloop
   endfacet
   facet normal 0.0000 0.1896 -0.9819
      outer loop
         vertex -6.6520 4.8688 0.0079
         vertex -2.2000 4.8688 0.0079
         vertex -2.2000 4.8000 0.0000
      endloop
   endfacet
   facet normal 0.0000 0.1520 -0.9884
      outer loop
         vertex -6.6520 4.8688 0.0079
         vertex -2.2000 4.8000 0.0000
         vertex -6.6520 4.8000 0.0000
      endloop
   endfacet
   facet normal 0.0000 0.2995 -0.9541
      outer loop
         vertex -2.2000 4.8688 0.0079
         vertex -6.6520 4.8688 0.0079
         vertex -6.6520 4.9319 0.0305
      endloop
   endfacet
   facet normal 0.0000 0.3706 -0.9288
      outer loop
         vertex -2.2000 4.8688 0.0079
         vertex -6.6520 4.9319 0.0305
         vertex -2.2000 4.9319 0.0305
      endloop
   endfacet
   facet normal 0.0000 0.5665 -0.8240
      outer loop
         vertex -6.6520 4.9319 0.0305
         vertex -6.6520 4.9876 0.0659
         vertex -2.2000 4.9876 0.0659
      endloop
   endfacet
   facet normal 0.0000 0.5041 -0.8636
      outer loop
         vertex -6.6520 4.9319 0.0305
         vertex -2.2000 4.9876 0.0659
         vertex -2.2000 4.9319 0.0305
      endloop
   endfacet
   facet normal 0.3079 0.7735 -0.5540
      outer loop
         vertex -6.8650 5.1260 0.1681
         vertex -6.6520 5.0341 0.1124
         vertex -6.8800 5.0939 0.1124
      endloop
   endfacet
   facet normal 1.0000 0.0000 0.0000
      outer loop
         vertex -1.4000 0.3000 8.1500
         vertex -1.4000 0.3818 4.1712
         vertex -1.4000 0.3818 7.5288
      endloop
   endfacet
   facet normal 1.0000 0.0000 0.0000
      outer loop
         vertex -1.4000 0.3818 7.5288
         vertex -1.4000 0.3818 4.1712
         vertex -1.4000 0.6215 4.7500
      endloop
   endfacet
   facet normal 1.0000 0.0000 0.0000
      outer loop
         vertex -1.4000 0.3818 7.5288
         vertex -1.4000 0.6215 4.7500
         vertex -1.4000 0.6215 6.9500
      endloop
   endfacet
   facet normal 1.0000 0.0000 0.0000
      outer loop
         vertex -1.4000 0.6215 6.9500
         vertex -1.4000 0.6215 4.7500
         vertex -1.4000 1.0029 5.2471
      endloop
   endfacet
   facet normal 1.0000 0.0000 0.0000
      outer loop
         vertex -1.4000 0.6215 6.9500
         vertex -1.4000 1.0029 5.2471
         vertex -1.4000 1.0029 6.4529
      endloop
   endfacet
   facet normal 1.0000 0.0000 0.0000
      outer loop
         vertex -1.4000 1.0029 6.4529
         vertex -1.4000 1.0029 5.2471
         vertex -1.4000 1.2197 5.4391
      endloop
   endfacet
   facet normal 1.0000 0.0000 0.0000
      outer loop
         vertex -1.4000 1.0029 6.4529
         vertex -1.4000 1.2197 5.4391
         vertex -1.4000 1.2197 6.2609
      endloop
   endfacet
   facet normal 1.0000 0.0000 0.0000
      outer loop
         vertex -1.4000 1.2197 6.2609
         vertex -1.4000 1.2197 5.4391
         vertex -1.4000 1.3194 5.5540
      endloop
   endfacet
   facet normal 1.0000 0.0000 0.0000
      outer loop
         vertex -1.4000 1.2197 6.2609
         vertex -1.4000 1.3194 5.5540
         vertex -1.4000 1.3194 6.1460
      endloop
   endfacet
   facet normal 1.0000 0.0000 0.0000
      outer loop
         vertex -1.4000 1.3194 6.1460
         vertex -1.4000 1.3194 5.5540
         vertex -1.4000 1.3730 5.7540
      endloop
   endfacet
   facet normal 1.0000 0.0000 0.0000
      outer loop
         vertex -1.4000 1.3194 6.1460
         vertex -1.4000 1.3730 5.7540
         vertex -1.4000 1.3730 5.9460
      endloop
   endfacet
   facet normal 1.0000 0.0000 0.0000
      outer loop
         vertex -1.4000 0.3818 4.1712
         vertex -1.4000 0.3000 8.1500
         vertex -1.4000 0.3000 3.5500
      endloop
   endfacet
   facet normal 1.0000 0.0000 0.0000
      outer loop
         vertex -1.4000 0.3000 0.0000
         vertex -1.4000 1.9000 0.0000
         vertex -1.4000 1.4000 0.1340
      endloop
   endfacet
   facet normal 1.0000 0.0000 0.0000
      outer loop
         vertex -1.4000 0.3000 0.0000
         vertex -1.4000 1.4000 0.1340
         vertex -1.4000 1.3752 0.1488
      endloop
   endfacet
   facet normal 1.0000 0.0000 0.0000
      outer loop
         vertex -1.4000 0.3000 0.0000
         vertex -1.4000 1.3752 0.1488
         vertex -1.4000 1.0029 0.4529
      endloop
   endfacet
   facet normal 1.0000 0.0000 0.0000
      outer loop
         vertex -1.4000 0.3000 0.0000
         vertex -1.4000 1.0029 0.4529
         vertex -1.4000 0.6215 0.9500
      endloop
   endfacet
   facet normal 1.0000 0.0000 0.0000
      outer loop
         vertex -1.4000 0.3000 0.0000
         vertex -1.4000 0.6215 0.9500
         vertex -1.4000 0.3818 1.5288
      endloop
   endfacet
   facet normal 1.0000 0.0000 0.0000
      outer loop
         vertex -1.4000 0.3000 0.0000
         vertex -1.4000 0.3818 1.5288
         vertex -1.4000 0.3000 2.1500
      endloop
   endfacet
   facet normal 1.0000 0.0000 0.0000
      outer loop
         vertex -2.0000 3.9000 2.8500
         vertex -2.0000 3.8455 3.2641
         vertex -2.0000 3.6856 3.6500
      endloop
   endfacet
   facet normal 1.0000 0.0000 0.0000
      outer loop
         vertex -2.0000 3.9000 2.8500
         vertex -2.0000 3.6856 3.6500
         vertex -2.0000 3.4314 3.9814
      endloop
   endfacet
   facet normal 1.0000 0.0000 0.0000
      outer loop
         vertex -2.0000 3.9000 2.8500
         vertex -2.0000 3.4314 3.9814
         vertex -2.0000 3.1000 4.2356
      endloop
   endfacet
   facet normal 1.0000 0.0000 0.0000
      outer loop
         vertex -2.0000 3.9000 2.8500
         vertex -2.0000 3.1000 4.2356
         vertex -2.0000 2.7141 4.3955
      endloop
   endfacet
   facet normal 1.0000 0.0000 0.0000
      outer loop
         vertex -2.0000 3.9000 2.8500
         vertex -2.0000 2.7141 4.3955
         vertex -2.0000 2.3000 4.4500
      endloop
   endfacet
   facet normal 1.0000 0.0000 0.0000
      outer loop
         vertex -2.0000 3.9000 2.8500
         vertex -2.0000 2.3000 4.4500
         vertex -2.0000 1.8859 4.3955
      endloop
   endfacet
   facet normal 1.0000 0.0000 0.0000
      outer loop
         vertex -2.0000 3.9000 2.8500
         vertex -2.0000 1.8859 4.3955
         vertex -2.0000 1.5000 4.2356
      endloop
   endfacet
   facet normal 1.0000 0.0000 0.0000
      outer loop
         vertex -2.0000 3.9000 2.8500
         vertex -2.0000 1.5000 4.2356
         vertex -2.0000 1.1686 3.9814
      endloop
   endfacet
   facet normal 1.0000 0.0000 0.0000
      outer loop
         vertex -2.0000 3.9000 2.8500
         vertex -2.0000 1.1686 3.9814
         vertex -2.0000 0.9144 3.6500
      endloop
   endfacet
   facet normal 1.0000 0.0000 0.0000
      outer loop
         vertex -2.0000 3.9000 2.8500
         vertex -2.0000 0.9144 3.6500
         vertex -2.0000 0.7545 3.2641
      endloop
   endfacet
   facet normal 1.0000 0.0000 0.0000
      outer loop
         vertex -2.0000 3.9000 2.8500
         vertex -2.0000 0.7545 3.2641
         vertex -2.0000 0.7000 2.8500
      endloop
   endfacet
   facet normal 1.0000 0.0000 0.0000
      outer loop
         vertex -2.0000 3.9000 2.8500
         vertex -2.0000 0.7000 2.8500
         vertex -2.0000 0.7545 2.4359
      endloop
   endfacet
   facet normal 1.0000 0.0000 0.0000
      outer loop
         vertex -2.0000 3.9000 2.8500
         vertex -2.0000 0.7545 2.4359
         vertex -2.0000 0.9144 2.0500
      endloop
   endfacet
   facet normal 1.0000 0.0000 0.0000
      outer loop
         vertex -2.0000 3.9000 2.8500
         vertex -2.0000 0.9144 2.0500
         vertex -2.0000 1.1686 1.7186
      endloop
   endfacet
   facet normal 1.0000 0.0000 0.0000
      outer loop
         vertex -2.0000 3.9000 2.8500
         vertex -2.0000 1.1686 1.7186
         vertex -2.0000 1.5000 1.4644
      endloop
   endfacet
   facet normal 1.0000 0.0000 0.0000
      outer loop
         vertex -2.0000 3.9000 2.8500
         vertex -2.0000 1.5000 1.4644
         vertex -2.0000 1.8859 1.3045
      endloop
   endfacet
   facet normal 1.0000 0.0000 0.0000
      outer loop
         vertex -2.0000 3.9000 2.8500
         vertex -2.0000 1.8859 1.3045
         vertex -2.0000 2.3000 1.2500
      endloop
   endfacet
   facet normal 1.0000 0.0000 0.0000
      outer loop
         vertex -2.0000 3.9000 2.8500
         vertex -2.0000 2.3000 1.2500
         vertex -2.0000 2.7141 1.3045
      endloop
   endfacet
   facet normal 1.0000 0.0000 0.0000
      outer loop
         vertex -2.0000 3.9000 2.8500
         vertex -2.0000 2.7141 1.3045
         vertex -2.0000 3.1000 1.4644
      endloop
   endfacet
   facet normal 1.0000 0.0000 0.0000
      outer loop
         vertex -2.0000 3.9000 2.8500
         vertex -2.0000 3.1000 1.4644
         vertex -2.0000 3.4314 1.7186
      endloop
   endfacet
   facet normal 1.0000 0.0000 0.0000
      outer loop
         vertex -2.0000 3.9000 2.8500
         vertex -2.0000 3.4314 1.7186
         vertex -2.0000 3.6856 2.0500
      endloop
   endfacet
   facet normal 1.0000 0.0000 0.0000
      outer loop
         vertex -2.0000 3.9000 2.8500
         vertex -2.0000 3.6856 2.0500
         vertex -2.0000 3.8455 2.4359
      endloop
   endfacet
   facet normal 0.0000 1.0000 0.0000
      outer loop
         vertex -15.2000 2.8000 1.3500
         vertex -14.6393 2.8000 1.3500
         vertex -6.6000 2.8000 0.9500
      endloop
   endfacet
   facet normal 0.0000 1.0000 0.0000
      outer loop
         vertex -6.6000 2.8000 0.9500
         vertex -14.6393 2.8000 1.3500
         vertex -14.1980 2.8000 1.3500
      endloop
   endfacet
   facet normal 0.0000 1.0000 0.0000
      outer loop
         vertex -6.6000 2.8000 0.9500
         vertex -14.1980 2.8000 1.3500
         vertex -6.6000 2.8000 4.7500
      endloop
   endfacet
   facet normal 0.0000 1.0000 0.0000
      outer loop
         vertex -6.6000 2.8000 4.7500
         vertex -14.1980 2.8000 1.3500
         vertex -14.1980 2.8000 4.3500
      endloop
   endfacet
   facet normal 0.0000 1.0000 0.0000
      outer loop
         vertex -6.6000 2.8000 4.7500
         vertex -14.1980 2.8000 4.3500
         vertex -15.2000 2.8000 4.9500
      endloop
   endfacet
   facet normal 0.0000 1.0000 0.0000
      outer loop
         vertex -15.2000 2.8000 4.9500
         vertex -14.1980 2.8000 4.3500
         vertex -14.6393 2.8000 4.3500
      endloop
   endfacet
   facet normal 0.0000 1.0000 0.0000
      outer loop
         vertex -15.2000 2.8000 4.9500
         vertex -14.6393 2.8000 4.3500
         vertex -15.2000 2.8000 4.3500
      endloop
   endfacet
   facet normal 0.0000 1.0000 0.0000
      outer loop
         vertex -15.2000 2.8000 1.3500
         vertex -6.6000 2.8000 0.9500
         vertex -6.6268 2.8000 0.8500
      endloop
   endfacet
   facet normal 0.0000 1.0000 0.0000
      outer loop
         vertex -15.2000 2.8000 1.3500
         vertex -6.6268 2.8000 0.8500
         vertex -6.7000 2.8000 0.7768
      endloop
   endfacet
   facet normal 0.0000 1.0000 0.0000
      outer loop
         vertex -15.2000 2.8000 1.3500
         vertex -6.7000 2.8000 0.7768
         vertex -6.8000 2.8000 0.7500
      endloop
   endfacet
   facet normal 0.0000 1.0000 0.0000
      outer loop
         vertex -15.2000 2.8000 1.3500
         vertex -6.8000 2.8000 0.7500
         vertex -15.2000 2.8000 0.7500
      endloop
   endfacet
   facet normal 0.0000 1.0000 0.0000
      outer loop
         vertex -15.2000 2.8000 4.9500
         vertex -6.8000 2.8000 4.9500
         vertex -6.7000 2.8000 4.9232
      endloop
   endfacet
   facet normal 0.0000 1.0000 0.0000
      outer loop
         vertex -15.2000 2.8000 4.9500
         vertex -6.7000 2.8000 4.9232
         vertex -6.6268 2.8000 4.8500
      endloop
   endfacet
   facet normal 0.0000 1.0000 0.0000
      outer loop
         vertex -15.2000 2.8000 4.9500
         vertex -6.6268 2.8000 4.8500
         vertex -6.6000 2.8000 4.7500
      endloop
   endfacet
   facet normal 0.0000 0.0000 1.0000
      outer loop
         vertex -15.2000 2.8000 0.7500
         vertex -6.8000 2.8000 0.7500
         vertex -6.8000 5.1396 0.7500
      endloop
   endfacet
   facet normal 0.0000 0.0000 1.0000
      outer loop
         vertex -15.2000 2.8000 0.7500
         vertex -6.8000 5.1396 0.7500
         vertex -6.8520 5.1536 0.7500
      endloop
   endfacet
   facet normal 0.0000 0.0000 1.0000
      outer loop
         vertex -15.2000 2.8000 0.7500
         vertex -6.8520 5.1536 0.7500
         vertex -6.9123 5.1963 0.7500
      endloop
   endfacet
   facet normal 0.0000 0.0000 1.0000
      outer loop
         vertex -15.2000 2.8000 0.7500
         vertex -6.9123 5.1963 0.7500
         vertex -7.0960 5.3537 0.7500
      endloop
   endfacet
   facet normal 0.0000 0.0000 1.0000
      outer loop
         vertex -15.2000 2.8000 0.7500
         vertex -7.0960 5.3537 0.7500
         vertex -7.1563 5.3964 0.7500
      endloop
   endfacet
   facet normal 0.0000 0.0000 1.0000
      outer loop
         vertex -15.2000 2.8000 0.7500
         vertex -7.1563 5.3964 0.7500
         vertex -7.3563 5.4500 0.7500
      endloop
   endfacet
   facet normal 0.0000 0.0000 1.0000
      outer loop
         vertex -15.2000 2.8000 0.7500
         vertex -7.3563 5.4500 0.7500
         vertex -10.1000 5.4500 0.7500
      endloop
   endfacet
   facet normal 0.0000 0.0000 1.0000
      outer loop
         vertex -15.2000 2.8000 0.7500
         vertex -10.1000 5.4500 0.7500
         vertex -11.0214 5.4345 0.7500
      endloop
   endfacet
   facet normal 0.0000 0.0000 1.0000
      outer loop
         vertex -15.2000 2.8000 0.7500
         vertex -11.0214 5.4345 0.7500
         vertex -11.9420 5.3950 0.7500
      endloop
   endfacet
   facet normal 0.0000 0.0000 1.0000
      outer loop
         vertex -15.2000 2.8000 0.7500
         vertex -11.9420 5.3950 0.7500
         vertex -12.9773 5.2587 0.7500
      endloop
   endfacet
   facet normal 0.0000 0.0000 1.0000
      outer loop
         vertex -15.2000 2.8000 0.7500
         vertex -12.9773 5.2587 0.7500
         vertex -13.9420 4.8591 0.7500
      endloop
   endfacet
   facet normal 0.0000 0.0000 1.0000
      outer loop
         vertex -15.2000 2.8000 0.7500
         vertex -13.9420 4.8591 0.7500
         vertex -14.2573 4.6568 0.7500
      endloop
   endfacet
   facet normal 0.0000 0.0000 1.0000
      outer loop
         vertex -15.2000 2.8000 0.7500
         vertex -14.2573 4.6568 0.7500
         vertex -14.5263 4.4263 0.7500
      endloop
   endfacet
   facet normal 0.0000 0.0000 1.0000
      outer loop
         vertex -15.2000 2.8000 0.7500
         vertex -14.5263 4.4263 0.7500
         vertex -14.8919 3.9500 0.7500
      endloop
   endfacet
   facet normal 0.0000 0.0000 1.0000
      outer loop
         vertex -15.2000 2.8000 0.7500
         vertex -14.8919 3.9500 0.7500
         vertex -15.1216 3.3953 0.7500
      endloop
   endfacet
   facet normal -0.4210 0.0000 0.9071
      outer loop
         vertex -6.7000 2.8000 0.7768
         vertex -6.7000 5.1129 0.7768
         vertex -6.8000 5.1396 0.7500
      endloop
   endfacet
   facet normal -0.3399 0.0000 0.9405
      outer loop
         vertex -6.7000 2.8000 0.7768
         vertex -6.8000 5.1396 0.7500
         vertex -6.8000 2.8000 0.7500
      endloop
   endfacet
   facet normal -0.8181 0.0000 0.5751
      outer loop
         vertex -6.6268 2.8000 0.8500
         vertex -6.6268 5.1000 0.8500
         vertex -6.6520 5.1000 0.8248
      endloop
   endfacet
   facet normal -0.7071 0.0000 0.7071
      outer loop
         vertex -6.6268 2.8000 0.8500
         vertex -6.6520 5.1000 0.8248
         vertex -6.7000 5.1129 0.7768
      endloop
   endfacet
   facet normal -0.6414 0.0000 0.7672
      outer loop
         vertex -6.6268 2.8000 0.8500
         vertex -6.7000 5.1129 0.7768
         vertex -6.7000 2.8000 0.7768
      endloop
   endfacet
   facet normal -0.9405 0.0000 0.3399
      outer loop
         vertex -6.6000 2.8000 0.9500
         vertex -6.6000 5.1000 0.9500
         vertex -6.6268 5.1000 0.8500
      endloop
   endfacet
   facet normal -0.9071 0.0000 0.4210
      outer loop
         vertex -6.6000 2.8000 0.9500
         vertex -6.6268 5.1000 0.8500
         vertex -6.6268 2.8000 0.8500
      endloop
   endfacet
   facet normal -1.0000 0.0000 0.0000
      outer loop
         vertex -6.6000 5.1000 0.9500
         vertex -6.6000 2.8000 0.9500
         vertex -6.6000 2.8000 4.7500
      endloop
   endfacet
   facet normal -1.0000 0.0000 0.0000
      outer loop
         vertex -6.6000 5.1000 0.9500
         vertex -6.6000 2.8000 4.7500
         vertex -6.6000 5.1000 4.7500
      endloop
   endfacet
   facet normal 0.9877 0.1564 0.0000
      outer loop
         vertex -7.2485 5.2013 3.9500
         vertex -7.1400 4.5165 3.9500
         vertex -7.1400 4.5165 1.7500
      endloop
   endfacet
   facet normal 0.9877 0.1564 0.0000
      outer loop
         vertex -7.2485 5.2013 3.9500
         vertex -7.1400 4.5165 1.7500
         vertex -7.2485 5.2013 1.7500
      endloop
   endfacet
   facet normal 0.9345 0.1480 -0.3238
      outer loop
         vertex -7.1701 4.5053 1.5943
         vertex -7.2795 5.1964 1.5943
         vertex -7.2485 5.2013 1.7500
      endloop
   endfacet
   facet normal 0.9535 0.1510 -0.2609
      outer loop
         vertex -7.1701 4.5053 1.5943
         vertex -7.2485 5.2013 1.7500
         vertex -7.1400 4.5165 1.7500
      endloop
   endfacet
   facet normal 0.8545 0.1353 -0.5015
      outer loop
         vertex -7.2795 5.1964 1.5943
         vertex -7.1701 4.5053 1.5943
         vertex -7.2520 4.4748 1.4672
      endloop
   endfacet
   facet normal 0.7824 0.1239 -0.6103
      outer loop
         vertex -7.2795 5.1964 1.5943
         vertex -7.2520 4.4748 1.4672
         vertex -7.3642 5.1830 1.4672
      endloop
   endfacet
   facet normal 0.9535 0.1510 0.2609
      outer loop
         vertex -7.1400 4.5165 3.9500
         vertex -7.2485 5.2013 3.9500
         vertex -7.2795 5.1964 4.1057
      endloop
   endfacet
   facet normal 0.9345 0.1480 0.3238
      outer loop
         vertex -7.1400 4.5165 3.9500
         vertex -7.2795 5.1964 4.1057
         vertex -7.1701 4.5053 4.1057
      endloop
   endfacet
   facet normal 0.7824 0.1239 0.6103
      outer loop
         vertex -7.2795 5.1964 4.1057
         vertex -7.3642 5.1830 4.2328
         vertex -7.2520 4.4748 4.2328
      endloop
   endfacet
   facet normal 0.8545 0.1353 0.5015
      outer loop
         vertex -7.2795 5.1964 4.1057
         vertex -7.2520 4.4748 4.2328
         vertex -7.1701 4.5053 4.1057
      endloop
   endfacet
   facet normal -0.9071 0.0000 -0.4210
      outer loop
         vertex -6.6268 2.8000 4.8500
         vertex -6.6268 5.1000 4.8500
         vertex -6.6000 5.1000 4.7500
      endloop
   endfacet
   facet normal -0.9405 0.0000 -0.3399
      outer loop
         vertex -6.6268 2.8000 4.8500
         vertex -6.6000 5.1000 4.7500
         vertex -6.6000 2.8000 4.7500
      endloop
   endfacet
   facet normal 0.0000 0.0000 1.0000
      outer loop
         vertex -15.2000 2.8000 6.7500
         vertex -6.8000 2.8000 6.7500
         vertex -6.8000 5.1396 6.7500
      endloop
   endfacet
   facet normal 0.0000 0.0000 1.0000
      outer loop
         vertex -15.2000 2.8000 6.7500
         vertex -6.8000 5.1396 6.7500
         vertex -6.8520 5.1536 6.7500
      endloop
   endfacet
   facet normal 0.0000 0.0000 1.0000
      outer loop
         vertex -15.2000 2.8000 6.7500
         vertex -6.8520 5.1536 6.7500
         vertex -6.9123 5.1963 6.7500
      endloop
   endfacet
   facet normal 0.0000 0.0000 1.0000
      outer loop
         vertex -15.2000 2.8000 6.7500
         vertex -6.9123 5.1963 6.7500
         vertex -7.0960 5.3537 6.7500
      endloop
   endfacet
   facet normal 0.0000 0.0000 1.0000
      outer loop
         vertex -15.2000 2.8000 6.7500
         vertex -7.0960 5.3537 6.7500
         vertex -7.1563 5.3964 6.7500
      endloop
   endfacet
   facet normal 0.0000 0.0000 1.0000
      outer loop
         vertex -15.2000 2.8000 6.7500
         vertex -7.1563 5.3964 6.7500
         vertex -7.3563 5.4500 6.7500
      endloop
   endfacet
   facet normal 0.0000 0.0000 1.0000
      outer loop
         vertex -15.2000 2.8000 6.7500
         vertex -7.3563 5.4500 6.7500
         vertex -10.1000 5.4500 6.7500
      endloop
   endfacet
   facet normal 0.0000 0.0000 1.0000
      outer loop
         vertex -15.2000 2.8000 6.7500
         vertex -10.1000 5.4500 6.7500
         vertex -11.0214 5.4345 6.7500
      endloop
   endfacet
   facet normal 0.0000 0.0000 1.0000
      outer loop
         vertex -15.2000 2.8000 6.7500
         vertex -11.0214 5.4345 6.7500
         vertex -11.9420 5.3950 6.7500
      endloop
   endfacet
   facet normal 0.0000 0.0000 1.0000
      outer loop
         vertex -15.2000 2.8000 6.7500
         vertex -11.9420 5.3950 6.7500
         vertex -12.9773 5.2587 6.7500
      endloop
   endfacet
   facet normal 0.0000 0.0000 1.0000
      outer loop
         vertex -15.2000 2.8000 6.7500
         vertex -12.9773 5.2587 6.7500
         vertex -13.9420 4.8591 6.7500
      endloop
   endfacet
   facet normal 0.0000 0.0000 1.0000
      outer loop
         vertex -15.2000 2.8000 6.7500
         vertex -13.9420 4.8591 6.7500
         vertex -14.2573 4.6568 6.7500
      endloop
   endfacet
   facet normal 0.0000 0.0000 1.0000
      outer loop
         vertex -15.2000 2.8000 6.7500
         vertex -14.2573 4.6568 6.7500
         vertex -14.5263 4.4263 6.7500
      endloop
   endfacet
   facet normal 0.0000 0.0000 1.0000
      outer loop
         vertex -15.2000 2.8000 6.7500
         vertex -14.5263 4.4263 6.7500
         vertex -14.8919 3.9500 6.7500
      endloop
   endfacet
   facet normal 0.0000 0.0000 1.0000
      outer loop
         vertex -15.2000 2.8000 6.7500
         vertex -14.8919 3.9500 6.7500
         vertex -15.1216 3.3953 6.7500
      endloop
   endfacet
   facet normal -0.4210 0.0000 0.9071
      outer loop
         vertex -6.7000 2.8000 6.7768
         vertex -6.7000 5.1129 6.7768
         vertex -6.8000 5.1396 6.7500
      endloop
   endfacet
   facet normal -0.3399 0.0000 0.9405
      outer loop
         vertex -6.7000 2.8000 6.7768
         vertex -6.8000 5.1396 6.7500
         vertex -6.8000 2.8000 6.7500
      endloop
   endfacet
   facet normal -0.8181 0.0000 0.5751
      outer loop
         vertex -6.6268 2.8000 6.8500
         vertex -6.6268 5.1000 6.8500
         vertex -6.6520 5.1000 6.8248
      endloop
   endfacet
   facet normal -0.7071 0.0000 0.7071
      outer loop
         vertex -6.6268 2.8000 6.8500
         vertex -6.6520 5.1000 6.8248
         vertex -6.7000 5.1129 6.7768
      endloop
   endfacet
   facet normal -0.6414 0.0000 0.7672
      outer loop
         vertex -6.6268 2.8000 6.8500
         vertex -6.7000 5.1129 6.7768
         vertex -6.7000 2.8000 6.7768
      endloop
   endfacet
   facet normal -0.9405 0.0000 0.3399
      outer loop
         vertex -6.6000 2.8000 6.9500
         vertex -6.6000 5.1000 6.9500
         vertex -6.6268 5.1000 6.8500
      endloop
   endfacet
   facet normal -0.9071 0.0000 0.4210
      outer loop
         vertex -6.6000 2.8000 6.9500
         vertex -6.6268 5.1000 6.8500
         vertex -6.6268 2.8000 6.8500
      endloop
   endfacet
   facet normal 0.9535 0.1510 -0.2609
      outer loop
         vertex -7.2795 5.1964 7.5943
         vertex -7.2485 5.2013 7.7500
         vertex -7.1400 4.5165 7.7500
      endloop
   endfacet
   facet normal 0.9345 0.1480 -0.3238
      outer loop
         vertex -7.2795 5.1964 7.5943
         vertex -7.1400 4.5165 7.7500
         vertex -7.1701 4.5053 7.5943
      endloop
   endfacet
   facet normal 0.8545 0.1353 -0.5015
      outer loop
         vertex -7.3642 5.1830 7.4672
         vertex -7.2795 5.1964 7.5943
         vertex -7.1701 4.5053 7.5943
      endloop
   endfacet
   facet normal 0.7824 0.1239 -0.6103
      outer loop
         vertex -7.3642 5.1830 7.4672
         vertex -7.1701 4.5053 7.5943
         vertex -7.2520 4.4748 7.4672
      endloop
   endfacet
   facet normal -0.5751 0.0000 -0.8181
      outer loop
         vertex -6.7000 2.8000 4.9232
         vertex -6.7000 5.1129 4.9232
         vertex -6.6520 5.1000 4.8752
      endloop
   endfacet
   facet normal -0.7071 0.0000 -0.7071
      outer loop
         vertex -6.7000 2.8000 4.9232
         vertex -6.6520 5.1000 4.8752
         vertex -6.6268 5.1000 4.8500
      endloop
   endfacet
   facet normal -0.7672 0.0000 -0.6414
      outer loop
         vertex -6.7000 2.8000 4.9232
         vertex -6.6268 5.1000 4.8500
         vertex -6.6268 2.8000 4.8500
      endloop
   endfacet
   facet normal -0.4210 0.0000 -0.9071
      outer loop
         vertex -6.7000 5.1129 4.9232
         vertex -6.7000 2.8000 4.9232
         vertex -6.8000 2.8000 4.9500
      endloop
   endfacet
   facet normal -0.3399 0.0000 -0.9405
      outer loop
         vertex -6.7000 5.1129 4.9232
         vertex -6.8000 2.8000 4.9500
         vertex -6.8000 5.1396 4.9500
      endloop
   endfacet
   facet normal 0.0000 0.0000 -1.0000
      outer loop
         vertex -6.8000 2.8000 4.9500
         vertex -15.2000 2.8000 4.9500
         vertex -15.1216 3.3953 4.9500
      endloop
   endfacet
   facet normal 0.0000 0.0000 -1.0000
      outer loop
         vertex -6.8000 2.8000 4.9500
         vertex -15.1216 3.3953 4.9500
         vertex -14.8919 3.9500 4.9500
      endloop
   endfacet
   facet normal 0.0000 0.0000 -1.0000
      outer loop
         vertex -6.8000 2.8000 4.9500
         vertex -14.8919 3.9500 4.9500
         vertex -14.5263 4.4263 4.9500
      endloop
   endfacet
   facet normal 0.0000 0.0000 -1.0000
      outer loop
         vertex -6.8000 2.8000 4.9500
         vertex -14.5263 4.4263 4.9500
         vertex -14.2573 4.6568 4.9500
      endloop
   endfacet
   facet normal 0.0000 0.0000 -1.0000
      outer loop
         vertex -6.8000 2.8000 4.9500
         vertex -14.2573 4.6568 4.9500
         vertex -13.9420 4.8591 4.9500
      endloop
   endfacet
   facet normal 0.0000 0.0000 -1.0000
      outer loop
         vertex -6.8000 2.8000 4.9500
         vertex -13.9420 4.8591 4.9500
         vertex -12.9773 5.2587 4.9500
      endloop
   endfacet
   facet normal 0.0000 0.0000 -1.0000
      outer loop
         vertex -6.8000 2.8000 4.9500
         vertex -12.9773 5.2587 4.9500
         vertex -11.9420 5.3950 4.9500
      endloop
   endfacet
   facet normal 0.0000 0.0000 -1.0000
      outer loop
         vertex -6.8000 2.8000 4.9500
         vertex -11.9420 5.3950 4.9500
         vertex -11.0214 5.4345 4.9500
      endloop
   endfacet
   facet normal 0.0000 0.0000 -1.0000
      outer loop
         vertex -6.8000 2.8000 4.9500
         vertex -11.0214 5.4345 4.9500
         vertex -10.1000 5.4500 4.9500
      endloop
   endfacet
   facet normal 0.0000 0.0000 -1.0000
      outer loop
         vertex -6.8000 2.8000 4.9500
         vertex -10.1000 5.4500 4.9500
         vertex -7.3563 5.4500 4.9500
      endloop
   endfacet
   facet normal 0.0000 0.0000 -1.0000
      outer loop
         vertex -6.8000 2.8000 4.9500
         vertex -7.3563 5.4500 4.9500
         vertex -7.1563 5.3964 4.9500
      endloop
   endfacet
   facet normal 0.0000 0.0000 -1.0000
      outer loop
         vertex -6.8000 2.8000 4.9500
         vertex -7.1563 5.3964 4.9500
         vertex -7.0960 5.3537 4.9500
      endloop
   endfacet
   facet normal 0.0000 0.0000 -1.0000
      outer loop
         vertex -6.8000 2.8000 4.9500
         vertex -7.0960 5.3537 4.9500
         vertex -6.9123 5.1963 4.9500
      endloop
   endfacet
   facet normal 0.0000 0.0000 -1.0000
      outer loop
         vertex -6.8000 2.8000 4.9500
         vertex -6.9123 5.1963 4.9500
         vertex -6.8520 5.1536 4.9500
      endloop
   endfacet
   facet normal 0.0000 0.0000 -1.0000
      outer loop
         vertex -6.8000 2.8000 4.9500
         vertex -6.8520 5.1536 4.9500
         vertex -6.8000 5.1396 4.9500
      endloop
   endfacet
   facet normal 0.0000 0.7659 0.6430
      outer loop
         vertex -0.1067 1.1686 1.7186
         vertex -2.0000 1.1686 1.7186
         vertex -2.0000 0.9144 2.0500
      endloop
   endfacet
   facet normal 0.0000 0.8193 0.5734
      outer loop
         vertex -0.1067 1.1686 1.7186
         vertex -2.0000 0.9144 2.0500
         vertex -0.0233 0.9144 2.0500
      endloop
   endfacet
   facet normal 0.0000 0.7934 0.6088
      outer loop
         vertex -0.1067 1.1686 1.7186
         vertex -0.0233 0.9144 2.0500
         vertex -0.0696 1.0744 1.8414
      endloop
   endfacet
   facet normal 0.0000 0.9536 0.3009
      outer loop
         vertex -2.0000 0.7545 2.4359
         vertex -0.0044 0.7545 2.4359
         vertex -0.0175 0.8944 2.0981
      endloop
   endfacet
   facet normal 0.0000 0.9239 0.3827
      outer loop
         vertex -2.0000 0.7545 2.4359
         vertex -0.0175 0.8944 2.0981
         vertex -0.0233 0.9144 2.0500
      endloop
   endfacet
   facet normal 0.0000 0.9062 0.4228
      outer loop
         vertex -2.0000 0.7545 2.4359
         vertex -0.0233 0.9144 2.0500
         vertex -2.0000 0.9144 2.0500
      endloop
   endfacet
   facet normal 0.0000 0.9990 0.0438
      outer loop
         vertex -2.0000 0.7000 2.8500
         vertex 0.0000 0.7000 2.8500
         vertex -0.0000 0.7079 2.7898
      endloop
   endfacet
   facet normal 0.0000 0.9914 0.1305
      outer loop
         vertex -2.0000 0.7000 2.8500
         vertex -0.0000 0.7079 2.7898
         vertex -0.0044 0.7545 2.4359
      endloop
   endfacet
   facet normal 0.0000 0.9848 0.1739
      outer loop
         vertex -2.0000 0.7000 2.8500
         vertex -0.0044 0.7545 2.4359
         vertex -2.0000 0.7545 2.4359
      endloop
   endfacet
   facet normal 0.0000 0.9962 -0.0869
      outer loop
         vertex 0.0000 0.7000 2.8500
         vertex -2.0000 0.7000 2.8500
         vertex -2.0000 0.7545 3.2641
      endloop
   endfacet
   facet normal 0.0000 0.9848 -0.1739
      outer loop
         vertex 0.0000 0.7000 2.8500
         vertex -2.0000 0.7545 3.2641
         vertex -0.0044 0.7545 3.2641
      endloop
   endfacet
   facet normal 0.0000 0.9914 -0.1305
      outer loop
         vertex 0.0000 0.7000 2.8500
         vertex -0.0044 0.7545 3.2641
         vertex -0.0000 0.7079 2.9102
      endloop
   endfacet
   facet normal 0.0000 0.8871 -0.4616
      outer loop
         vertex -2.0000 0.9144 3.6500
         vertex -0.0233 0.9144 3.6500
         vertex -0.0175 0.8944 3.6019
      endloop
   endfacet
   facet normal 0.0000 0.9239 -0.3827
      outer loop
         vertex -2.0000 0.9144 3.6500
         vertex -0.0175 0.8944 3.6019
         vertex -0.0044 0.7545 3.2641
      endloop
   endfacet
   facet normal 0.0000 0.9398 -0.3418
      outer loop
         vertex -2.0000 0.9144 3.6500
         vertex -0.0044 0.7545 3.2641
         vertex -2.0000 0.7545 3.2641
      endloop
   endfacet
   facet normal 0.0000 0.8433 0.5375
      outer loop
         vertex -2.0000 0.9144 8.0500
         vertex -0.0233 0.9144 8.0500
         vertex -0.0696 1.0744 7.8414
      endloop
   endfacet
   facet normal 0.0000 0.7934 0.6088
      outer loop
         vertex -2.0000 0.9144 8.0500
         vertex -0.0696 1.0744 7.8414
         vertex -0.1067 1.1686 7.7186
      endloop
   endfacet
   facet normal 0.0000 0.7659 0.6430
      outer loop
         vertex -2.0000 0.9144 8.0500
         vertex -0.1067 1.1686 7.7186
         vertex -2.0000 1.1686 7.7186
      endloop
   endfacet
   facet normal 0.0000 0.9062 0.4228
      outer loop
         vertex -0.0233 0.9144 8.0500
         vertex -2.0000 0.9144 8.0500
         vertex -2.0000 0.7545 8.4359
      endloop
   endfacet
   facet normal 0.0000 0.9398 0.3418
      outer loop
         vertex -0.0233 0.9144 8.0500
         vertex -2.0000 0.7545 8.4359
         vertex -0.0044 0.7545 8.4359
      endloop
   endfacet
   facet normal 0.0000 0.9239 0.3827
      outer loop
         vertex -0.0233 0.9144 8.0500
         vertex -0.0044 0.7545 8.4359
         vertex -0.0175 0.8944 8.0981
      endloop
   endfacet
   facet normal 0.0000 0.9990 0.0438
      outer loop
         vertex -2.0000 0.7000 8.8500
         vertex 0.0000 0.7000 8.8500
         vertex -0.0000 0.7079 8.7898
      endloop
   endfacet
   facet normal 0.0000 0.9914 0.1305
      outer loop
         vertex -2.0000 0.7000 8.8500
         vertex -0.0000 0.7079 8.7898
         vertex -0.0044 0.7545 8.4359
      endloop
   endfacet
   facet normal 0.0000 0.9848 0.1739
      outer loop
         vertex -2.0000 0.7000 8.8500
         vertex -0.0044 0.7545 8.4359
         vertex -2.0000 0.7545 8.4359
      endloop
   endfacet
   facet normal 0.0000 0.8193 -0.5734
      outer loop
         vertex -0.0233 0.9144 3.6500
         vertex -2.0000 0.9144 3.6500
         vertex -2.0000 1.1686 3.9814
      endloop
   endfacet
   facet normal 0.0000 0.7659 -0.6430
      outer loop
         vertex -0.0233 0.9144 3.6500
         vertex -2.0000 1.1686 3.9814
         vertex -0.1067 1.1686 3.9814
      endloop
   endfacet
   facet normal 0.0000 0.7934 -0.6088
      outer loop
         vertex -0.0233 0.9144 3.6500
         vertex -0.1067 1.1686 3.9814
         vertex -0.0696 1.0744 3.8586
      endloop
   endfacet
   facet normal 0.0000 -0.9062 -0.4228
      outer loop
         vertex -1.4000 0.3818 1.5288
         vertex -1.4000 0.6215 0.9500
         vertex 0.0000 0.6215 0.9500
      endloop
   endfacet
   facet normal 0.0000 -0.9398 -0.3418
      outer loop
         vertex -1.4000 0.3818 1.5288
         vertex 0.0000 0.6215 0.9500
         vertex 0.0000 0.3818 1.5288
      endloop
   endfacet
   facet normal 0.0000 -0.9398 0.3418
      outer loop
         vertex -1.4000 0.3818 4.1712
         vertex 0.0000 0.3818 4.1712
         vertex 0.0000 0.6215 4.7500
      endloop
   endfacet
   facet normal 0.0000 -0.9062 0.4228
      outer loop
         vertex -1.4000 0.3818 4.1712
         vertex 0.0000 0.6215 4.7500
         vertex -1.4000 0.6215 4.7500
      endloop
   endfacet
   facet normal 0.0000 -0.9763 0.2162
      outer loop
         vertex 0.0000 0.3818 4.1712
         vertex -1.4000 0.3818 4.1712
         vertex -1.4000 0.3000 3.5500
      endloop
   endfacet
   facet normal 0.0000 -0.9849 0.1734
      outer loop
         vertex 0.0000 0.3818 4.1712
         vertex -1.4000 0.3000 3.5500
         vertex 0.0000 0.3000 3.5500
      endloop
   endfacet
   facet normal 0.0000 -0.9849 -0.1734
      outer loop
         vertex 0.0000 0.3000 2.1500
         vertex -1.4000 0.3000 2.1500
         vertex -1.4000 0.3818 1.5288
      endloop
   endfacet
   facet normal 0.0000 -0.9763 -0.2162
      outer loop
         vertex 0.0000 0.3000 2.1500
         vertex -1.4000 0.3818 1.5288
         vertex 0.0000 0.3818 1.5288
      endloop
   endfacet
   facet normal 0.0000 -0.9849 -0.1734
      outer loop
         vertex 0.0000 0.3000 8.1500
         vertex -1.4000 0.3000 8.1500
         vertex -1.4000 0.3818 7.5288
      endloop
   endfacet
   facet normal 0.0000 -0.9763 -0.2162
      outer loop
         vertex 0.0000 0.3000 8.1500
         vertex -1.4000 0.3818 7.5288
         vertex 0.0000 0.3818 7.5288
      endloop
   endfacet
   facet normal 0.0000 -0.9062 -0.4228
      outer loop
         vertex -1.4000 0.3818 7.5288
         vertex -1.4000 0.6215 6.9500
         vertex 0.0000 0.6215 6.9500
      endloop
   endfacet
   facet normal 0.0000 -0.9398 -0.3418
      outer loop
         vertex -1.4000 0.3818 7.5288
         vertex 0.0000 0.6215 6.9500
         vertex 0.0000 0.3818 7.5288
      endloop
   endfacet
   facet normal 0.2554 0.6427 -0.7223
      outer loop
         vertex -6.8998 5.0519 0.0659
         vertex -6.8800 5.0939 0.1124
         vertex -6.6520 4.9876 0.0659
      endloop
   endfacet
   facet normal 0.1849 0.5621 -0.8061
      outer loop
         vertex -6.6520 4.9876 0.0659
         vertex -6.6520 4.9319 0.0305
         vertex -6.8998 5.0519 0.0659
      endloop
   endfacet
   facet normal 0.3451 0.6366 -0.6896
      outer loop
         vertex -6.8800 5.0939 0.1124
         vertex -6.8998 5.0519 0.0659
         vertex -6.9552 5.1463 0.1124
      endloop
   endfacet
   facet normal 0.1913 0.4798 -0.8562
      outer loop
         vertex -6.8998 5.0519 0.0659
         vertex -6.6520 4.9319 0.0305
         vertex -6.9235 5.0015 0.0305
      endloop
   endfacet
   facet normal 0.1728 0.3146 -0.9334
      outer loop
         vertex -6.9235 5.0015 0.0305
         vertex -6.9503 4.9443 0.0079
         vertex -7.0217 5.0687 0.0305
      endloop
   endfacet
   facet normal 0.1179 0.2894 -0.9499
      outer loop
         vertex -6.9503 4.9443 0.0079
         vertex -6.9235 5.0015 0.0305
         vertex -6.6520 4.8688 0.0079
      endloop
   endfacet
   facet normal 0.1251 0.3777 -0.9175
      outer loop
         vertex -6.6520 4.8688 0.0079
         vertex -6.9235 5.0015 0.0305
         vertex -6.6520 4.9319 0.0305
      endloop
   endfacet
   facet normal 0.2537 0.4119 -0.8752
      outer loop
         vertex -7.0217 5.0687 0.0305
         vertex -6.9855 5.1110 0.0659
         vertex -6.9235 5.0015 0.0305
      endloop
   endfacet
   facet normal 0.2653 0.4890 -0.8309
      outer loop
         vertex -6.9855 5.1110 0.0659
         vertex -6.8998 5.0519 0.0659
         vertex -6.9235 5.0015 0.0305
      endloop
   endfacet
   facet normal 0.3481 0.5651 -0.7480
      outer loop
         vertex -6.8998 5.0519 0.0659
         vertex -6.9855 5.1110 0.0659
         vertex -6.9552 5.1463 0.1124
      endloop
   endfacet
   facet normal 0.0863 0.1546 -0.9842
      outer loop
         vertex -6.9795 4.8820 0.0000
         vertex -7.0628 5.0207 0.0079
         vertex -6.9503 4.9443 0.0079
      endloop
   endfacet
   facet normal 0.0748 0.1183 -0.9902
      outer loop
         vertex -6.9795 4.8820 0.0000
         vertex -7.1076 4.9685 0.0000
         vertex -7.0628 5.0207 0.0079
      endloop
   endfacet
   facet normal 0.0600 0.1398 -0.9884
      outer loop
         vertex -6.6520 4.8000 0.0000
         vertex -6.9795 4.8820 0.0000
         vertex -6.9503 4.9443 0.0079
      endloop
   endfacet
   facet normal 0.0648 0.1936 -0.9789
      outer loop
         vertex -6.6520 4.8000 0.0000
         vertex -6.9503 4.9443 0.0079
         vertex -6.6520 4.8688 0.0079
      endloop
   endfacet
   facet normal 0.1462 0.2343 -0.9611
      outer loop
         vertex -6.9503 4.9443 0.0079
         vertex -7.0628 5.0207 0.0079
         vertex -7.0217 5.0687 0.0305
      endloop
   endfacet
   facet normal 0.4095 0.7533 -0.5147
      outer loop
         vertex -6.9322 5.1731 0.1681
         vertex -6.8650 5.1260 0.1681
         vertex -6.8800 5.0939 0.1124
      endloop
   endfacet
   facet normal 0.4555 0.8772 -0.1517
      outer loop
         vertex -6.9123 5.1963 0.3000
         vertex -6.8520 5.1536 0.3000
         vertex -6.8554 5.1464 0.2312
      endloop
   endfacet
   facet normal 0.4854 0.7811 -0.3928
      outer loop
         vertex -6.9322 5.1731 0.1681
         vertex -6.9175 5.1903 0.2312
         vertex -6.8650 5.1260 0.1681
      endloop
   endfacet
   facet normal 0.4548 0.8344 -0.3113
      outer loop
         vertex -6.8554 5.1464 0.2312
         vertex -6.8650 5.1260 0.1681
         vertex -6.9175 5.1903 0.2312
      endloop
   endfacet
   facet normal 0.5181 0.8313 -0.2013
      outer loop
         vertex -6.9123 5.1963 0.3000
         vertex -6.8554 5.1464 0.2312
         vertex -6.9175 5.1903 0.2312
      endloop
   endfacet
   facet normal 0.4264 0.6894 -0.5856
      outer loop
         vertex -6.8800 5.0939 0.1124
         vertex -6.9552 5.1463 0.1124
         vertex -6.9322 5.1731 0.1681
      endloop
   endfacet
   facet normal 0.0745 0.0869 -0.9934
      outer loop
         vertex -7.1076 4.9685 0.0000
         vertex -7.2912 5.1259 0.0000
         vertex -7.2737 5.1464 0.0031
      endloop
   endfacet
   facet normal 0.0745 0.0869 -0.9934
      outer loop
         vertex -7.1076 4.9685 0.0000
         vertex -7.2737 5.1464 0.0031
         vertex -7.2689 5.1520 0.0040
      endloop
   endfacet
   facet normal 0.0989 0.1154 -0.9884
      outer loop
         vertex -7.1076 4.9685 0.0000
         vertex -7.2689 5.1520 0.0040
         vertex -7.2465 5.1782 0.0079
      endloop
   endfacet
   facet normal 0.1234 0.1439 -0.9819
      outer loop
         vertex -7.1076 4.9685 0.0000
         vertex -7.2465 5.1782 0.0079
         vertex -7.0628 5.0207 0.0079
      endloop
   endfacet
   facet normal 0.6390 0.7455 -0.1896
      outer loop
         vertex -6.9123 5.1963 0.3000
         vertex -6.9175 5.1903 0.2312
         vertex -7.1012 5.3477 0.2312
      endloop
   endfacet
   facet normal 0.6432 0.7504 -0.1520
      outer loop
         vertex -6.9123 5.1963 0.3000
         vertex -7.1012 5.3477 0.2312
         vertex -7.0960 5.3537 0.3000
      endloop
   endfacet
   facet normal 0.2412 0.2814 -0.9288
      outer loop
         vertex -7.2465 5.1782 0.0079
         vertex -7.2054 5.2261 0.0305
         vertex -7.0217 5.0687 0.0305
      endloop
   endfacet
   facet normal 0.1949 0.2274 -0.9541
      outer loop
         vertex -7.2465 5.1782 0.0079
         vertex -7.0217 5.0687 0.0305
         vertex -7.0628 5.0207 0.0079
      endloop
   endfacet
   facet normal 0.3281 0.3828 -0.8636
      outer loop
         vertex -6.9855 5.1110 0.0659
         vertex -7.0217 5.0687 0.0305
         vertex -7.2054 5.2261 0.0305
      endloop
   endfacet
   facet normal 0.3687 0.4302 -0.8240
      outer loop
         vertex -6.9855 5.1110 0.0659
         vertex -7.2054 5.2261 0.0305
         vertex -7.1691 5.2684 0.0659
      endloop
   endfacet
   facet normal 0.4430 0.5169 -0.7325
      outer loop
         vertex -6.9855 5.1110 0.0659
         vertex -7.1691 5.2684 0.0659
         vertex -7.1389 5.3037 0.1124
      endloop
   endfacet
   facet normal 0.4767 0.5562 -0.6807
      outer loop
         vertex -6.9855 5.1110 0.0659
         vertex -7.1389 5.3037 0.1124
         vertex -6.9552 5.1463 0.1124
      endloop
   endfacet
   facet normal 0.5363 0.6257 -0.5665
      outer loop
         vertex -6.9322 5.1731 0.1681
         vertex -6.9552 5.1463 0.1124
         vertex -7.1389 5.3037 0.1124
      endloop
   endfacet
   facet normal 0.5620 0.6557 -0.5041
      outer loop
         vertex -6.9322 5.1731 0.1681
         vertex -7.1389 5.3037 0.1124
         vertex -7.1159 5.3306 0.1681
      endloop
   endfacet
   facet normal 0.6044 0.7052 -0.3706
      outer loop
         vertex -6.9175 5.1903 0.2312
         vertex -6.9322 5.1731 0.1681
         vertex -7.1159 5.3306 0.1681
      endloop
   endfacet
   facet normal 0.6209 0.7244 -0.2995
      outer loop
         vertex -6.9175 5.1903 0.2312
         vertex -7.1159 5.3306 0.1681
         vertex -7.1012 5.3477 0.2312
      endloop
   endfacet
   facet normal 0.2248 -0.0371 -0.9737
      outer loop
         vertex -7.2689 5.1520 0.0040
         vertex -7.2737 5.1464 0.0031
         vertex -7.2736 5.1466 0.0031
      endloop
   endfacet
   facet normal 0.2635 -0.0667 -0.9624
      outer loop
         vertex -7.2689 5.1520 0.0040
         vertex -7.2736 5.1466 0.0031
         vertex -7.2689 5.1525 0.0040
      endloop
   endfacet
   facet normal 0.2907 0.0051 -0.9568
      outer loop
         vertex -7.2546 5.1871 0.0079
         vertex -7.2690 5.1540 0.0040
         vertex -7.2691 5.1545 0.0040
      endloop
   endfacet
   facet normal 0.3422 -0.0157 -0.9395
      outer loop
         vertex -7.2546 5.1871 0.0079
         vertex -7.2691 5.1545 0.0040
         vertex -7.2691 5.1550 0.0040
      endloop
   endfacet
   facet normal 0.3528 -0.0094 -0.9357
      outer loop
         vertex -7.2546 5.1871 0.0079
         vertex -7.2691 5.1550 0.0040
         vertex -7.2692 5.1555 0.0040
      endloop
   endfacet
   facet normal 0.2425 0.0520 -0.9688
      outer loop
         vertex -7.2546 5.1871 0.0079
         vertex -7.2692 5.1555 0.0040
         vertex -7.2692 5.1560 0.0040
      endloop
   endfacet
   facet normal 0.4661 0.7417 -0.4824
      outer loop
         vertex -7.1389 5.3037 0.1124
         vertex -7.1693 5.3688 0.1681
         vertex -7.1159 5.3306 0.1681
      endloop
   endfacet
   facet normal 0.3369 0.6014 -0.7245
      outer loop
         vertex -7.2041 5.2947 0.0659
         vertex -7.1843 5.3368 0.1124
         vertex -7.1691 5.2684 0.0659
      endloop
   endfacet
   facet normal 0.2606 0.4441 -0.8573
      outer loop
         vertex -7.2054 5.2261 0.0305
         vertex -7.2277 5.2443 0.0305
         vertex -7.2041 5.2947 0.0659
      endloop
   endfacet
   facet normal 0.5092 0.8154 -0.2754
      outer loop
         vertex -7.1012 5.3477 0.2312
         vertex -7.1159 5.3306 0.1681
         vertex -7.1597 5.3892 0.2312
      endloop
   endfacet
   facet normal 0.1686 0.2288 -0.9588
      outer loop
         vertex -7.2505 5.1826 0.0079
         vertex -7.2546 5.1871 0.0079
         vertex -7.2277 5.2443 0.0305
      endloop
   endfacet
   facet normal 0.1862 0.2311 -0.9550
      outer loop
         vertex -7.2505 5.1826 0.0079
         vertex -7.2277 5.2443 0.0305
         vertex -7.2465 5.1782 0.0079
      endloop
   endfacet
   facet normal 0.4880 0.8546 -0.1774
      outer loop
         vertex -7.1563 5.3964 0.3000
         vertex -7.1012 5.3477 0.2312
         vertex -7.1597 5.3892 0.2312
      endloop
   endfacet
   facet normal 0.5406 0.8297 -0.1393
      outer loop
         vertex -7.0960 5.3537 0.3000
         vertex -7.1012 5.3477 0.2312
         vertex -7.1563 5.3964 0.3000
      endloop
   endfacet
   facet normal 0.2319 0.3210 -0.9182
      outer loop
         vertex -7.2465 5.1782 0.0079
         vertex -7.2277 5.2443 0.0305
         vertex -7.2054 5.2261 0.0305
      endloop
   endfacet
   facet normal 0.4469 0.8191 -0.3597
      outer loop
         vertex -7.1159 5.3306 0.1681
         vertex -7.1693 5.3688 0.1681
         vertex -7.1597 5.3892 0.2312
      endloop
   endfacet
   facet normal 0.3231 0.4906 -0.8092
      outer loop
         vertex -7.1691 5.2684 0.0659
         vertex -7.2054 5.2261 0.0305
         vertex -7.2041 5.2947 0.0659
      endloop
   endfacet
   facet normal 0.4030 0.6318 -0.6621
      outer loop
         vertex -7.1691 5.2684 0.0659
         vertex -7.1843 5.3368 0.1124
         vertex -7.1389 5.3037 0.1124
      endloop
   endfacet
   facet normal 0.4002 0.7278 -0.5570
      outer loop
         vertex -7.1843 5.3368 0.1124
         vertex -7.1693 5.3688 0.1681
         vertex -7.1389 5.3037 0.1124
      endloop
   endfacet
   facet normal 0.1642 0.1119 -0.9801
      outer loop
         vertex -7.2465 5.1782 0.0079
         vertex -7.2689 5.1520 0.0040
         vertex -7.2505 5.1826 0.0079
      endloop
   endfacet
   facet normal 0.1919 0.0231 -0.9811
      outer loop
         vertex -7.2505 5.1826 0.0079
         vertex -7.2689 5.1520 0.0040
         vertex -7.2689 5.1525 0.0040
      endloop
   endfacet
   facet normal 0.2458 -0.0178 -0.9692
      outer loop
         vertex -7.2505 5.1826 0.0079
         vertex -7.2689 5.1525 0.0040
         vertex -7.2689 5.1530 0.0040
      endloop
   endfacet
   facet normal 0.2680 -0.0274 -0.9630
      outer loop
         vertex -7.2505 5.1826 0.0079
         vertex -7.2689 5.1530 0.0040
         vertex -7.2690 5.1535 0.0040
      endloop
   endfacet
   facet normal 0.2681 -0.0181 -0.9632
      outer loop
         vertex -7.2505 5.1826 0.0079
         vertex -7.2690 5.1535 0.0040
         vertex -7.2690 5.1540 0.0040
      endloop
   endfacet
   facet normal 0.1993 0.0809 -0.9766
      outer loop
         vertex -7.2505 5.1826 0.0079
         vertex -7.2690 5.1540 0.0040
         vertex -7.2546 5.1871 0.0079
      endloop
   endfacet
   facet normal 0.5309 -0.2201 -0.8184
      outer loop
         vertex -7.2690 5.1540 0.0040
         vertex -7.2730 5.1478 0.0031
         vertex -7.2729 5.1482 0.0031
      endloop
   endfacet
   facet normal 0.4769 -0.1714 -0.8621
      outer loop
         vertex -7.2690 5.1540 0.0040
         vertex -7.2729 5.1482 0.0031
         vertex -7.2691 5.1545 0.0040
      endloop
   endfacet
   facet normal 0.4137 -0.1724 -0.8939
      outer loop
         vertex -7.2689 5.1530 0.0040
         vertex -7.2734 5.1471 0.0031
         vertex -7.2733 5.1473 0.0031
      endloop
   endfacet
   facet normal 0.3836 -0.1423 -0.9125
      outer loop
         vertex -7.2689 5.1530 0.0040
         vertex -7.2733 5.1473 0.0031
         vertex -7.2690 5.1535 0.0040
      endloop
   endfacet
   facet normal 0.3596 -0.1445 -0.9219
      outer loop
         vertex -7.2689 5.1525 0.0040
         vertex -7.2735 5.1467 0.0031
         vertex -7.2734 5.1469 0.0031
      endloop
   endfacet
   facet normal 0.3362 -0.1190 -0.9342
      outer loop
         vertex -7.2689 5.1525 0.0040
         vertex -7.2734 5.1469 0.0031
         vertex -7.2689 5.1530 0.0040
      endloop
   endfacet
   facet normal 0.3403 -0.1344 -0.9307
      outer loop
         vertex -7.2689 5.1525 0.0040
         vertex -7.2736 5.1466 0.0031
         vertex -7.2735 5.1467 0.0031
      endloop
   endfacet
   facet normal 0.3893 -0.1598 -0.9071
      outer loop
         vertex -7.2689 5.1530 0.0040
         vertex -7.2734 5.1469 0.0031
         vertex -7.2734 5.1471 0.0031
      endloop
   endfacet
   facet normal 0.4804 -0.2060 -0.8525
      outer loop
         vertex -7.2690 5.1535 0.0040
         vertex -7.2732 5.1475 0.0031
         vertex -7.2731 5.1477 0.0031
      endloop
   endfacet
   facet normal 0.4142 -0.1479 -0.8981
      outer loop
         vertex -7.2690 5.1535 0.0040
         vertex -7.2731 5.1477 0.0031
         vertex -7.2690 5.1540 0.0040
      endloop
   endfacet
   facet normal 0.4514 -0.1916 -0.8715
      outer loop
         vertex -7.2690 5.1535 0.0040
         vertex -7.2733 5.1473 0.0031
         vertex -7.2732 5.1475 0.0031
      endloop
   endfacet
   facet normal 0.5008 -0.2070 -0.8404
      outer loop
         vertex -7.2690 5.1540 0.0040
         vertex -7.2731 5.1477 0.0031
         vertex -7.2730 5.1478 0.0031
      endloop
   endfacet
   facet normal 0.6975 -0.2900 -0.6553
      outer loop
         vertex -7.2691 5.1550 0.0040
         vertex -7.2727 5.1485 0.0031
         vertex -7.2723 5.1494 0.0032
      endloop
   endfacet
   facet normal 0.5998 -0.2138 -0.7711
      outer loop
         vertex -7.2691 5.1550 0.0040
         vertex -7.2723 5.1494 0.0032
         vertex -7.2692 5.1555 0.0040
      endloop
   endfacet
   facet normal 0.6343 -0.2718 -0.7238
      outer loop
         vertex -7.2691 5.1545 0.0040
         vertex -7.2729 5.1482 0.0031
         vertex -7.2726 5.1487 0.0032
      endloop
   endfacet
   facet normal 0.5611 -0.2100 -0.8007
      outer loop
         vertex -7.2691 5.1545 0.0040
         vertex -7.2726 5.1487 0.0032
         vertex -7.2691 5.1550 0.0040
      endloop
   endfacet
   facet normal 0.6079 -0.2624 -0.7494
      outer loop
         vertex -7.2691 5.1545 0.0040
         vertex -7.2729 5.1482 0.0031
         vertex -7.2729 5.1482 0.0031
      endloop
   endfacet
   facet normal 0.6780 -0.2865 -0.6770
      outer loop
         vertex -7.2691 5.1550 0.0040
         vertex -7.2726 5.1487 0.0032
         vertex -7.2727 5.1485 0.0031
      endloop
   endfacet
   facet normal 0.7306 -0.2950 -0.6158
      outer loop
         vertex -7.2692 5.1555 0.0040
         vertex -7.2723 5.1494 0.0032
         vertex -7.2725 5.1489 0.0031
      endloop
   endfacet
   facet normal 0.4688 -0.1251 -0.8744
      outer loop
         vertex -7.2692 5.1555 0.0040
         vertex -7.2725 5.1489 0.0031
         vertex -7.2692 5.1560 0.0040
      endloop
   endfacet
   facet normal 0.2169 0.6326 -0.7435
      outer loop
         vertex -7.3563 5.3376 0.0659
         vertex -7.3563 5.3841 0.1124
         vertex -7.2041 5.2947 0.0659
      endloop
   endfacet
   facet normal 0.3194 0.7969 -0.5127
      outer loop
         vertex -7.1693 5.3688 0.1681
         vertex -7.1843 5.3368 0.1124
         vertex -7.3563 5.4195 0.1681
      endloop
   endfacet
   facet normal 0.1650 0.4607 -0.8721
      outer loop
         vertex -7.3563 5.2819 0.0305
         vertex -7.3563 5.3376 0.0659
         vertex -7.2277 5.2443 0.0305
      endloop
   endfacet
   facet normal 0.3518 0.8831 -0.3104
      outer loop
         vertex -7.1693 5.3688 0.1681
         vertex -7.3563 5.4421 0.2312
         vertex -7.1597 5.3892 0.2312
      endloop
   endfacet
   facet normal 0.1059 0.2600 -0.9598
      outer loop
         vertex -7.3563 5.2188 0.0079
         vertex -7.3563 5.2819 0.0305
         vertex -7.2546 5.1871 0.0079
      endloop
   endfacet
   facet normal 0.0455 0.1381 -0.9894
      outer loop
         vertex -7.3563 5.1500 0.0000
         vertex -7.3563 5.2188 0.0079
         vertex -7.2878 5.1300 0.0004
      endloop
   endfacet
   facet normal 0.0388 0.1137 -0.9928
      outer loop
         vertex -7.3563 5.1500 0.0000
         vertex -7.2878 5.1300 0.0004
         vertex -7.2902 5.1271 0.0000
      endloop
   endfacet
   facet normal 0.3086 0.9300 -0.1996
      outer loop
         vertex -7.3563 5.4500 0.3000
         vertex -7.1597 5.3892 0.2312
         vertex -7.3563 5.4421 0.2312
      endloop
   endfacet
   facet normal 0.7593 -0.6508 0.0000
      outer loop
         vertex -7.2912 5.1259 0.0000
         vertex -7.2902 5.1271 0.0000
         vertex -7.2737 5.1464 0.0031
      endloop
   endfacet
   facet normal 0.7593 -0.6508 0.0000
      outer loop
         vertex -7.2737 5.1464 0.0031
         vertex -7.2902 5.1271 0.0000
         vertex -7.2878 5.1300 0.0004
      endloop
   endfacet
   facet normal 0.7593 -0.6508 0.0000
      outer loop
         vertex -7.2737 5.1464 0.0031
         vertex -7.2878 5.1300 0.0004
         vertex -7.2737 5.1464 0.0029
      endloop
   endfacet
   facet normal 0.7593 -0.6508 0.0000
      outer loop
         vertex -7.2737 5.1464 0.0029
         vertex -7.2878 5.1300 0.0004
         vertex -7.2737 5.1464 0.0027
      endloop
   endfacet
   facet normal 0.4210 0.9071 0.0000
      outer loop
         vertex -7.4460 5.3700 3.9500
         vertex -7.3460 5.3432 3.9500
         vertex -7.3460 5.3432 1.7500
      endloop
   endfacet
   facet normal 0.3399 0.9405 0.0000
      outer loop
         vertex -7.4460 5.3700 3.9500
         vertex -7.3460 5.3432 1.7500
         vertex -7.4460 5.3700 1.7500
      endloop
   endfacet
   facet normal 0.7506 0.6608 0.0000
      outer loop
         vertex -7.2728 5.2700 3.9500
         vertex -7.2728 5.2700 1.7500
         vertex -7.3460 5.3432 1.7500
      endloop
   endfacet
   facet normal 0.6324 0.7746 0.0000
      outer loop
         vertex -7.2728 5.2700 3.9500
         vertex -7.3460 5.3432 1.7500
         vertex -7.3460 5.3432 3.9500
      endloop
   endfacet
   facet normal 0.8835 0.4685 0.0000
      outer loop
         vertex -7.2728 5.2700 1.7500
         vertex -7.2728 5.2700 3.9500
         vertex -7.2485 5.2013 3.9500
      endloop
   endfacet
   facet normal 0.9159 0.4015 0.0000
      outer loop
         vertex -7.2728 5.2700 1.7500
         vertex -7.2485 5.2013 3.9500
         vertex -7.2485 5.2013 1.7500
      endloop
   endfacet
   facet normal 0.8051 0.3464 -0.4814
      outer loop
         vertex -7.3642 5.1830 1.4672
         vertex -7.2994 5.2532 1.5943
         vertex -7.2795 5.1964 1.5943
      endloop
   endfacet
   facet normal 0.8539 0.4233 -0.3028
      outer loop
         vertex -7.2795 5.1964 1.5943
         vertex -7.2994 5.2532 1.5943
         vertex -7.2728 5.2700 1.7500
      endloop
   endfacet
   facet normal 0.6778 0.3553 0.6437
      outer loop
         vertex -7.2994 5.2532 4.1057
         vertex -7.3719 5.2075 4.2328
         vertex -7.3700 5.2014 4.2328
      endloop
   endfacet
   facet normal 0.6914 0.2940 0.6599
      outer loop
         vertex -7.2994 5.2532 4.1057
         vertex -7.3700 5.2014 4.2328
         vertex -7.3680 5.1952 4.2328
      endloop
   endfacet
   facet normal 0.7101 0.3023 0.6359
      outer loop
         vertex -7.2994 5.2532 4.1057
         vertex -7.3680 5.1952 4.2328
         vertex -7.3642 5.1830 4.2328
      endloop
   endfacet
   facet normal 0.8990 0.3676 0.2379
      outer loop
         vertex -7.2728 5.2700 3.9500
         vertex -7.2795 5.1964 4.1057
         vertex -7.2485 5.2013 3.9500
      endloop
   endfacet
   facet normal 0.8539 0.4233 0.3028
      outer loop
         vertex -7.2795 5.1964 4.1057
         vertex -7.2728 5.2700 3.9500
         vertex -7.2994 5.2532 4.1057
      endloop
   endfacet
   facet normal 0.8051 0.3464 0.4814
      outer loop
         vertex -7.2994 5.2532 4.1057
         vertex -7.3642 5.1830 4.2328
         vertex -7.2795 5.1964 4.1057
      endloop
   endfacet
   facet normal 0.8990 0.3676 -0.2379
      outer loop
         vertex -7.2485 5.2013 1.7500
         vertex -7.2795 5.1964 1.5943
         vertex -7.2728 5.2700 1.7500
      endloop
   endfacet
   facet normal 0.7101 0.3023 -0.6359
      outer loop
         vertex -7.2994 5.2532 1.5943
         vertex -7.3642 5.1830 1.4672
         vertex -7.3680 5.1952 1.4672
      endloop
   endfacet
   facet normal 0.6914 0.2940 -0.6599
      outer loop
         vertex -7.2994 5.2532 1.5943
         vertex -7.3680 5.1952 1.4672
         vertex -7.3700 5.2014 1.4672
      endloop
   endfacet
   facet normal 0.6778 0.3553 -0.6437
      outer loop
         vertex -7.2994 5.2532 1.5943
         vertex -7.3700 5.2014 1.4672
         vertex -7.3719 5.2075 1.4672
      endloop
   endfacet
   facet normal 0.6276 0.6990 -0.3428
      outer loop
         vertex -7.3617 5.3160 1.5943
         vertex -7.3460 5.3432 1.7500
         vertex -7.2994 5.2532 1.5943
      endloop
   endfacet
   facet normal 0.6276 0.6990 0.3428
      outer loop
         vertex -7.3617 5.3160 4.1057
         vertex -7.2994 5.2532 4.1057
         vertex -7.3460 5.3432 3.9500
      endloop
   endfacet
   facet normal 0.6407 0.5553 0.5302
      outer loop
         vertex -7.2994 5.2532 4.1057
         vertex -7.3617 5.3160 4.1057
         vertex -7.3719 5.2075 4.2328
      endloop
   endfacet
   facet normal 0.7560 0.5979 0.2666
      outer loop
         vertex -7.2994 5.2532 4.1057
         vertex -7.2728 5.2700 3.9500
         vertex -7.3460 5.3432 3.9500
      endloop
   endfacet
   facet normal 0.6407 0.5553 -0.5302
      outer loop
         vertex -7.2994 5.2532 1.5943
         vertex -7.3719 5.2075 1.4672
         vertex -7.3617 5.3160 1.5943
      endloop
   endfacet
   facet normal 0.7560 0.5979 -0.2666
      outer loop
         vertex -7.2728 5.2700 1.7500
         vertex -7.2994 5.2532 1.5943
         vertex -7.3460 5.3432 1.7500
      endloop
   endfacet
   facet normal 0.4442 0.8529 -0.2743
      outer loop
         vertex -7.4460 5.3700 1.7500
         vertex -7.3460 5.3432 1.7500
         vertex -7.3617 5.3160 1.5943
      endloop
   endfacet
   facet normal 0.3330 0.8820 -0.3335
      outer loop
         vertex -7.4460 5.3700 1.7500
         vertex -7.3617 5.3160 1.5943
         vertex -7.4460 5.3386 1.5943
      endloop
   endfacet
   facet normal 0.3574 0.8973 0.2590
      outer loop
         vertex -7.3460 5.3432 3.9500
         vertex -7.4460 5.3700 3.9500
         vertex -7.4460 5.3386 4.1057
      endloop
   endfacet
   facet normal 0.4396 0.8324 0.3374
      outer loop
         vertex -7.3460 5.3432 3.9500
         vertex -7.4460 5.3386 4.1057
         vertex -7.3617 5.3160 4.1057
      endloop
   endfacet
   facet normal 0.7506 0.6608 0.0000
      outer loop
         vertex -7.2728 5.2700 9.9500
         vertex -7.2728 5.2700 7.7500
         vertex -7.3460 5.3432 7.7500
      endloop
   endfacet
   facet normal 0.6324 0.7746 0.0000
      outer loop
         vertex -7.2728 5.2700 9.9500
         vertex -7.3460 5.3432 7.7500
         vertex -7.3460 5.3432 9.9500
      endloop
   endfacet
   facet normal 0.7101 0.3023 -0.6359
      outer loop
         vertex -7.2994 5.2532 7.5943
         vertex -7.3642 5.1830 7.4672
         vertex -7.3680 5.1952 7.4672
      endloop
   endfacet
   facet normal 0.6914 0.2940 -0.6599
      outer loop
         vertex -7.2994 5.2532 7.5943
         vertex -7.3680 5.1952 7.4672
         vertex -7.3700 5.2014 7.4672
      endloop
   endfacet
   facet normal 0.6778 0.3553 -0.6437
      outer loop
         vertex -7.2994 5.2532 7.5943
         vertex -7.3700 5.2014 7.4672
         vertex -7.3719 5.2075 7.4672
      endloop
   endfacet
   facet normal 0.8990 0.3676 -0.2379
      outer loop
         vertex -7.2485 5.2013 7.7500
         vertex -7.2795 5.1964 7.5943
         vertex -7.2728 5.2700 7.7500
      endloop
   endfacet
   facet normal 0.8539 0.4233 -0.3028
      outer loop
         vertex -7.2728 5.2700 7.7500
         vertex -7.2795 5.1964 7.5943
         vertex -7.2994 5.2532 7.5943
      endloop
   endfacet
   facet normal 0.8051 0.3464 -0.4814
      outer loop
         vertex -7.2795 5.1964 7.5943
         vertex -7.3642 5.1830 7.4672
         vertex -7.2994 5.2532 7.5943
      endloop
   endfacet
   facet normal 0.6276 0.6990 -0.3428
      outer loop
         vertex -7.3617 5.3160 7.5943
         vertex -7.3460 5.3432 7.7500
         vertex -7.2994 5.2532 7.5943
      endloop
   endfacet
   facet normal 0.6407 0.5553 -0.5302
      outer loop
         vertex -7.2994 5.2532 7.5943
         vertex -7.3719 5.2075 7.4672
         vertex -7.3617 5.3160 7.5943
      endloop
   endfacet
   facet normal 0.7560 0.5979 -0.2666
      outer loop
         vertex -7.2728 5.2700 7.7500
         vertex -7.2994 5.2532 7.5943
         vertex -7.3460 5.3432 7.7500
      endloop
   endfacet
   facet normal 0.4442 0.8529 -0.2743
      outer loop
         vertex -7.4460 5.3700 7.7500
         vertex -7.3460 5.3432 7.7500
         vertex -7.3617 5.3160 7.5943
      endloop
   endfacet
   facet normal 0.3330 0.8820 -0.3335
      outer loop
         vertex -7.4460 5.3700 7.7500
         vertex -7.3617 5.3160 7.5943
         vertex -7.4460 5.3386 7.5943
      endloop
   endfacet
   facet normal 0.3841 0.9107 -0.1518
      outer loop
         vertex -7.1563 5.3964 0.3000
         vertex -7.1597 5.3892 0.2312
         vertex -7.3563 5.4500 0.3000
      endloop
   endfacet
   facet normal 0.0779 0.1626 -0.9836
      outer loop
         vertex -7.2878 5.1300 0.0004
         vertex -7.3563 5.2188 0.0079
         vertex -7.2546 5.1871 0.0079
      endloop
   endfacet
   facet normal 0.1107 0.1167 -0.9870
      outer loop
         vertex -7.2878 5.1300 0.0004
         vertex -7.2546 5.1871 0.0079
         vertex -7.2692 5.1560 0.0040
      endloop
   endfacet
   facet normal 0.0763 0.0910 -0.9929
      outer loop
         vertex -7.2878 5.1300 0.0004
         vertex -7.2692 5.1560 0.0040
         vertex -7.2737 5.1464 0.0027
      endloop
   endfacet
   facet normal 0.1551 0.3274 -0.9321
      outer loop
         vertex -7.2546 5.1871 0.0079
         vertex -7.3563 5.2819 0.0305
         vertex -7.2277 5.2443 0.0305
      endloop
   endfacet
   facet normal 0.2910 0.8740 -0.3892
      outer loop
         vertex -7.3563 5.4195 0.1681
         vertex -7.3563 5.4421 0.2312
         vertex -7.1693 5.3688 0.1681
      endloop
   endfacet
   facet normal 0.2174 0.5153 -0.8290
      outer loop
         vertex -7.2277 5.2443 0.0305
         vertex -7.3563 5.3376 0.0659
         vertex -7.2041 5.2947 0.0659
      endloop
   endfacet
   facet normal 0.2595 0.7716 -0.5808
      outer loop
         vertex -7.3563 5.4195 0.1681
         vertex -7.1843 5.3368 0.1124
         vertex -7.3563 5.3841 0.1124
      endloop
   endfacet
   facet normal 0.2737 0.6729 -0.6873
      outer loop
         vertex -7.1843 5.3368 0.1124
         vertex -7.2041 5.2947 0.0659
         vertex -7.3563 5.3841 0.1124
      endloop
   endfacet
   facet normal 0.0000 0.2995 -0.9541
      outer loop
         vertex -7.3563 5.2188 0.0079
         vertex -10.0981 5.2188 0.0079
         vertex -10.0986 5.2819 0.0305
      endloop
   endfacet
   facet normal 0.0000 0.3706 -0.9288
      outer loop
         vertex -7.3563 5.2188 0.0079
         vertex -10.0986 5.2819 0.0305
         vertex -7.3563 5.2819 0.0305
      endloop
   endfacet
   facet normal 0.0000 0.5665 -0.8240
      outer loop
         vertex -10.0991 5.3376 0.0659
         vertex -7.3563 5.3376 0.0659
         vertex -7.3563 5.2819 0.0305
      endloop
   endfacet
   facet normal 0.0000 0.5041 -0.8636
      outer loop
         vertex -10.0991 5.3376 0.0659
         vertex -7.3563 5.2819 0.0305
         vertex -10.0986 5.2819 0.0305
      endloop
   endfacet
   facet normal 0.0000 0.8240 -0.5665
      outer loop
         vertex -7.3563 5.3841 0.1124
         vertex -10.0994 5.3841 0.1124
         vertex -10.0997 5.4195 0.1681
      endloop
   endfacet
   facet normal 0.0000 0.8636 -0.5041
      outer loop
         vertex -7.3563 5.3841 0.1124
         vertex -10.0997 5.4195 0.1681
         vertex -7.3563 5.4195 0.1681
      endloop
   endfacet
   facet normal 0.0000 0.9541 -0.2995
      outer loop
         vertex -10.0999 5.4421 0.2312
         vertex -7.3563 5.4421 0.2312
         vertex -7.3563 5.4195 0.1681
      endloop
   endfacet
   facet normal 0.0000 0.9288 -0.3706
      outer loop
         vertex -10.0999 5.4421 0.2312
         vertex -7.3563 5.4195 0.1681
         vertex -10.0997 5.4195 0.1681
      endloop
   endfacet
   facet normal -0.6339 -0.7734 0.0000
      outer loop
         vertex -10.1567 3.5828 1.3500
         vertex -10.1567 3.5828 4.3500
         vertex -10.1933 3.6194 4.3500
      endloop
   endfacet
   facet normal -0.7534 -0.6575 0.0000
      outer loop
         vertex -10.1567 3.5828 1.3500
         vertex -10.1933 3.6194 4.3500
         vertex -10.1933 3.6194 1.3500
      endloop
   endfacet
   facet normal -0.9914 -0.1305 0.0000
      outer loop
         vertex -10.2059 3.6564 1.3500
         vertex -10.2059 3.6564 4.3500
         vertex -10.2913 4.3053 4.3500
      endloop
   endfacet
   facet normal -0.9914 -0.1305 0.0000
      outer loop
         vertex -10.2059 3.6564 1.3500
         vertex -10.2913 4.3053 4.3500
         vertex -10.2913 4.3053 1.3500
      endloop
   endfacet
   facet normal 0.0523 -0.9986 0.0000
      outer loop
         vertex -9.6142 3.5951 1.3500
         vertex -9.6142 3.5951 4.3500
         vertex -10.1015 3.5696 4.3500
      endloop
   endfacet
   facet normal 0.0523 -0.9986 0.0000
      outer loop
         vertex -9.6142 3.5951 1.3500
         vertex -10.1015 3.5696 4.3500
         vertex -10.1015 3.5696 1.3500
      endloop
   endfacet
   facet normal -0.0695 -0.9976 0.0000
      outer loop
         vertex -10.1067 3.5694 4.3500
         vertex -10.1067 3.5694 1.3500
         vertex -10.1015 3.5696 1.3500
      endloop
   endfacet
   facet normal -0.0214 -0.9998 0.0000
      outer loop
         vertex -10.1067 3.5694 4.3500
         vertex -10.1015 3.5696 1.3500
         vertex -10.1015 3.5696 4.3500
      endloop
   endfacet
   facet normal -0.3774 -0.9261 0.0000
      outer loop
         vertex -10.1567 3.5828 4.3500
         vertex -10.1567 3.5828 1.3500
         vertex -10.1067 3.5694 1.3500
      endloop
   endfacet
   facet normal -0.2474 -0.9689 0.0000
      outer loop
         vertex -10.1567 3.5828 4.3500
         vertex -10.1067 3.5694 1.3500
         vertex -10.1067 3.5694 4.3500
      endloop
   endfacet
   facet normal -0.8876 -0.4607 0.0000
      outer loop
         vertex -10.1933 3.6194 1.3500
         vertex -10.1933 3.6194 4.3500
         vertex -10.2059 3.6564 4.3500
      endloop
   endfacet
   facet normal -0.9202 -0.3914 0.0000
      outer loop
         vertex -10.1933 3.6194 1.3500
         vertex -10.2059 3.6564 4.3500
         vertex -10.2059 3.6564 1.3500
      endloop
   endfacet
   facet normal 0.0660 0.9405 0.3332
      outer loop
         vertex -9.0329 5.1412 1.9807
         vertex -8.9206 4.9613 2.4000
         vertex -8.8000 4.9613 2.3841
      endloop
   endfacet
   facet normal 0.0435 0.9076 0.4175
      outer loop
         vertex -9.0329 5.1412 1.9807
         vertex -8.8000 4.9613 2.3841
         vertex -8.8000 5.1412 1.9500
      endloop
   endfacet
   facet normal 0.0225 0.9850 0.1709
      outer loop
         vertex -8.8000 4.9613 2.3841
         vertex -8.9206 4.9613 2.4000
         vertex -8.8000 4.9000 2.8500
      endloop
   endfacet
   facet normal 0.1501 0.9076 0.3920
      outer loop
         vertex -8.9206 4.9613 2.4000
         vertex -9.0329 5.1412 1.9807
         vertex -9.2500 5.1412 2.0706
      endloop
   endfacet
   facet normal 0.1500 0.9405 0.3048
      outer loop
         vertex -8.9206 4.9613 2.4000
         vertex -9.2500 5.1412 2.0706
         vertex -9.0329 4.9613 2.4465
      endloop
   endfacet
   facet normal 0.0660 0.9850 0.1592
      outer loop
         vertex -8.9206 4.9613 2.4000
         vertex -9.0329 4.9613 2.4465
         vertex -8.8000 4.9000 2.8500
      endloop
   endfacet
   facet normal 0.2464 0.9076 0.3398
      outer loop
         vertex -9.0329 4.9613 2.4465
         vertex -9.2500 5.1412 2.0706
         vertex -9.4364 5.1412 2.2136
      endloop
   endfacet
   facet normal 0.2237 0.9405 0.2556
      outer loop
         vertex -9.0329 4.9613 2.4465
         vertex -9.4364 5.1412 2.2136
         vertex -9.1294 4.9613 2.5206
      endloop
   endfacet
   facet normal 0.1049 0.9850 0.1367
      outer loop
         vertex -9.0329 4.9613 2.4465
         vertex -9.1294 4.9613 2.5206
         vertex -8.8000 4.9000 2.8500
      endloop
   endfacet
   facet normal 0.2556 0.9405 0.2237
      outer loop
         vertex -9.2035 4.9613 2.6171
         vertex -9.1294 4.9613 2.5206
         vertex -9.4364 5.1412 2.2136
      endloop
   endfacet
   facet normal 0.3398 0.9076 0.2464
      outer loop
         vertex -9.2035 4.9613 2.6171
         vertex -9.4364 5.1412 2.2136
         vertex -9.5794 5.1412 2.4000
      endloop
   endfacet
   facet normal 0.1367 0.9850 0.1049
      outer loop
         vertex -9.2035 4.9613 2.6171
         vertex -8.8000 4.9000 2.8500
         vertex -9.1294 4.9613 2.5206
      endloop
   endfacet
   facet normal 0.1592 0.9850 0.0660
      outer loop
         vertex -9.2500 4.9613 2.7294
         vertex -8.8000 4.9000 2.8500
         vertex -9.2035 4.9613 2.6171
      endloop
   endfacet
   facet normal 0.1709 0.9850 0.0225
      outer loop
         vertex -8.8000 4.9000 2.8500
         vertex -9.2500 4.9613 2.7294
         vertex -9.2659 4.9613 2.8500
      endloop
   endfacet
   facet normal 0.1709 0.9850 -0.0225
      outer loop
         vertex -9.2500 4.9613 2.9706
         vertex -8.8000 4.9000 2.8500
         vertex -9.2659 4.9613 2.8500
      endloop
   endfacet
   facet normal 0.1592 0.9850 -0.0660
      outer loop
         vertex -8.8000 4.9000 2.8500
         vertex -9.2500 4.9613 2.9706
         vertex -9.2035 4.9613 3.0829
      endloop
   endfacet
   facet normal 0.3260 0.9076 -0.2645
      outer loop
         vertex -9.5794 5.1412 3.3000
         vertex -9.4364 5.1412 3.4864
         vertex -9.1294 4.9613 3.1794
      endloop
   endfacet
   facet normal 0.2823 0.9405 -0.1890
      outer loop
         vertex -9.5794 5.1412 3.3000
         vertex -9.1294 4.9613 3.1794
         vertex -9.2035 4.9613 3.0829
      endloop
   endfacet
   facet normal 0.1367 0.9850 -0.1049
      outer loop
         vertex -9.2035 4.9613 3.0829
         vertex -9.1294 4.9613 3.1794
         vertex -8.8000 4.9000 2.8500
      endloop
   endfacet
   facet normal 0.2645 0.9076 -0.3260
      outer loop
         vertex -9.1294 4.9613 3.1794
         vertex -9.4364 5.1412 3.4864
         vertex -9.2500 5.1412 3.6294
      endloop
   endfacet
   facet normal 0.1890 0.9405 -0.2823
      outer loop
         vertex -9.1294 4.9613 3.1794
         vertex -9.2500 5.1412 3.6294
         vertex -9.0329 4.9613 3.2535
      endloop
   endfacet
   facet normal 0.1049 0.9850 -0.1367
      outer loop
         vertex -8.8000 4.9000 2.8500
         vertex -9.1294 4.9613 3.1794
         vertex -9.0329 4.9613 3.2535
      endloop
   endfacet
   facet normal 0.1095 0.9405 -0.3216
      outer loop
         vertex -9.0329 5.1412 3.7193
         vertex -8.9206 4.9613 3.3000
         vertex -9.0329 4.9613 3.2535
      endloop
   endfacet
   facet normal 0.1711 0.9076 -0.3833
      outer loop
         vertex -9.0329 5.1412 3.7193
         vertex -9.0329 4.9613 3.2535
         vertex -9.2500 5.1412 3.6294
      endloop
   endfacet
   facet normal 0.0660 0.9850 -0.1592
      outer loop
         vertex -8.8000 4.9000 2.8500
         vertex -9.0329 4.9613 3.2535
         vertex -8.9206 4.9613 3.3000
      endloop
   endfacet
   facet normal 0.0660 0.9076 -0.4146
      outer loop
         vertex -8.9206 4.9613 3.3000
         vertex -9.0329 5.1412 3.7193
         vertex -8.8000 5.1412 3.7500
      endloop
   endfacet
   facet normal 0.0225 0.9405 -0.3389
      outer loop
         vertex -8.9206 4.9613 3.3000
         vertex -8.8000 5.1412 3.7500
         vertex -8.8000 4.9613 3.3159
      endloop
   endfacet
   facet normal 0.0225 0.9850 -0.1709
      outer loop
         vertex -8.8000 4.9000 2.8500
         vertex -8.9206 4.9613 3.3000
         vertex -8.8000 4.9613 3.3159
      endloop
   endfacet
   facet normal -0.0435 0.9076 -0.4175
      outer loop
         vertex -8.8000 4.9613 3.3159
         vertex -8.8000 5.1412 3.7500
         vertex -8.5671 5.1412 3.7193
      endloop
   endfacet
   facet normal -0.0660 0.9405 -0.3332
      outer loop
         vertex -8.8000 4.9613 3.3159
         vertex -8.5671 5.1412 3.7193
         vertex -8.6794 4.9613 3.3000
      endloop
   endfacet
   facet normal -0.0225 0.9850 -0.1709
      outer loop
         vertex -8.8000 4.9000 2.8500
         vertex -8.8000 4.9613 3.3159
         vertex -8.6794 4.9613 3.3000
      endloop
   endfacet
   facet normal -0.1796 0.8451 -0.5035
      outer loop
         vertex -8.3500 5.1412 3.6294
         vertex -8.5671 5.1412 3.7193
         vertex -8.4930 5.3608 3.9958
      endloop
   endfacet
   facet normal -0.2146 0.8197 -0.5311
      outer loop
         vertex -8.3500 5.1412 3.6294
         vertex -8.4930 5.3608 3.9958
         vertex -8.3513 5.3700 3.9500
      endloop
   endfacet
   facet normal -0.2635 0.8187 -0.5101
      outer loop
         vertex -8.3500 5.1412 3.6294
         vertex -8.3513 5.3700 3.9500
         vertex -8.2009 5.3700 3.8877
      endloop
   endfacet
   facet normal -0.1711 0.9076 -0.3833
      outer loop
         vertex -8.5671 5.1412 3.7193
         vertex -8.3500 5.1412 3.6294
         vertex -8.5671 4.9613 3.2535
      endloop
   endfacet
   facet normal -0.1095 0.9405 -0.3216
      outer loop
         vertex -8.5671 5.1412 3.7193
         vertex -8.5671 4.9613 3.2535
         vertex -8.6794 4.9613 3.3000
      endloop
   endfacet
   facet normal -0.0660 0.9850 -0.1592
      outer loop
         vertex -8.5671 4.9613 3.2535
         vertex -8.8000 4.9000 2.8500
         vertex -8.6794 4.9613 3.3000
      endloop
   endfacet
   facet normal -0.3462 0.8451 -0.4073
      outer loop
         vertex -7.9527 5.3700 3.6973
         vertex -8.1636 5.1412 3.4864
         vertex -8.3500 5.1412 3.6294
      endloop
   endfacet
   facet normal -0.3299 0.8211 -0.4657
      outer loop
         vertex -7.9527 5.3700 3.6973
         vertex -8.3500 5.1412 3.6294
         vertex -8.2009 5.3700 3.8877
      endloop
   endfacet
   facet normal -0.1890 0.9405 -0.2823
      outer loop
         vertex -8.4706 4.9613 3.1794
         vertex -8.5671 4.9613 3.2535
         vertex -8.3500 5.1412 3.6294
      endloop
   endfacet
   facet normal -0.2645 0.9076 -0.3260
      outer loop
         vertex -8.4706 4.9613 3.1794
         vertex -8.3500 5.1412 3.6294
         vertex -8.1636 5.1412 3.4864
      endloop
   endfacet
   facet normal -0.1049 0.9850 -0.1367
      outer loop
         vertex -8.4706 4.9613 3.1794
         vertex -8.8000 4.9000 2.8500
         vertex -8.5671 4.9613 3.2535
      endloop
   endfacet
   facet normal -0.4392 0.8211 -0.3644
      outer loop
         vertex -8.1636 5.1412 3.4864
         vertex -7.9527 5.3700 3.6973
         vertex -7.7623 5.3700 3.4491
      endloop
   endfacet
   facet normal -0.4399 0.8451 -0.3038
      outer loop
         vertex -8.1636 5.1412 3.4864
         vertex -7.7623 5.3700 3.4491
         vertex -8.0206 5.1412 3.3000
      endloop
   endfacet
   facet normal -0.2823 0.9405 -0.1890
      outer loop
         vertex -8.0206 5.1412 3.3000
         vertex -8.3965 4.9613 3.0829
         vertex -8.4706 4.9613 3.1794
      endloop
   endfacet
   facet normal -0.3260 0.9076 -0.2645
      outer loop
         vertex -8.0206 5.1412 3.3000
         vertex -8.4706 4.9613 3.1794
         vertex -8.1636 5.1412 3.4864
      endloop
   endfacet
   facet normal -0.1367 0.9850 -0.1049
      outer loop
         vertex -8.3965 4.9613 3.0829
         vertex -8.8000 4.9000 2.8500
         vertex -8.4706 4.9613 3.1794
      endloop
   endfacet
   facet normal -0.5352 0.8211 -0.1982
      outer loop
         vertex -7.7623 5.3700 3.4491
         vertex -7.6426 5.3700 3.1601
         vertex -7.9307 5.1412 3.0829
      endloop
   endfacet
   facet normal -0.4830 0.8451 -0.2290
      outer loop
         vertex -7.7623 5.3700 3.4491
         vertex -7.9307 5.1412 3.0829
         vertex -8.0206 5.1412 3.3000
      endloop
   endfacet
   facet normal -0.3216 0.9405 -0.1095
      outer loop
         vertex -7.9307 5.1412 3.0829
         vertex -8.3500 4.9613 2.9706
         vertex -8.3965 4.9613 3.0829
      endloop
   endfacet
   facet normal -0.3833 0.9076 -0.1711
      outer loop
         vertex -7.9307 5.1412 3.0829
         vertex -8.3965 4.9613 3.0829
         vertex -8.0206 5.1412 3.3000
      endloop
   endfacet
   facet normal -0.1592 0.9850 -0.0660
      outer loop
         vertex -8.3500 4.9613 2.9706
         vertex -8.8000 4.9000 2.8500
         vertex -8.3965 4.9613 3.0829
      endloop
   endfacet
   facet normal -0.5328 0.8451 -0.0432
      outer loop
         vertex -7.6018 5.3700 2.8500
         vertex -7.9000 5.1412 2.8500
         vertex -7.9307 5.1412 3.0829
      endloop
   endfacet
   facet normal -0.5626 0.8211 -0.0960
      outer loop
         vertex -7.6018 5.3700 2.8500
         vertex -7.9307 5.1412 3.0829
         vertex -7.6426 5.3700 3.1601
      endloop
   endfacet
   facet normal -0.3389 0.9405 -0.0225
      outer loop
         vertex -7.9000 5.1412 2.8500
         vertex -8.3341 4.9613 2.8500
         vertex -8.3500 4.9613 2.9706
      endloop
   endfacet
   facet normal -0.4146 0.9076 -0.0660
      outer loop
         vertex -7.9000 5.1412 2.8500
         vertex -8.3500 4.9613 2.9706
         vertex -7.9307 5.1412 3.0829
      endloop
   endfacet
   facet normal -0.1709 0.9850 -0.0225
      outer loop
         vertex -8.3500 4.9613 2.9706
         vertex -8.3341 4.9613 2.8500
         vertex -8.8000 4.9000 2.8500
      endloop
   endfacet
   facet normal -0.5626 0.8211 0.0960
      outer loop
         vertex -7.6018 5.3700 2.8500
         vertex -7.6426 5.3700 2.5399
         vertex -7.9307 5.1412 2.6171
      endloop
   endfacet
   facet normal -0.5328 0.8451 0.0432
      outer loop
         vertex -7.6018 5.3700 2.8500
         vertex -7.9307 5.1412 2.6171
         vertex -7.9000 5.1412 2.8500
      endloop
   endfacet
   facet normal -0.4146 0.9076 0.0660
      outer loop
         vertex -7.9000 5.1412 2.8500
         vertex -7.9307 5.1412 2.6171
         vertex -8.3500 4.9613 2.7294
      endloop
   endfacet
   facet normal -0.3389 0.9405 0.0225
      outer loop
         vertex -7.9000 5.1412 2.8500
         vertex -8.3500 4.9613 2.7294
         vertex -8.3341 4.9613 2.8500
      endloop
   endfacet
   facet normal -0.1709 0.9850 0.0225
      outer loop
         vertex -8.3341 4.9613 2.8500
         vertex -8.3500 4.9613 2.7294
         vertex -8.8000 4.9000 2.8500
      endloop
   endfacet
   facet normal -0.5186 0.8211 0.2383
      outer loop
         vertex -7.6426 5.3700 2.5399
         vertex -7.7623 5.3700 2.2509
         vertex -8.0206 5.1412 2.4000
      endloop
   endfacet
   facet normal -0.5035 0.8451 0.1796
      outer loop
         vertex -7.6426 5.3700 2.5399
         vertex -8.0206 5.1412 2.4000
         vertex -7.9307 5.1412 2.6171
      endloop
   endfacet
   facet normal -0.3833 0.9076 0.1711
      outer loop
         vertex -7.9307 5.1412 2.6171
         vertex -8.0206 5.1412 2.4000
         vertex -8.3965 4.9613 2.6171
      endloop
   endfacet
   facet normal -0.3216 0.9405 0.1095
      outer loop
         vertex -7.9307 5.1412 2.6171
         vertex -8.3965 4.9613 2.6171
         vertex -8.3500 4.9613 2.7294
      endloop
   endfacet
   facet normal -0.1592 0.9850 0.0660
      outer loop
         vertex -8.3500 4.9613 2.7294
         vertex -8.3965 4.9613 2.6171
         vertex -8.8000 4.9000 2.8500
      endloop
   endfacet
   facet normal -0.4657 0.8211 0.3299
      outer loop
         vertex -8.0206 5.1412 2.4000
         vertex -7.7623 5.3700 2.2509
         vertex -7.9527 5.3700 2.0027
      endloop
   endfacet
   facet normal -0.4073 0.8451 0.3462
      outer loop
         vertex -8.0206 5.1412 2.4000
         vertex -7.9527 5.3700 2.0027
         vertex -8.1636 5.1412 2.2136
      endloop
   endfacet
   facet normal -0.0000 0.9461 -0.3238
      outer loop
         vertex -10.5200 5.3386 1.5943
         vertex -10.5200 5.3700 1.7500
         vertex -7.4460 5.3386 1.5943
      endloop
   endfacet
   facet normal -0.0000 0.9654 -0.2609
      outer loop
         vertex -7.4460 5.3386 1.5943
         vertex -10.5200 5.3700 1.7500
         vertex -8.8000 5.3543 1.6722
      endloop
   endfacet
   facet normal -0.0000 0.9654 -0.2609
      outer loop
         vertex -7.4460 5.3386 1.5943
         vertex -8.8000 5.3543 1.6722
         vertex -7.4460 5.3700 1.7500
      endloop
   endfacet
   facet normal -0.0000 0.9802 -0.1979
      outer loop
         vertex -7.4460 5.3700 1.7500
         vertex -8.8000 5.3543 1.6722
         vertex -8.4930 5.3608 1.7042
      endloop
   endfacet
   facet normal -0.0000 0.9802 -0.1979
      outer loop
         vertex -7.4460 5.3700 1.7500
         vertex -8.4930 5.3608 1.7042
         vertex -8.3513 5.3700 1.7500
      endloop
   endfacet
   facet normal -0.0000 0.9802 -0.1979
      outer loop
         vertex -9.1070 5.3608 1.7042
         vertex -8.8000 5.3543 1.6722
         vertex -10.5200 5.3700 1.7500
      endloop
   endfacet
   facet normal -0.0000 0.9802 -0.1979
      outer loop
         vertex -9.1070 5.3608 1.7042
         vertex -10.5200 5.3700 1.7500
         vertex -9.2487 5.3700 1.7500
      endloop
   endfacet
   facet normal -0.0000 0.8652 -0.5015
      outer loop
         vertex -10.5200 5.3386 1.5943
         vertex -7.4460 5.3386 1.5943
         vertex -7.4460 5.2528 1.4672
      endloop
   endfacet
   facet normal -0.0000 0.7921 -0.6103
      outer loop
         vertex -10.5200 5.3386 1.5943
         vertex -7.4460 5.2528 1.4672
         vertex -10.5200 5.2528 1.4672
      endloop
   endfacet
   facet normal -0.3260 0.9076 0.2645
      outer loop
         vertex -8.0206 5.1412 2.4000
         vertex -8.1636 5.1412 2.2136
         vertex -8.4706 4.9613 2.5206
      endloop
   endfacet
   facet normal -0.2823 0.9405 0.1890
      outer loop
         vertex -8.0206 5.1412 2.4000
         vertex -8.4706 4.9613 2.5206
         vertex -8.3965 4.9613 2.6171
      endloop
   endfacet
   facet normal -0.1367 0.9850 0.1049
      outer loop
         vertex -8.3965 4.9613 2.6171
         vertex -8.4706 4.9613 2.5206
         vertex -8.8000 4.9000 2.8500
      endloop
   endfacet
   facet normal -0.3644 0.8211 0.4392
      outer loop
         vertex -8.1636 5.1412 2.2136
         vertex -7.9527 5.3700 2.0027
         vertex -8.2009 5.3700 1.8123
      endloop
   endfacet
   facet normal -0.3038 0.8451 0.4399
      outer loop
         vertex -8.1636 5.1412 2.2136
         vertex -8.2009 5.3700 1.8123
         vertex -8.3500 5.1412 2.0706
      endloop
   endfacet
   facet normal -0.0000 0.3238 -0.9461
      outer loop
         vertex -10.5200 5.1257 1.3814
         vertex -7.4838 5.1257 1.3814
         vertex -7.6168 4.9700 1.3500
      endloop
   endfacet
   facet normal -0.0000 0.2609 -0.9654
      outer loop
         vertex -10.5200 5.1257 1.3814
         vertex -7.6168 4.9700 1.3500
         vertex -10.5200 4.9700 1.3500
      endloop
   endfacet
   facet normal -0.1890 0.9405 0.2823
      outer loop
         vertex -8.3500 5.1412 2.0706
         vertex -8.5671 4.9613 2.4465
         vertex -8.4706 4.9613 2.5206
      endloop
   endfacet
   facet normal -0.2645 0.9076 0.3260
      outer loop
         vertex -8.3500 5.1412 2.0706
         vertex -8.4706 4.9613 2.5206
         vertex -8.1636 5.1412 2.2136
      endloop
   endfacet
   facet normal -0.1049 0.9850 0.1367
      outer loop
         vertex -8.5671 4.9613 2.4465
         vertex -8.8000 4.9000 2.8500
         vertex -8.4706 4.9613 2.5206
      endloop
   endfacet
   facet normal -0.2290 0.8451 0.4830
      outer loop
         vertex -8.5671 5.1412 1.9807
         vertex -8.3500 5.1412 2.0706
         vertex -8.2009 5.3700 1.8123
      endloop
   endfacet
   facet normal -0.2238 0.8197 0.5273
      outer loop
         vertex -8.5671 5.1412 1.9807
         vertex -8.2009 5.3700 1.8123
         vertex -8.3513 5.3700 1.7500
      endloop
   endfacet
   facet normal -0.1744 0.8187 0.5471
      outer loop
         vertex -8.5671 5.1412 1.9807
         vertex -8.3513 5.3700 1.7500
         vertex -8.4930 5.3608 1.7042
      endloop
   endfacet
   facet normal -0.1501 0.9076 0.3920
      outer loop
         vertex -8.3500 5.1412 2.0706
         vertex -8.5671 5.1412 1.9807
         vertex -8.6794 4.9613 2.4000
      endloop
   endfacet
   facet normal -0.1500 0.9405 0.3048
      outer loop
         vertex -8.3500 5.1412 2.0706
         vertex -8.6794 4.9613 2.4000
         vertex -8.5671 4.9613 2.4465
      endloop
   endfacet
   facet normal -0.0660 0.9850 0.1592
      outer loop
         vertex -8.6794 4.9613 2.4000
         vertex -8.8000 4.9000 2.8500
         vertex -8.5671 4.9613 2.4465
      endloop
   endfacet
   facet normal -0.0225 0.9405 0.3389
      outer loop
         vertex -8.8000 5.1412 1.9500
         vertex -8.8000 4.9613 2.3841
         vertex -8.6794 4.9613 2.4000
      endloop
   endfacet
   facet normal -0.0660 0.9076 0.4146
      outer loop
         vertex -8.8000 5.1412 1.9500
         vertex -8.6794 4.9613 2.4000
         vertex -8.5671 5.1412 1.9807
      endloop
   endfacet
   facet normal -0.0225 0.9850 0.1709
      outer loop
         vertex -8.6794 4.9613 2.4000
         vertex -8.8000 4.9613 2.3841
         vertex -8.8000 4.9000 2.8500
      endloop
   endfacet
   facet normal 0.3490 -0.9371 0.0000
      outer loop
         vertex -7.2520 4.4748 4.2328
         vertex -7.3736 4.4295 4.3186
         vertex -7.5224 4.3741 4.3500
      endloop
   endfacet
   facet normal 0.3490 -0.9371 0.0000
      outer loop
         vertex -7.2520 4.4748 4.2328
         vertex -7.5224 4.3741 4.3500
         vertex -9.6142 3.5951 4.3500
      endloop
   endfacet
   facet normal 0.3490 -0.9371 0.0000
      outer loop
         vertex -7.2520 4.4748 4.2328
         vertex -9.6142 3.5951 4.3500
         vertex -9.6142 3.5951 1.3500
      endloop
   endfacet
   facet normal 0.3490 -0.9371 0.0000
      outer loop
         vertex -7.2520 4.4748 4.2328
         vertex -9.6142 3.5951 1.3500
         vertex -7.5224 4.3741 1.3500
      endloop
   endfacet
   facet normal 0.3490 -0.9371 0.0000
      outer loop
         vertex -7.2520 4.4748 4.2328
         vertex -7.5224 4.3741 1.3500
         vertex -7.3736 4.4295 1.3814
      endloop
   endfacet
   facet normal 0.3490 -0.9371 0.0000
      outer loop
         vertex -7.2520 4.4748 4.2328
         vertex -7.3736 4.4295 1.3814
         vertex -7.2520 4.4748 1.4672
      endloop
   endfacet
   facet normal 0.3490 -0.9371 0.0000
      outer loop
         vertex -7.2520 4.4748 4.2328
         vertex -7.2520 4.4748 1.4672
         vertex -7.1701 4.5053 1.5943
      endloop
   endfacet
   facet normal 0.3490 -0.9371 0.0000
      outer loop
         vertex -7.2520 4.4748 4.2328
         vertex -7.1701 4.5053 1.5943
         vertex -7.1400 4.5165 1.7500
      endloop
   endfacet
   facet normal 0.3490 -0.9371 0.0000
      outer loop
         vertex -7.2520 4.4748 4.2328
         vertex -7.1400 4.5165 1.7500
         vertex -7.1400 4.5165 3.9500
      endloop
   endfacet
   facet normal 0.3490 -0.9371 0.0000
      outer loop
         vertex -7.2520 4.4748 4.2328
         vertex -7.1400 4.5165 3.9500
         vertex -7.1701 4.5053 4.1057
      endloop
   endfacet
   facet normal 0.2577 0.0408 -0.9654
      outer loop
         vertex -7.3736 4.4295 1.3814
         vertex -7.5224 4.3741 1.3500
         vertex -7.6168 4.9700 1.3500
      endloop
   endfacet
   facet normal 0.3198 0.0507 -0.9461
      outer loop
         vertex -7.3736 4.4295 1.3814
         vertex -7.6168 4.9700 1.3500
         vertex -7.4838 5.1257 1.3814
      endloop
   endfacet
   facet normal 0.3198 0.0507 0.9461
      outer loop
         vertex -7.3736 4.4295 4.3186
         vertex -7.4838 5.1257 4.3186
         vertex -7.6168 4.9700 4.3500
      endloop
   endfacet
   facet normal 0.2577 0.0408 0.9654
      outer loop
         vertex -7.3736 4.4295 4.3186
         vertex -7.6168 4.9700 4.3500
         vertex -7.5224 4.3741 4.3500
      endloop
   endfacet
   facet normal 0.6812 -0.4123 -0.6049
      outer loop
         vertex -7.4120 5.1804 1.4350
         vertex -7.4254 5.1737 1.4247
         vertex -7.4249 5.1740 1.4251
      endloop
   endfacet
   facet normal 0.6735 -0.2416 -0.6986
      outer loop
         vertex -7.4120 5.1804 1.4350
         vertex -7.4249 5.1740 1.4251
         vertex -7.4121 5.1812 1.4350
      endloop
   endfacet
   facet normal 0.6059 -0.0052 -0.7955
      outer loop
         vertex -7.3980 5.1874 1.4457
         vertex -7.4119 5.1796 1.4350
         vertex -7.4120 5.1804 1.4350
      endloop
   endfacet
   facet normal 0.5775 -0.0845 -0.8120
      outer loop
         vertex -7.4113 5.1755 1.4350
         vertex -7.4264 5.1731 1.4247
         vertex -7.4263 5.1732 1.4248
      endloop
   endfacet
   facet normal 0.5835 -0.1446 -0.7992
      outer loop
         vertex -7.4113 5.1755 1.4350
         vertex -7.4263 5.1732 1.4248
         vertex -7.4114 5.1763 1.4350
      endloop
   endfacet
   facet normal 0.5899 0.2296 -0.7741
      outer loop
         vertex -7.3700 5.2014 1.4672
         vertex -7.3980 5.1874 1.4457
         vertex -7.3719 5.2075 1.4672
      endloop
   endfacet
   facet normal 0.6059 -0.0052 0.7955
      outer loop
         vertex -7.3980 5.1874 4.2543
         vertex -7.4120 5.1804 4.2650
         vertex -7.4119 5.1796 4.2650
      endloop
   endfacet
   facet normal 0.6812 -0.4123 0.6049
      outer loop
         vertex -7.4249 5.1740 4.2749
         vertex -7.4254 5.1737 4.2753
         vertex -7.4120 5.1804 4.2650
      endloop
   endfacet
   facet normal 0.6735 -0.2416 0.6986
      outer loop
         vertex -7.4249 5.1740 4.2749
         vertex -7.4120 5.1804 4.2650
         vertex -7.4121 5.1812 4.2650
      endloop
   endfacet
   facet normal 0.5775 -0.0845 0.8120
      outer loop
         vertex -7.4263 5.1732 4.2752
         vertex -7.4264 5.1731 4.2753
         vertex -7.4113 5.1755 4.2650
      endloop
   endfacet
   facet normal 0.5835 -0.1446 0.7992
      outer loop
         vertex -7.4263 5.1732 4.2752
         vertex -7.4113 5.1755 4.2650
         vertex -7.4114 5.1763 4.2650
      endloop
   endfacet
   facet normal 0.5863 0.0667 0.8073
      outer loop
         vertex -7.3980 5.1874 4.2543
         vertex -7.3984 5.1890 4.2543
         vertex -7.4120 5.1804 4.2650
      endloop
   endfacet
   facet normal 0.5899 0.2296 0.7741
      outer loop
         vertex -7.3719 5.2075 4.2328
         vertex -7.3980 5.1874 4.2543
         vertex -7.3700 5.2014 4.2328
      endloop
   endfacet
   facet normal 0.5656 0.2252 0.7933
      outer loop
         vertex -7.3719 5.2075 4.2328
         vertex -7.3988 5.1905 4.2543
         vertex -7.3984 5.1890 4.2543
      endloop
   endfacet
   facet normal 0.5725 0.2098 0.7926
      outer loop
         vertex -7.3719 5.2075 4.2328
         vertex -7.3984 5.1890 4.2543
         vertex -7.3980 5.1874 4.2543
      endloop
   endfacet
   facet normal 0.5836 0.0836 0.8077
      outer loop
         vertex -7.3984 5.1890 4.2543
         vertex -7.3988 5.1905 4.2543
         vertex -7.4121 5.1812 4.2650
      endloop
   endfacet
   facet normal 0.6145 -0.0074 0.7889
      outer loop
         vertex -7.3984 5.1890 4.2543
         vertex -7.4121 5.1812 4.2650
         vertex -7.4120 5.1804 4.2650
      endloop
   endfacet
   facet normal 0.5762 0.1008 0.8110
      outer loop
         vertex -7.3988 5.1905 4.2543
         vertex -7.4122 5.1820 4.2650
         vertex -7.4121 5.1812 4.2650
      endloop
   endfacet
   facet normal 0.6243 -0.3870 0.6785
      outer loop
         vertex -7.4258 5.1735 4.2752
         vertex -7.4259 5.1734 4.2753
         vertex -7.4116 5.1780 4.2650
      endloop
   endfacet
   facet normal 0.6272 -0.2335 0.7430
      outer loop
         vertex -7.4258 5.1735 4.2752
         vertex -7.4116 5.1780 4.2650
         vertex -7.4117 5.1788 4.2650
      endloop
   endfacet
   facet normal 0.5990 -0.3698 0.7103
      outer loop
         vertex -7.4260 5.1733 4.2753
         vertex -7.4261 5.1733 4.2752
         vertex -7.4115 5.1771 4.2650
      endloop
   endfacet
   facet normal 0.6062 -0.3752 0.7013
      outer loop
         vertex -7.4259 5.1734 4.2752
         vertex -7.4260 5.1733 4.2753
         vertex -7.4115 5.1771 4.2650
      endloop
   endfacet
   facet normal 0.6121 -0.2278 0.7572
      outer loop
         vertex -7.4259 5.1734 4.2752
         vertex -7.4115 5.1771 4.2650
         vertex -7.4116 5.1780 4.2650
      endloop
   endfacet
   facet normal 0.6169 -0.3822 0.6880
      outer loop
         vertex -7.4259 5.1734 4.2753
         vertex -7.4259 5.1734 4.2752
         vertex -7.4116 5.1780 4.2650
      endloop
   endfacet
   facet normal 0.5818 -0.3562 0.7312
      outer loop
         vertex -7.4262 5.1732 4.2753
         vertex -7.4263 5.1732 4.2752
         vertex -7.4114 5.1763 4.2650
      endloop
   endfacet
   facet normal 0.5887 -0.3621 0.7227
      outer loop
         vertex -7.4261 5.1733 4.2752
         vertex -7.4262 5.1732 4.2753
         vertex -7.4114 5.1763 4.2650
      endloop
   endfacet
   facet normal 0.5975 -0.2210 0.7708
      outer loop
         vertex -7.4261 5.1733 4.2752
         vertex -7.4114 5.1763 4.2650
         vertex -7.4115 5.1771 4.2650
      endloop
   endfacet
   facet normal 0.6543 -0.4026 0.6402
      outer loop
         vertex -7.4256 5.1736 4.2753
         vertex -7.4256 5.1736 4.2752
         vertex -7.4119 5.1796 4.2650
      endloop
   endfacet
   facet normal 0.6620 -0.4059 0.6301
      outer loop
         vertex -7.4253 5.1738 4.2751
         vertex -7.4256 5.1736 4.2753
         vertex -7.4119 5.1796 4.2650
      endloop
   endfacet
   facet normal 0.6580 -0.2405 0.7136
      outer loop
         vertex -7.4253 5.1738 4.2751
         vertex -7.4119 5.1796 4.2650
         vertex -7.4120 5.1804 4.2650
      endloop
   endfacet
   facet normal 0.6734 -0.4100 0.6152
      outer loop
         vertex -7.4254 5.1737 4.2753
         vertex -7.4253 5.1738 4.2751
         vertex -7.4120 5.1804 4.2650
      endloop
   endfacet
   facet normal 0.6430 -0.3974 0.6547
      outer loop
         vertex -7.4256 5.1736 4.2752
         vertex -7.4257 5.1735 4.2753
         vertex -7.4117 5.1788 4.2650
      endloop
   endfacet
   facet normal 0.6426 -0.2378 0.7284
      outer loop
         vertex -7.4256 5.1736 4.2752
         vertex -7.4117 5.1788 4.2650
         vertex -7.4119 5.1796 4.2650
      endloop
   endfacet
   facet normal 0.6354 -0.3933 0.6646
      outer loop
         vertex -7.4257 5.1735 4.2753
         vertex -7.4258 5.1735 4.2752
         vertex -7.4117 5.1788 4.2650
      endloop
   endfacet
   facet normal 0.5662 0.0642 0.8218
      outer loop
         vertex -7.3964 5.1811 4.2543
         vertex -7.3968 5.1827 4.2543
         vertex -7.4115 5.1771 4.2650
      endloop
   endfacet
   facet normal 0.5793 0.1496 0.8013
      outer loop
         vertex -7.3700 5.2014 4.2328
         vertex -7.3980 5.1874 4.2543
         vertex -7.3976 5.1858 4.2543
      endloop
   endfacet
   facet normal 0.5778 0.1492 0.8024
      outer loop
         vertex -7.3700 5.2014 4.2328
         vertex -7.3976 5.1858 4.2543
         vertex -7.3972 5.1843 4.2543
      endloop
   endfacet
   facet normal 0.5754 -0.0047 0.8179
      outer loop
         vertex -7.3964 5.1811 4.2543
         vertex -7.4115 5.1771 4.2650
         vertex -7.4114 5.1763 4.2650
      endloop
   endfacet
   facet normal 0.5619 0.0502 0.8257
      outer loop
         vertex -7.3960 5.1796 4.2543
         vertex -7.4114 5.1763 4.2650
         vertex -7.4113 5.1755 4.2650
      endloop
   endfacet
   facet normal 0.5612 0.0625 0.8253
      outer loop
         vertex -7.3960 5.1796 4.2543
         vertex -7.3964 5.1811 4.2543
         vertex -7.4114 5.1763 4.2650
      endloop
   endfacet
   facet normal 0.5947 0.1556 0.7887
      outer loop
         vertex -7.3642 5.1830 4.2328
         vertex -7.3964 5.1811 4.2543
         vertex -7.3960 5.1796 4.2543
      endloop
   endfacet
   facet normal 0.5960 0.1437 0.7900
      outer loop
         vertex -7.3642 5.1830 4.2328
         vertex -7.3960 5.1796 4.2543
         vertex -7.4113 5.1755 4.2650
      endloop
   endfacet
   facet normal 0.6168 0.1777 0.7668
      outer loop
         vertex -7.3642 5.1830 4.2328
         vertex -7.3680 5.1952 4.2328
         vertex -7.3964 5.1811 4.2543
      endloop
   endfacet
   facet normal 0.5969 0.1690 0.7843
      outer loop
         vertex -7.3700 5.2014 4.2328
         vertex -7.3972 5.1843 4.2543
         vertex -7.3680 5.1952 4.2328
      endloop
   endfacet
   facet normal 0.5753 0.1487 0.8043
      outer loop
         vertex -7.3680 5.1952 4.2328
         vertex -7.3972 5.1843 4.2543
         vertex -7.3968 5.1827 4.2543
      endloop
   endfacet
   facet normal 0.5736 0.1483 0.8056
      outer loop
         vertex -7.3680 5.1952 4.2328
         vertex -7.3968 5.1827 4.2543
         vertex -7.3964 5.1811 4.2543
      endloop
   endfacet
   facet normal 0.5813 0.0656 0.8111
      outer loop
         vertex -7.3976 5.1858 4.2543
         vertex -7.3980 5.1874 4.2543
         vertex -7.4119 5.1796 4.2650
      endloop
   endfacet
   facet normal 0.5907 -0.0061 0.8068
      outer loop
         vertex -7.3972 5.1843 4.2543
         vertex -7.4117 5.1788 4.2650
         vertex -7.4116 5.1780 4.2650
      endloop
   endfacet
   facet normal 0.5764 0.0648 0.8146
      outer loop
         vertex -7.3972 5.1843 4.2543
         vertex -7.3976 5.1858 4.2543
         vertex -7.4117 5.1788 4.2650
      endloop
   endfacet
   facet normal 0.5992 -0.0096 0.8005
      outer loop
         vertex -7.3976 5.1858 4.2543
         vertex -7.4119 5.1796 4.2650
         vertex -7.4117 5.1788 4.2650
      endloop
   endfacet
   facet normal 0.5713 0.0644 0.8182
      outer loop
         vertex -7.3968 5.1827 4.2543
         vertex -7.3972 5.1843 4.2543
         vertex -7.4116 5.1780 4.2650
      endloop
   endfacet
   facet normal 0.5837 -0.0092 0.8119
      outer loop
         vertex -7.3968 5.1827 4.2543
         vertex -7.4116 5.1780 4.2650
         vertex -7.4115 5.1771 4.2650
      endloop
   endfacet
   facet normal 0.6927 -0.4151 0.5898
      outer loop
         vertex -7.4253 5.1738 4.2753
         vertex -7.4249 5.1740 4.2749
         vertex -7.4121 5.1812 4.2650
      endloop
   endfacet
   facet normal 0.6547 -0.1309 0.7445
      outer loop
         vertex -7.4121 5.1812 4.2650
         vertex -7.4122 5.1820 4.2650
         vertex -7.4253 5.1738 4.2753
      endloop
   endfacet
   facet normal 0.5863 0.0667 -0.8073
      outer loop
         vertex -7.3980 5.1874 1.4457
         vertex -7.4120 5.1804 1.4350
         vertex -7.3984 5.1890 1.4457
      endloop
   endfacet
   facet normal 0.5656 0.2252 -0.7933
      outer loop
         vertex -7.3984 5.1890 1.4457
         vertex -7.3988 5.1905 1.4457
         vertex -7.3719 5.2075 1.4672
      endloop
   endfacet
   facet normal 0.5725 0.2098 -0.7926
      outer loop
         vertex -7.3984 5.1890 1.4457
         vertex -7.3719 5.2075 1.4672
         vertex -7.3980 5.1874 1.4457
      endloop
   endfacet
   facet normal 0.5836 0.0836 -0.8077
      outer loop
         vertex -7.3984 5.1890 1.4457
         vertex -7.4121 5.1812 1.4350
         vertex -7.3988 5.1905 1.4457
      endloop
   endfacet
   facet normal 0.6145 -0.0074 -0.7889
      outer loop
         vertex -7.3984 5.1890 1.4457
         vertex -7.4120 5.1804 1.4350
         vertex -7.4121 5.1812 1.4350
      endloop
   endfacet
   facet normal 0.5762 0.1008 -0.8110
      outer loop
         vertex -7.3988 5.1905 1.4457
         vertex -7.4121 5.1812 1.4350
         vertex -7.4122 5.1820 1.4350
      endloop
   endfacet
   facet normal 0.6243 -0.3870 -0.6785
      outer loop
         vertex -7.4116 5.1780 1.4350
         vertex -7.4259 5.1734 1.4247
         vertex -7.4258 5.1735 1.4248
      endloop
   endfacet
   facet normal 0.6272 -0.2335 -0.7430
      outer loop
         vertex -7.4116 5.1780 1.4350
         vertex -7.4258 5.1735 1.4248
         vertex -7.4117 5.1788 1.4350
      endloop
   endfacet
   facet normal 0.5990 -0.3698 -0.7103
      outer loop
         vertex -7.4115 5.1771 1.4350
         vertex -7.4261 5.1733 1.4248
         vertex -7.4260 5.1733 1.4247
      endloop
   endfacet
   facet normal 0.6169 -0.3822 -0.6880
      outer loop
         vertex -7.4116 5.1780 1.4350
         vertex -7.4259 5.1734 1.4248
         vertex -7.4259 5.1734 1.4247
      endloop
   endfacet
   facet normal 0.6062 -0.3752 -0.7013
      outer loop
         vertex -7.4115 5.1771 1.4350
         vertex -7.4260 5.1733 1.4247
         vertex -7.4259 5.1734 1.4248
      endloop
   endfacet
   facet normal 0.6121 -0.2278 -0.7572
      outer loop
         vertex -7.4115 5.1771 1.4350
         vertex -7.4259 5.1734 1.4248
         vertex -7.4116 5.1780 1.4350
      endloop
   endfacet
   facet normal 0.5887 -0.3621 -0.7227
      outer loop
         vertex -7.4114 5.1763 1.4350
         vertex -7.4262 5.1732 1.4247
         vertex -7.4261 5.1733 1.4248
      endloop
   endfacet
   facet normal 0.5975 -0.2210 -0.7708
      outer loop
         vertex -7.4114 5.1763 1.4350
         vertex -7.4261 5.1733 1.4248
         vertex -7.4115 5.1771 1.4350
      endloop
   endfacet
   facet normal 0.5818 -0.3562 -0.7312
      outer loop
         vertex -7.4114 5.1763 1.4350
         vertex -7.4263 5.1732 1.4248
         vertex -7.4262 5.1732 1.4247
      endloop
   endfacet
   facet normal 0.6543 -0.4026 -0.6402
      outer loop
         vertex -7.4119 5.1796 1.4350
         vertex -7.4256 5.1736 1.4248
         vertex -7.4256 5.1736 1.4247
      endloop
   endfacet
   facet normal 0.6734 -0.4100 -0.6152
      outer loop
         vertex -7.4120 5.1804 1.4350
         vertex -7.4253 5.1738 1.4249
         vertex -7.4254 5.1737 1.4247
      endloop
   endfacet
   facet normal 0.6620 -0.4059 -0.6301
      outer loop
         vertex -7.4119 5.1796 1.4350
         vertex -7.4256 5.1736 1.4247
         vertex -7.4253 5.1738 1.4249
      endloop
   endfacet
   facet normal 0.6580 -0.2405 -0.7136
      outer loop
         vertex -7.4119 5.1796 1.4350
         vertex -7.4253 5.1738 1.4249
         vertex -7.4120 5.1804 1.4350
      endloop
   endfacet
   facet normal 0.6354 -0.3933 -0.6646
      outer loop
         vertex -7.4117 5.1788 1.4350
         vertex -7.4258 5.1735 1.4248
         vertex -7.4257 5.1735 1.4247
      endloop
   endfacet
   facet normal 0.6430 -0.3974 -0.6547
      outer loop
         vertex -7.4117 5.1788 1.4350
         vertex -7.4257 5.1735 1.4247
         vertex -7.4256 5.1736 1.4248
      endloop
   endfacet
   facet normal 0.6426 -0.2378 -0.7284
      outer loop
         vertex -7.4117 5.1788 1.4350
         vertex -7.4256 5.1736 1.4248
         vertex -7.4119 5.1796 1.4350
      endloop
   endfacet
   facet normal 0.5713 0.0644 -0.8182
      outer loop
         vertex -7.3968 5.1827 1.4457
         vertex -7.4116 5.1780 1.4350
         vertex -7.3972 5.1843 1.4457
      endloop
   endfacet
   facet normal 0.5960 0.1437 -0.7900
      outer loop
         vertex -7.3642 5.1830 1.4672
         vertex -7.4113 5.1755 1.4350
         vertex -7.3960 5.1796 1.4457
      endloop
   endfacet
   facet normal 0.5947 0.1556 -0.7887
      outer loop
         vertex -7.3642 5.1830 1.4672
         vertex -7.3960 5.1796 1.4457
         vertex -7.3964 5.1811 1.4457
      endloop
   endfacet
   facet normal 0.5612 0.0625 -0.8253
      outer loop
         vertex -7.3960 5.1796 1.4457
         vertex -7.4114 5.1763 1.4350
         vertex -7.3964 5.1811 1.4457
      endloop
   endfacet
   facet normal 0.5619 0.0502 -0.8257
      outer loop
         vertex -7.3960 5.1796 1.4457
         vertex -7.4113 5.1755 1.4350
         vertex -7.4114 5.1763 1.4350
      endloop
   endfacet
   facet normal 0.5754 -0.0047 -0.8179
      outer loop
         vertex -7.3964 5.1811 1.4457
         vertex -7.4114 5.1763 1.4350
         vertex -7.4115 5.1771 1.4350
      endloop
   endfacet
   facet normal 0.5793 0.1496 -0.8013
      outer loop
         vertex -7.3976 5.1858 1.4457
         vertex -7.3980 5.1874 1.4457
         vertex -7.3700 5.2014 1.4672
      endloop
   endfacet
   facet normal 0.5778 0.1492 -0.8024
      outer loop
         vertex -7.3976 5.1858 1.4457
         vertex -7.3700 5.2014 1.4672
         vertex -7.3972 5.1843 1.4457
      endloop
   endfacet
   facet normal 0.5837 -0.0092 -0.8119
      outer loop
         vertex -7.3968 5.1827 1.4457
         vertex -7.4115 5.1771 1.4350
         vertex -7.4116 5.1780 1.4350
      endloop
   endfacet
   facet normal 0.5662 0.0642 -0.8218
      outer loop
         vertex -7.3964 5.1811 1.4457
         vertex -7.4115 5.1771 1.4350
         vertex -7.3968 5.1827 1.4457
      endloop
   endfacet
   facet normal 0.5753 0.1487 -0.8043
      outer loop
         vertex -7.3968 5.1827 1.4457
         vertex -7.3972 5.1843 1.4457
         vertex -7.3680 5.1952 1.4672
      endloop
   endfacet
   facet normal 0.5736 0.1483 -0.8056
      outer loop
         vertex -7.3968 5.1827 1.4457
         vertex -7.3680 5.1952 1.4672
         vertex -7.3964 5.1811 1.4457
      endloop
   endfacet
   facet normal 0.5969 0.1690 -0.7843
      outer loop
         vertex -7.3680 5.1952 1.4672
         vertex -7.3972 5.1843 1.4457
         vertex -7.3700 5.2014 1.4672
      endloop
   endfacet
   facet normal 0.6168 0.1777 -0.7668
      outer loop
         vertex -7.3680 5.1952 1.4672
         vertex -7.3642 5.1830 1.4672
         vertex -7.3964 5.1811 1.4457
      endloop
   endfacet
   facet normal 0.5907 -0.0061 -0.8068
      outer loop
         vertex -7.3972 5.1843 1.4457
         vertex -7.4116 5.1780 1.4350
         vertex -7.4117 5.1788 1.4350
      endloop
   endfacet
   facet normal 0.5992 -0.0096 -0.8005
      outer loop
         vertex -7.3976 5.1858 1.4457
         vertex -7.4117 5.1788 1.4350
         vertex -7.4119 5.1796 1.4350
      endloop
   endfacet
   facet normal 0.5813 0.0656 -0.8111
      outer loop
         vertex -7.3976 5.1858 1.4457
         vertex -7.4119 5.1796 1.4350
         vertex -7.3980 5.1874 1.4457
      endloop
   endfacet
   facet normal 0.5764 0.0648 -0.8146
      outer loop
         vertex -7.3972 5.1843 1.4457
         vertex -7.4117 5.1788 1.4350
         vertex -7.3976 5.1858 1.4457
      endloop
   endfacet
   facet normal 0.6547 -0.1309 -0.7445
      outer loop
         vertex -7.4121 5.1812 1.4350
         vertex -7.4253 5.1738 1.4247
         vertex -7.4122 5.1820 1.4350
      endloop
   endfacet
   facet normal 0.6927 -0.4151 -0.5898
      outer loop
         vertex -7.4121 5.1812 1.4350
         vertex -7.4249 5.1740 1.4251
         vertex -7.4253 5.1738 1.4247
      endloop
   endfacet
   facet normal 0.6411 0.1771 -0.7468
      outer loop
         vertex -7.4435 5.1703 1.4130
         vertex -7.4449 5.1700 1.4120
         vertex -7.4437 5.1719 1.4136
      endloop
   endfacet
   facet normal 0.5939 0.2256 -0.7722
      outer loop
         vertex -7.4435 5.1703 1.4130
         vertex -7.4437 5.1719 1.4136
         vertex -7.4430 5.1710 1.4136
      endloop
   endfacet
   facet normal 0.4902 0.3301 -0.8067
      outer loop
         vertex -7.4337 5.1834 1.4243
         vertex -7.4430 5.1710 1.4136
         vertex -7.4350 5.1850 1.4243
      endloop
   endfacet
   facet normal 0.4736 0.4322 -0.7674
      outer loop
         vertex -7.4310 5.1801 1.4243
         vertex -7.4046 5.2417 1.4672
         vertex -7.3719 5.2075 1.4672
      endloop
   endfacet
   facet normal 0.5002 0.5763 -0.6463
      outer loop
         vertex -7.4046 5.2417 1.4672
         vertex -7.3617 5.3160 1.5943
         vertex -7.3719 5.2075 1.4672
      endloop
   endfacet
   facet normal 0.4311 0.4267 -0.7950
      outer loop
         vertex -7.4046 5.2417 1.4672
         vertex -7.4310 5.1801 1.4243
         vertex -7.4323 5.1818 1.4243
      endloop
   endfacet
   facet normal 0.4362 0.4255 -0.7929
      outer loop
         vertex -7.4046 5.2417 1.4672
         vertex -7.4323 5.1818 1.4243
         vertex -7.4337 5.1834 1.4243
      endloop
   endfacet
   facet normal 0.4376 0.4266 -0.7915
      outer loop
         vertex -7.4046 5.2417 1.4672
         vertex -7.4337 5.1834 1.4243
         vertex -7.4350 5.1850 1.4243
      endloop
   endfacet
   facet normal 0.4148 0.4449 -0.7937
      outer loop
         vertex -7.4046 5.2417 1.4672
         vertex -7.4350 5.1850 1.4243
         vertex -7.4364 5.1867 1.4243
      endloop
   endfacet
   facet normal 0.4723 0.3499 -0.8090
      outer loop
         vertex -7.4350 5.1850 1.4243
         vertex -7.4437 5.1719 1.4136
         vertex -7.4364 5.1867 1.4243
      endloop
   endfacet
   facet normal 0.5227 0.3024 -0.7971
      outer loop
         vertex -7.4350 5.1850 1.4243
         vertex -7.4430 5.1710 1.4136
         vertex -7.4437 5.1719 1.4136
      endloop
   endfacet
   facet normal 0.4965 0.3317 -0.8021
      outer loop
         vertex -7.4364 5.1867 1.4243
         vertex -7.4437 5.1719 1.4136
         vertex -7.4443 5.1729 1.4136
      endloop
   endfacet
   facet normal 0.5980 0.2358 -0.7660
      outer loop
         vertex -7.4443 5.1729 1.4136
         vertex -7.4437 5.1719 1.4136
         vertex -7.4449 5.1701 1.4120
      endloop
   endfacet
   facet normal 0.5778 0.2564 -0.7749
      outer loop
         vertex -7.4443 5.1729 1.4136
         vertex -7.4449 5.1701 1.4120
         vertex -7.4460 5.1699 1.4113
      endloop
   endfacet
   facet normal 0.5842 0.2567 -0.7699
      outer loop
         vertex -7.4443 5.1729 1.4136
         vertex -7.4460 5.1699 1.4113
         vertex -7.4460 5.1699 1.4113
      endloop
   endfacet
   facet normal 0.6478 0.1775 -0.7409
      outer loop
         vertex -7.4437 5.1719 1.4136
         vertex -7.4449 5.1700 1.4120
         vertex -7.4449 5.1701 1.4120
      endloop
   endfacet
   facet normal 0.6123 0.2324 -0.7557
      outer loop
         vertex -7.4443 5.1729 1.4136
         vertex -7.4460 5.1699 1.4113
         vertex -7.4460 5.1700 1.4113
      endloop
   endfacet
   facet normal 0.4622 0.3470 -0.8161
      outer loop
         vertex -7.4398 5.1710 1.4155
         vertex -7.4403 5.1709 1.4152
         vertex -7.4323 5.1818 1.4243
      endloop
   endfacet
   facet normal 0.4554 0.3528 -0.8174
      outer loop
         vertex -7.4398 5.1710 1.4155
         vertex -7.4323 5.1818 1.4243
         vertex -7.4310 5.1801 1.4243
      endloop
   endfacet
   facet normal 0.4408 0.0698 -0.8949
      outer loop
         vertex -7.3736 4.4295 1.3814
         vertex -7.4838 5.1257 1.3814
         vertex -7.4460 5.1699 1.4113
      endloop
   endfacet
   facet normal 0.4980 0.0789 -0.8636
      outer loop
         vertex -7.3736 4.4295 1.3814
         vertex -7.4460 5.1699 1.4113
         vertex -7.4460 5.1699 1.4113
      endloop
   endfacet
   facet normal 0.4980 0.0789 -0.8636
      outer loop
         vertex -7.3736 4.4295 1.3814
         vertex -7.4460 5.1699 1.4113
         vertex -7.4449 5.1700 1.4120
      endloop
   endfacet
   facet normal 0.4980 0.0789 -0.8636
      outer loop
         vertex -7.3736 4.4295 1.3814
         vertex -7.4449 5.1700 1.4120
         vertex -7.4435 5.1702 1.4130
      endloop
   endfacet
   facet normal 0.4980 0.0789 -0.8636
      outer loop
         vertex -7.3736 4.4295 1.3814
         vertex -7.4435 5.1702 1.4130
         vertex -7.4426 5.1704 1.4136
      endloop
   endfacet
   facet normal 0.4980 0.0789 -0.8636
      outer loop
         vertex -7.3736 4.4295 1.3814
         vertex -7.4426 5.1704 1.4136
         vertex -7.4420 5.1706 1.4140
      endloop
   endfacet
   facet normal 0.4980 0.0789 -0.8636
      outer loop
         vertex -7.3736 4.4295 1.3814
         vertex -7.4420 5.1706 1.4140
         vertex -7.4418 5.1706 1.4142
      endloop
   endfacet
   facet normal 0.4980 0.0789 -0.8636
      outer loop
         vertex -7.3736 4.4295 1.3814
         vertex -7.4418 5.1706 1.4142
         vertex -7.4411 5.1708 1.4147
      endloop
   endfacet
   facet normal 0.4980 0.0789 -0.8636
      outer loop
         vertex -7.3736 4.4295 1.3814
         vertex -7.4411 5.1708 1.4147
         vertex -7.4264 5.1731 1.4247
      endloop
   endfacet
   facet normal 0.4980 0.0789 -0.8636
      outer loop
         vertex -7.3736 4.4295 1.3814
         vertex -7.4264 5.1731 1.4247
         vertex -7.4113 5.1755 1.4350
      endloop
   endfacet
   facet normal 0.5509 0.0873 -0.8300
      outer loop
         vertex -7.3736 4.4295 1.3814
         vertex -7.4113 5.1755 1.4350
         vertex -7.3642 5.1830 1.4672
      endloop
   endfacet
   facet normal 0.6028 0.0955 -0.7921
      outer loop
         vertex -7.3736 4.4295 1.3814
         vertex -7.3642 5.1830 1.4672
         vertex -7.2520 4.4748 1.4672
      endloop
   endfacet
   facet normal 0.4980 0.0789 -0.8636
      outer loop
         vertex -7.4460 5.1700 1.4113
         vertex -7.4460 5.1699 1.4113
         vertex -7.4838 5.1257 1.3814
      endloop
   endfacet
   facet normal 0.5521 0.0875 -0.8291
      outer loop
         vertex -7.4449 5.1701 1.4120
         vertex -7.4449 5.1700 1.4120
         vertex -7.4460 5.1699 1.4113
      endloop
   endfacet
   facet normal 0.5521 0.0875 -0.8291
      outer loop
         vertex -7.4435 5.1703 1.4130
         vertex -7.4435 5.1702 1.4130
         vertex -7.4449 5.1700 1.4120
      endloop
   endfacet
   facet normal 0.4651 0.3492 -0.8135
      outer loop
         vertex -7.4418 5.1706 1.4142
         vertex -7.4420 5.1706 1.4140
         vertex -7.4337 5.1834 1.4243
      endloop
   endfacet
   facet normal 0.4614 0.3523 -0.8142
      outer loop
         vertex -7.4418 5.1706 1.4142
         vertex -7.4337 5.1834 1.4243
         vertex -7.4323 5.1818 1.4243
      endloop
   endfacet
   facet normal 0.4704 0.3414 -0.8137
      outer loop
         vertex -7.4411 5.1708 1.4147
         vertex -7.4418 5.1706 1.4142
         vertex -7.4323 5.1818 1.4243
      endloop
   endfacet
   facet normal 0.4700 0.3411 -0.8141
      outer loop
         vertex -7.4411 5.1708 1.4147
         vertex -7.4323 5.1818 1.4243
         vertex -7.4403 5.1709 1.4152
      endloop
   endfacet
   facet normal 0.4991 0.3189 -0.8057
      outer loop
         vertex -7.4426 5.1704 1.4136
         vertex -7.4430 5.1710 1.4136
         vertex -7.4337 5.1834 1.4243
      endloop
   endfacet
   facet normal 0.4726 0.3430 -0.8118
      outer loop
         vertex -7.4426 5.1704 1.4136
         vertex -7.4337 5.1834 1.4243
         vertex -7.4420 5.1706 1.4140
      endloop
   endfacet
   facet normal 0.5711 0.2439 -0.7838
      outer loop
         vertex -7.4426 5.1704 1.4136
         vertex -7.4435 5.1702 1.4130
         vertex -7.4430 5.1710 1.4136
      endloop
   endfacet
   facet normal 0.6313 0.1760 -0.7553
      outer loop
         vertex -7.4430 5.1710 1.4136
         vertex -7.4435 5.1702 1.4130
         vertex -7.4435 5.1703 1.4130
      endloop
   endfacet
   facet normal 0.4544 0.3283 -0.8281
      outer loop
         vertex -7.4256 5.1736 1.4243
         vertex -7.4264 5.1731 1.4237
         vertex -7.4265 5.1731 1.4236
      endloop
   endfacet
   facet normal 0.5260 0.2958 -0.7974
      outer loop
         vertex -7.3719 5.2075 1.4672
         vertex -7.4122 5.1820 1.4350
         vertex -7.4256 5.1736 1.4243
      endloop
   endfacet
   facet normal 0.4924 0.3522 -0.7959
      outer loop
         vertex -7.3719 5.2075 1.4672
         vertex -7.4256 5.1736 1.4243
         vertex -7.4283 5.1768 1.4243
      endloop
   endfacet
   facet normal 0.4932 0.3547 -0.7943
      outer loop
         vertex -7.3719 5.2075 1.4672
         vertex -7.4283 5.1768 1.4243
         vertex -7.4297 5.1785 1.4243
      endloop
   endfacet
   facet normal 0.4927 0.3594 -0.7925
      outer loop
         vertex -7.3719 5.2075 1.4672
         vertex -7.4297 5.1785 1.4243
         vertex -7.4310 5.1801 1.4243
      endloop
   endfacet
   facet normal 0.1564 -0.9877 0.0000
      outer loop
         vertex -7.4398 5.1710 4.2845
         vertex -7.4403 5.1709 4.2848
         vertex -7.4384 5.1712 4.2836
      endloop
   endfacet
   facet normal 0.1564 -0.9877 0.0000
      outer loop
         vertex -7.4384 5.1712 4.2836
         vertex -7.4403 5.1709 4.2848
         vertex -7.4264 5.1731 4.2753
      endloop
   endfacet
   facet normal 0.1564 -0.9877 0.0000
      outer loop
         vertex -7.4384 5.1712 4.2836
         vertex -7.4264 5.1731 4.2753
         vertex -7.4362 5.1716 4.2822
      endloop
   endfacet
   facet normal 0.1564 -0.9877 0.0000
      outer loop
         vertex -7.4362 5.1716 4.2822
         vertex -7.4264 5.1731 4.2753
         vertex -7.4335 5.1720 4.2805
      endloop
   endfacet
   facet normal 0.1564 -0.9877 0.0000
      outer loop
         vertex -7.4362 5.1716 4.2822
         vertex -7.4335 5.1720 4.2805
         vertex -7.4345 5.1718 4.2812
      endloop
   endfacet
   facet normal 0.1564 -0.9877 0.0000
      outer loop
         vertex -7.4335 5.1720 4.2805
         vertex -7.4264 5.1731 4.2753
         vertex -7.4264 5.1731 4.2763
      endloop
   endfacet
   facet normal 0.1564 -0.9877 0.0000
      outer loop
         vertex -7.4335 5.1720 4.2805
         vertex -7.4264 5.1731 4.2763
         vertex -7.4265 5.1731 4.2764
      endloop
   endfacet
   facet normal 0.1564 -0.9877 0.0000
      outer loop
         vertex -7.4264 5.1731 4.2753
         vertex -7.4403 5.1709 4.2848
         vertex -7.4411 5.1708 4.2853
      endloop
   endfacet
   facet normal 0.1564 -0.9877 0.0000
      outer loop
         vertex -7.4384 5.1712 4.2836
         vertex -7.4362 5.1716 4.2822
         vertex -7.4374 5.1714 4.2830
      endloop
   endfacet
   facet normal 0.1564 -0.9877 0.0000
      outer loop
         vertex -7.4264 5.1731 1.4247
         vertex -7.4411 5.1708 1.4147
         vertex -7.4403 5.1709 1.4152
      endloop
   endfacet
   facet normal 0.1564 -0.9877 0.0000
      outer loop
         vertex -7.4264 5.1731 1.4247
         vertex -7.4403 5.1709 1.4152
         vertex -7.4398 5.1710 1.4155
      endloop
   endfacet
   facet normal 0.1564 -0.9877 0.0000
      outer loop
         vertex -7.4264 5.1731 1.4247
         vertex -7.4398 5.1710 1.4155
         vertex -7.4384 5.1712 1.4164
      endloop
   endfacet
   facet normal 0.1564 -0.9877 0.0000
      outer loop
         vertex -7.4264 5.1731 1.4247
         vertex -7.4384 5.1712 1.4164
         vertex -7.4374 5.1714 1.4170
      endloop
   endfacet
   facet normal 0.1564 -0.9877 0.0000
      outer loop
         vertex -7.4264 5.1731 1.4247
         vertex -7.4374 5.1714 1.4170
         vertex -7.4362 5.1716 1.4178
      endloop
   endfacet
   facet normal 0.1564 -0.9877 0.0000
      outer loop
         vertex -7.4264 5.1731 1.4247
         vertex -7.4362 5.1716 1.4178
         vertex -7.4345 5.1718 1.4188
      endloop
   endfacet
   facet normal 0.1564 -0.9877 0.0000
      outer loop
         vertex -7.4264 5.1731 1.4247
         vertex -7.4345 5.1718 1.4188
         vertex -7.4335 5.1720 1.4195
      endloop
   endfacet
   facet normal 0.1564 -0.9877 0.0000
      outer loop
         vertex -7.4264 5.1731 1.4247
         vertex -7.4335 5.1720 1.4195
         vertex -7.4265 5.1731 1.4236
      endloop
   endfacet
   facet normal 0.1564 -0.9877 0.0000
      outer loop
         vertex -7.4264 5.1731 1.4247
         vertex -7.4265 5.1731 1.4236
         vertex -7.4264 5.1731 1.4237
      endloop
   endfacet
   facet normal 0.6411 0.1771 0.7468
      outer loop
         vertex -7.4437 5.1719 4.2864
         vertex -7.4449 5.1700 4.2880
         vertex -7.4435 5.1703 4.2870
      endloop
   endfacet
   facet normal 0.5939 0.2256 0.7722
      outer loop
         vertex -7.4437 5.1719 4.2864
         vertex -7.4435 5.1703 4.2870
         vertex -7.4430 5.1710 4.2864
      endloop
   endfacet
   facet normal 0.4902 0.3301 0.8067
      outer loop
         vertex -7.4337 5.1834 4.2757
         vertex -7.4350 5.1850 4.2757
         vertex -7.4430 5.1710 4.2864
      endloop
   endfacet
   facet normal 0.4736 0.4322 0.7674
      outer loop
         vertex -7.3719 5.2075 4.2328
         vertex -7.4046 5.2417 4.2328
         vertex -7.4310 5.1801 4.2757
      endloop
   endfacet
   facet normal 0.5002 0.5763 0.6463
      outer loop
         vertex -7.3617 5.3160 4.1057
         vertex -7.4046 5.2417 4.2328
         vertex -7.3719 5.2075 4.2328
      endloop
   endfacet
   facet normal 0.4148 0.4449 0.7937
      outer loop
         vertex -7.4046 5.2417 4.2328
         vertex -7.4364 5.1867 4.2757
         vertex -7.4350 5.1850 4.2757
      endloop
   endfacet
   facet normal 0.4376 0.4266 0.7915
      outer loop
         vertex -7.4046 5.2417 4.2328
         vertex -7.4350 5.1850 4.2757
         vertex -7.4337 5.1834 4.2757
      endloop
   endfacet
   facet normal 0.4362 0.4255 0.7929
      outer loop
         vertex -7.4046 5.2417 4.2328
         vertex -7.4337 5.1834 4.2757
         vertex -7.4323 5.1818 4.2757
      endloop
   endfacet
   facet normal 0.4311 0.4267 0.7950
      outer loop
         vertex -7.4046 5.2417 4.2328
         vertex -7.4323 5.1818 4.2757
         vertex -7.4310 5.1801 4.2757
      endloop
   endfacet
   facet normal 0.4723 0.3499 0.8090
      outer loop
         vertex -7.4350 5.1850 4.2757
         vertex -7.4364 5.1867 4.2757
         vertex -7.4437 5.1719 4.2864
      endloop
   endfacet
   facet normal 0.5227 0.3024 0.7971
      outer loop
         vertex -7.4350 5.1850 4.2757
         vertex -7.4437 5.1719 4.2864
         vertex -7.4430 5.1710 4.2864
      endloop
   endfacet
   facet normal 0.4965 0.3317 0.8021
      outer loop
         vertex -7.4364 5.1867 4.2757
         vertex -7.4443 5.1729 4.2864
         vertex -7.4437 5.1719 4.2864
      endloop
   endfacet
   facet normal 0.5842 0.2567 0.7699
      outer loop
         vertex -7.4443 5.1729 4.2864
         vertex -7.4460 5.1699 4.2887
         vertex -7.4460 5.1699 4.2887
      endloop
   endfacet
   facet normal 0.5778 0.2564 0.7749
      outer loop
         vertex -7.4443 5.1729 4.2864
         vertex -7.4460 5.1699 4.2887
         vertex -7.4449 5.1701 4.2880
      endloop
   endfacet
   facet normal 0.5980 0.2358 0.7660
      outer loop
         vertex -7.4443 5.1729 4.2864
         vertex -7.4449 5.1701 4.2880
         vertex -7.4437 5.1719 4.2864
      endloop
   endfacet
   facet normal 0.6478 0.1775 0.7409
      outer loop
         vertex -7.4437 5.1719 4.2864
         vertex -7.4449 5.1701 4.2880
         vertex -7.4449 5.1700 4.2880
      endloop
   endfacet
   facet normal 0.6123 0.2324 0.7557
      outer loop
         vertex -7.4443 5.1729 4.2864
         vertex -7.4460 5.1700 4.2887
         vertex -7.4460 5.1699 4.2887
      endloop
   endfacet
   facet normal 0.4622 0.3470 0.8161
      outer loop
         vertex -7.4323 5.1818 4.2757
         vertex -7.4403 5.1709 4.2848
         vertex -7.4398 5.1710 4.2845
      endloop
   endfacet
   facet normal 0.4554 0.3528 0.8174
      outer loop
         vertex -7.4323 5.1818 4.2757
         vertex -7.4398 5.1710 4.2845
         vertex -7.4310 5.1801 4.2757
      endloop
   endfacet
   facet normal 0.4651 0.3492 0.8135
      outer loop
         vertex -7.4337 5.1834 4.2757
         vertex -7.4420 5.1706 4.2860
         vertex -7.4418 5.1706 4.2858
      endloop
   endfacet
   facet normal 0.4614 0.3523 0.8142
      outer loop
         vertex -7.4337 5.1834 4.2757
         vertex -7.4418 5.1706 4.2858
         vertex -7.4323 5.1818 4.2757
      endloop
   endfacet
   facet normal 0.4704 0.3414 0.8137
      outer loop
         vertex -7.4323 5.1818 4.2757
         vertex -7.4418 5.1706 4.2858
         vertex -7.4411 5.1708 4.2853
      endloop
   endfacet
   facet normal 0.4700 0.3411 0.8141
      outer loop
         vertex -7.4323 5.1818 4.2757
         vertex -7.4411 5.1708 4.2853
         vertex -7.4403 5.1709 4.2848
      endloop
   endfacet
   facet normal 0.4991 0.3189 0.8057
      outer loop
         vertex -7.4337 5.1834 4.2757
         vertex -7.4430 5.1710 4.2864
         vertex -7.4426 5.1704 4.2864
      endloop
   endfacet
   facet normal 0.4726 0.3430 0.8118
      outer loop
         vertex -7.4337 5.1834 4.2757
         vertex -7.4426 5.1704 4.2864
         vertex -7.4420 5.1706 4.2860
      endloop
   endfacet
   facet normal 0.5711 0.2439 0.7838
      outer loop
         vertex -7.4426 5.1704 4.2864
         vertex -7.4430 5.1710 4.2864
         vertex -7.4435 5.1702 4.2870
      endloop
   endfacet
   facet normal 0.6313 0.1760 0.7553
      outer loop
         vertex -7.4430 5.1710 4.2864
         vertex -7.4435 5.1703 4.2870
         vertex -7.4435 5.1702 4.2870
      endloop
   endfacet
   facet normal 0.4544 0.3283 0.8281
      outer loop
         vertex -7.4256 5.1736 4.2757
         vertex -7.4265 5.1731 4.2764
         vertex -7.4264 5.1731 4.2763
      endloop
   endfacet
   facet normal 0.4927 0.3594 0.7925
      outer loop
         vertex -7.3719 5.2075 4.2328
         vertex -7.4310 5.1801 4.2757
         vertex -7.4297 5.1785 4.2757
      endloop
   endfacet
   facet normal 0.4932 0.3547 0.7943
      outer loop
         vertex -7.3719 5.2075 4.2328
         vertex -7.4297 5.1785 4.2757
         vertex -7.4283 5.1768 4.2757
      endloop
   endfacet
   facet normal 0.4924 0.3522 0.7959
      outer loop
         vertex -7.3719 5.2075 4.2328
         vertex -7.4283 5.1768 4.2757
         vertex -7.4256 5.1736 4.2757
      endloop
   endfacet
   facet normal 0.5260 0.2958 0.7974
      outer loop
         vertex -7.3719 5.2075 4.2328
         vertex -7.4256 5.1736 4.2757
         vertex -7.4122 5.1820 4.2650
      endloop
   endfacet
   facet normal 0.4548 0.3416 0.8224
      outer loop
         vertex -7.4297 5.1785 4.2757
         vertex -7.4362 5.1716 4.2822
         vertex -7.4345 5.1718 4.2812
      endloop
   endfacet
   facet normal 0.4507 0.3443 0.8236
      outer loop
         vertex -7.4297 5.1785 4.2757
         vertex -7.4345 5.1718 4.2812
         vertex -7.4283 5.1768 4.2757
      endloop
   endfacet
   facet normal 0.4513 0.3391 0.8255
      outer loop
         vertex -7.4283 5.1768 4.2757
         vertex -7.4335 5.1720 4.2805
         vertex -7.4265 5.1731 4.2764
      endloop
   endfacet
   facet normal 0.4481 0.3405 0.8266
      outer loop
         vertex -7.4283 5.1768 4.2757
         vertex -7.4265 5.1731 4.2764
         vertex -7.4256 5.1736 4.2757
      endloop
   endfacet
   facet normal 0.4530 0.3403 0.8240
      outer loop
         vertex -7.4283 5.1768 4.2757
         vertex -7.4345 5.1718 4.2812
         vertex -7.4335 5.1720 4.2805
      endloop
   endfacet
   facet normal 0.4558 0.3473 0.8195
      outer loop
         vertex -7.4310 5.1801 4.2757
         vertex -7.4384 5.1712 4.2836
         vertex -7.4374 5.1714 4.2830
      endloop
   endfacet
   facet normal 0.4513 0.3497 0.8210
      outer loop
         vertex -7.4310 5.1801 4.2757
         vertex -7.4374 5.1714 4.2830
         vertex -7.4297 5.1785 4.2757
      endloop
   endfacet
   facet normal 0.4559 0.3424 0.8215
      outer loop
         vertex -7.4297 5.1785 4.2757
         vertex -7.4374 5.1714 4.2830
         vertex -7.4362 5.1716 4.2822
      endloop
   endfacet
   facet normal 0.4569 0.3481 0.8186
      outer loop
         vertex -7.4310 5.1801 4.2757
         vertex -7.4398 5.1710 4.2845
         vertex -7.4384 5.1712 4.2836
      endloop
   endfacet
   facet normal 0.4980 0.0789 0.8636
      outer loop
         vertex -7.4460 5.1700 4.2887
         vertex -7.4838 5.1257 4.3186
         vertex -7.4460 5.1699 4.2887
      endloop
   endfacet
   facet normal 0.4408 0.0698 0.8949
      outer loop
         vertex -7.4460 5.1699 4.2887
         vertex -7.4838 5.1257 4.3186
         vertex -7.3736 4.4295 4.3186
      endloop
   endfacet
   facet normal 0.4980 0.0789 0.8636
      outer loop
         vertex -7.4460 5.1699 4.2887
         vertex -7.3736 4.4295 4.3186
         vertex -7.4460 5.1699 4.2887
      endloop
   endfacet
   facet normal 0.4980 0.0789 0.8636
      outer loop
         vertex -7.4460 5.1699 4.2887
         vertex -7.3736 4.4295 4.3186
         vertex -7.4449 5.1700 4.2880
      endloop
   endfacet
   facet normal 0.5521 0.0875 0.8291
      outer loop
         vertex -7.4460 5.1699 4.2887
         vertex -7.4449 5.1700 4.2880
         vertex -7.4449 5.1701 4.2880
      endloop
   endfacet
   facet normal 0.4980 0.0789 0.8636
      outer loop
         vertex -7.4420 5.1706 4.2860
         vertex -7.4426 5.1704 4.2864
         vertex -7.3736 4.4295 4.3186
      endloop
   endfacet
   facet normal 0.4980 0.0789 0.8636
      outer loop
         vertex -7.3736 4.4295 4.3186
         vertex -7.4426 5.1704 4.2864
         vertex -7.4435 5.1702 4.2870
      endloop
   endfacet
   facet normal 0.4980 0.0789 0.8636
      outer loop
         vertex -7.3736 4.4295 4.3186
         vertex -7.4435 5.1702 4.2870
         vertex -7.4449 5.1700 4.2880
      endloop
   endfacet
   facet normal 0.5521 0.0875 0.8291
      outer loop
         vertex -7.4449 5.1700 4.2880
         vertex -7.4435 5.1702 4.2870
         vertex -7.4435 5.1703 4.2870
      endloop
   endfacet
   facet normal 0.6028 0.0955 0.7921
      outer loop
         vertex -7.3736 4.4295 4.3186
         vertex -7.2520 4.4748 4.2328
         vertex -7.3642 5.1830 4.2328
      endloop
   endfacet
   facet normal 0.5509 0.0873 0.8300
      outer loop
         vertex -7.3736 4.4295 4.3186
         vertex -7.3642 5.1830 4.2328
         vertex -7.4113 5.1755 4.2650
      endloop
   endfacet
   facet normal 0.4980 0.0789 0.8636
      outer loop
         vertex -7.3736 4.4295 4.3186
         vertex -7.4113 5.1755 4.2650
         vertex -7.4264 5.1731 4.2753
      endloop
   endfacet
   facet normal 0.4980 0.0789 0.8636
      outer loop
         vertex -7.3736 4.4295 4.3186
         vertex -7.4264 5.1731 4.2753
         vertex -7.4411 5.1708 4.2853
      endloop
   endfacet
   facet normal 0.4980 0.0789 0.8636
      outer loop
         vertex -7.3736 4.4295 4.3186
         vertex -7.4411 5.1708 4.2853
         vertex -7.4418 5.1706 4.2858
      endloop
   endfacet
   facet normal 0.4980 0.0789 0.8636
      outer loop
         vertex -7.3736 4.4295 4.3186
         vertex -7.4418 5.1706 4.2858
         vertex -7.4420 5.1706 4.2860
      endloop
   endfacet
   facet normal 0.4548 0.3416 -0.8224
      outer loop
         vertex -7.4345 5.1718 1.4188
         vertex -7.4362 5.1716 1.4178
         vertex -7.4297 5.1785 1.4243
      endloop
   endfacet
   facet normal 0.4507 0.3443 -0.8236
      outer loop
         vertex -7.4345 5.1718 1.4188
         vertex -7.4297 5.1785 1.4243
         vertex -7.4283 5.1768 1.4243
      endloop
   endfacet
   facet normal 0.4513 0.3391 -0.8255
      outer loop
         vertex -7.4265 5.1731 1.4236
         vertex -7.4335 5.1720 1.4195
         vertex -7.4283 5.1768 1.4243
      endloop
   endfacet
   facet normal 0.4481 0.3405 -0.8266
      outer loop
         vertex -7.4265 5.1731 1.4236
         vertex -7.4283 5.1768 1.4243
         vertex -7.4256 5.1736 1.4243
      endloop
   endfacet
   facet normal 0.4530 0.3403 -0.8240
      outer loop
         vertex -7.4283 5.1768 1.4243
         vertex -7.4335 5.1720 1.4195
         vertex -7.4345 5.1718 1.4188
      endloop
   endfacet
   facet normal 0.4558 0.3473 -0.8195
      outer loop
         vertex -7.4374 5.1714 1.4170
         vertex -7.4384 5.1712 1.4164
         vertex -7.4310 5.1801 1.4243
      endloop
   endfacet
   facet normal 0.4513 0.3497 -0.8210
      outer loop
         vertex -7.4374 5.1714 1.4170
         vertex -7.4310 5.1801 1.4243
         vertex -7.4297 5.1785 1.4243
      endloop
   endfacet
   facet normal 0.4559 0.3424 -0.8215
      outer loop
         vertex -7.4297 5.1785 1.4243
         vertex -7.4362 5.1716 1.4178
         vertex -7.4374 5.1714 1.4170
      endloop
   endfacet
   facet normal 0.4569 0.3481 -0.8186
      outer loop
         vertex -7.4310 5.1801 1.4243
         vertex -7.4384 5.1712 1.4164
         vertex -7.4398 5.1710 1.4155
      endloop
   endfacet
   facet normal 0.4390 0.4301 -0.7888
      outer loop
         vertex -7.4046 5.2417 1.4672
         vertex -7.4364 5.1867 1.4243
         vertex -7.4443 5.1729 1.4136
      endloop
   endfacet
   facet normal 0.5009 0.3868 -0.7742
      outer loop
         vertex -7.4046 5.2417 1.4672
         vertex -7.4443 5.1729 1.4136
         vertex -7.4460 5.1700 1.4113
      endloop
   endfacet
   facet normal 0.3844 0.5325 -0.7541
      outer loop
         vertex -7.4046 5.2417 1.4672
         vertex -7.4460 5.1700 1.4113
         vertex -7.4460 5.2528 1.4672
      endloop
   endfacet
   facet normal 0.3606 0.6855 -0.6325
      outer loop
         vertex -7.3617 5.3160 1.5943
         vertex -7.4046 5.2417 1.4672
         vertex -7.4460 5.2528 1.4672
      endloop
   endfacet
   facet normal 0.3127 0.8009 -0.5106
      outer loop
         vertex -7.3617 5.3160 1.5943
         vertex -7.4460 5.2528 1.4672
         vertex -7.4460 5.3386 1.5943
      endloop
   endfacet
   facet normal 0.4390 0.4301 0.7888
      outer loop
         vertex -7.4443 5.1729 4.2864
         vertex -7.4364 5.1867 4.2757
         vertex -7.4046 5.2417 4.2328
      endloop
   endfacet
   facet normal 0.3736 0.5358 0.7572
      outer loop
         vertex -7.4443 5.1729 4.2864
         vertex -7.4046 5.2417 4.2328
         vertex -7.4460 5.2528 4.2328
      endloop
   endfacet
   facet normal 0.4409 0.4461 0.7788
      outer loop
         vertex -7.4443 5.1729 4.2864
         vertex -7.4460 5.2528 4.2328
         vertex -7.4460 5.1700 4.2887
      endloop
   endfacet
   facet normal 0.3819 0.7604 0.5254
      outer loop
         vertex -7.4046 5.2417 4.2328
         vertex -7.3617 5.3160 4.1057
         vertex -7.4460 5.3386 4.1057
      endloop
   endfacet
   facet normal 0.2756 0.7370 0.6172
      outer loop
         vertex -7.4046 5.2417 4.2328
         vertex -7.4460 5.3386 4.1057
         vertex -7.4460 5.2528 4.2328
      endloop
   endfacet
   facet normal -0.7534 -0.6575 0.0000
      outer loop
         vertex -10.5370 4.6730 1.3500
         vertex -10.3540 4.4900 1.3500
         vertex -10.3540 4.4900 4.3500
      endloop
   endfacet
   facet normal -0.6339 -0.7734 0.0000
      outer loop
         vertex -10.5370 4.6730 1.3500
         vertex -10.3540 4.4900 4.3500
         vertex -10.5370 4.6730 4.3500
      endloop
   endfacet
   facet normal -0.8876 -0.4607 0.0000
      outer loop
         vertex -10.3540 4.4900 4.3500
         vertex -10.3540 4.4900 1.3500
         vertex -10.2913 4.3053 1.3500
      endloop
   endfacet
   facet normal -0.9202 -0.3914 0.0000
      outer loop
         vertex -10.3540 4.4900 4.3500
         vertex -10.2913 4.3053 1.3500
         vertex -10.2913 4.3053 4.3500
      endloop
   endfacet
   facet normal 0.0660 0.9405 0.3332
      outer loop
         vertex -9.0329 5.1412 7.9807
         vertex -8.9206 4.9613 8.4000
         vertex -8.8000 4.9613 8.3841
      endloop
   endfacet
   facet normal 0.0435 0.9076 0.4175
      outer loop
         vertex -9.0329 5.1412 7.9807
         vertex -8.8000 4.9613 8.3841
         vertex -8.8000 5.1412 7.9500
      endloop
   endfacet
   facet normal 0.0225 0.9850 0.1709
      outer loop
         vertex -8.8000 4.9613 8.3841
         vertex -8.9206 4.9613 8.4000
         vertex -8.8000 4.9000 8.8500
      endloop
   endfacet
   facet normal 0.1501 0.9076 0.3920
      outer loop
         vertex -8.9206 4.9613 8.4000
         vertex -9.0329 5.1412 7.9807
         vertex -9.2500 5.1412 8.0706
      endloop
   endfacet
   facet normal 0.1500 0.9405 0.3048
      outer loop
         vertex -8.9206 4.9613 8.4000
         vertex -9.2500 5.1412 8.0706
         vertex -9.0329 4.9613 8.4465
      endloop
   endfacet
   facet normal 0.0660 0.9850 0.1592
      outer loop
         vertex -8.9206 4.9613 8.4000
         vertex -9.0329 4.9613 8.4465
         vertex -8.8000 4.9000 8.8500
      endloop
   endfacet
   facet normal 0.2464 0.9076 0.3398
      outer loop
         vertex -9.0329 4.9613 8.4465
         vertex -9.2500 5.1412 8.0706
         vertex -9.4364 5.1412 8.2136
      endloop
   endfacet
   facet normal 0.2237 0.9405 0.2556
      outer loop
         vertex -9.0329 4.9613 8.4465
         vertex -9.4364 5.1412 8.2136
         vertex -9.1294 4.9613 8.5206
      endloop
   endfacet
   facet normal 0.1049 0.9850 0.1367
      outer loop
         vertex -9.0329 4.9613 8.4465
         vertex -9.1294 4.9613 8.5206
         vertex -8.8000 4.9000 8.8500
      endloop
   endfacet
   facet normal 0.2556 0.9405 0.2237
      outer loop
         vertex -9.2035 4.9613 8.6171
         vertex -9.1294 4.9613 8.5206
         vertex -9.4364 5.1412 8.2136
      endloop
   endfacet
   facet normal 0.3398 0.9076 0.2464
      outer loop
         vertex -9.2035 4.9613 8.6171
         vertex -9.4364 5.1412 8.2136
         vertex -9.5794 5.1412 8.4000
      endloop
   endfacet
   facet normal 0.1367 0.9850 0.1049
      outer loop
         vertex -9.2035 4.9613 8.6171
         vertex -8.8000 4.9000 8.8500
         vertex -9.1294 4.9613 8.5206
      endloop
   endfacet
   facet normal 0.1592 0.9850 0.0660
      outer loop
         vertex -9.2500 4.9613 8.7294
         vertex -8.8000 4.9000 8.8500
         vertex -9.2035 4.9613 8.6171
      endloop
   endfacet
   facet normal 0.1709 0.9850 0.0225
      outer loop
         vertex -8.8000 4.9000 8.8500
         vertex -9.2500 4.9613 8.7294
         vertex -9.2659 4.9613 8.8500
      endloop
   endfacet
   facet normal -0.5626 0.8211 0.0960
      outer loop
         vertex -7.6018 5.3700 8.8500
         vertex -7.6426 5.3700 8.5399
         vertex -7.9307 5.1412 8.6171
      endloop
   endfacet
   facet normal -0.5328 0.8451 0.0432
      outer loop
         vertex -7.6018 5.3700 8.8500
         vertex -7.9307 5.1412 8.6171
         vertex -7.9000 5.1412 8.8500
      endloop
   endfacet
   facet normal -0.4146 0.9076 0.0660
      outer loop
         vertex -7.9000 5.1412 8.8500
         vertex -7.9307 5.1412 8.6171
         vertex -8.3500 4.9613 8.7294
      endloop
   endfacet
   facet normal -0.3389 0.9405 0.0225
      outer loop
         vertex -7.9000 5.1412 8.8500
         vertex -8.3500 4.9613 8.7294
         vertex -8.3341 4.9613 8.8500
      endloop
   endfacet
   facet normal -0.1709 0.9850 0.0225
      outer loop
         vertex -8.3341 4.9613 8.8500
         vertex -8.3500 4.9613 8.7294
         vertex -8.8000 4.9000 8.8500
      endloop
   endfacet
   facet normal -0.5186 0.8211 0.2383
      outer loop
         vertex -7.6426 5.3700 8.5399
         vertex -7.7623 5.3700 8.2509
         vertex -8.0206 5.1412 8.4000
      endloop
   endfacet
   facet normal -0.5035 0.8451 0.1796
      outer loop
         vertex -7.6426 5.3700 8.5399
         vertex -8.0206 5.1412 8.4000
         vertex -7.9307 5.1412 8.6171
      endloop
   endfacet
   facet normal -0.3833 0.9076 0.1711
      outer loop
         vertex -7.9307 5.1412 8.6171
         vertex -8.0206 5.1412 8.4000
         vertex -8.3965 4.9613 8.6171
      endloop
   endfacet
   facet normal -0.3216 0.9405 0.1095
      outer loop
         vertex -7.9307 5.1412 8.6171
         vertex -8.3965 4.9613 8.6171
         vertex -8.3500 4.9613 8.7294
      endloop
   endfacet
   facet normal -0.1592 0.9850 0.0660
      outer loop
         vertex -8.3500 4.9613 8.7294
         vertex -8.3965 4.9613 8.6171
         vertex -8.8000 4.9000 8.8500
      endloop
   endfacet
   facet normal -0.4657 0.8211 0.3299
      outer loop
         vertex -8.0206 5.1412 8.4000
         vertex -7.7623 5.3700 8.2509
         vertex -7.9527 5.3700 8.0027
      endloop
   endfacet
   facet normal -0.4073 0.8451 0.3462
      outer loop
         vertex -8.0206 5.1412 8.4000
         vertex -7.9527 5.3700 8.0027
         vertex -8.1636 5.1412 8.2136
      endloop
   endfacet
   facet normal -0.0000 0.9461 -0.3238
      outer loop
         vertex -10.5200 5.3386 7.5943
         vertex -10.5200 5.3700 7.7500
         vertex -7.4460 5.3386 7.5943
      endloop
   endfacet
   facet normal -0.0000 0.9654 -0.2609
      outer loop
         vertex -7.4460 5.3386 7.5943
         vertex -10.5200 5.3700 7.7500
         vertex -8.8000 5.3543 7.6722
      endloop
   endfacet
   facet normal -0.0000 0.9654 -0.2609
      outer loop
         vertex -7.4460 5.3386 7.5943
         vertex -8.8000 5.3543 7.6722
         vertex -7.4460 5.3700 7.7500
      endloop
   endfacet
   facet normal -0.0000 0.9802 -0.1979
      outer loop
         vertex -7.4460 5.3700 7.7500
         vertex -8.8000 5.3543 7.6722
         vertex -8.4930 5.3608 7.7042
      endloop
   endfacet
   facet normal -0.0000 0.9802 -0.1979
      outer loop
         vertex -7.4460 5.3700 7.7500
         vertex -8.4930 5.3608 7.7042
         vertex -8.3513 5.3700 7.7500
      endloop
   endfacet
   facet normal -0.0000 0.9802 -0.1979
      outer loop
         vertex -9.1070 5.3608 7.7042
         vertex -8.8000 5.3543 7.6722
         vertex -10.5200 5.3700 7.7500
      endloop
   endfacet
   facet normal -0.0000 0.9802 -0.1979
      outer loop
         vertex -9.1070 5.3608 7.7042
         vertex -10.5200 5.3700 7.7500
         vertex -9.2487 5.3700 7.7500
      endloop
   endfacet
   facet normal -0.0000 0.7921 -0.6103
      outer loop
         vertex -7.4460 5.2528 7.4672
         vertex -10.5200 5.2528 7.4672
         vertex -10.5200 5.3386 7.5943
      endloop
   endfacet
   facet normal -0.0000 0.8652 -0.5015
      outer loop
         vertex -7.4460 5.2528 7.4672
         vertex -10.5200 5.3386 7.5943
         vertex -7.4460 5.3386 7.5943
      endloop
   endfacet
   facet normal -0.3260 0.9076 0.2645
      outer loop
         vertex -8.0206 5.1412 8.4000
         vertex -8.1636 5.1412 8.2136
         vertex -8.4706 4.9613 8.5206
      endloop
   endfacet
   facet normal -0.2823 0.9405 0.1890
      outer loop
         vertex -8.0206 5.1412 8.4000
         vertex -8.4706 4.9613 8.5206
         vertex -8.3965 4.9613 8.6171
      endloop
   endfacet
   facet normal -0.1367 0.9850 0.1049
      outer loop
         vertex -8.3965 4.9613 8.6171
         vertex -8.4706 4.9613 8.5206
         vertex -8.8000 4.9000 8.8500
      endloop
   endfacet
   facet normal -0.3038 0.8451 0.4399
      outer loop
         vertex -8.2009 5.3700 7.8123
         vertex -8.3500 5.1412 8.0706
         vertex -8.1636 5.1412 8.2136
      endloop
   endfacet
   facet normal -0.3644 0.8211 0.4392
      outer loop
         vertex -8.2009 5.3700 7.8123
         vertex -8.1636 5.1412 8.2136
         vertex -7.9527 5.3700 8.0027
      endloop
   endfacet
   facet normal -0.1890 0.9405 0.2823
      outer loop
         vertex -8.3500 5.1412 8.0706
         vertex -8.5671 4.9613 8.4465
         vertex -8.4706 4.9613 8.5206
      endloop
   endfacet
   facet normal -0.2645 0.9076 0.3260
      outer loop
         vertex -8.3500 5.1412 8.0706
         vertex -8.4706 4.9613 8.5206
         vertex -8.1636 5.1412 8.2136
      endloop
   endfacet
   facet normal -0.1049 0.9850 0.1367
      outer loop
         vertex -8.5671 4.9613 8.4465
         vertex -8.8000 4.9000 8.8500
         vertex -8.4706 4.9613 8.5206
      endloop
   endfacet
   facet normal -0.2635 0.8187 0.5101
      outer loop
         vertex -8.3500 5.1412 8.0706
         vertex -8.2009 5.3700 7.8123
         vertex -8.3513 5.3700 7.7500
      endloop
   endfacet
   facet normal -0.2146 0.8197 0.5311
      outer loop
         vertex -8.3500 5.1412 8.0706
         vertex -8.3513 5.3700 7.7500
         vertex -8.4930 5.3608 7.7042
      endloop
   endfacet
   facet normal -0.1796 0.8451 0.5035
      outer loop
         vertex -8.3500 5.1412 8.0706
         vertex -8.4930 5.3608 7.7042
         vertex -8.5671 5.1412 7.9807
      endloop
   endfacet
   facet normal -0.1501 0.9076 0.3920
      outer loop
         vertex -8.3500 5.1412 8.0706
         vertex -8.5671 5.1412 7.9807
         vertex -8.6794 4.9613 8.4000
      endloop
   endfacet
   facet normal -0.1500 0.9405 0.3048
      outer loop
         vertex -8.3500 5.1412 8.0706
         vertex -8.6794 4.9613 8.4000
         vertex -8.5671 4.9613 8.4465
      endloop
   endfacet
   facet normal -0.0660 0.9850 0.1592
      outer loop
         vertex -8.6794 4.9613 8.4000
         vertex -8.8000 4.9000 8.8500
         vertex -8.5671 4.9613 8.4465
      endloop
   endfacet
   facet normal -0.0225 0.9405 0.3389
      outer loop
         vertex -8.8000 5.1412 7.9500
         vertex -8.8000 4.9613 8.3841
         vertex -8.6794 4.9613 8.4000
      endloop
   endfacet
   facet normal -0.0660 0.9076 0.4146
      outer loop
         vertex -8.8000 5.1412 7.9500
         vertex -8.6794 4.9613 8.4000
         vertex -8.5671 5.1412 7.9807
      endloop
   endfacet
   facet normal -0.0225 0.9850 0.1709
      outer loop
         vertex -8.6794 4.9613 8.4000
         vertex -8.8000 4.9613 8.3841
         vertex -8.8000 4.9000 8.8500
      endloop
   endfacet
   facet normal 0.2577 0.0408 -0.9654
      outer loop
         vertex -7.3736 4.4295 7.3814
         vertex -7.5224 4.3741 7.3500
         vertex -7.6168 4.9700 7.3500
      endloop
   endfacet
   facet normal 0.3198 0.0507 -0.9461
      outer loop
         vertex -7.3736 4.4295 7.3814
         vertex -7.6168 4.9700 7.3500
         vertex -7.4838 5.1257 7.3814
      endloop
   endfacet
   facet normal 0.6812 -0.4123 -0.6049
      outer loop
         vertex -7.4120 5.1804 7.4350
         vertex -7.4254 5.1737 7.4247
         vertex -7.4249 5.1740 7.4251
      endloop
   endfacet
   facet normal 0.6735 -0.2416 -0.6986
      outer loop
         vertex -7.4120 5.1804 7.4350
         vertex -7.4249 5.1740 7.4251
         vertex -7.4121 5.1812 7.4350
      endloop
   endfacet
   facet normal 0.6059 -0.0052 -0.7955
      outer loop
         vertex -7.3980 5.1874 7.4457
         vertex -7.4119 5.1796 7.4350
         vertex -7.4120 5.1804 7.4350
      endloop
   endfacet
   facet normal 0.5775 -0.0845 -0.8120
      outer loop
         vertex -7.4113 5.1755 7.4350
         vertex -7.4264 5.1731 7.4247
         vertex -7.4263 5.1732 7.4248
      endloop
   endfacet
   facet normal 0.5835 -0.1446 -0.7992
      outer loop
         vertex -7.4113 5.1755 7.4350
         vertex -7.4263 5.1732 7.4248
         vertex -7.4114 5.1763 7.4350
      endloop
   endfacet
   facet normal 0.5863 0.0667 -0.8073
      outer loop
         vertex -7.3980 5.1874 7.4457
         vertex -7.4120 5.1804 7.4350
         vertex -7.3984 5.1890 7.4457
      endloop
   endfacet
   facet normal 0.5899 0.2296 -0.7741
      outer loop
         vertex -7.3700 5.2014 7.4672
         vertex -7.3980 5.1874 7.4457
         vertex -7.3719 5.2075 7.4672
      endloop
   endfacet
   facet normal 0.5656 0.2252 -0.7933
      outer loop
         vertex -7.3984 5.1890 7.4457
         vertex -7.3988 5.1905 7.4457
         vertex -7.3719 5.2075 7.4672
      endloop
   endfacet
   facet normal 0.5725 0.2098 -0.7926
      outer loop
         vertex -7.3984 5.1890 7.4457
         vertex -7.3719 5.2075 7.4672
         vertex -7.3980 5.1874 7.4457
      endloop
   endfacet
   facet normal 0.5836 0.0836 -0.8077
      outer loop
         vertex -7.3984 5.1890 7.4457
         vertex -7.4121 5.1812 7.4350
         vertex -7.3988 5.1905 7.4457
      endloop
   endfacet
   facet normal 0.6145 -0.0074 -0.7889
      outer loop
         vertex -7.3984 5.1890 7.4457
         vertex -7.4120 5.1804 7.4350
         vertex -7.4121 5.1812 7.4350
      endloop
   endfacet
   facet normal 0.5762 0.1008 -0.8110
      outer loop
         vertex -7.3988 5.1905 7.4457
         vertex -7.4121 5.1812 7.4350
         vertex -7.4122 5.1820 7.4350
      endloop
   endfacet
   facet normal 0.6243 -0.3870 -0.6785
      outer loop
         vertex -7.4116 5.1780 7.4350
         vertex -7.4259 5.1734 7.4247
         vertex -7.4258 5.1735 7.4248
      endloop
   endfacet
   facet normal 0.6272 -0.2335 -0.7430
      outer loop
         vertex -7.4116 5.1780 7.4350
         vertex -7.4258 5.1735 7.4248
         vertex -7.4117 5.1788 7.4350
      endloop
   endfacet
   facet normal 0.5990 -0.3698 -0.7103
      outer loop
         vertex -7.4115 5.1771 7.4350
         vertex -7.4261 5.1733 7.4248
         vertex -7.4260 5.1733 7.4247
      endloop
   endfacet
   facet normal 0.6062 -0.3752 -0.7013
      outer loop
         vertex -7.4115 5.1771 7.4350
         vertex -7.4260 5.1733 7.4247
         vertex -7.4259 5.1734 7.4248
      endloop
   endfacet
   facet normal 0.6121 -0.2278 -0.7572
      outer loop
         vertex -7.4115 5.1771 7.4350
         vertex -7.4259 5.1734 7.4248
         vertex -7.4116 5.1780 7.4350
      endloop
   endfacet
   facet normal 0.6169 -0.3822 -0.6880
      outer loop
         vertex -7.4116 5.1780 7.4350
         vertex -7.4259 5.1734 7.4248
         vertex -7.4259 5.1734 7.4247
      endloop
   endfacet
   facet normal 0.5887 -0.3621 -0.7227
      outer loop
         vertex -7.4114 5.1763 7.4350
         vertex -7.4262 5.1732 7.4247
         vertex -7.4261 5.1733 7.4248
      endloop
   endfacet
   facet normal 0.5975 -0.2210 -0.7708
      outer loop
         vertex -7.4114 5.1763 7.4350
         vertex -7.4261 5.1733 7.4248
         vertex -7.4115 5.1771 7.4350
      endloop
   endfacet
   facet normal 0.5818 -0.3562 -0.7312
      outer loop
         vertex -7.4114 5.1763 7.4350
         vertex -7.4263 5.1732 7.4248
         vertex -7.4262 5.1732 7.4247
      endloop
   endfacet
   facet normal 0.6543 -0.4026 -0.6402
      outer loop
         vertex -7.4119 5.1796 7.4350
         vertex -7.4256 5.1736 7.4248
         vertex -7.4256 5.1736 7.4247
      endloop
   endfacet
   facet normal 0.6620 -0.4059 -0.6301
      outer loop
         vertex -7.4119 5.1796 7.4350
         vertex -7.4256 5.1736 7.4247
         vertex -7.4253 5.1738 7.4249
      endloop
   endfacet
   facet normal 0.6580 -0.2405 -0.7136
      outer loop
         vertex -7.4119 5.1796 7.4350
         vertex -7.4253 5.1738 7.4249
         vertex -7.4120 5.1804 7.4350
      endloop
   endfacet
   facet normal 0.6734 -0.4100 -0.6152
      outer loop
         vertex -7.4120 5.1804 7.4350
         vertex -7.4253 5.1738 7.4249
         vertex -7.4254 5.1737 7.4247
      endloop
   endfacet
   facet normal 0.6354 -0.3933 -0.6646
      outer loop
         vertex -7.4117 5.1788 7.4350
         vertex -7.4258 5.1735 7.4248
         vertex -7.4257 5.1735 7.4247
      endloop
   endfacet
   facet normal 0.6430 -0.3974 -0.6547
      outer loop
         vertex -7.4117 5.1788 7.4350
         vertex -7.4257 5.1735 7.4247
         vertex -7.4256 5.1736 7.4248
      endloop
   endfacet
   facet normal 0.6426 -0.2378 -0.7284
      outer loop
         vertex -7.4117 5.1788 7.4350
         vertex -7.4256 5.1736 7.4248
         vertex -7.4119 5.1796 7.4350
      endloop
   endfacet
   facet normal 0.5662 0.0642 -0.8218
      outer loop
         vertex -7.3964 5.1811 7.4457
         vertex -7.4115 5.1771 7.4350
         vertex -7.3968 5.1827 7.4457
      endloop
   endfacet
   facet normal 0.5793 0.1496 -0.8013
      outer loop
         vertex -7.3976 5.1858 7.4457
         vertex -7.3980 5.1874 7.4457
         vertex -7.3700 5.2014 7.4672
      endloop
   endfacet
   facet normal 0.5778 0.1492 -0.8024
      outer loop
         vertex -7.3976 5.1858 7.4457
         vertex -7.3700 5.2014 7.4672
         vertex -7.3972 5.1843 7.4457
      endloop
   endfacet
   facet normal 0.5754 -0.0047 -0.8179
      outer loop
         vertex -7.3964 5.1811 7.4457
         vertex -7.4114 5.1763 7.4350
         vertex -7.4115 5.1771 7.4350
      endloop
   endfacet
   facet normal 0.5619 0.0502 -0.8257
      outer loop
         vertex -7.3960 5.1796 7.4457
         vertex -7.4113 5.1755 7.4350
         vertex -7.4114 5.1763 7.4350
      endloop
   endfacet
   facet normal 0.5612 0.0625 -0.8253
      outer loop
         vertex -7.3960 5.1796 7.4457
         vertex -7.4114 5.1763 7.4350
         vertex -7.3964 5.1811 7.4457
      endloop
   endfacet
   facet normal 0.5960 0.1437 -0.7900
      outer loop
         vertex -7.3642 5.1830 7.4672
         vertex -7.4113 5.1755 7.4350
         vertex -7.3960 5.1796 7.4457
      endloop
   endfacet
   facet normal 0.5947 0.1556 -0.7887
      outer loop
         vertex -7.3642 5.1830 7.4672
         vertex -7.3960 5.1796 7.4457
         vertex -7.3964 5.1811 7.4457
      endloop
   endfacet
   facet normal 0.6168 0.1777 -0.7668
      outer loop
         vertex -7.3680 5.1952 7.4672
         vertex -7.3642 5.1830 7.4672
         vertex -7.3964 5.1811 7.4457
      endloop
   endfacet
   facet normal 0.5753 0.1487 -0.8043
      outer loop
         vertex -7.3968 5.1827 7.4457
         vertex -7.3972 5.1843 7.4457
         vertex -7.3680 5.1952 7.4672
      endloop
   endfacet
   facet normal 0.5736 0.1483 -0.8056
      outer loop
         vertex -7.3968 5.1827 7.4457
         vertex -7.3680 5.1952 7.4672
         vertex -7.3964 5.1811 7.4457
      endloop
   endfacet
   facet normal 0.5969 0.1690 -0.7843
      outer loop
         vertex -7.3680 5.1952 7.4672
         vertex -7.3972 5.1843 7.4457
         vertex -7.3700 5.2014 7.4672
      endloop
   endfacet
   facet normal 0.5813 0.0656 -0.8111
      outer loop
         vertex -7.3976 5.1858 7.4457
         vertex -7.4119 5.1796 7.4350
         vertex -7.3980 5.1874 7.4457
      endloop
   endfacet
   facet normal 0.5907 -0.0061 -0.8068
      outer loop
         vertex -7.3972 5.1843 7.4457
         vertex -7.4116 5.1780 7.4350
         vertex -7.4117 5.1788 7.4350
      endloop
   endfacet
   facet normal 0.5764 0.0648 -0.8146
      outer loop
         vertex -7.3972 5.1843 7.4457
         vertex -7.4117 5.1788 7.4350
         vertex -7.3976 5.1858 7.4457
      endloop
   endfacet
   facet normal 0.5992 -0.0096 -0.8005
      outer loop
         vertex -7.3976 5.1858 7.4457
         vertex -7.4117 5.1788 7.4350
         vertex -7.4119 5.1796 7.4350
      endloop
   endfacet
   facet normal 0.5837 -0.0092 -0.8119
      outer loop
         vertex -7.3968 5.1827 7.4457
         vertex -7.4115 5.1771 7.4350
         vertex -7.4116 5.1780 7.4350
      endloop
   endfacet
   facet normal 0.5713 0.0644 -0.8182
      outer loop
         vertex -7.3968 5.1827 7.4457
         vertex -7.4116 5.1780 7.4350
         vertex -7.3972 5.1843 7.4457
      endloop
   endfacet
   facet normal 0.6547 -0.1309 -0.7445
      outer loop
         vertex -7.4121 5.1812 7.4350
         vertex -7.4253 5.1738 7.4247
         vertex -7.4122 5.1820 7.4350
      endloop
   endfacet
   facet normal 0.6927 -0.4151 -0.5898
      outer loop
         vertex -7.4121 5.1812 7.4350
         vertex -7.4249 5.1740 7.4251
         vertex -7.4253 5.1738 7.4247
      endloop
   endfacet
   facet normal 0.1564 -0.9877 0.0000
      outer loop
         vertex -7.4264 5.1731 7.4247
         vertex -7.4411 5.1708 7.4147
         vertex -7.4403 5.1709 7.4152
      endloop
   endfacet
   facet normal 0.1564 -0.9877 0.0000
      outer loop
         vertex -7.4264 5.1731 7.4247
         vertex -7.4403 5.1709 7.4152
         vertex -7.4398 5.1710 7.4155
      endloop
   endfacet
   facet normal 0.1564 -0.9877 0.0000
      outer loop
         vertex -7.4264 5.1731 7.4247
         vertex -7.4398 5.1710 7.4155
         vertex -7.4384 5.1712 7.4164
      endloop
   endfacet
   facet normal 0.1564 -0.9877 0.0000
      outer loop
         vertex -7.4264 5.1731 7.4247
         vertex -7.4384 5.1712 7.4164
         vertex -7.4374 5.1714 7.4170
      endloop
   endfacet
   facet normal 0.1564 -0.9877 0.0000
      outer loop
         vertex -7.4264 5.1731 7.4247
         vertex -7.4374 5.1714 7.4170
         vertex -7.4362 5.1716 7.4178
      endloop
   endfacet
   facet normal 0.1564 -0.9877 0.0000
      outer loop
         vertex -7.4264 5.1731 7.4247
         vertex -7.4362 5.1716 7.4178
         vertex -7.4345 5.1718 7.4188
      endloop
   endfacet
   facet normal 0.1564 -0.9877 0.0000
      outer loop
         vertex -7.4264 5.1731 7.4247
         vertex -7.4345 5.1718 7.4188
         vertex -7.4335 5.1720 7.4195
      endloop
   endfacet
   facet normal 0.1564 -0.9877 0.0000
      outer loop
         vertex -7.4264 5.1731 7.4247
         vertex -7.4335 5.1720 7.4195
         vertex -7.4265 5.1731 7.4236
      endloop
   endfacet
   facet normal 0.1564 -0.9877 0.0000
      outer loop
         vertex -7.4264 5.1731 7.4247
         vertex -7.4265 5.1731 7.4236
         vertex -7.4264 5.1731 7.4237
      endloop
   endfacet
   facet normal 0.6411 0.1771 -0.7468
      outer loop
         vertex -7.4435 5.1703 7.4130
         vertex -7.4449 5.1700 7.4120
         vertex -7.4437 5.1719 7.4136
      endloop
   endfacet
   facet normal 0.5939 0.2256 -0.7722
      outer loop
         vertex -7.4435 5.1703 7.4130
         vertex -7.4437 5.1719 7.4136
         vertex -7.4430 5.1710 7.4136
      endloop
   endfacet
   facet normal 0.4902 0.3301 -0.8067
      outer loop
         vertex -7.4337 5.1834 7.4243
         vertex -7.4430 5.1710 7.4136
         vertex -7.4350 5.1850 7.4243
      endloop
   endfacet
   facet normal 0.4736 0.4322 -0.7674
      outer loop
         vertex -7.4046 5.2417 7.4672
         vertex -7.3719 5.2075 7.4672
         vertex -7.4310 5.1801 7.4243
      endloop
   endfacet
   facet normal 0.5002 0.5763 -0.6463
      outer loop
         vertex -7.3719 5.2075 7.4672
         vertex -7.4046 5.2417 7.4672
         vertex -7.3617 5.3160 7.5943
      endloop
   endfacet
   facet normal 0.4311 0.4267 -0.7950
      outer loop
         vertex -7.4046 5.2417 7.4672
         vertex -7.4310 5.1801 7.4243
         vertex -7.4323 5.1818 7.4243
      endloop
   endfacet
   facet normal 0.4362 0.4255 -0.7929
      outer loop
         vertex -7.4046 5.2417 7.4672
         vertex -7.4323 5.1818 7.4243
         vertex -7.4337 5.1834 7.4243
      endloop
   endfacet
   facet normal 0.4376 0.4266 -0.7915
      outer loop
         vertex -7.4046 5.2417 7.4672
         vertex -7.4337 5.1834 7.4243
         vertex -7.4350 5.1850 7.4243
      endloop
   endfacet
   facet normal 0.4148 0.4449 -0.7937
      outer loop
         vertex -7.4046 5.2417 7.4672
         vertex -7.4350 5.1850 7.4243
         vertex -7.4364 5.1867 7.4243
      endloop
   endfacet
   facet normal 0.4723 0.3499 -0.8090
      outer loop
         vertex -7.4350 5.1850 7.4243
         vertex -7.4437 5.1719 7.4136
         vertex -7.4364 5.1867 7.4243
      endloop
   endfacet
   facet normal 0.5227 0.3024 -0.7971
      outer loop
         vertex -7.4350 5.1850 7.4243
         vertex -7.4430 5.1710 7.4136
         vertex -7.4437 5.1719 7.4136
      endloop
   endfacet
   facet normal 0.4965 0.3317 -0.8021
      outer loop
         vertex -7.4364 5.1867 7.4243
         vertex -7.4437 5.1719 7.4136
         vertex -7.4443 5.1729 7.4136
      endloop
   endfacet
   facet normal 0.5980 0.2358 -0.7660
      outer loop
         vertex -7.4443 5.1729 7.4136
         vertex -7.4437 5.1719 7.4136
         vertex -7.4449 5.1701 7.4120
      endloop
   endfacet
   facet normal 0.5778 0.2564 -0.7749
      outer loop
         vertex -7.4443 5.1729 7.4136
         vertex -7.4449 5.1701 7.4120
         vertex -7.4460 5.1699 7.4113
      endloop
   endfacet
   facet normal 0.5842 0.2567 -0.7699
      outer loop
         vertex -7.4443 5.1729 7.4136
         vertex -7.4460 5.1699 7.4113
         vertex -7.4460 5.1699 7.4113
      endloop
   endfacet
   facet normal 0.6478 0.1775 -0.7409
      outer loop
         vertex -7.4437 5.1719 7.4136
         vertex -7.4449 5.1700 7.4120
         vertex -7.4449 5.1701 7.4120
      endloop
   endfacet
   facet normal 0.6123 0.2324 -0.7557
      outer loop
         vertex -7.4443 5.1729 7.4136
         vertex -7.4460 5.1699 7.4113
         vertex -7.4460 5.1700 7.4113
      endloop
   endfacet
   facet normal 0.4622 0.3470 -0.8161
      outer loop
         vertex -7.4398 5.1710 7.4155
         vertex -7.4403 5.1709 7.4152
         vertex -7.4323 5.1818 7.4243
      endloop
   endfacet
   facet normal 0.4554 0.3528 -0.8174
      outer loop
         vertex -7.4398 5.1710 7.4155
         vertex -7.4323 5.1818 7.4243
         vertex -7.4310 5.1801 7.4243
      endloop
   endfacet
   facet normal 0.4651 0.3492 -0.8135
      outer loop
         vertex -7.4418 5.1706 7.4142
         vertex -7.4420 5.1706 7.4140
         vertex -7.4337 5.1834 7.4243
      endloop
   endfacet
   facet normal 0.4614 0.3523 -0.8142
      outer loop
         vertex -7.4418 5.1706 7.4142
         vertex -7.4337 5.1834 7.4243
         vertex -7.4323 5.1818 7.4243
      endloop
   endfacet
   facet normal 0.4704 0.3414 -0.8137
      outer loop
         vertex -7.4411 5.1708 7.4147
         vertex -7.4418 5.1706 7.4142
         vertex -7.4323 5.1818 7.4243
      endloop
   endfacet
   facet normal 0.4700 0.3411 -0.8141
      outer loop
         vertex -7.4411 5.1708 7.4147
         vertex -7.4323 5.1818 7.4243
         vertex -7.4403 5.1709 7.4152
      endloop
   endfacet
   facet normal 0.4991 0.3189 -0.8057
      outer loop
         vertex -7.4426 5.1704 7.4136
         vertex -7.4430 5.1710 7.4136
         vertex -7.4337 5.1834 7.4243
      endloop
   endfacet
   facet normal 0.4726 0.3430 -0.8118
      outer loop
         vertex -7.4426 5.1704 7.4136
         vertex -7.4337 5.1834 7.4243
         vertex -7.4420 5.1706 7.4140
      endloop
   endfacet
   facet normal 0.5711 0.2439 -0.7838
      outer loop
         vertex -7.4426 5.1704 7.4136
         vertex -7.4435 5.1702 7.4130
         vertex -7.4430 5.1710 7.4136
      endloop
   endfacet
   facet normal 0.6313 0.1760 -0.7553
      outer loop
         vertex -7.4430 5.1710 7.4136
         vertex -7.4435 5.1702 7.4130
         vertex -7.4435 5.1703 7.4130
      endloop
   endfacet
   facet normal 0.4544 0.3283 -0.8281
      outer loop
         vertex -7.4256 5.1736 7.4243
         vertex -7.4264 5.1731 7.4237
         vertex -7.4265 5.1731 7.4236
      endloop
   endfacet
   facet normal 0.5571 0.2417 -0.7945
      outer loop
         vertex -7.3719 5.2075 7.4672
         vertex -7.3988 5.1905 7.4457
         vertex -7.4122 5.1820 7.4350
      endloop
   endfacet
   facet normal 0.5260 0.2958 -0.7974
      outer loop
         vertex -7.3719 5.2075 7.4672
         vertex -7.4122 5.1820 7.4350
         vertex -7.4256 5.1736 7.4243
      endloop
   endfacet
   facet normal 0.4924 0.3522 -0.7959
      outer loop
         vertex -7.3719 5.2075 7.4672
         vertex -7.4256 5.1736 7.4243
         vertex -7.4283 5.1768 7.4243
      endloop
   endfacet
   facet normal 0.4932 0.3547 -0.7943
      outer loop
         vertex -7.3719 5.2075 7.4672
         vertex -7.4283 5.1768 7.4243
         vertex -7.4297 5.1785 7.4243
      endloop
   endfacet
   facet normal 0.4927 0.3594 -0.7925
      outer loop
         vertex -7.3719 5.2075 7.4672
         vertex -7.4297 5.1785 7.4243
         vertex -7.4310 5.1801 7.4243
      endloop
   endfacet
   facet normal 0.4548 0.3416 -0.8224
      outer loop
         vertex -7.4345 5.1718 7.4188
         vertex -7.4362 5.1716 7.4178
         vertex -7.4297 5.1785 7.4243
      endloop
   endfacet
   facet normal 0.4507 0.3443 -0.8236
      outer loop
         vertex -7.4345 5.1718 7.4188
         vertex -7.4297 5.1785 7.4243
         vertex -7.4283 5.1768 7.4243
      endloop
   endfacet
   facet normal 0.4513 0.3391 -0.8255
      outer loop
         vertex -7.4265 5.1731 7.4236
         vertex -7.4335 5.1720 7.4195
         vertex -7.4283 5.1768 7.4243
      endloop
   endfacet
   facet normal 0.4481 0.3405 -0.8266
      outer loop
         vertex -7.4265 5.1731 7.4236
         vertex -7.4283 5.1768 7.4243
         vertex -7.4256 5.1736 7.4243
      endloop
   endfacet
   facet normal 0.4530 0.3403 -0.8240
      outer loop
         vertex -7.4283 5.1768 7.4243
         vertex -7.4335 5.1720 7.4195
         vertex -7.4345 5.1718 7.4188
      endloop
   endfacet
   facet normal 0.4558 0.3473 -0.8195
      outer loop
         vertex -7.4374 5.1714 7.4170
         vertex -7.4384 5.1712 7.4164
         vertex -7.4310 5.1801 7.4243
      endloop
   endfacet
   facet normal 0.4513 0.3497 -0.8210
      outer loop
         vertex -7.4374 5.1714 7.4170
         vertex -7.4310 5.1801 7.4243
         vertex -7.4297 5.1785 7.4243
      endloop
   endfacet
   facet normal 0.4559 0.3424 -0.8215
      outer loop
         vertex -7.4297 5.1785 7.4243
         vertex -7.4362 5.1716 7.4178
         vertex -7.4374 5.1714 7.4170
      endloop
   endfacet
   facet normal 0.4569 0.3481 -0.8186
      outer loop
         vertex -7.4310 5.1801 7.4243
         vertex -7.4384 5.1712 7.4164
         vertex -7.4398 5.1710 7.4155
      endloop
   endfacet
   facet normal 0.4390 0.4301 -0.7888
      outer loop
         vertex -7.4046 5.2417 7.4672
         vertex -7.4364 5.1867 7.4243
         vertex -7.4443 5.1729 7.4136
      endloop
   endfacet
   facet normal 0.5009 0.3868 -0.7742
      outer loop
         vertex -7.4046 5.2417 7.4672
         vertex -7.4443 5.1729 7.4136
         vertex -7.4460 5.1700 7.4113
      endloop
   endfacet
   facet normal 0.3844 0.5325 -0.7541
      outer loop
         vertex -7.4046 5.2417 7.4672
         vertex -7.4460 5.1700 7.4113
         vertex -7.4460 5.2528 7.4672
      endloop
   endfacet
   facet normal 0.3606 0.6855 -0.6325
      outer loop
         vertex -7.3617 5.3160 7.5943
         vertex -7.4046 5.2417 7.4672
         vertex -7.4460 5.2528 7.4672
      endloop
   endfacet
   facet normal 0.3127 0.8009 -0.5106
      outer loop
         vertex -7.3617 5.3160 7.5943
         vertex -7.4460 5.2528 7.4672
         vertex -7.4460 5.3386 7.5943
      endloop
   endfacet
   facet normal -0.0000 0.3238 -0.9461
      outer loop
         vertex -10.5200 5.1257 7.3814
         vertex -7.4838 5.1257 7.3814
         vertex -7.6168 4.9700 7.3500
      endloop
   endfacet
   facet normal -0.0000 0.2609 -0.9654
      outer loop
         vertex -10.5200 5.1257 7.3814
         vertex -7.6168 4.9700 7.3500
         vertex -10.5200 4.9700 7.3500
      endloop
   endfacet
   facet normal 0.4408 0.0698 -0.8949
      outer loop
         vertex -7.3736 4.4295 7.3814
         vertex -7.4838 5.1257 7.3814
         vertex -7.4460 5.1699 7.4113
      endloop
   endfacet
   facet normal 0.4980 0.0789 -0.8636
      outer loop
         vertex -7.3736 4.4295 7.3814
         vertex -7.4460 5.1699 7.4113
         vertex -7.4460 5.1699 7.4113
      endloop
   endfacet
   facet normal 0.4980 0.0789 -0.8636
      outer loop
         vertex -7.3736 4.4295 7.3814
         vertex -7.4460 5.1699 7.4113
         vertex -7.4449 5.1700 7.4120
      endloop
   endfacet
   facet normal 0.4980 0.0789 -0.8636
      outer loop
         vertex -7.3736 4.4295 7.3814
         vertex -7.4449 5.1700 7.4120
         vertex -7.4435 5.1702 7.4130
      endloop
   endfacet
   facet normal 0.4980 0.0789 -0.8636
      outer loop
         vertex -7.3736 4.4295 7.3814
         vertex -7.4435 5.1702 7.4130
         vertex -7.4426 5.1704 7.4136
      endloop
   endfacet
   facet normal 0.4980 0.0789 -0.8636
      outer loop
         vertex -7.3736 4.4295 7.3814
         vertex -7.4426 5.1704 7.4136
         vertex -7.4420 5.1706 7.4140
      endloop
   endfacet
   facet normal 0.4980 0.0789 -0.8636
      outer loop
         vertex -7.3736 4.4295 7.3814
         vertex -7.4420 5.1706 7.4140
         vertex -7.4418 5.1706 7.4142
      endloop
   endfacet
   facet normal 0.4980 0.0789 -0.8636
      outer loop
         vertex -7.3736 4.4295 7.3814
         vertex -7.4418 5.1706 7.4142
         vertex -7.4411 5.1708 7.4147
      endloop
   endfacet
   facet normal 0.4980 0.0789 -0.8636
      outer loop
         vertex -7.3736 4.4295 7.3814
         vertex -7.4411 5.1708 7.4147
         vertex -7.4264 5.1731 7.4247
      endloop
   endfacet
   facet normal 0.4980 0.0789 -0.8636
      outer loop
         vertex -7.3736 4.4295 7.3814
         vertex -7.4264 5.1731 7.4247
         vertex -7.4113 5.1755 7.4350
      endloop
   endfacet
   facet normal 0.5509 0.0873 -0.8300
      outer loop
         vertex -7.3736 4.4295 7.3814
         vertex -7.4113 5.1755 7.4350
         vertex -7.3642 5.1830 7.4672
      endloop
   endfacet
   facet normal 0.6028 0.0955 -0.7921
      outer loop
         vertex -7.3736 4.4295 7.3814
         vertex -7.3642 5.1830 7.4672
         vertex -7.2520 4.4748 7.4672
      endloop
   endfacet
   facet normal 0.4980 0.0789 -0.8636
      outer loop
         vertex -7.4460 5.1700 7.4113
         vertex -7.4460 5.1699 7.4113
         vertex -7.4838 5.1257 7.3814
      endloop
   endfacet
   facet normal 0.5521 0.0875 -0.8291
      outer loop
         vertex -7.4449 5.1701 7.4120
         vertex -7.4449 5.1700 7.4120
         vertex -7.4460 5.1699 7.4113
      endloop
   endfacet
   facet normal 0.5521 0.0875 -0.8291
      outer loop
         vertex -7.4435 5.1703 7.4130
         vertex -7.4435 5.1702 7.4130
         vertex -7.4449 5.1700 7.4120
      endloop
   endfacet
   facet normal -0.1507 0.0249 -0.9883
      outer loop
         vertex -14.8319 3.3176 0.0000
         vertex -14.9000 2.8000 0.0000
         vertex -14.9688 2.8000 0.0079
      endloop
   endfacet
   facet normal -0.1856 0.0394 -0.9818
      outer loop
         vertex -14.8319 3.3176 0.0000
         vertex -14.9688 2.8000 0.0079
         vertex -14.8983 3.3354 0.0079
      endloop
   endfacet
   facet normal -0.1430 0.0486 -0.9885
      outer loop
         vertex -14.6321 3.8000 0.0000
         vertex -14.8319 3.3176 0.0000
         vertex -14.8983 3.3354 0.0079
      endloop
   endfacet
   facet normal -0.1647 0.0737 -0.9836
      outer loop
         vertex -14.6321 3.8000 0.0000
         vertex -14.8983 3.3354 0.0079
         vertex -14.6916 3.8344 0.0079
      endloop
   endfacet
   facet normal -0.9586 0.2127 -0.1894
      outer loop
         vertex -15.1216 3.3953 0.3000
         vertex -15.1140 3.3932 0.2312
         vertex -15.1921 2.8000 0.2312
      endloop
   endfacet
   facet normal -0.9734 0.1717 -0.1515
      outer loop
         vertex -15.1216 3.3953 0.3000
         vertex -15.1921 2.8000 0.2312
         vertex -15.2000 2.8000 0.3000
      endloop
   endfacet
   facet normal -0.9185 0.3418 -0.1989
      outer loop
         vertex -14.8850 3.9460 0.2312
         vertex -15.1140 3.3932 0.2312
         vertex -15.1216 3.3953 0.3000
      endloop
   endfacet
   facet normal -0.8848 0.4373 -0.1611
      outer loop
         vertex -14.8850 3.9460 0.2312
         vertex -15.1216 3.3953 0.3000
         vertex -14.8919 3.9500 0.3000
      endloop
   endfacet
   facet normal -0.3653 0.0675 -0.9284
      outer loop
         vertex -14.9688 2.8000 0.0079
         vertex -15.0319 2.8000 0.0305
         vertex -14.9593 3.3518 0.0305
      endloop
   endfacet
   facet normal -0.2917 0.0678 -0.9541
      outer loop
         vertex -14.9688 2.8000 0.0079
         vertex -14.9593 3.3518 0.0305
         vertex -14.8983 3.3354 0.0079
      endloop
   endfacet
   facet normal -0.5586 0.1011 -0.8232
      outer loop
         vertex -15.0319 2.8000 0.0305
         vertex -15.0876 2.8000 0.0659
         vertex -15.0131 3.3662 0.0659
      endloop
   endfacet
   facet normal -0.4917 0.1117 -0.8636
      outer loop
         vertex -15.0319 2.8000 0.0305
         vertex -15.0131 3.3662 0.0659
         vertex -14.9593 3.3518 0.0305
      endloop
   endfacet
   facet normal -0.7221 0.1294 -0.6796
      outer loop
         vertex -15.0876 2.8000 0.0659
         vertex -15.1341 2.8000 0.1124
         vertex -15.0580 3.3782 0.1124
      endloop
   endfacet
   facet normal -0.6643 0.1494 -0.7324
      outer loop
         vertex -15.0876 2.8000 0.0659
         vertex -15.0580 3.3782 0.1124
         vertex -15.0131 3.3662 0.0659
      endloop
   endfacet
   facet normal -0.8510 0.1515 -0.5029
      outer loop
         vertex -15.1341 2.8000 0.1124
         vertex -15.1695 2.8000 0.1681
         vertex -15.0922 3.3874 0.1681
      endloop
   endfacet
   facet normal -0.8043 0.1799 -0.5664
      outer loop
         vertex -15.1341 2.8000 0.1124
         vertex -15.0922 3.3874 0.1681
         vertex -15.0580 3.3782 0.1124
      endloop
   endfacet
   facet normal -0.9398 0.1665 -0.2985
      outer loop
         vertex -15.1695 2.8000 0.1681
         vertex -15.1921 2.8000 0.2312
         vertex -15.1140 3.3932 0.2312
      endloop
   endfacet
   facet normal -0.9066 0.2019 -0.3704
      outer loop
         vertex -15.1695 2.8000 0.1681
         vertex -15.1140 3.3932 0.2312
         vertex -15.0922 3.3874 0.1681
      endloop
   endfacet
   facet normal -0.3216 0.1464 -0.9355
      outer loop
         vertex -14.9593 3.3518 0.0305
         vertex -14.7463 3.8660 0.0305
         vertex -14.6916 3.8344 0.0079
      endloop
   endfacet
   facet normal -0.2748 0.0931 -0.9570
      outer loop
         vertex -14.9593 3.3518 0.0305
         vertex -14.6916 3.8344 0.0079
         vertex -14.8983 3.3354 0.0079
      endloop
   endfacet
   facet normal -0.4658 0.1656 -0.8692
      outer loop
         vertex -14.7463 3.8660 0.0305
         vertex -14.9593 3.3518 0.0305
         vertex -15.0131 3.3662 0.0659
      endloop
   endfacet
   facet normal -0.4982 0.2340 -0.8349
      outer loop
         vertex -14.7463 3.8660 0.0305
         vertex -15.0131 3.3662 0.0659
         vertex -14.7945 3.8938 0.0659
      endloop
   endfacet
   facet normal -0.6491 0.3092 -0.6950
      outer loop
         vertex -15.0580 3.3782 0.1124
         vertex -14.8348 3.9170 0.1124
         vertex -14.7945 3.8938 0.0659
      endloop
   endfacet
   facet normal -0.6317 0.2290 -0.7406
      outer loop
         vertex -15.0580 3.3782 0.1124
         vertex -14.7945 3.8938 0.0659
         vertex -15.0131 3.3662 0.0659
      endloop
   endfacet
   facet normal -0.7674 0.2813 -0.5762
      outer loop
         vertex -14.8348 3.9170 0.1124
         vertex -15.0580 3.3782 0.1124
         vertex -15.0922 3.3874 0.1681
      endloop
   endfacet
   facet normal -0.7695 0.3699 -0.5206
      outer loop
         vertex -14.8348 3.9170 0.1124
         vertex -15.0922 3.3874 0.1681
         vertex -14.8655 3.9348 0.1681
      endloop
   endfacet
   facet normal -0.8538 0.4131 -0.3167
      outer loop
         vertex -15.1140 3.3932 0.2312
         vertex -14.8850 3.9460 0.2312
         vertex -14.8655 3.9348 0.1681
      endloop
   endfacet
   facet normal -0.8674 0.3205 -0.3807
      outer loop
         vertex -15.1140 3.3932 0.2312
         vertex -14.8655 3.9348 0.1681
         vertex -15.0922 3.3874 0.1681
      endloop
   endfacet
   facet normal 0.7790 -0.6270 0.0000
      outer loop
         vertex -13.7709 3.8889 1.3500
         vertex -13.7709 3.8889 4.3500
         vertex -13.9934 3.5990 4.3500
      endloop
   endfacet
   facet normal 0.8140 -0.5809 0.0000
      outer loop
         vertex -13.7709 3.8889 1.3500
         vertex -13.9934 3.5990 4.3500
         vertex -13.9934 3.5990 1.3500
      endloop
   endfacet
   facet normal -0.4288 0.2092 -0.8789
      outer loop
         vertex -14.6939 3.1325 7.3814
         vertex -14.5712 3.7614 7.4672
         vertex -14.4611 3.6978 7.3814
      endloop
   endfacet
   facet normal -0.7961 0.3182 -0.5147
      outer loop
         vertex -14.6455 3.8043 7.5943
         vertex -14.8149 3.1715 7.4672
         vertex -14.8965 3.1978 7.5943
      endloop
   endfacet
   facet normal -0.6225 0.1669 -0.7646
      outer loop
         vertex -14.8513 3.0162 7.4672
         vertex -14.8149 3.1715 7.4672
         vertex -14.7300 2.9779 7.3814
      endloop
   endfacet
   facet normal -0.8567 0.2274 -0.4631
      outer loop
         vertex -14.8513 3.0162 7.4672
         vertex -14.9330 3.0420 7.5943
         vertex -14.8965 3.1978 7.5943
      endloop
   endfacet
   facet normal -0.2212 0.1110 -0.9689
      outer loop
         vertex -14.3263 3.6200 7.3500
         vertex -14.5457 3.0848 7.3500
         vertex -14.4611 3.6978 7.3814
      endloop
   endfacet
   facet normal -0.9032 0.3401 -0.2619
      outer loop
         vertex -14.9265 3.2074 7.7500
         vertex -14.6727 3.8200 7.7500
         vertex -14.8965 3.1978 7.5943
      endloop
   endfacet
   facet normal -0.9170 0.2596 -0.3028
      outer loop
         vertex -14.9265 3.2074 7.7500
         vertex -14.8965 3.1978 7.5943
         vertex -14.9330 3.0420 7.5943
      endloop
   endfacet
   facet normal -0.2492 0.0778 -0.9653
      outer loop
         vertex -14.6938 3.1324 7.3814
         vertex -14.6939 3.1325 7.3814
         vertex -14.5457 3.0848 7.3500
      endloop
   endfacet
   facet normal -0.1913 0.0519 -0.9802
      outer loop
         vertex -14.6938 3.1324 7.3814
         vertex -14.5457 3.0848 7.3500
         vertex -14.5816 2.9310 7.3500
      endloop
   endfacet
   facet normal -0.2752 0.0643 -0.9592
      outer loop
         vertex -14.6938 3.1324 7.3814
         vertex -14.5816 2.9310 7.3500
         vertex -14.7300 2.9779 7.3814
      endloop
   endfacet
   facet normal -0.3330 0.0902 -0.9386
      outer loop
         vertex -14.6938 3.1324 7.3814
         vertex -14.7300 2.9779 7.3814
         vertex -14.6939 3.1325 7.3814
      endloop
   endfacet
   facet normal -0.9411 0.2389 -0.2395
      outer loop
         vertex -14.9265 3.2074 7.7500
         vertex -14.9330 3.0420 7.5943
         vertex -14.9630 3.0515 7.7500
      endloop
   endfacet
   facet normal -0.8550 0.3937 -0.3377
      outer loop
         vertex -14.8965 3.1978 7.5943
         vertex -14.6727 3.8200 7.7500
         vertex -14.6455 3.8043 7.5943
      endloop
   endfacet
   facet normal -0.2865 0.1192 -0.9506
      outer loop
         vertex -14.6939 3.1325 7.3814
         vertex -14.4611 3.6978 7.3814
         vertex -14.5457 3.0848 7.3500
      endloop
   endfacet
   facet normal -0.7721 0.2287 -0.5929
      outer loop
         vertex -14.8965 3.1978 7.5943
         vertex -14.8149 3.1715 7.4672
         vertex -14.8513 3.0162 7.4672
      endloop
   endfacet
   facet normal -0.4986 0.1503 -0.8537
      outer loop
         vertex -14.6939 3.1325 7.3814
         vertex -14.7300 2.9779 7.3814
         vertex -14.8149 3.1715 7.4672
      endloop
   endfacet
   facet normal -0.6997 0.3320 -0.6327
      outer loop
         vertex -14.8149 3.1715 7.4672
         vertex -14.6455 3.8043 7.5943
         vertex -14.5712 3.7614 7.4672
      endloop
   endfacet
   facet normal -0.5537 0.2265 -0.8013
      outer loop
         vertex -14.5712 3.7614 7.4672
         vertex -14.6939 3.1325 7.3814
         vertex -14.8149 3.1715 7.4672
      endloop
   endfacet
   facet normal -0.7599 0.4332 -0.4846
      outer loop
         vertex -14.9330 3.0420 7.5943
         vertex -14.9021 2.8950 7.4672
         vertex -14.9737 2.9422 7.5943
      endloop
   endfacet
   facet normal -0.8446 0.4786 -0.2403
      outer loop
         vertex -14.9630 3.0515 7.7500
         vertex -14.9737 2.9422 7.5943
         vertex -14.9999 2.9595 7.7500
      endloop
   endfacet
   facet normal -0.8512 0.4132 -0.3235
      outer loop
         vertex -14.9330 3.0420 7.5943
         vertex -14.9737 2.9422 7.5943
         vertex -14.9630 3.0515 7.7500
      endloop
   endfacet
   facet normal -0.4728 0.4255 -0.7716
      outer loop
         vertex -15.0620 2.7346 7.4672
         vertex -14.9021 2.8950 7.4672
         vertex -14.7960 2.8249 7.3814
      endloop
   endfacet
   facet normal -0.7455 0.6207 -0.2427
      outer loop
         vertex -14.9737 2.9422 7.5943
         vertex -15.1280 2.8314 7.7500
         vertex -14.9999 2.9595 7.7500
      endloop
   endfacet
   facet normal -0.6990 0.3436 -0.6272
      outer loop
         vertex -14.9330 3.0420 7.5943
         vertex -14.8513 3.0162 7.4672
         vertex -14.9021 2.8950 7.4672
      endloop
   endfacet
   facet normal -0.5423 0.3122 -0.7800
      outer loop
         vertex -14.8513 3.0162 7.4672
         vertex -14.7960 2.8249 7.3814
         vertex -14.9021 2.8950 7.4672
      endloop
   endfacet
   facet normal -0.4325 0.2152 -0.8756
      outer loop
         vertex -14.7960 2.8249 7.3814
         vertex -14.8513 3.0162 7.4672
         vertex -14.7300 2.9779 7.3814
      endloop
   endfacet
   facet normal -0.6616 0.5833 -0.4712
      outer loop
         vertex -14.9021 2.8950 7.4672
         vertex -15.1103 2.8054 7.5943
         vertex -14.9737 2.9422 7.5943
      endloop
   endfacet
   facet normal -0.5254 0.6027 -0.6006
      outer loop
         vertex -14.9021 2.8950 7.4672
         vertex -15.0620 2.7346 7.4672
         vertex -15.1103 2.8054 7.5943
      endloop
   endfacet
   facet normal -0.6464 0.6984 -0.3073
      outer loop
         vertex -15.1280 2.8314 7.7500
         vertex -14.9737 2.9422 7.5943
         vertex -15.1103 2.8054 7.5943
      endloop
   endfacet
   facet normal -0.5091 0.8200 -0.2615
      outer loop
         vertex -15.1280 2.8314 7.7500
         vertex -15.1103 2.8054 7.5943
         vertex -15.2000 2.8000 7.7500
      endloop
   endfacet
   facet normal -0.4298 0.8346 -0.3444
      outer loop
         vertex -15.1103 2.8054 7.5943
         vertex -15.1874 2.7712 7.5943
         vertex -15.2000 2.8000 7.7500
      endloop
   endfacet
   facet normal -0.4338 0.7345 -0.5219
      outer loop
         vertex -15.1874 2.7712 7.5943
         vertex -15.1103 2.8054 7.5943
         vertex -15.0620 2.7346 7.4672
      endloop
   endfacet
   facet normal -0.2780 0.1638 -0.9465
      outer loop
         vertex -14.6661 2.7391 7.3500
         vertex -14.7960 2.8249 7.3814
         vertex -14.7300 2.9779 7.3814
      endloop
   endfacet
   facet normal -0.2148 0.1070 -0.9708
      outer loop
         vertex -14.6393 2.8000 7.3500
         vertex -14.6661 2.7391 7.3500
         vertex -14.7300 2.9779 7.3814
      endloop
   endfacet
   facet normal -0.2211 0.0966 -0.9705
      outer loop
         vertex -14.6393 2.8000 7.3500
         vertex -14.7300 2.9779 7.3814
         vertex -14.5816 2.9310 7.3500
      endloop
   endfacet
   facet normal -0.3320 0.3915 -0.8582
      outer loop
         vertex -14.7960 2.8249 7.3814
         vertex -14.9904 2.6295 7.3814
         vertex -15.0620 2.7346 7.4672
      endloop
   endfacet
   facet normal -0.2499 0.2279 -0.9411
      outer loop
         vertex -14.9904 2.6295 7.3814
         vertex -14.7960 2.8249 7.3814
         vertex -14.6661 2.7391 7.3500
      endloop
   endfacet
   facet normal -0.9014 0.4330 0.0000
      outer loop
         vertex -14.9630 3.0515 3.9500
         vertex -14.9630 3.0515 1.7500
         vertex -14.9999 2.9595 1.7500
      endloop
   endfacet
   facet normal -0.8701 0.4928 0.0000
      outer loop
         vertex -14.9630 3.0515 3.9500
         vertex -14.9999 2.9595 1.7500
         vertex -14.9999 2.9595 3.9500
      endloop
   endfacet
   facet normal -0.4288 0.2092 -0.8789
      outer loop
         vertex -14.6939 3.1325 1.3814
         vertex -14.5712 3.7614 1.4672
         vertex -14.4611 3.6978 1.3814
      endloop
   endfacet
   facet normal -0.7961 0.3182 -0.5147
      outer loop
         vertex -14.6455 3.8043 1.5943
         vertex -14.8149 3.1715 1.4672
         vertex -14.8965 3.1978 1.5943
      endloop
   endfacet
   facet normal -0.6225 0.1669 -0.7646
      outer loop
         vertex -14.8513 3.0162 1.4672
         vertex -14.8149 3.1715 1.4672
         vertex -14.7300 2.9779 1.3814
      endloop
   endfacet
   facet normal -0.8567 0.2274 -0.4631
      outer loop
         vertex -14.8513 3.0162 1.4672
         vertex -14.9330 3.0420 1.5943
         vertex -14.8965 3.1978 1.5943
      endloop
   endfacet
   facet normal -0.2212 0.1110 -0.9689
      outer loop
         vertex -14.3263 3.6200 1.3500
         vertex -14.5457 3.0848 1.3500
         vertex -14.4611 3.6978 1.3814
      endloop
   endfacet
   facet normal -0.9032 0.3401 -0.2619
      outer loop
         vertex -14.6727 3.8200 1.7500
         vertex -14.8965 3.1978 1.5943
         vertex -14.9265 3.2074 1.7500
      endloop
   endfacet
   facet normal -0.9170 0.2596 -0.3028
      outer loop
         vertex -14.9265 3.2074 1.7500
         vertex -14.8965 3.1978 1.5943
         vertex -14.9330 3.0420 1.5943
      endloop
   endfacet
   facet normal -0.2752 0.0643 -0.9592
      outer loop
         vertex -14.6938 3.1324 1.3814
         vertex -14.5816 2.9310 1.3500
         vertex -14.7300 2.9779 1.3814
      endloop
   endfacet
   facet normal -0.3330 0.0902 -0.9386
      outer loop
         vertex -14.6938 3.1324 1.3814
         vertex -14.7300 2.9779 1.3814
         vertex -14.6939 3.1325 1.3814
      endloop
   endfacet
   facet normal -0.2492 0.0778 -0.9653
      outer loop
         vertex -14.6938 3.1324 1.3814
         vertex -14.6939 3.1325 1.3814
         vertex -14.5457 3.0848 1.3500
      endloop
   endfacet
   facet normal -0.1913 0.0519 -0.9802
      outer loop
         vertex -14.6938 3.1324 1.3814
         vertex -14.5457 3.0848 1.3500
         vertex -14.5816 2.9310 1.3500
      endloop
   endfacet
   facet normal -0.9411 0.2389 -0.2395
      outer loop
         vertex -14.9265 3.2074 1.7500
         vertex -14.9330 3.0420 1.5943
         vertex -14.9630 3.0515 1.7500
      endloop
   endfacet
   facet normal -0.4288 0.2092 0.8789
      outer loop
         vertex -14.5712 3.7614 4.2328
         vertex -14.6939 3.1325 4.3186
         vertex -14.4611 3.6978 4.3186
      endloop
   endfacet
   facet normal -0.7961 0.3182 0.5147
      outer loop
         vertex -14.6455 3.8043 4.1057
         vertex -14.8965 3.1978 4.1057
         vertex -14.8149 3.1715 4.2328
      endloop
   endfacet
   facet normal -0.6225 0.1669 0.7646
      outer loop
         vertex -14.8513 3.0162 4.2328
         vertex -14.7300 2.9779 4.3186
         vertex -14.8149 3.1715 4.2328
      endloop
   endfacet
   facet normal -0.8567 0.2274 0.4631
      outer loop
         vertex -14.9330 3.0420 4.1057
         vertex -14.8513 3.0162 4.2328
         vertex -14.8965 3.1978 4.1057
      endloop
   endfacet
   facet normal -0.2212 0.1110 0.9689
      outer loop
         vertex -14.5457 3.0848 4.3500
         vertex -14.3263 3.6200 4.3500
         vertex -14.4611 3.6978 4.3186
      endloop
   endfacet
   facet normal -0.9032 0.3401 0.2619
      outer loop
         vertex -14.8965 3.1978 4.1057
         vertex -14.6727 3.8200 3.9500
         vertex -14.9265 3.2074 3.9500
      endloop
   endfacet
   facet normal -0.9170 0.2596 0.3028
      outer loop
         vertex -14.9265 3.2074 3.9500
         vertex -14.9330 3.0420 4.1057
         vertex -14.8965 3.1978 4.1057
      endloop
   endfacet
   facet normal -0.3330 0.0902 0.9386
      outer loop
         vertex -14.6938 3.1324 4.3186
         vertex -14.6939 3.1325 4.3186
         vertex -14.7300 2.9779 4.3186
      endloop
   endfacet
   facet normal -0.2752 0.0643 0.9592
      outer loop
         vertex -14.6938 3.1324 4.3186
         vertex -14.7300 2.9779 4.3186
         vertex -14.5816 2.9310 4.3500
      endloop
   endfacet
   facet normal -0.2492 0.0778 0.9653
      outer loop
         vertex -14.5457 3.0848 4.3500
         vertex -14.6939 3.1325 4.3186
         vertex -14.6938 3.1324 4.3186
      endloop
   endfacet
   facet normal -0.1913 0.0519 0.9802
      outer loop
         vertex -14.5457 3.0848 4.3500
         vertex -14.6938 3.1324 4.3186
         vertex -14.5816 2.9310 4.3500
      endloop
   endfacet
   facet normal -0.9411 0.2389 0.2395
      outer loop
         vertex -14.9330 3.0420 4.1057
         vertex -14.9265 3.2074 3.9500
         vertex -14.9630 3.0515 3.9500
      endloop
   endfacet
   facet normal -0.8550 0.3937 0.3377
      outer loop
         vertex -14.6727 3.8200 3.9500
         vertex -14.8965 3.1978 4.1057
         vertex -14.6455 3.8043 4.1057
      endloop
   endfacet
   facet normal -0.2865 0.1192 0.9506
      outer loop
         vertex -14.6939 3.1325 4.3186
         vertex -14.5457 3.0848 4.3500
         vertex -14.4611 3.6978 4.3186
      endloop
   endfacet
   facet normal -0.7721 0.2287 0.5929
      outer loop
         vertex -14.8513 3.0162 4.2328
         vertex -14.8149 3.1715 4.2328
         vertex -14.8965 3.1978 4.1057
      endloop
   endfacet
   facet normal -0.4986 0.1503 0.8537
      outer loop
         vertex -14.8149 3.1715 4.2328
         vertex -14.7300 2.9779 4.3186
         vertex -14.6939 3.1325 4.3186
      endloop
   endfacet
   facet normal -0.6997 0.3320 0.6327
      outer loop
         vertex -14.8149 3.1715 4.2328
         vertex -14.5712 3.7614 4.2328
         vertex -14.6455 3.8043 4.1057
      endloop
   endfacet
   facet normal -0.5537 0.2265 0.8013
      outer loop
         vertex -14.5712 3.7614 4.2328
         vertex -14.8149 3.1715 4.2328
         vertex -14.6939 3.1325 4.3186
      endloop
   endfacet
   facet normal -0.8550 0.3937 -0.3377
      outer loop
         vertex -14.8965 3.1978 1.5943
         vertex -14.6727 3.8200 1.7500
         vertex -14.6455 3.8043 1.5943
      endloop
   endfacet
   facet normal -0.2865 0.1192 -0.9506
      outer loop
         vertex -14.6939 3.1325 1.3814
         vertex -14.4611 3.6978 1.3814
         vertex -14.5457 3.0848 1.3500
      endloop
   endfacet
   facet normal -0.7721 0.2287 -0.5929
      outer loop
         vertex -14.8149 3.1715 1.4672
         vertex -14.8513 3.0162 1.4672
         vertex -14.8965 3.1978 1.5943
      endloop
   endfacet
   facet normal -0.4986 0.1503 -0.8537
      outer loop
         vertex -14.6939 3.1325 1.3814
         vertex -14.7300 2.9779 1.3814
         vertex -14.8149 3.1715 1.4672
      endloop
   endfacet
   facet normal -0.6997 0.3320 -0.6327
      outer loop
         vertex -14.8149 3.1715 1.4672
         vertex -14.6455 3.8043 1.5943
         vertex -14.5712 3.7614 1.4672
      endloop
   endfacet
   facet normal -0.5537 0.2265 -0.8013
      outer loop
         vertex -14.5712 3.7614 1.4672
         vertex -14.6939 3.1325 1.3814
         vertex -14.8149 3.1715 1.4672
      endloop
   endfacet
   facet normal -0.7599 0.4332 -0.4846
      outer loop
         vertex -14.9330 3.0420 1.5943
         vertex -14.9021 2.8950 1.4672
         vertex -14.9737 2.9422 1.5943
      endloop
   endfacet
   facet normal -0.8512 0.4132 -0.3235
      outer loop
         vertex -14.9330 3.0420 1.5943
         vertex -14.9737 2.9422 1.5943
         vertex -14.9630 3.0515 1.7500
      endloop
   endfacet
   facet normal -0.8446 0.4786 -0.2403
      outer loop
         vertex -14.9630 3.0515 1.7500
         vertex -14.9737 2.9422 1.5943
         vertex -14.9999 2.9595 1.7500
      endloop
   endfacet
   facet normal -0.8446 0.4786 0.2403
      outer loop
         vertex -14.9737 2.9422 4.1057
         vertex -14.9630 3.0515 3.9500
         vertex -14.9999 2.9595 3.9500
      endloop
   endfacet
   facet normal -0.8512 0.4132 0.3235
      outer loop
         vertex -14.9630 3.0515 3.9500
         vertex -14.9737 2.9422 4.1057
         vertex -14.9330 3.0420 4.1057
      endloop
   endfacet
   facet normal -0.7599 0.4332 0.4846
      outer loop
         vertex -14.9021 2.8950 4.2328
         vertex -14.9330 3.0420 4.1057
         vertex -14.9737 2.9422 4.1057
      endloop
   endfacet
   facet normal -0.5423 0.3122 -0.7800
      outer loop
         vertex -14.8513 3.0162 1.4672
         vertex -14.7960 2.8249 1.3814
         vertex -14.9021 2.8950 1.4672
      endloop
   endfacet
   facet normal -0.7455 0.6207 -0.2427
      outer loop
         vertex -14.9737 2.9422 1.5943
         vertex -15.1280 2.8314 1.7500
         vertex -14.9999 2.9595 1.7500
      endloop
   endfacet
   facet normal -0.4325 0.2152 -0.8756
      outer loop
         vertex -14.7960 2.8249 1.3814
         vertex -14.8513 3.0162 1.4672
         vertex -14.7300 2.9779 1.3814
      endloop
   endfacet
   facet normal -0.6990 0.3436 -0.6272
      outer loop
         vertex -14.9330 3.0420 1.5943
         vertex -14.8513 3.0162 1.4672
         vertex -14.9021 2.8950 1.4672
      endloop
   endfacet
   facet normal -0.5423 0.3122 0.7800
      outer loop
         vertex -14.9021 2.8950 4.2328
         vertex -14.7960 2.8249 4.3186
         vertex -14.8513 3.0162 4.2328
      endloop
   endfacet
   facet normal -0.7455 0.6207 0.2427
      outer loop
         vertex -15.1280 2.8314 3.9500
         vertex -14.9737 2.9422 4.1057
         vertex -14.9999 2.9595 3.9500
      endloop
   endfacet
   facet normal -0.6990 0.3436 0.6272
      outer loop
         vertex -14.9330 3.0420 4.1057
         vertex -14.9021 2.8950 4.2328
         vertex -14.8513 3.0162 4.2328
      endloop
   endfacet
   facet normal -0.4325 0.2152 0.8756
      outer loop
         vertex -14.7300 2.9779 4.3186
         vertex -14.8513 3.0162 4.2328
         vertex -14.7960 2.8249 4.3186
      endloop
   endfacet
   facet normal -0.4728 0.4255 0.7716
      outer loop
         vertex -15.0620 2.7346 4.2328
         vertex -14.7960 2.8249 4.3186
         vertex -14.9021 2.8950 4.2328
      endloop
   endfacet
   facet normal -0.6616 0.5833 0.4712
      outer loop
         vertex -14.9737 2.9422 4.1057
         vertex -15.1103 2.8054 4.1057
         vertex -14.9021 2.8950 4.2328
      endloop
   endfacet
   facet normal -0.5254 0.6027 0.6006
      outer loop
         vertex -15.1103 2.8054 4.1057
         vertex -15.0620 2.7346 4.2328
         vertex -14.9021 2.8950 4.2328
      endloop
   endfacet
   facet normal -0.4728 0.4255 -0.7716
      outer loop
         vertex -15.0620 2.7346 1.4672
         vertex -14.9021 2.8950 1.4672
         vertex -14.7960 2.8249 1.3814
      endloop
   endfacet
   facet normal -0.5254 0.6027 -0.6006
      outer loop
         vertex -14.9021 2.8950 1.4672
         vertex -15.0620 2.7346 1.4672
         vertex -15.1103 2.8054 1.5943
      endloop
   endfacet
   facet normal -0.6616 0.5833 -0.4712
      outer loop
         vertex -14.9021 2.8950 1.4672
         vertex -15.1103 2.8054 1.5943
         vertex -14.9737 2.9422 1.5943
      endloop
   endfacet
   facet normal -0.9598 0.2806 0.0000
      outer loop
         vertex -14.9265 3.2074 3.9500
         vertex -14.9265 3.2074 1.7500
         vertex -14.9630 3.0515 1.7500
      endloop
   endfacet
   facet normal -0.9671 0.2545 0.0000
      outer loop
         vertex -14.9265 3.2074 3.9500
         vertex -14.9630 3.0515 1.7500
         vertex -14.9630 3.0515 3.9500
      endloop
   endfacet
   facet normal -0.9280 0.3726 0.0000
      outer loop
         vertex -14.6727 3.8200 1.7500
         vertex -14.9265 3.2074 1.7500
         vertex -14.9265 3.2074 3.9500
      endloop
   endfacet
   facet normal -0.8992 0.4375 0.0000
      outer loop
         vertex -14.6727 3.8200 1.7500
         vertex -14.9265 3.2074 3.9500
         vertex -14.6727 3.8200 3.9500
      endloop
   endfacet
   facet normal -0.4553 0.8903 0.0000
      outer loop
         vertex -15.1280 2.8314 1.7500
         vertex -15.2000 2.8000 1.7500
         vertex -15.2000 2.8000 3.9500
      endloop
   endfacet
   facet normal -0.5101 0.8601 0.0000
      outer loop
         vertex -15.1280 2.8314 1.7500
         vertex -15.2000 2.8000 3.9500
         vertex -15.1280 2.8314 3.9500
      endloop
   endfacet
   facet normal -0.6464 0.6984 -0.3073
      outer loop
         vertex -15.1280 2.8314 1.7500
         vertex -14.9737 2.9422 1.5943
         vertex -15.1103 2.8054 1.5943
      endloop
   endfacet
   facet normal -0.6464 0.6984 0.3073
      outer loop
         vertex -15.1103 2.8054 4.1057
         vertex -14.9737 2.9422 4.1057
         vertex -15.1280 2.8314 3.9500
      endloop
   endfacet
   facet normal -0.4338 0.7345 -0.5219
      outer loop
         vertex -15.1874 2.7712 1.5943
         vertex -15.1103 2.8054 1.5943
         vertex -15.0620 2.7346 1.4672
      endloop
   endfacet
   facet normal -0.4298 0.8346 -0.3444
      outer loop
         vertex -15.1103 2.8054 1.5943
         vertex -15.1874 2.7712 1.5943
         vertex -15.2000 2.8000 1.7500
      endloop
   endfacet
   facet normal -0.5091 0.8200 -0.2615
      outer loop
         vertex -15.1280 2.8314 1.7500
         vertex -15.1103 2.8054 1.5943
         vertex -15.2000 2.8000 1.7500
      endloop
   endfacet
   facet normal -0.5091 0.8200 0.2615
      outer loop
         vertex -15.1103 2.8054 4.1057
         vertex -15.1280 2.8314 3.9500
         vertex -15.2000 2.8000 3.9500
      endloop
   endfacet
   facet normal -0.4298 0.8346 0.3444
      outer loop
         vertex -15.1874 2.7712 4.1057
         vertex -15.1103 2.8054 4.1057
         vertex -15.2000 2.8000 3.9500
      endloop
   endfacet
   facet normal -0.4338 0.7345 0.5219
      outer loop
         vertex -15.0620 2.7346 4.2328
         vertex -15.1103 2.8054 4.1057
         vertex -15.1874 2.7712 4.1057
      endloop
   endfacet
   facet normal -0.6646 0.7472 0.0000
      outer loop
         vertex -14.9999 2.9595 1.7500
         vertex -15.1280 2.8314 1.7500
         vertex -15.1280 2.8314 3.9500
      endloop
   endfacet
   facet normal -0.7566 0.6538 0.0000
      outer loop
         vertex -14.9999 2.9595 1.7500
         vertex -15.1280 2.8314 3.9500
         vertex -14.9999 2.9595 3.9500
      endloop
   endfacet
   facet normal 0.9804 -0.1970 0.0000
      outer loop
         vertex -14.1980 2.8000 1.3500
         vertex -14.1405 3.2369 1.3500
         vertex -14.1405 3.2369 4.3500
      endloop
   endfacet
   facet normal 0.9865 -0.1638 0.0000
      outer loop
         vertex -14.1980 2.8000 1.3500
         vertex -14.1405 3.2369 4.3500
         vertex -14.1980 2.8000 4.3500
      endloop
   endfacet
   facet normal -0.2499 0.2279 -0.9411
      outer loop
         vertex -14.9904 2.6295 1.3814
         vertex -14.7960 2.8249 1.3814
         vertex -14.6661 2.7391 1.3500
      endloop
   endfacet
   facet normal -0.2499 0.2279 0.9411
      outer loop
         vertex -14.6661 2.7391 4.3500
         vertex -14.7960 2.8249 4.3186
         vertex -14.9904 2.6295 4.3186
      endloop
   endfacet
   facet normal -0.2780 0.1638 0.9465
      outer loop
         vertex -14.7960 2.8249 4.3186
         vertex -14.6661 2.7391 4.3500
         vertex -14.7300 2.9779 4.3186
      endloop
   endfacet
   facet normal -0.2211 0.0966 0.9705
      outer loop
         vertex -14.6393 2.8000 4.3500
         vertex -14.5816 2.9310 4.3500
         vertex -14.7300 2.9779 4.3186
      endloop
   endfacet
   facet normal -0.2148 0.1070 0.9708
      outer loop
         vertex -14.6393 2.8000 4.3500
         vertex -14.7300 2.9779 4.3186
         vertex -14.6661 2.7391 4.3500
      endloop
   endfacet
   facet normal -0.3320 0.3915 0.8582
      outer loop
         vertex -14.7960 2.8249 4.3186
         vertex -15.0620 2.7346 4.2328
         vertex -14.9904 2.6295 4.3186
      endloop
   endfacet
   facet normal -0.2148 0.1070 -0.9708
      outer loop
         vertex -14.6393 2.8000 1.3500
         vertex -14.6661 2.7391 1.3500
         vertex -14.7300 2.9779 1.3814
      endloop
   endfacet
   facet normal -0.2211 0.0966 -0.9705
      outer loop
         vertex -14.6393 2.8000 1.3500
         vertex -14.7300 2.9779 1.3814
         vertex -14.5816 2.9310 1.3500
      endloop
   endfacet
   facet normal -0.2780 0.1638 -0.9465
      outer loop
         vertex -14.6661 2.7391 1.3500
         vertex -14.7960 2.8249 1.3814
         vertex -14.7300 2.9779 1.3814
      endloop
   endfacet
   facet normal -0.3320 0.3915 -0.8582
      outer loop
         vertex -14.7960 2.8249 1.3814
         vertex -14.9904 2.6295 1.3814
         vertex -15.0620 2.7346 1.4672
      endloop
   endfacet
   facet normal 0.8622 -0.5066 0.0000
      outer loop
         vertex -14.0616 3.4647 1.3500
         vertex -13.9934 3.5990 1.3500
         vertex -13.9934 3.5990 4.3500
      endloop
   endfacet
   facet normal 0.8774 -0.4799 0.0000
      outer loop
         vertex -14.0616 3.4647 1.3500
         vertex -13.9934 3.5990 4.3500
         vertex -14.0616 3.4647 4.3500
      endloop
   endfacet
   facet normal 0.9554 -0.2952 0.0000
      outer loop
         vertex -14.1405 3.2369 1.3500
         vertex -14.0616 3.4647 1.3500
         vertex -14.0616 3.4647 4.3500
      endloop
   endfacet
   facet normal 0.9648 -0.2628 0.0000
      outer loop
         vertex -14.1405 3.2369 1.3500
         vertex -14.0616 3.4647 4.3500
         vertex -14.1405 3.2369 4.3500
      endloop
   endfacet
   facet normal -0.9819 0.0000 -0.1896
      outer loop
         vertex -15.1921 2.8000 0.2312
         vertex -15.1921 0.0000 0.2312
         vertex -15.2000 0.0000 0.3000
      endloop
   endfacet
   facet normal -0.9884 0.0000 -0.1520
      outer loop
         vertex -15.1921 2.8000 0.2312
         vertex -15.2000 0.0000 0.3000
         vertex -15.2000 2.8000 0.3000
      endloop
   endfacet
   facet normal -0.1520 0.0000 -0.9884
      outer loop
         vertex -14.9000 2.8000 0.0000
         vertex -14.9000 0.0000 0.0000
         vertex -14.9688 0.0000 0.0079
      endloop
   endfacet
   facet normal -0.1896 0.0000 -0.9819
      outer loop
         vertex -14.9000 2.8000 0.0000
         vertex -14.9688 0.0000 0.0079
         vertex -14.9688 2.8000 0.0079
      endloop
   endfacet
   facet normal -0.7325 0.0000 -0.6807
      outer loop
         vertex -15.1341 0.0000 0.1124
         vertex -15.1341 2.8000 0.1124
         vertex -15.0876 2.8000 0.0659
      endloop
   endfacet
   facet normal -0.6807 0.0000 -0.7325
      outer loop
         vertex -15.1341 0.0000 0.1124
         vertex -15.0876 2.8000 0.0659
         vertex -15.0876 0.0000 0.0659
      endloop
   endfacet
   facet normal -0.3706 -0.0000 -0.9288
      outer loop
         vertex -15.0319 0.0000 0.0305
         vertex -15.0319 2.8000 0.0305
         vertex -14.9688 2.8000 0.0079
      endloop
   endfacet
   facet normal -0.2995 -0.0000 -0.9541
      outer loop
         vertex -15.0319 0.0000 0.0305
         vertex -14.9688 2.8000 0.0079
         vertex -14.9688 0.0000 0.0079
      endloop
   endfacet
   facet normal -0.5041 -0.0000 -0.8636
      outer loop
         vertex -15.0319 2.8000 0.0305
         vertex -15.0319 0.0000 0.0305
         vertex -15.0876 0.0000 0.0659
      endloop
   endfacet
   facet normal -0.5665 -0.0000 -0.8240
      outer loop
         vertex -15.0319 2.8000 0.0305
         vertex -15.0876 0.0000 0.0659
         vertex -15.0876 2.8000 0.0659
      endloop
   endfacet
   facet normal -0.8240 0.0000 -0.5665
      outer loop
         vertex -15.1341 2.8000 0.1124
         vertex -15.1341 0.0000 0.1124
         vertex -15.1695 0.0000 0.1681
      endloop
   endfacet
   facet normal -0.8636 0.0000 -0.5041
      outer loop
         vertex -15.1341 2.8000 0.1124
         vertex -15.1695 0.0000 0.1681
         vertex -15.1695 2.8000 0.1681
      endloop
   endfacet
   facet normal -0.9541 0.0000 -0.2995
      outer loop
         vertex -15.1921 0.0000 0.2312
         vertex -15.1921 2.8000 0.2312
         vertex -15.1695 2.8000 0.1681
      endloop
   endfacet
   facet normal -0.9288 0.0000 -0.3706
      outer loop
         vertex -15.1921 0.0000 0.2312
         vertex -15.1695 2.8000 0.1681
         vertex -15.1695 0.0000 0.1681
      endloop
   endfacet
   facet normal 0.0000 0.0000 1.0000
      outer loop
         vertex -14.9027 2.5009 1.3500
         vertex -14.6661 2.7391 1.3500
         vertex -14.6393 2.8000 1.3500
      endloop
   endfacet
   facet normal 0.0000 0.0000 1.0000
      outer loop
         vertex -14.9027 2.5009 1.3500
         vertex -14.6393 2.8000 1.3500
         vertex -15.2000 2.8000 1.3500
      endloop
   endfacet
   facet normal 0.0000 0.0000 1.0000
      outer loop
         vertex -14.9027 2.5009 1.3500
         vertex -15.2000 2.8000 1.3500
         vertex -15.0401 2.4333 1.3500
      endloop
   endfacet
   facet normal -0.1611 0.1997 -0.9665
      outer loop
         vertex -14.9904 2.6295 1.3814
         vertex -14.6661 2.7391 1.3500
         vertex -14.9027 2.5009 1.3500
      endloop
   endfacet
   facet normal 0.0000 0.0000 1.0000
      outer loop
         vertex -14.6393 2.8000 7.3500
         vertex -15.2000 2.8000 7.3500
         vertex -15.0401 2.4333 7.3500
      endloop
   endfacet
   facet normal 0.0000 0.0000 1.0000
      outer loop
         vertex -14.6393 2.8000 7.3500
         vertex -15.0401 2.4333 7.3500
         vertex -14.9027 2.5009 7.3500
      endloop
   endfacet
   facet normal 0.0000 0.0000 1.0000
      outer loop
         vertex -14.6393 2.8000 7.3500
         vertex -14.9027 2.5009 7.3500
         vertex -14.6661 2.7391 7.3500
      endloop
   endfacet
   facet normal 0.0000 0.0000 -1.0000
      outer loop
         vertex -14.6661 2.7391 4.3500
         vertex -14.9027 2.5009 4.3500
         vertex -15.0401 2.4333 4.3500
      endloop
   endfacet
   facet normal 0.0000 0.0000 -1.0000
      outer loop
         vertex -14.6661 2.7391 4.3500
         vertex -15.0401 2.4333 4.3500
         vertex -15.2000 2.8000 4.3500
      endloop
   endfacet
   facet normal 0.0000 0.0000 -1.0000
      outer loop
         vertex -14.6661 2.7391 4.3500
         vertex -15.2000 2.8000 4.3500
         vertex -14.6393 2.8000 4.3500
      endloop
   endfacet
   facet normal -0.1611 0.1997 0.9665
      outer loop
         vertex -14.9904 2.6295 4.3186
         vertex -14.9027 2.5009 4.3500
         vertex -14.6661 2.7391 4.3500
      endloop
   endfacet
   facet normal -0.1611 0.1997 -0.9665
      outer loop
         vertex -14.9027 2.5009 7.3500
         vertex -14.9904 2.6295 7.3814
         vertex -14.6661 2.7391 7.3500
      endloop
   endfacet
   facet normal 0.9166 0.3997 0.0000
      outer loop
         vertex -15.2000 2.8000 4.3500
         vertex -15.0401 2.4333 4.3500
         vertex -15.1024 2.5761 4.3186
      endloop
   endfacet
   facet normal 0.9166 0.3997 0.0000
      outer loop
         vertex -15.2000 2.8000 4.3500
         vertex -15.1024 2.5761 4.3186
         vertex -15.1532 2.6926 4.2328
      endloop
   endfacet
   facet normal 0.9166 0.3997 0.0000
      outer loop
         vertex -15.2000 2.8000 4.3500
         vertex -15.1532 2.6926 4.2328
         vertex -15.1874 2.7712 4.1057
      endloop
   endfacet
   facet normal 0.9166 0.3997 0.0000
      outer loop
         vertex -15.2000 2.8000 4.3500
         vertex -15.1874 2.7712 4.1057
         vertex -15.2000 2.8000 3.9500
      endloop
   endfacet
   facet normal 0.9166 0.3997 0.0000
      outer loop
         vertex -15.2000 2.8000 7.3500
         vertex -15.2000 2.8000 7.7500
         vertex -15.1874 2.7712 7.5943
      endloop
   endfacet
   facet normal 0.9166 0.3997 0.0000
      outer loop
         vertex -15.2000 2.8000 7.3500
         vertex -15.1874 2.7712 7.5943
         vertex -15.1532 2.6926 7.4672
      endloop
   endfacet
   facet normal 0.9166 0.3997 0.0000
      outer loop
         vertex -15.2000 2.8000 7.3500
         vertex -15.1532 2.6926 7.4672
         vertex -15.1024 2.5761 7.3814
      endloop
   endfacet
   facet normal 0.9166 0.3997 0.0000
      outer loop
         vertex -15.2000 2.8000 7.3500
         vertex -15.1024 2.5761 7.3814
         vertex -15.0401 2.4333 7.3500
      endloop
   endfacet
   facet normal 0.9166 0.3997 0.0000
      outer loop
         vertex -15.2000 2.8000 1.3500
         vertex -15.2000 2.8000 1.7500
         vertex -15.1874 2.7712 1.5943
      endloop
   endfacet
   facet normal 0.9166 0.3997 0.0000
      outer loop
         vertex -15.2000 2.8000 1.3500
         vertex -15.1874 2.7712 1.5943
         vertex -15.1532 2.6926 1.4672
      endloop
   endfacet
   facet normal 0.9166 0.3997 0.0000
      outer loop
         vertex -15.2000 2.8000 1.3500
         vertex -15.1532 2.6926 1.4672
         vertex -15.1024 2.5761 1.3814
      endloop
   endfacet
   facet normal 0.9166 0.3997 0.0000
      outer loop
         vertex -15.2000 2.8000 1.3500
         vertex -15.1024 2.5761 1.3814
         vertex -15.0401 2.4333 1.3500
      endloop
   endfacet
   facet normal -0.1112 0.2124 -0.9708
      outer loop
         vertex -15.0401 2.4333 1.3500
         vertex -15.1024 2.5761 1.3814
         vertex -14.9027 2.5009 1.3500
      endloop
   endfacet
   facet normal -0.1533 0.2603 -0.9533
      outer loop
         vertex -14.9904 2.6295 1.3814
         vertex -14.9027 2.5009 1.3500
         vertex -15.1024 2.5761 1.3814
      endloop
   endfacet
   facet normal -0.2142 0.4108 -0.8862
      outer loop
         vertex -15.1024 2.5761 1.3814
         vertex -15.1532 2.6926 1.4672
         vertex -14.9904 2.6295 1.3814
      endloop
   endfacet
   facet normal -0.3005 0.5096 -0.8062
      outer loop
         vertex -14.9904 2.6295 1.3814
         vertex -15.1532 2.6926 1.4672
         vertex -15.0620 2.7346 1.4672
      endloop
   endfacet
   facet normal -0.3530 0.6785 -0.6442
      outer loop
         vertex -15.1532 2.6926 1.4672
         vertex -15.1874 2.7712 1.5943
         vertex -15.0620 2.7346 1.4672
      endloop
   endfacet
   facet normal -0.3530 0.6785 0.6442
      outer loop
         vertex -15.0620 2.7346 4.2328
         vertex -15.1874 2.7712 4.1057
         vertex -15.1532 2.6926 4.2328
      endloop
   endfacet
   facet normal -0.3005 0.5096 0.8062
      outer loop
         vertex -15.0620 2.7346 4.2328
         vertex -15.1532 2.6926 4.2328
         vertex -14.9904 2.6295 4.3186
      endloop
   endfacet
   facet normal -0.2142 0.4108 0.8862
      outer loop
         vertex -14.9904 2.6295 4.3186
         vertex -15.1532 2.6926 4.2328
         vertex -15.1024 2.5761 4.3186
      endloop
   endfacet
   facet normal -0.1533 0.2603 0.9533
      outer loop
         vertex -14.9027 2.5009 4.3500
         vertex -14.9904 2.6295 4.3186
         vertex -15.1024 2.5761 4.3186
      endloop
   endfacet
   facet normal -0.1112 0.2124 0.9708
      outer loop
         vertex -14.9027 2.5009 4.3500
         vertex -15.1024 2.5761 4.3186
         vertex -15.0401 2.4333 4.3500
      endloop
   endfacet
   facet normal -0.3530 0.6785 -0.6442
      outer loop
         vertex -15.1532 2.6926 7.4672
         vertex -15.1874 2.7712 7.5943
         vertex -15.0620 2.7346 7.4672
      endloop
   endfacet
   facet normal -0.3005 0.5096 -0.8062
      outer loop
         vertex -14.9904 2.6295 7.3814
         vertex -15.1532 2.6926 7.4672
         vertex -15.0620 2.7346 7.4672
      endloop
   endfacet
   facet normal -0.2142 0.4108 -0.8862
      outer loop
         vertex -15.1024 2.5761 7.3814
         vertex -15.1532 2.6926 7.4672
         vertex -14.9904 2.6295 7.3814
      endloop
   endfacet
   facet normal -0.1533 0.2603 -0.9533
      outer loop
         vertex -14.9904 2.6295 7.3814
         vertex -14.9027 2.5009 7.3500
         vertex -15.1024 2.5761 7.3814
      endloop
   endfacet
   facet normal -0.1112 0.2124 -0.9708
      outer loop
         vertex -15.0401 2.4333 7.3500
         vertex -15.1024 2.5761 7.3814
         vertex -14.9027 2.5009 7.3500
      endloop
   endfacet
   facet normal -0.0386 0.9993 0.0000
      outer loop
         vertex -11.9420 5.3950 0.3000
         vertex -11.9420 5.3950 0.7500
         vertex -11.0214 5.4345 0.7500
      endloop
   endfacet
   facet normal -0.0342 0.9994 0.0000
      outer loop
         vertex -11.9420 5.3950 0.3000
         vertex -11.0214 5.4345 0.7500
         vertex -11.0214 5.4345 0.3000
      endloop
   endfacet
   facet normal -0.0342 0.9994 0.0000
      outer loop
         vertex -11.0214 5.4345 6.7500
         vertex -11.0214 5.4345 4.9500
         vertex -11.9420 5.3950 4.9500
      endloop
   endfacet
   facet normal -0.0386 0.9993 0.0000
      outer loop
         vertex -11.0214 5.4345 6.7500
         vertex -11.9420 5.3950 4.9500
         vertex -11.9420 5.3950 6.7500
      endloop
   endfacet
   facet normal -0.0386 0.9993 0.0000
      outer loop
         vertex -11.9420 5.3950 16.9500
         vertex -11.9420 5.3950 17.4000
         vertex -11.0214 5.4345 17.4000
      endloop
   endfacet
   facet normal -0.0342 0.9994 0.0000
      outer loop
         vertex -11.9420 5.3950 16.9500
         vertex -11.0214 5.4345 17.4000
         vertex -11.0214 5.4345 16.9500
      endloop
   endfacet
   facet normal -0.0342 0.9994 0.0000
      outer loop
         vertex -11.0214 5.4345 12.7500
         vertex -11.0214 5.4345 10.9500
         vertex -11.9420 5.3950 10.9500
      endloop
   endfacet
   facet normal -0.0386 0.9993 0.0000
      outer loop
         vertex -11.0214 5.4345 12.7500
         vertex -11.9420 5.3950 10.9500
         vertex -11.9420 5.3950 12.7500
      endloop
   endfacet
   facet normal -0.0211 0.9998 0.0000
      outer loop
         vertex -10.1000 5.4500 6.7500
         vertex -10.1000 5.4500 4.9500
         vertex -11.0214 5.4345 4.9500
      endloop
   endfacet
   facet normal -0.0255 0.9997 0.0000
      outer loop
         vertex -10.1000 5.4500 6.7500
         vertex -11.0214 5.4345 4.9500
         vertex -11.0214 5.4345 6.7500
      endloop
   endfacet
   facet normal -0.0255 0.9997 0.0000
      outer loop
         vertex -10.1000 5.4500 0.3000
         vertex -11.0214 5.4345 0.3000
         vertex -11.0214 5.4345 0.7500
      endloop
   endfacet
   facet normal -0.0211 0.9998 0.0000
      outer loop
         vertex -10.1000 5.4500 0.3000
         vertex -11.0214 5.4345 0.7500
         vertex -10.1000 5.4500 0.7500
      endloop
   endfacet
   facet normal -0.0211 0.9998 0.0000
      outer loop
         vertex -10.1000 5.4500 17.4000
         vertex -10.1000 5.4500 16.9500
         vertex -11.0214 5.4345 16.9500
      endloop
   endfacet
   facet normal -0.0255 0.9997 0.0000
      outer loop
         vertex -10.1000 5.4500 17.4000
         vertex -11.0214 5.4345 16.9500
         vertex -11.0214 5.4345 17.4000
      endloop
   endfacet
   facet normal -0.0211 0.9998 0.0000
      outer loop
         vertex -10.1000 5.4500 12.7500
         vertex -10.1000 5.4500 10.9500
         vertex -11.0214 5.4345 10.9500
      endloop
   endfacet
   facet normal -0.0255 0.9997 0.0000
      outer loop
         vertex -10.1000 5.4500 12.7500
         vertex -11.0214 5.4345 10.9500
         vertex -11.0214 5.4345 12.7500
      endloop
   endfacet
   facet normal 0.0000 1.0000 0.0000
      outer loop
         vertex -7.3563 5.4500 6.7500
         vertex -7.3563 5.4500 4.9500
         vertex -10.1000 5.4500 4.9500
      endloop
   endfacet
   facet normal 0.0000 1.0000 0.0000
      outer loop
         vertex -7.3563 5.4500 6.7500
         vertex -10.1000 5.4500 4.9500
         vertex -10.1000 5.4500 6.7500
      endloop
   endfacet
   facet normal 0.0000 1.0000 0.0000
      outer loop
         vertex -10.1000 5.4500 0.3000
         vertex -10.1000 5.4500 0.7500
         vertex -7.3563 5.4500 0.7500
      endloop
   endfacet
   facet normal 0.0000 1.0000 0.0000
      outer loop
         vertex -10.1000 5.4500 0.3000
         vertex -7.3563 5.4500 0.7500
         vertex -7.3563 5.4500 0.3000
      endloop
   endfacet
   facet normal 0.0000 1.0000 0.0000
      outer loop
         vertex -7.3563 5.4500 17.4000
         vertex -7.3563 5.4500 16.9500
         vertex -10.1000 5.4500 16.9500
      endloop
   endfacet
   facet normal 0.0000 1.0000 0.0000
      outer loop
         vertex -7.3563 5.4500 17.4000
         vertex -10.1000 5.4500 16.9500
         vertex -10.1000 5.4500 17.4000
      endloop
   endfacet
   facet normal 0.0000 1.0000 0.0000
      outer loop
         vertex -7.3563 5.4500 12.7500
         vertex -7.3563 5.4500 10.9500
         vertex -10.1000 5.4500 10.9500
      endloop
   endfacet
   facet normal 0.0000 1.0000 0.0000
      outer loop
         vertex -7.3563 5.4500 12.7500
         vertex -10.1000 5.4500 10.9500
         vertex -10.1000 5.4500 12.7500
      endloop
   endfacet
   facet normal 0.0000 1.0000 0.0000
      outer loop
         vertex -7.4460 5.3700 15.9500
         vertex -7.4460 5.3700 13.7500
         vertex -7.6426 5.3700 14.5399
      endloop
   endfacet
   facet normal 0.0000 1.0000 0.0000
      outer loop
         vertex -7.4460 5.3700 15.9500
         vertex -7.6426 5.3700 14.5399
         vertex -7.6018 5.3700 14.8500
      endloop
   endfacet
   facet normal 0.0000 1.0000 0.0000
      outer loop
         vertex -7.4460 5.3700 15.9500
         vertex -7.6018 5.3700 14.8500
         vertex -7.6426 5.3700 15.1601
      endloop
   endfacet
   facet normal 0.0000 1.0000 0.0000
      outer loop
         vertex -7.4460 5.3700 15.9500
         vertex -7.6426 5.3700 15.1601
         vertex -7.7623 5.3700 15.4491
      endloop
   endfacet
   facet normal 0.0000 1.0000 0.0000
      outer loop
         vertex -7.4460 5.3700 15.9500
         vertex -7.7623 5.3700 15.4491
         vertex -7.9527 5.3700 15.6973
      endloop
   endfacet
   facet normal 0.0000 1.0000 0.0000
      outer loop
         vertex -7.4460 5.3700 15.9500
         vertex -7.9527 5.3700 15.6973
         vertex -8.2009 5.3700 15.8877
      endloop
   endfacet
   facet normal 0.0000 1.0000 0.0000
      outer loop
         vertex -7.4460 5.3700 15.9500
         vertex -8.2009 5.3700 15.8877
         vertex -8.3513 5.3700 15.9500
      endloop
   endfacet
   facet normal 0.0000 1.0000 0.0000
      outer loop
         vertex -7.4460 5.3700 13.7500
         vertex -8.3513 5.3700 13.7500
         vertex -8.2009 5.3700 13.8123
      endloop
   endfacet
   facet normal 0.0000 1.0000 0.0000
      outer loop
         vertex -7.4460 5.3700 13.7500
         vertex -8.2009 5.3700 13.8123
         vertex -7.9527 5.3700 14.0027
      endloop
   endfacet
   facet normal 0.0000 1.0000 0.0000
      outer loop
         vertex -7.4460 5.3700 13.7500
         vertex -7.9527 5.3700 14.0027
         vertex -7.7623 5.3700 14.2509
      endloop
   endfacet
   facet normal 0.0000 1.0000 0.0000
      outer loop
         vertex -7.4460 5.3700 13.7500
         vertex -7.7623 5.3700 14.2509
         vertex -7.6426 5.3700 14.5399
      endloop
   endfacet
   facet normal 0.0960 0.8211 0.5626
      outer loop
         vertex -8.8000 5.3543 13.6722
         vertex -9.1070 5.3608 13.7042
         vertex -9.0329 5.1412 13.9807
      endloop
   endfacet
   facet normal 0.0432 0.8451 0.5328
      outer loop
         vertex -8.8000 5.3543 13.6722
         vertex -9.0329 5.1412 13.9807
         vertex -8.8000 5.1412 13.9500
      endloop
   endfacet
   facet normal -0.0000 0.6599 -0.7514
      outer loop
         vertex -10.5200 5.2528 13.4672
         vertex -7.4460 5.2528 13.4672
         vertex -7.4460 5.1700 13.4113
      endloop
   endfacet
   facet normal -0.0000 0.5578 -0.8300
      outer loop
         vertex -10.5200 5.2528 13.4672
         vertex -7.4460 5.1700 13.4113
         vertex -7.4838 5.1257 13.3814
      endloop
   endfacet
   facet normal -0.0000 0.5015 -0.8652
      outer loop
         vertex -10.5200 5.2528 13.4672
         vertex -7.4838 5.1257 13.3814
         vertex -10.5200 5.1257 13.3814
      endloop
   endfacet
   facet normal 0.2635 0.8187 0.5101
      outer loop
         vertex -9.2487 5.3700 13.7500
         vertex -9.3991 5.3700 13.8123
         vertex -9.2500 5.1412 14.0706
      endloop
   endfacet
   facet normal 0.2054 0.8438 0.4958
      outer loop
         vertex -9.2487 5.3700 13.7500
         vertex -9.2500 5.1412 14.0706
         vertex -9.0329 5.1412 13.9807
      endloop
   endfacet
   facet normal 0.1744 0.8187 0.5471
      outer loop
         vertex -9.2487 5.3700 13.7500
         vertex -9.0329 5.1412 13.9807
         vertex -9.1070 5.3608 13.7042
      endloop
   endfacet
   facet normal 0.3644 0.8211 0.4392
      outer loop
         vertex -9.3991 5.3700 13.8123
         vertex -9.6473 5.3700 14.0027
         vertex -9.4364 5.1412 14.2136
      endloop
   endfacet
   facet normal 0.3038 0.8451 0.4399
      outer loop
         vertex -9.3991 5.3700 13.8123
         vertex -9.4364 5.1412 14.2136
         vertex -9.2500 5.1412 14.0706
      endloop
   endfacet
   facet normal 0.4392 0.8211 0.3644
      outer loop
         vertex -9.4364 5.1412 14.2136
         vertex -9.6473 5.3700 14.0027
         vertex -9.8377 5.3700 14.2509
      endloop
   endfacet
   facet normal 0.4399 0.8451 0.3038
      outer loop
         vertex -9.4364 5.1412 14.2136
         vertex -9.8377 5.3700 14.2509
         vertex -9.5794 5.1412 14.4000
      endloop
   endfacet
   facet normal 0.5186 0.8211 0.2383
      outer loop
         vertex -9.5794 5.1412 14.4000
         vertex -9.8377 5.3700 14.2509
         vertex -9.9574 5.3700 14.5399
      endloop
   endfacet
   facet normal 0.5035 0.8451 0.1796
      outer loop
         vertex -9.5794 5.1412 14.4000
         vertex -9.9574 5.3700 14.5399
         vertex -9.6693 5.1412 14.6171
      endloop
   endfacet
   facet normal 0.3833 0.9076 0.1711
      outer loop
         vertex -9.2035 4.9613 14.6171
         vertex -9.5794 5.1412 14.4000
         vertex -9.6693 5.1412 14.6171
      endloop
   endfacet
   facet normal 0.3216 0.9405 0.1095
      outer loop
         vertex -9.2035 4.9613 14.6171
         vertex -9.6693 5.1412 14.6171
         vertex -9.2500 4.9613 14.7294
      endloop
   endfacet
   facet normal 0.5626 0.8211 0.0960
      outer loop
         vertex -9.6693 5.1412 14.6171
         vertex -9.9574 5.3700 14.5399
         vertex -9.9982 5.3700 14.8500
      endloop
   endfacet
   facet normal 0.5328 0.8451 0.0432
      outer loop
         vertex -9.6693 5.1412 14.6171
         vertex -9.9982 5.3700 14.8500
         vertex -9.7000 5.1412 14.8500
      endloop
   endfacet
   facet normal 0.4146 0.9076 0.0660
      outer loop
         vertex -9.2500 4.9613 14.7294
         vertex -9.6693 5.1412 14.6171
         vertex -9.7000 5.1412 14.8500
      endloop
   endfacet
   facet normal 0.3389 0.9405 0.0225
      outer loop
         vertex -9.2500 4.9613 14.7294
         vertex -9.7000 5.1412 14.8500
         vertex -9.2659 4.9613 14.8500
      endloop
   endfacet
   facet normal 0.5259 0.8451 -0.0962
      outer loop
         vertex -9.9574 5.3700 15.1601
         vertex -9.6693 5.1412 15.0829
         vertex -9.7000 5.1412 14.8500
      endloop
   endfacet
   facet normal 0.5683 0.8211 -0.0529
      outer loop
         vertex -9.9574 5.3700 15.1601
         vertex -9.7000 5.1412 14.8500
         vertex -9.9982 5.3700 14.8500
      endloop
   endfacet
   facet normal 0.4175 0.9076 -0.0435
      outer loop
         vertex -9.2659 4.9613 14.8500
         vertex -9.7000 5.1412 14.8500
         vertex -9.6693 5.1412 15.0829
      endloop
   endfacet
   facet normal 0.3332 0.9405 -0.0660
      outer loop
         vertex -9.2659 4.9613 14.8500
         vertex -9.6693 5.1412 15.0829
         vertex -9.2500 4.9613 14.9706
      endloop
   endfacet
   facet normal 0.5352 0.8211 -0.1982
      outer loop
         vertex -9.6693 5.1412 15.0829
         vertex -9.9574 5.3700 15.1601
         vertex -9.8377 5.3700 15.4491
      endloop
   endfacet
   facet normal 0.4830 0.8451 -0.2290
      outer loop
         vertex -9.6693 5.1412 15.0829
         vertex -9.8377 5.3700 15.4491
         vertex -9.5794 5.1412 15.3000
      endloop
   endfacet
   facet normal 0.3216 0.9405 -0.1095
      outer loop
         vertex -9.2035 4.9613 15.0829
         vertex -9.2500 4.9613 14.9706
         vertex -9.6693 5.1412 15.0829
      endloop
   endfacet
   facet normal 0.3833 0.9076 -0.1711
      outer loop
         vertex -9.2035 4.9613 15.0829
         vertex -9.6693 5.1412 15.0829
         vertex -9.5794 5.1412 15.3000
      endloop
   endfacet
   facet normal 0.4073 0.8451 -0.3462
      outer loop
         vertex -9.6473 5.3700 15.6973
         vertex -9.4364 5.1412 15.4864
         vertex -9.5794 5.1412 15.3000
      endloop
   endfacet
   facet normal 0.4657 0.8211 -0.3299
      outer loop
         vertex -9.6473 5.3700 15.6973
         vertex -9.5794 5.1412 15.3000
         vertex -9.8377 5.3700 15.4491
      endloop
   endfacet
   facet normal -0.0529 0.8211 -0.5683
      outer loop
         vertex -8.8000 5.1412 15.7500
         vertex -8.8000 5.3543 16.0278
         vertex -8.4930 5.3608 15.9958
      endloop
   endfacet
   facet normal -0.0962 0.8451 -0.5259
      outer loop
         vertex -8.8000 5.1412 15.7500
         vertex -8.4930 5.3608 15.9958
         vertex -8.5671 5.1412 15.7193
      endloop
   endfacet
   facet normal -0.0529 0.8211 0.5683
      outer loop
         vertex -8.4930 5.3608 13.7042
         vertex -8.8000 5.3543 13.6722
         vertex -8.8000 5.1412 13.9500
      endloop
   endfacet
   facet normal -0.0962 0.8451 0.5259
      outer loop
         vertex -8.4930 5.3608 13.7042
         vertex -8.8000 5.1412 13.9500
         vertex -8.5671 5.1412 13.9807
      endloop
   endfacet
   facet normal -0.2412 -0.9705 0.0000
      outer loop
         vertex -10.7870 4.7400 16.3500
         vertex -10.7870 4.7400 13.3500
         vertex -10.5370 4.6730 13.3500
      endloop
   endfacet
   facet normal -0.3745 -0.9272 0.0000
      outer loop
         vertex -10.7870 4.7400 16.3500
         vertex -10.5370 4.6730 13.3500
         vertex -10.5370 4.6730 16.3500
      endloop
   endfacet
   facet normal -0.1198 0.9928 0.0000
      outer loop
         vertex -11.4156 5.2891 13.7500
         vertex -11.4156 5.2891 15.9500
         vertex -10.9696 5.3497 15.9500
      endloop
   endfacet
   facet normal -0.1049 0.9945 0.0000
      outer loop
         vertex -11.4156 5.2891 13.7500
         vertex -10.9696 5.3497 15.9500
         vertex -10.9696 5.3497 13.7500
      endloop
   endfacet
   facet normal -0.0600 0.9982 0.0000
      outer loop
         vertex -10.5200 5.3700 15.9500
         vertex -10.5200 5.3700 13.7500
         vertex -10.9696 5.3497 13.7500
      endloop
   endfacet
   facet normal -0.0750 0.9972 0.0000
      outer loop
         vertex -10.5200 5.3700 15.9500
         vertex -10.9696 5.3497 13.7500
         vertex -10.9696 5.3497 15.9500
      endloop
   endfacet
   facet normal -0.1075 0.8733 -0.4753
      outer loop
         vertex -10.9668 5.3184 13.5943
         vertex -11.3985 5.1732 13.4672
         vertex -11.4110 5.2580 13.5943
      endloop
   endfacet
   facet normal -0.0540 0.4951 -0.8671
      outer loop
         vertex -10.9591 5.2331 13.4672
         vertex -10.9476 5.1064 13.3814
         vertex -11.3800 5.0474 13.3814
      endloop
   endfacet
   facet normal -0.0260 0.2469 -0.9687
      outer loop
         vertex -10.9336 4.9514 13.3500
         vertex -11.3573 4.8934 13.3500
         vertex -10.9476 5.1064 13.3814
      endloop
   endfacet
   facet normal -0.1070 0.9429 -0.3155
      outer loop
         vertex -11.4110 5.2580 13.5943
         vertex -10.9696 5.3497 13.7500
         vertex -10.9668 5.3184 13.5943
      endloop
   endfacet
   facet normal -0.1210 0.9632 -0.2399
      outer loop
         vertex -10.9696 5.3497 13.7500
         vertex -11.4110 5.2580 13.5943
         vertex -11.4156 5.2891 13.7500
      endloop
   endfacet
   facet normal -0.0403 0.3297 -0.9432
      outer loop
         vertex -11.3800 5.0474 13.3814
         vertex -10.9476 5.1064 13.3814
         vertex -11.3573 4.8934 13.3500
      endloop
   endfacet
   facet normal -0.0770 0.6294 -0.7733
      outer loop
         vertex -10.9591 5.2331 13.4672
         vertex -11.3800 5.0474 13.3814
         vertex -11.3985 5.1732 13.4672
      endloop
   endfacet
   facet normal -0.0868 0.7846 -0.6139
      outer loop
         vertex -10.9591 5.2331 13.4672
         vertex -11.3985 5.1732 13.4672
         vertex -10.9668 5.3184 13.5943
      endloop
   endfacet
   facet normal -0.0791 0.9586 -0.2736
      outer loop
         vertex -10.9668 5.3184 13.5943
         vertex -10.9696 5.3497 13.7500
         vertex -10.5200 5.3700 13.7500
      endloop
   endfacet
   facet normal -0.0585 0.9399 -0.3363
      outer loop
         vertex -10.9668 5.3184 13.5943
         vertex -10.5200 5.3700 13.7500
         vertex -10.5200 5.3386 13.5943
      endloop
   endfacet
   facet normal -0.0229 0.3104 -0.9503
      outer loop
         vertex -10.9336 4.9514 13.3500
         vertex -10.9476 5.1064 13.3814
         vertex -10.5200 5.1257 13.3814
      endloop
   endfacet
   facet normal -0.0148 0.2606 -0.9653
      outer loop
         vertex -10.9336 4.9514 13.3500
         vertex -10.5200 5.1257 13.3814
         vertex -10.5200 4.9700 13.3500
      endloop
   endfacet
   facet normal -0.0447 0.5876 -0.8079
      outer loop
         vertex -10.9476 5.1064 13.3814
         vertex -10.9591 5.2331 13.4672
         vertex -10.5200 5.2528 13.4672
      endloop
   endfacet
   facet normal -0.0280 0.4891 -0.8718
      outer loop
         vertex -10.9476 5.1064 13.3814
         vertex -10.5200 5.2528 13.4672
         vertex -10.5200 5.1257 13.3814
      endloop
   endfacet
   facet normal -0.0669 0.8491 -0.5240
      outer loop
         vertex -10.9591 5.2331 13.4672
         vertex -10.9668 5.3184 13.5943
         vertex -10.5200 5.3386 13.5943
      endloop
   endfacet
   facet normal -0.0474 0.7827 -0.6206
      outer loop
         vertex -10.9591 5.2331 13.4672
         vertex -10.5200 5.3386 13.5943
         vertex -10.5200 5.2528 13.4672
      endloop
   endfacet
   facet normal -0.0565 -0.9984 0.0000
      outer loop
         vertex -10.7870 4.7400 13.3500
         vertex -10.7870 4.7400 16.3500
         vertex -10.8325 4.7379 16.3500
      endloop
   endfacet
   facet normal -0.0052 -1.0000 0.0000
      outer loop
         vertex -10.7870 4.7400 13.3500
         vertex -10.8325 4.7379 16.3500
         vertex -10.8325 4.7379 13.3500
      endloop
   endfacet
   facet normal 0.0523 -0.9986 0.0000
      outer loop
         vertex -10.9237 4.7331 13.3500
         vertex -10.8325 4.7379 13.3500
         vertex -10.8325 4.7379 16.3500
      endloop
   endfacet
   facet normal 0.0523 -0.9986 0.0000
      outer loop
         vertex -10.9237 4.7331 13.3500
         vertex -10.8325 4.7379 16.3500
         vertex -10.9237 4.7331 16.3500
      endloop
   endfacet
   facet normal 0.0880 -0.9961 0.0000
      outer loop
         vertex -11.1379 4.7173 16.3500
         vertex -11.1379 4.7173 13.3500
         vertex -10.9237 4.7331 13.3500
      endloop
   endfacet
   facet normal 0.0809 -0.9967 0.0000
      outer loop
         vertex -11.1379 4.7173 16.3500
         vertex -10.9237 4.7331 13.3500
         vertex -10.9237 4.7331 16.3500
      endloop
   endfacet
   facet normal 0.1023 -0.9948 0.0000
      outer loop
         vertex -11.1379 4.7173 13.3500
         vertex -11.1379 4.7173 16.3500
         vertex -11.3511 4.6923 16.3500
      endloop
   endfacet
   facet normal 0.1094 -0.9940 0.0000
      outer loop
         vertex -11.1379 4.7173 13.3500
         vertex -11.3511 4.6923 16.3500
         vertex -11.3511 4.6923 13.3500
      endloop
   endfacet
   facet normal 0.7045 -0.7097 0.0000
      outer loop
         vertex -13.7086 3.9476 13.3500
         vertex -13.7086 3.9476 16.3500
         vertex -13.7709 3.8889 16.3500
      endloop
   endfacet
   facet normal 0.7233 -0.6905 0.0000
      outer loop
         vertex -13.7086 3.9476 13.3500
         vertex -13.7709 3.8889 16.3500
         vertex -13.7709 3.8889 13.3500
      endloop
   endfacet
   facet normal -0.1805 0.2502 -0.9512
      outer loop
         vertex -14.0963 4.1733 13.3814
         vertex -13.6208 4.5381 13.3814
         vertex -13.5430 4.4033 13.3500
      endloop
   endfacet
   facet normal -0.1706 0.1951 -0.9658
      outer loop
         vertex -14.0963 4.1733 13.3814
         vertex -13.5430 4.4033 13.3500
         vertex -13.9862 4.0632 13.3500
      endloop
   endfacet
   facet normal -0.1558 0.6251 -0.7648
      outer loop
         vertex -13.0957 4.8916 13.4672
         vertex -12.8520 4.9430 13.4672
         vertex -12.8321 4.8174 13.3814
      endloop
   endfacet
   facet normal -0.1106 0.2214 -0.9689
      outer loop
         vertex -13.0118 4.6214 13.3500
         vertex -13.5430 4.4033 13.3500
         vertex -13.6208 4.5381 13.3814
      endloop
   endfacet
   facet normal -0.0745 0.2501 -0.9654
      outer loop
         vertex -13.0580 4.7701 13.3814
         vertex -12.8078 4.6637 13.3500
         vertex -13.0118 4.6214 13.3500
      endloop
   endfacet
   facet normal -0.0841 0.3344 -0.9387
      outer loop
         vertex -12.8078 4.6637 13.3500
         vertex -13.0580 4.7701 13.3814
         vertex -12.8321 4.8174 13.3814
      endloop
   endfacet
   facet normal -0.1176 0.2870 -0.9507
      outer loop
         vertex -13.6208 4.5381 13.3814
         vertex -13.0580 4.7701 13.3814
         vertex -13.0118 4.6214 13.3500
      endloop
   endfacet
   facet normal -0.1434 0.5003 -0.8539
      outer loop
         vertex -12.8321 4.8174 13.3814
         vertex -13.0580 4.7701 13.3814
         vertex -13.0957 4.8916 13.4672
      endloop
   endfacet
   facet normal -0.0507 0.3198 -0.9461
      outer loop
         vertex -12.8321 4.8174 13.3814
         vertex -11.3800 5.0474 13.3814
         vertex -11.3573 4.8934 13.3500
      endloop
   endfacet
   facet normal -0.0408 0.2577 -0.9654
      outer loop
         vertex -12.8321 4.8174 13.3814
         vertex -11.3573 4.8934 13.3500
         vertex -12.8078 4.6637 13.3500
      endloop
   endfacet
   facet normal -0.0784 0.4953 -0.8652
      outer loop
         vertex -11.3800 5.0474 13.3814
         vertex -12.8321 4.8174 13.3814
         vertex -12.8520 4.9430 13.4672
      endloop
   endfacet
   facet normal -0.0955 0.6028 -0.7921
      outer loop
         vertex -11.3800 5.0474 13.3814
         vertex -12.8520 4.9430 13.4672
         vertex -11.3985 5.1732 13.4672
      endloop
   endfacet
   facet normal 0.4288 -0.9034 0.0000
      outer loop
         vertex -13.3190 4.2351 16.3500
         vertex -13.3190 4.2351 13.3500
         vertex -12.7971 4.4513 13.3500
      endloop
   endfacet
   facet normal 0.3633 -0.9317 0.0000
      outer loop
         vertex -13.3190 4.2351 16.3500
         vertex -12.7971 4.4513 13.3500
         vertex -12.7971 4.4513 16.3500
      endloop
   endfacet
   facet normal 0.1564 -0.9877 0.0000
      outer loop
         vertex -12.5755 4.4984 16.3500
         vertex -12.5755 4.4984 13.3500
         vertex -11.3511 4.6923 13.3500
      endloop
   endfacet
   facet normal 0.1564 -0.9877 0.0000
      outer loop
         vertex -12.5755 4.4984 16.3500
         vertex -11.3511 4.6923 13.3500
         vertex -11.3511 4.6923 16.3500
      endloop
   endfacet
   facet normal 0.2376 -0.9714 0.0000
      outer loop
         vertex -12.5755 4.4984 13.3500
         vertex -12.5755 4.4984 16.3500
         vertex -12.7971 4.4513 16.3500
      endloop
   endfacet
   facet normal 0.2672 -0.9637 0.0000
      outer loop
         vertex -12.5755 4.4984 13.3500
         vertex -12.7971 4.4513 16.3500
         vertex -12.7971 4.4513 13.3500
      endloop
   endfacet
   facet normal 0.5609 -0.8279 0.0000
      outer loop
         vertex -13.7086 3.9476 16.3500
         vertex -13.7086 3.9476 13.3500
         vertex -13.3190 4.2351 13.3500
      endloop
   endfacet
   facet normal 0.5268 -0.8500 0.0000
      outer loop
         vertex -13.7086 3.9476 16.3500
         vertex -13.3190 4.2351 13.3500
         vertex -13.3190 4.2351 16.3500
      endloop
   endfacet
   facet normal 0.0000 0.3238 0.9461
      outer loop
         vertex -7.6168 4.9700 16.3500
         vertex -7.4838 5.1257 16.3186
         vertex -10.5200 5.1257 16.3186
      endloop
   endfacet
   facet normal 0.0000 0.2609 0.9654
      outer loop
         vertex -7.6168 4.9700 16.3500
         vertex -10.5200 5.1257 16.3186
         vertex -10.5200 4.9700 16.3500
      endloop
   endfacet
   facet normal 0.0000 0.6103 0.7921
      outer loop
         vertex -7.4460 5.2528 16.2328
         vertex -10.5200 5.2528 16.2328
         vertex -7.4838 5.1257 16.3186
      endloop
   endfacet
   facet normal 0.0000 0.5578 0.8300
      outer loop
         vertex -7.4460 5.2528 16.2328
         vertex -7.4838 5.1257 16.3186
         vertex -7.4462 5.1697 16.2889
      endloop
   endfacet
   facet normal 0.0000 0.6103 0.7922
      outer loop
         vertex -7.4460 5.2528 16.2328
         vertex -7.4462 5.1697 16.2889
         vertex -7.4461 5.1699 16.2888
      endloop
   endfacet
   facet normal 0.0000 0.6103 0.7922
      outer loop
         vertex -7.4460 5.2528 16.2328
         vertex -7.4461 5.1699 16.2888
         vertex -7.4460 5.1700 16.2887
      endloop
   endfacet
   facet normal 0.0000 0.5015 0.8652
      outer loop
         vertex -7.4838 5.1257 16.3186
         vertex -10.5200 5.2528 16.2328
         vertex -10.5200 5.1257 16.3186
      endloop
   endfacet
   facet normal 0.3038 0.8451 -0.4399
      outer loop
         vertex -9.3991 5.3700 15.8877
         vertex -9.2500 5.1412 15.6294
         vertex -9.4364 5.1412 15.4864
      endloop
   endfacet
   facet normal 0.3644 0.8211 -0.4392
      outer loop
         vertex -9.3991 5.3700 15.8877
         vertex -9.4364 5.1412 15.4864
         vertex -9.6473 5.3700 15.6973
      endloop
   endfacet
   facet normal 0.2635 0.8187 -0.5101
      outer loop
         vertex -9.2500 5.1412 15.6294
         vertex -9.3991 5.3700 15.8877
         vertex -9.2487 5.3700 15.9500
      endloop
   endfacet
   facet normal 0.2146 0.8197 -0.5311
      outer loop
         vertex -9.2500 5.1412 15.6294
         vertex -9.2487 5.3700 15.9500
         vertex -9.1070 5.3608 15.9958
      endloop
   endfacet
   facet normal 0.1796 0.8451 -0.5035
      outer loop
         vertex -9.2500 5.1412 15.6294
         vertex -9.1070 5.3608 15.9958
         vertex -9.0329 5.1412 15.7193
      endloop
   endfacet
   facet normal 0.0432 0.8451 -0.5328
      outer loop
         vertex -8.8000 5.3543 16.0278
         vertex -8.8000 5.1412 15.7500
         vertex -9.0329 5.1412 15.7193
      endloop
   endfacet
   facet normal 0.0960 0.8211 -0.5626
      outer loop
         vertex -8.8000 5.3543 16.0278
         vertex -9.0329 5.1412 15.7193
         vertex -9.1070 5.3608 15.9958
      endloop
   endfacet
   facet normal -0.0594 0.5620 0.8250
      outer loop
         vertex -10.9591 5.2329 16.2330
         vertex -10.9591 5.2331 16.2328
         vertex -11.3800 5.0474 16.3186
      endloop
   endfacet
   facet normal -0.0483 0.4516 0.8909
      outer loop
         vertex -10.9591 5.2329 16.2330
         vertex -11.3800 5.0474 16.3186
         vertex -10.9476 5.1064 16.3186
      endloop
   endfacet
   facet normal -0.0403 0.3297 0.9432
      outer loop
         vertex -10.9476 5.1064 16.3186
         vertex -11.3800 5.0474 16.3186
         vertex -11.3573 4.8934 16.3500
      endloop
   endfacet
   facet normal -0.0260 0.2469 0.9687
      outer loop
         vertex -11.3573 4.8934 16.3500
         vertex -10.9336 4.9514 16.3500
         vertex -10.9476 5.1064 16.3186
      endloop
   endfacet
   facet normal -0.0770 0.6294 0.7733
      outer loop
         vertex -11.3800 5.0474 16.3186
         vertex -10.9591 5.2331 16.2328
         vertex -11.3985 5.1732 16.2328
      endloop
   endfacet
   facet normal -0.0868 0.7846 0.6139
      outer loop
         vertex -10.9668 5.3184 16.1057
         vertex -11.3985 5.1732 16.2328
         vertex -10.9591 5.2331 16.2328
      endloop
   endfacet
   facet normal -0.0634 0.7733 0.6309
      outer loop
         vertex -10.9668 5.3184 16.1057
         vertex -10.9591 5.2331 16.2328
         vertex -10.5200 5.2528 16.2328
      endloop
   endfacet
   facet normal -0.0550 0.8567 0.5130
      outer loop
         vertex -10.9668 5.3184 16.1057
         vertex -10.5200 5.2528 16.2328
         vertex -10.5200 5.3386 16.1057
      endloop
   endfacet
   facet normal -0.0497 0.6482 0.7599
      outer loop
         vertex -10.5200 5.2528 16.2328
         vertex -10.9591 5.2331 16.2328
         vertex -10.9591 5.2329 16.2330
      endloop
   endfacet
   facet normal -0.0392 0.5454 0.8373
      outer loop
         vertex -10.5200 5.2528 16.2328
         vertex -10.9591 5.2329 16.2330
         vertex -10.9476 5.1064 16.3186
      endloop
   endfacet
   facet normal -0.0280 0.4891 0.8718
      outer loop
         vertex -10.5200 5.2528 16.2328
         vertex -10.9476 5.1064 16.3186
         vertex -10.5200 5.1257 16.3186
      endloop
   endfacet
   facet normal -0.0229 0.3104 0.9503
      outer loop
         vertex -10.5200 5.1257 16.3186
         vertex -10.9476 5.1064 16.3186
         vertex -10.9336 4.9514 16.3500
      endloop
   endfacet
   facet normal -0.0148 0.2606 0.9653
      outer loop
         vertex -10.5200 5.1257 16.3186
         vertex -10.9336 4.9514 16.3500
         vertex -10.5200 4.9700 16.3500
      endloop
   endfacet
   facet normal -0.1362 0.2054 0.9692
      outer loop
         vertex -13.9862 4.0632 16.3500
         vertex -13.5430 4.4033 16.3500
         vertex -13.6208 4.5381 16.3186
      endloop
   endfacet
   facet normal -0.1945 0.2395 0.9512
      outer loop
         vertex -13.9862 4.0632 16.3500
         vertex -13.6208 4.5381 16.3186
         vertex -14.0963 4.1733 16.3186
      endloop
   endfacet
   facet normal -0.1558 0.6251 0.7648
      outer loop
         vertex -13.0957 4.8916 16.2328
         vertex -12.8321 4.8174 16.3186
         vertex -12.8520 4.9430 16.2328
      endloop
   endfacet
   facet normal -0.1106 0.2214 0.9689
      outer loop
         vertex -13.0118 4.6214 16.3500
         vertex -13.6208 4.5381 16.3186
         vertex -13.5430 4.4033 16.3500
      endloop
   endfacet
   facet normal -0.0841 0.3344 0.9387
      outer loop
         vertex -13.0580 4.7701 16.3186
         vertex -12.8078 4.6637 16.3500
         vertex -12.8321 4.8174 16.3186
      endloop
   endfacet
   facet normal -0.0745 0.2501 0.9654
      outer loop
         vertex -12.8078 4.6637 16.3500
         vertex -13.0580 4.7701 16.3186
         vertex -13.0118 4.6214 16.3500
      endloop
   endfacet
   facet normal -0.1176 0.2870 0.9507
      outer loop
         vertex -13.6208 4.5381 16.3186
         vertex -13.0118 4.6214 16.3500
         vertex -13.0580 4.7701 16.3186
      endloop
   endfacet
   facet normal -0.1434 0.5003 0.8539
      outer loop
         vertex -12.8321 4.8174 16.3186
         vertex -13.0957 4.8916 16.2328
         vertex -13.0580 4.7701 16.3186
      endloop
   endfacet
   facet normal -0.0507 0.3198 0.9461
      outer loop
         vertex -11.3800 5.0474 16.3186
         vertex -12.8321 4.8174 16.3186
         vertex -12.8078 4.6637 16.3500
      endloop
   endfacet
   facet normal -0.0408 0.2577 0.9654
      outer loop
         vertex -11.3800 5.0474 16.3186
         vertex -12.8078 4.6637 16.3500
         vertex -11.3573 4.8934 16.3500
      endloop
   endfacet
   facet normal -0.0784 0.4953 0.8652
      outer loop
         vertex -12.8321 4.8174 16.3186
         vertex -11.3800 5.0474 16.3186
         vertex -11.3985 5.1732 16.2328
      endloop
   endfacet
   facet normal -0.0955 0.6028 0.7921
      outer loop
         vertex -12.8321 4.8174 16.3186
         vertex -11.3985 5.1732 16.2328
         vertex -12.8520 4.9430 16.2328
      endloop
   endfacet
   facet normal 0.0000 1.0000 0.0000
      outer loop
         vertex -10.5200 5.3700 9.9500
         vertex -9.2487 5.3700 9.9500
         vertex -9.3991 5.3700 9.8877
      endloop
   endfacet
   facet normal 0.0000 1.0000 0.0000
      outer loop
         vertex -10.5200 5.3700 9.9500
         vertex -9.3991 5.3700 9.8877
         vertex -9.6473 5.3700 9.6973
      endloop
   endfacet
   facet normal 0.0000 1.0000 0.0000
      outer loop
         vertex -10.5200 5.3700 9.9500
         vertex -9.6473 5.3700 9.6973
         vertex -9.8377 5.3700 9.4491
      endloop
   endfacet
   facet normal 0.0000 1.0000 0.0000
      outer loop
         vertex -10.5200 5.3700 9.9500
         vertex -9.8377 5.3700 9.4491
         vertex -9.9574 5.3700 9.1601
      endloop
   endfacet
   facet normal 0.0000 1.0000 0.0000
      outer loop
         vertex -10.5200 5.3700 9.9500
         vertex -9.9574 5.3700 9.1601
         vertex -9.9982 5.3700 8.8500
      endloop
   endfacet
   facet normal 0.0000 1.0000 0.0000
      outer loop
         vertex -10.5200 5.3700 9.9500
         vertex -9.9982 5.3700 8.8500
         vertex -9.9574 5.3700 8.5399
      endloop
   endfacet
   facet normal 0.0000 1.0000 0.0000
      outer loop
         vertex -10.5200 5.3700 9.9500
         vertex -9.9574 5.3700 8.5399
         vertex -10.5200 5.3700 7.7500
      endloop
   endfacet
   facet normal 0.0000 1.0000 0.0000
      outer loop
         vertex -10.5200 5.3700 7.7500
         vertex -9.9574 5.3700 8.5399
         vertex -9.8377 5.3700 8.2509
      endloop
   endfacet
   facet normal 0.0000 1.0000 0.0000
      outer loop
         vertex -10.5200 5.3700 7.7500
         vertex -9.8377 5.3700 8.2509
         vertex -9.6473 5.3700 8.0027
      endloop
   endfacet
   facet normal 0.0000 1.0000 0.0000
      outer loop
         vertex -10.5200 5.3700 7.7500
         vertex -9.6473 5.3700 8.0027
         vertex -9.3991 5.3700 7.8123
      endloop
   endfacet
   facet normal 0.0000 1.0000 0.0000
      outer loop
         vertex -10.5200 5.3700 7.7500
         vertex -9.3991 5.3700 7.8123
         vertex -9.2487 5.3700 7.7500
      endloop
   endfacet
   facet normal 0.5683 0.8211 -0.0529
      outer loop
         vertex -9.7000 5.1412 8.8500
         vertex -9.9982 5.3700 8.8500
         vertex -9.9574 5.3700 9.1601
      endloop
   endfacet
   facet normal 0.5259 0.8451 -0.0962
      outer loop
         vertex -9.7000 5.1412 8.8500
         vertex -9.9574 5.3700 9.1601
         vertex -9.6693 5.1412 9.0829
      endloop
   endfacet
   facet normal 0.4175 0.9076 -0.0435
      outer loop
         vertex -9.2659 4.9613 8.8500
         vertex -9.7000 5.1412 8.8500
         vertex -9.6693 5.1412 9.0829
      endloop
   endfacet
   facet normal 0.3332 0.9405 -0.0660
      outer loop
         vertex -9.2659 4.9613 8.8500
         vertex -9.6693 5.1412 9.0829
         vertex -9.2500 4.9613 8.9706
      endloop
   endfacet
   facet normal 0.5035 0.8451 -0.1796
      outer loop
         vertex -9.5794 5.1412 9.3000
         vertex -9.6693 5.1412 9.0829
         vertex -9.9574 5.3700 9.1601
      endloop
   endfacet
   facet normal 0.5186 0.8211 -0.2383
      outer loop
         vertex -9.5794 5.1412 9.3000
         vertex -9.9574 5.3700 9.1601
         vertex -9.8377 5.3700 9.4491
      endloop
   endfacet
   facet normal 0.3216 0.9405 -0.1095
      outer loop
         vertex -9.2035 4.9613 9.0829
         vertex -9.2500 4.9613 8.9706
         vertex -9.6693 5.1412 9.0829
      endloop
   endfacet
   facet normal 0.3833 0.9076 -0.1711
      outer loop
         vertex -9.2035 4.9613 9.0829
         vertex -9.6693 5.1412 9.0829
         vertex -9.5794 5.1412 9.3000
      endloop
   endfacet
   facet normal 0.4399 0.8451 -0.3038
      outer loop
         vertex -9.4364 5.1412 9.4864
         vertex -9.5794 5.1412 9.3000
         vertex -9.8377 5.3700 9.4491
      endloop
   endfacet
   facet normal 0.4392 0.8211 -0.3644
      outer loop
         vertex -9.4364 5.1412 9.4864
         vertex -9.8377 5.3700 9.4491
         vertex -9.6473 5.3700 9.6973
      endloop
   endfacet
   facet normal 0.0000 0.3238 0.9461
      outer loop
         vertex -7.6168 4.9700 10.3500
         vertex -7.4838 5.1257 10.3186
         vertex -10.5200 5.1257 10.3186
      endloop
   endfacet
   facet normal 0.0000 0.2609 0.9654
      outer loop
         vertex -7.6168 4.9700 10.3500
         vertex -10.5200 5.1257 10.3186
         vertex -10.5200 4.9700 10.3500
      endloop
   endfacet
   facet normal 0.0000 0.9654 0.2609
      outer loop
         vertex -7.4460 5.3700 9.9500
         vertex -8.4930 5.3608 9.9958
         vertex -7.4460 5.3386 10.1057
      endloop
   endfacet
   facet normal 0.0000 0.9654 0.2609
      outer loop
         vertex -7.4460 5.3386 10.1057
         vertex -8.4930 5.3608 9.9958
         vertex -8.8000 5.3543 10.0278
      endloop
   endfacet
   facet normal 0.0000 0.9461 0.3238
      outer loop
         vertex -7.4460 5.3386 10.1057
         vertex -8.8000 5.3543 10.0278
         vertex -10.5200 5.3386 10.1057
      endloop
   endfacet
   facet normal 0.0000 0.9654 0.2609
      outer loop
         vertex -10.5200 5.3386 10.1057
         vertex -8.8000 5.3543 10.0278
         vertex -9.1070 5.3608 9.9958
      endloop
   endfacet
   facet normal 0.0000 0.9654 0.2609
      outer loop
         vertex -10.5200 5.3386 10.1057
         vertex -9.1070 5.3608 9.9958
         vertex -9.2487 5.3700 9.9500
      endloop
   endfacet
   facet normal 0.0000 0.9654 0.2609
      outer loop
         vertex -10.5200 5.3386 10.1057
         vertex -9.2487 5.3700 9.9500
         vertex -10.5200 5.3700 9.9500
      endloop
   endfacet
   facet normal 0.0000 0.9802 0.1979
      outer loop
         vertex -8.4930 5.3608 9.9958
         vertex -7.4460 5.3700 9.9500
         vertex -8.3513 5.3700 9.9500
      endloop
   endfacet
   facet normal 0.0000 0.5578 0.8300
      outer loop
         vertex -7.4838 5.1257 10.3186
         vertex -7.4460 5.1700 10.2887
         vertex -7.4460 5.2528 10.2328
      endloop
   endfacet
   facet normal 0.0000 0.6103 0.7921
      outer loop
         vertex -7.4838 5.1257 10.3186
         vertex -7.4460 5.2528 10.2328
         vertex -10.5200 5.2528 10.2328
      endloop
   endfacet
   facet normal 0.0000 0.5015 0.8652
      outer loop
         vertex -7.4838 5.1257 10.3186
         vertex -10.5200 5.2528 10.2328
         vertex -10.5200 5.1257 10.3186
      endloop
   endfacet
   facet normal 0.0000 0.8652 0.5015
      outer loop
         vertex -7.4460 5.3386 10.1057
         vertex -10.5200 5.3386 10.1057
         vertex -10.5200 5.2528 10.2328
      endloop
   endfacet
   facet normal 0.0000 0.7921 0.6103
      outer loop
         vertex -7.4460 5.3386 10.1057
         vertex -10.5200 5.2528 10.2328
         vertex -7.4460 5.2528 10.2328
      endloop
   endfacet
   facet normal 0.3644 0.8211 -0.4392
      outer loop
         vertex -9.4364 5.1412 9.4864
         vertex -9.6473 5.3700 9.6973
         vertex -9.3991 5.3700 9.8877
      endloop
   endfacet
   facet normal 0.3038 0.8451 -0.4399
      outer loop
         vertex -9.4364 5.1412 9.4864
         vertex -9.3991 5.3700 9.8877
         vertex -9.2500 5.1412 9.6294
      endloop
   endfacet
   facet normal 0.2635 0.8187 -0.5101
      outer loop
         vertex -9.2500 5.1412 9.6294
         vertex -9.3991 5.3700 9.8877
         vertex -9.2487 5.3700 9.9500
      endloop
   endfacet
   facet normal 0.2146 0.8197 -0.5311
      outer loop
         vertex -9.2500 5.1412 9.6294
         vertex -9.2487 5.3700 9.9500
         vertex -9.1070 5.3608 9.9958
      endloop
   endfacet
   facet normal 0.1796 0.8451 -0.5035
      outer loop
         vertex -9.2500 5.1412 9.6294
         vertex -9.1070 5.3608 9.9958
         vertex -9.0329 5.1412 9.7193
      endloop
   endfacet
   facet normal 0.0960 0.8211 -0.5626
      outer loop
         vertex -9.0329 5.1412 9.7193
         vertex -9.1070 5.3608 9.9958
         vertex -8.8000 5.3543 10.0278
      endloop
   endfacet
   facet normal 0.0432 0.8451 -0.5328
      outer loop
         vertex -9.0329 5.1412 9.7193
         vertex -8.8000 5.3543 10.0278
         vertex -8.8000 5.1412 9.7500
      endloop
   endfacet
   facet normal -0.0529 0.8211 -0.5683
      outer loop
         vertex -8.8000 5.1412 9.7500
         vertex -8.8000 5.3543 10.0278
         vertex -8.4930 5.3608 9.9958
      endloop
   endfacet
   facet normal -0.0962 0.8451 -0.5259
      outer loop
         vertex -8.8000 5.1412 9.7500
         vertex -8.4930 5.3608 9.9958
         vertex -8.5671 5.1412 9.7193
      endloop
   endfacet
   facet normal -0.2412 -0.9705 0.0000
      outer loop
         vertex -10.7870 4.7400 10.3500
         vertex -10.7870 4.7400 7.3500
         vertex -10.5370 4.6730 7.3500
      endloop
   endfacet
   facet normal -0.3745 -0.9272 0.0000
      outer loop
         vertex -10.7870 4.7400 10.3500
         vertex -10.5370 4.6730 7.3500
         vertex -10.5370 4.6730 10.3500
      endloop
   endfacet
   facet normal -0.1198 0.9928 0.0000
      outer loop
         vertex -11.4156 5.2891 7.7500
         vertex -11.4156 5.2891 9.9500
         vertex -10.9696 5.3497 9.9500
      endloop
   endfacet
   facet normal -0.1049 0.9945 0.0000
      outer loop
         vertex -11.4156 5.2891 7.7500
         vertex -10.9696 5.3497 9.9500
         vertex -10.9696 5.3497 7.7500
      endloop
   endfacet
   facet normal -0.0600 0.9982 0.0000
      outer loop
         vertex -10.5200 5.3700 9.9500
         vertex -10.5200 5.3700 7.7500
         vertex -10.9696 5.3497 7.7500
      endloop
   endfacet
   facet normal -0.0750 0.9972 0.0000
      outer loop
         vertex -10.5200 5.3700 9.9500
         vertex -10.9696 5.3497 7.7500
         vertex -10.9696 5.3497 9.9500
      endloop
   endfacet
   facet normal -0.1075 0.8733 0.4753
      outer loop
         vertex -10.9668 5.3184 10.1057
         vertex -11.4110 5.2580 10.1057
         vertex -11.3985 5.1732 10.2328
      endloop
   endfacet
   facet normal -0.0540 0.4951 0.8671
      outer loop
         vertex -10.9591 5.2331 10.2328
         vertex -11.3800 5.0474 10.3186
         vertex -10.9476 5.1064 10.3186
      endloop
   endfacet
   facet normal -0.0260 0.2469 0.9687
      outer loop
         vertex -11.3573 4.8934 10.3500
         vertex -10.9336 4.9514 10.3500
         vertex -10.9476 5.1064 10.3186
      endloop
   endfacet
   facet normal -0.1070 0.9429 0.3155
      outer loop
         vertex -10.9696 5.3497 9.9500
         vertex -11.4110 5.2580 10.1057
         vertex -10.9668 5.3184 10.1057
      endloop
   endfacet
   facet normal -0.1210 0.9632 0.2399
      outer loop
         vertex -11.4110 5.2580 10.1057
         vertex -10.9696 5.3497 9.9500
         vertex -11.4156 5.2891 9.9500
      endloop
   endfacet
   facet normal -0.0403 0.3297 0.9432
      outer loop
         vertex -10.9476 5.1064 10.3186
         vertex -11.3800 5.0474 10.3186
         vertex -11.3573 4.8934 10.3500
      endloop
   endfacet
   facet normal -0.0770 0.6294 0.7733
      outer loop
         vertex -11.3800 5.0474 10.3186
         vertex -10.9591 5.2331 10.2328
         vertex -11.3985 5.1732 10.2328
      endloop
   endfacet
   facet normal -0.0868 0.7846 0.6139
      outer loop
         vertex -11.3985 5.1732 10.2328
         vertex -10.9591 5.2331 10.2328
         vertex -10.9668 5.3184 10.1057
      endloop
   endfacet
   facet normal -0.0791 0.9586 0.2736
      outer loop
         vertex -10.5200 5.3700 9.9500
         vertex -10.9696 5.3497 9.9500
         vertex -10.9668 5.3184 10.1057
      endloop
   endfacet
   facet normal -0.0585 0.9399 0.3363
      outer loop
         vertex -10.5200 5.3700 9.9500
         vertex -10.9668 5.3184 10.1057
         vertex -10.5200 5.3386 10.1057
      endloop
   endfacet
   facet normal -0.0229 0.3104 0.9503
      outer loop
         vertex -10.5200 5.1257 10.3186
         vertex -10.9476 5.1064 10.3186
         vertex -10.9336 4.9514 10.3500
      endloop
   endfacet
   facet normal -0.0148 0.2606 0.9653
      outer loop
         vertex -10.5200 5.1257 10.3186
         vertex -10.9336 4.9514 10.3500
         vertex -10.5200 4.9700 10.3500
      endloop
   endfacet
   facet normal -0.0396 0.4770 0.8780
      outer loop
         vertex -10.9591 5.2331 10.2328
         vertex -10.9476 5.1064 10.3186
         vertex -10.5200 5.1257 10.3186
      endloop
   endfacet
   facet normal -0.0391 0.5987 0.8000
      outer loop
         vertex -10.9591 5.2331 10.2328
         vertex -10.5200 5.1257 10.3186
         vertex -10.5200 5.2528 10.2328
      endloop
   endfacet
   facet normal -0.0669 0.8491 0.5240
      outer loop
         vertex -10.5200 5.3386 10.1057
         vertex -10.9668 5.3184 10.1057
         vertex -10.9591 5.2331 10.2328
      endloop
   endfacet
   facet normal -0.0474 0.7827 0.6206
      outer loop
         vertex -10.5200 5.3386 10.1057
         vertex -10.9591 5.2331 10.2328
         vertex -10.5200 5.2528 10.2328
      endloop
   endfacet
   facet normal -0.0565 -0.9984 0.0000
      outer loop
         vertex -10.7870 4.7400 7.3500
         vertex -10.7870 4.7400 10.3500
         vertex -10.8325 4.7379 10.3500
      endloop
   endfacet
   facet normal -0.0052 -1.0000 0.0000
      outer loop
         vertex -10.7870 4.7400 7.3500
         vertex -10.8325 4.7379 10.3500
         vertex -10.8325 4.7379 7.3500
      endloop
   endfacet
   facet normal 0.0523 -0.9986 0.0000
      outer loop
         vertex -10.8325 4.7379 7.3500
         vertex -10.8325 4.7379 10.3500
         vertex -10.9237 4.7331 10.3500
      endloop
   endfacet
   facet normal 0.0523 -0.9986 0.0000
      outer loop
         vertex -10.8325 4.7379 7.3500
         vertex -10.9237 4.7331 10.3500
         vertex -10.9237 4.7331 7.3500
      endloop
   endfacet
   facet normal 0.0809 -0.9967 0.0000
      outer loop
         vertex -10.9237 4.7331 7.3500
         vertex -10.9237 4.7331 10.3500
         vertex -11.1379 4.7173 10.3500
      endloop
   endfacet
   facet normal 0.0880 -0.9961 0.0000
      outer loop
         vertex -10.9237 4.7331 7.3500
         vertex -11.1379 4.7173 10.3500
         vertex -11.1379 4.7173 7.3500
      endloop
   endfacet
   facet normal 0.1023 -0.9948 0.0000
      outer loop
         vertex -11.3511 4.6923 7.3500
         vertex -11.1379 4.7173 7.3500
         vertex -11.1379 4.7173 10.3500
      endloop
   endfacet
   facet normal 0.1094 -0.9940 0.0000
      outer loop
         vertex -11.3511 4.6923 7.3500
         vertex -11.1379 4.7173 10.3500
         vertex -11.3511 4.6923 10.3500
      endloop
   endfacet
   facet normal 0.7045 -0.7097 0.0000
      outer loop
         vertex -13.7086 3.9476 7.3500
         vertex -13.7086 3.9476 10.3500
         vertex -13.7709 3.8889 10.3500
      endloop
   endfacet
   facet normal 0.7233 -0.6905 0.0000
      outer loop
         vertex -13.7086 3.9476 7.3500
         vertex -13.7709 3.8889 10.3500
         vertex -13.7709 3.8889 7.3500
      endloop
   endfacet
   facet normal -0.1362 0.2054 0.9692
      outer loop
         vertex -13.9862 4.0632 10.3500
         vertex -13.5430 4.4033 10.3500
         vertex -13.6208 4.5381 10.3186
      endloop
   endfacet
   facet normal -0.1945 0.2395 0.9512
      outer loop
         vertex -13.9862 4.0632 10.3500
         vertex -13.6208 4.5381 10.3186
         vertex -14.0963 4.1733 10.3186
      endloop
   endfacet
   facet normal -0.1558 0.6251 0.7648
      outer loop
         vertex -13.0957 4.8916 10.2328
         vertex -12.8321 4.8174 10.3186
         vertex -12.8520 4.9430 10.2328
      endloop
   endfacet
   facet normal -0.1106 0.2214 0.9689
      outer loop
         vertex -13.5430 4.4033 10.3500
         vertex -13.0118 4.6214 10.3500
         vertex -13.6208 4.5381 10.3186
      endloop
   endfacet
   facet normal -0.0745 0.2501 0.9654
      outer loop
         vertex -12.8078 4.6637 10.3500
         vertex -13.0580 4.7701 10.3186
         vertex -13.0118 4.6214 10.3500
      endloop
   endfacet
   facet normal -0.0841 0.3344 0.9387
      outer loop
         vertex -13.0580 4.7701 10.3186
         vertex -12.8078 4.6637 10.3500
         vertex -12.8321 4.8174 10.3186
      endloop
   endfacet
   facet normal -0.1176 0.2870 0.9507
      outer loop
         vertex -13.0118 4.6214 10.3500
         vertex -13.0580 4.7701 10.3186
         vertex -13.6208 4.5381 10.3186
      endloop
   endfacet
   facet normal -0.1434 0.5003 0.8539
      outer loop
         vertex -12.8321 4.8174 10.3186
         vertex -13.0957 4.8916 10.2328
         vertex -13.0580 4.7701 10.3186
      endloop
   endfacet
   facet normal -0.0507 0.3198 0.9461
      outer loop
         vertex -11.3800 5.0474 10.3186
         vertex -12.8321 4.8174 10.3186
         vertex -12.8078 4.6637 10.3500
      endloop
   endfacet
   facet normal -0.0408 0.2577 0.9654
      outer loop
         vertex -11.3800 5.0474 10.3186
         vertex -12.8078 4.6637 10.3500
         vertex -11.3573 4.8934 10.3500
      endloop
   endfacet
   facet normal -0.0784 0.4953 0.8652
      outer loop
         vertex -12.8321 4.8174 10.3186
         vertex -11.3800 5.0474 10.3186
         vertex -11.3985 5.1732 10.2328
      endloop
   endfacet
   facet normal -0.0955 0.6028 0.7921
      outer loop
         vertex -12.8321 4.8174 10.3186
         vertex -11.3985 5.1732 10.2328
         vertex -12.8520 4.9430 10.2328
      endloop
   endfacet
   facet normal 0.3633 -0.9317 0.0000
      outer loop
         vertex -12.7971 4.4513 7.3500
         vertex -12.7971 4.4513 10.3500
         vertex -13.3190 4.2351 10.3500
      endloop
   endfacet
   facet normal 0.4288 -0.9034 0.0000
      outer loop
         vertex -12.7971 4.4513 7.3500
         vertex -13.3190 4.2351 10.3500
         vertex -13.3190 4.2351 7.3500
      endloop
   endfacet
   facet normal 0.1564 -0.9877 0.0000
      outer loop
         vertex -12.5755 4.4984 10.3500
         vertex -12.5755 4.4984 7.3500
         vertex -11.3511 4.6923 7.3500
      endloop
   endfacet
   facet normal 0.1564 -0.9877 0.0000
      outer loop
         vertex -12.5755 4.4984 10.3500
         vertex -11.3511 4.6923 7.3500
         vertex -11.3511 4.6923 10.3500
      endloop
   endfacet
   facet normal 0.2376 -0.9714 0.0000
      outer loop
         vertex -12.5755 4.4984 7.3500
         vertex -12.5755 4.4984 10.3500
         vertex -12.7971 4.4513 10.3500
      endloop
   endfacet
   facet normal 0.2672 -0.9637 0.0000
      outer loop
         vertex -12.5755 4.4984 7.3500
         vertex -12.7971 4.4513 10.3500
         vertex -12.7971 4.4513 7.3500
      endloop
   endfacet
   facet normal 0.5268 -0.8500 0.0000
      outer loop
         vertex -13.7086 3.9476 7.3500
         vertex -13.3190 4.2351 7.3500
         vertex -13.3190 4.2351 10.3500
      endloop
   endfacet
   facet normal 0.5609 -0.8279 0.0000
      outer loop
         vertex -13.7086 3.9476 7.3500
         vertex -13.3190 4.2351 10.3500
         vertex -13.7086 3.9476 10.3500
      endloop
   endfacet
   facet normal -0.0311 0.1358 0.9902
      outer loop
         vertex -11.9160 5.0961 17.7000
         vertex -12.9174 5.0354 17.6921
         vertex -12.8996 4.9689 17.7000
      endloop
   endfacet
   facet normal -0.0327 0.1868 0.9819
      outer loop
         vertex -11.9219 5.1647 17.6921
         vertex -12.9174 5.0354 17.6921
         vertex -11.9160 5.0961 17.7000
      endloop
   endfacet
   facet normal -0.1006 0.5677 0.8171
      outer loop
         vertex -11.9322 5.2831 17.6341
         vertex -12.9482 5.1502 17.6341
         vertex -11.9274 5.2276 17.6695
      endloop
   endfacet
   facet normal -0.1290 0.7293 0.6720
      outer loop
         vertex -11.9363 5.3293 17.5876
         vertex -12.9602 5.1950 17.5876
         vertex -11.9322 5.2831 17.6341
      endloop
   endfacet
   facet normal -0.1513 0.8563 0.4939
      outer loop
         vertex -12.9694 5.2292 17.5319
         vertex -11.9363 5.3293 17.5876
         vertex -11.9394 5.3646 17.5319
      endloop
   endfacet
   facet normal -0.1664 0.9431 0.2879
      outer loop
         vertex -11.9413 5.3871 17.4688
         vertex -12.9752 5.2510 17.4688
         vertex -11.9394 5.3646 17.5319
      endloop
   endfacet
   facet normal -0.2123 0.9585 0.1901
      outer loop
         vertex -12.9752 5.2510 17.4688
         vertex -11.9413 5.3871 17.4688
         vertex -12.9773 5.2587 17.4000
      endloop
   endfacet
   facet normal -0.1719 0.9752 0.1397
      outer loop
         vertex -12.9773 5.2587 17.4000
         vertex -11.9413 5.3871 17.4688
         vertex -11.9420 5.3950 17.4000
      endloop
   endfacet
   facet normal -0.1999 0.9018 0.3832
      outer loop
         vertex -11.9394 5.3646 17.5319
         vertex -12.9752 5.2510 17.4688
         vertex -12.9694 5.2292 17.5319
      endloop
   endfacet
   facet normal -0.1769 0.7969 0.5776
      outer loop
         vertex -11.9363 5.3293 17.5876
         vertex -12.9694 5.2292 17.5319
         vertex -12.9602 5.1950 17.5876
      endloop
   endfacet
   facet normal -0.0670 0.3763 0.9241
      outer loop
         vertex -12.9338 5.0964 17.6695
         vertex -11.9219 5.1647 17.6921
         vertex -11.9274 5.2276 17.6695
      endloop
   endfacet
   facet normal -0.1455 0.6549 0.7415
      outer loop
         vertex -12.9482 5.1502 17.6341
         vertex -11.9322 5.2831 17.6341
         vertex -12.9602 5.1950 17.5876
      endloop
   endfacet
   facet normal -0.1072 0.4810 0.8702
      outer loop
         vertex -11.9274 5.2276 17.6695
         vertex -12.9482 5.1502 17.6341
         vertex -12.9338 5.0964 17.6695
      endloop
   endfacet
   facet normal -0.0209 0.9882 0.1520
      outer loop
         vertex -10.0999 5.4421 17.4688
         vertex -10.1000 5.4500 17.4000
         vertex -11.0214 5.4345 17.4000
      endloop
   endfacet
   facet normal -0.0251 0.9815 0.1896
      outer loop
         vertex -10.0999 5.4421 17.4688
         vertex -11.0214 5.4345 17.4000
         vertex -11.0211 5.4266 17.4688
      endloop
   endfacet
   facet normal 0.0000 0.9654 0.2609
      outer loop
         vertex -7.4460 5.3700 15.9500
         vertex -8.4930 5.3608 15.9958
         vertex -7.4460 5.3386 16.1057
      endloop
   endfacet
   facet normal 0.0000 0.9654 0.2609
      outer loop
         vertex -7.4460 5.3386 16.1057
         vertex -8.4930 5.3608 15.9958
         vertex -8.8000 5.3543 16.0278
      endloop
   endfacet
   facet normal 0.0000 0.9461 0.3238
      outer loop
         vertex -7.4460 5.3386 16.1057
         vertex -8.8000 5.3543 16.0278
         vertex -10.5200 5.3386 16.1057
      endloop
   endfacet
   facet normal 0.0000 0.9654 0.2609
      outer loop
         vertex -10.5200 5.3386 16.1057
         vertex -8.8000 5.3543 16.0278
         vertex -9.1070 5.3608 15.9958
      endloop
   endfacet
   facet normal 0.0000 0.9654 0.2609
      outer loop
         vertex -10.5200 5.3386 16.1057
         vertex -9.1070 5.3608 15.9958
         vertex -9.2487 5.3700 15.9500
      endloop
   endfacet
   facet normal 0.0000 0.9654 0.2609
      outer loop
         vertex -10.5200 5.3386 16.1057
         vertex -9.2487 5.3700 15.9500
         vertex -10.5200 5.3700 15.9500
      endloop
   endfacet
   facet normal 0.0000 0.9802 0.1979
      outer loop
         vertex -8.4930 5.3608 15.9958
         vertex -7.4460 5.3700 15.9500
         vertex -8.3513 5.3700 15.9500
      endloop
   endfacet
   facet normal 0.0000 0.8652 0.5015
      outer loop
         vertex -7.4460 5.3386 16.1057
         vertex -10.5200 5.3386 16.1057
         vertex -10.5200 5.2528 16.2328
      endloop
   endfacet
   facet normal 0.0000 0.7921 0.6103
      outer loop
         vertex -7.4460 5.3386 16.1057
         vertex -10.5200 5.2528 16.2328
         vertex -7.4460 5.2528 16.2328
      endloop
   endfacet
   facet normal -0.1075 0.8733 0.4753
      outer loop
         vertex -11.3985 5.1732 16.2328
         vertex -10.9668 5.3184 16.1057
         vertex -11.4110 5.2580 16.1057
      endloop
   endfacet
   facet normal -0.1210 0.9632 0.2399
      outer loop
         vertex -11.4110 5.2580 16.1057
         vertex -10.9696 5.3497 15.9500
         vertex -11.4156 5.2891 15.9500
      endloop
   endfacet
   facet normal -0.1070 0.9429 0.3155
      outer loop
         vertex -10.9696 5.3497 15.9500
         vertex -11.4110 5.2580 16.1057
         vertex -10.9668 5.3184 16.1057
      endloop
   endfacet
   facet normal -0.0791 0.9586 0.2736
      outer loop
         vertex -10.5200 5.3700 15.9500
         vertex -10.9696 5.3497 15.9500
         vertex -10.9668 5.3184 16.1057
      endloop
   endfacet
   facet normal -0.0585 0.9399 0.3363
      outer loop
         vertex -10.5200 5.3700 15.9500
         vertex -10.9668 5.3184 16.1057
         vertex -10.5200 5.3386 16.1057
      endloop
   endfacet
   facet normal -0.0056 0.1394 0.9902
      outer loop
         vertex -11.0124 5.1347 17.7000
         vertex -11.9219 5.1647 17.6921
         vertex -11.9160 5.0961 17.7000
      endloop
   endfacet
   facet normal -0.0047 0.1595 0.9872
      outer loop
         vertex -11.0145 5.2034 17.6921
         vertex -11.0124 5.1347 17.7000
         vertex -10.0975 5.1500 17.7000
      endloop
   endfacet
   facet normal -0.0049 0.2095 0.9778
      outer loop
         vertex -11.0145 5.2034 17.6921
         vertex -10.0975 5.1500 17.7000
         vertex -10.0981 5.2188 17.6921
      endloop
   endfacet
   facet normal -0.0068 0.1845 0.9828
      outer loop
         vertex -11.0145 5.2034 17.6921
         vertex -11.9219 5.1647 17.6921
         vertex -11.0124 5.1347 17.7000
      endloop
   endfacet
   facet normal -0.0189 0.4825 0.8757
      outer loop
         vertex -11.9322 5.2831 17.6341
         vertex -11.9274 5.2276 17.6695
         vertex -11.0163 5.2666 17.6695
      endloop
   endfacet
   facet normal -0.0113 0.2827 0.9592
      outer loop
         vertex -11.0145 5.2034 17.6921
         vertex -11.9274 5.2276 17.6695
         vertex -11.9219 5.1647 17.6921
      endloop
   endfacet
   facet normal -0.0131 0.3660 0.9305
      outer loop
         vertex -11.0163 5.2666 17.6695
         vertex -11.9274 5.2276 17.6695
         vertex -11.0145 5.2034 17.6921
      endloop
   endfacet
   facet normal -0.0204 0.9575 0.2876
      outer loop
         vertex -10.0999 5.4421 17.4688
         vertex -11.0211 5.4266 17.4688
         vertex -10.0997 5.4195 17.5319
      endloop
   endfacet
   facet normal -0.0339 0.9878 0.1520
      outer loop
         vertex -11.0214 5.4345 17.4000
         vertex -11.9420 5.3950 17.4000
         vertex -11.0211 5.4266 17.4688
      endloop
   endfacet
   facet normal -0.0187 0.8756 0.4827
      outer loop
         vertex -10.0997 5.4195 17.5319
         vertex -11.0204 5.4041 17.5319
         vertex -10.0994 5.3841 17.5876
      endloop
   endfacet
   facet normal -0.0240 0.9330 0.3590
      outer loop
         vertex -10.0997 5.4195 17.5319
         vertex -11.0211 5.4266 17.4688
         vertex -11.0204 5.4041 17.5319
      endloop
   endfacet
   facet normal -0.0327 0.9497 0.3116
      outer loop
         vertex -11.0211 5.4266 17.4688
         vertex -11.9413 5.3871 17.4688
         vertex -11.0204 5.4041 17.5319
      endloop
   endfacet
   facet normal -0.0378 0.9787 0.2020
      outer loop
         vertex -11.9413 5.3871 17.4688
         vertex -11.0211 5.4266 17.4688
         vertex -11.9420 5.3950 17.4000
      endloop
   endfacet
   facet normal -0.0161 0.7488 0.6627
      outer loop
         vertex -10.0994 5.3841 17.5876
         vertex -11.0194 5.3687 17.5876
         vertex -10.0991 5.3376 17.6341
      endloop
   endfacet
   facet normal -0.0214 0.8306 0.5564
      outer loop
         vertex -10.0994 5.3841 17.5876
         vertex -11.0204 5.4041 17.5319
         vertex -11.0194 5.3687 17.5876
      endloop
   endfacet
   facet normal -0.0296 0.8568 0.5147
      outer loop
         vertex -11.0204 5.4041 17.5319
         vertex -11.9394 5.3646 17.5319
         vertex -11.0194 5.3687 17.5876
      endloop
   endfacet
   facet normal -0.0356 0.9185 0.3937
      outer loop
         vertex -11.9413 5.3871 17.4688
         vertex -11.9394 5.3646 17.5319
         vertex -11.0204 5.4041 17.5319
      endloop
   endfacet
   facet normal -0.0127 0.5865 0.8098
      outer loop
         vertex -10.0991 5.3376 17.6341
         vertex -11.0180 5.3222 17.6341
         vertex -10.0986 5.2819 17.6695
      endloop
   endfacet
   facet normal -0.0179 0.6894 0.7241
      outer loop
         vertex -10.0991 5.3376 17.6341
         vertex -11.0194 5.3687 17.5876
         vertex -11.0180 5.3222 17.6341
      endloop
   endfacet
   facet normal -0.0251 0.7238 0.6895
      outer loop
         vertex -11.0194 5.3687 17.5876
         vertex -11.9363 5.3293 17.5876
         vertex -11.0180 5.3222 17.6341
      endloop
   endfacet
   facet normal -0.0314 0.8094 0.5865
      outer loop
         vertex -11.9363 5.3293 17.5876
         vertex -11.0194 5.3687 17.5876
         vertex -11.9394 5.3646 17.5319
      endloop
   endfacet
   facet normal -0.0087 0.3938 0.9192
      outer loop
         vertex -10.0986 5.2819 17.6695
         vertex -11.0163 5.2666 17.6695
         vertex -10.0981 5.2188 17.6921
      endloop
   endfacet
   facet normal -0.0135 0.5147 0.8573
      outer loop
         vertex -10.0986 5.2819 17.6695
         vertex -11.0180 5.3222 17.6341
         vertex -11.0163 5.2666 17.6695
      endloop
   endfacet
   facet normal -0.0194 0.5562 0.8308
      outer loop
         vertex -11.0180 5.3222 17.6341
         vertex -11.9322 5.2831 17.6341
         vertex -11.0163 5.2666 17.6695
      endloop
   endfacet
   facet normal -0.0258 0.6623 0.7488
      outer loop
         vertex -11.9363 5.3293 17.5876
         vertex -11.9322 5.2831 17.6341
         vertex -11.0180 5.3222 17.6341
      endloop
   endfacet
   facet normal -0.0088 0.3188 0.9478
      outer loop
         vertex -10.0981 5.2188 17.6921
         vertex -11.0163 5.2666 17.6695
         vertex -11.0145 5.2034 17.6921
      endloop
   endfacet
   facet normal 0.0000 1.0000 0.0000
      outer loop
         vertex -10.5200 5.3700 15.9500
         vertex -9.2487 5.3700 15.9500
         vertex -9.3991 5.3700 15.8877
      endloop
   endfacet
   facet normal 0.0000 1.0000 0.0000
      outer loop
         vertex -10.5200 5.3700 15.9500
         vertex -9.3991 5.3700 15.8877
         vertex -9.6473 5.3700 15.6973
      endloop
   endfacet
   facet normal 0.0000 1.0000 0.0000
      outer loop
         vertex -10.5200 5.3700 15.9500
         vertex -9.6473 5.3700 15.6973
         vertex -9.8377 5.3700 15.4491
      endloop
   endfacet
   facet normal 0.0000 1.0000 0.0000
      outer loop
         vertex -10.5200 5.3700 15.9500
         vertex -9.8377 5.3700 15.4491
         vertex -9.9574 5.3700 15.1601
      endloop
   endfacet
   facet normal 0.0000 1.0000 0.0000
      outer loop
         vertex -10.5200 5.3700 15.9500
         vertex -9.9574 5.3700 15.1601
         vertex -9.9982 5.3700 14.8500
      endloop
   endfacet
   facet normal 0.0000 1.0000 0.0000
      outer loop
         vertex -10.5200 5.3700 15.9500
         vertex -9.9982 5.3700 14.8500
         vertex -9.9574 5.3700 14.5399
      endloop
   endfacet
   facet normal 0.0000 1.0000 0.0000
      outer loop
         vertex -10.5200 5.3700 15.9500
         vertex -9.9574 5.3700 14.5399
         vertex -10.5200 5.3700 13.7500
      endloop
   endfacet
   facet normal 0.0000 1.0000 0.0000
      outer loop
         vertex -10.5200 5.3700 13.7500
         vertex -9.9574 5.3700 14.5399
         vertex -9.8377 5.3700 14.2509
      endloop
   endfacet
   facet normal 0.0000 1.0000 0.0000
      outer loop
         vertex -10.5200 5.3700 13.7500
         vertex -9.8377 5.3700 14.2509
         vertex -9.6473 5.3700 14.0027
      endloop
   endfacet
   facet normal 0.0000 1.0000 0.0000
      outer loop
         vertex -10.5200 5.3700 13.7500
         vertex -9.6473 5.3700 14.0027
         vertex -9.3991 5.3700 13.8123
      endloop
   endfacet
   facet normal 0.0000 1.0000 0.0000
      outer loop
         vertex -10.5200 5.3700 13.7500
         vertex -9.3991 5.3700 13.8123
         vertex -9.2487 5.3700 13.7500
      endloop
   endfacet
   facet normal 0.0000 1.0000 0.0000
      outer loop
         vertex -7.4460 5.3700 3.9500
         vertex -7.4460 5.3700 1.7500
         vertex -7.6426 5.3700 2.5399
      endloop
   endfacet
   facet normal 0.0000 1.0000 0.0000
      outer loop
         vertex -7.4460 5.3700 3.9500
         vertex -7.6426 5.3700 2.5399
         vertex -7.6018 5.3700 2.8500
      endloop
   endfacet
   facet normal 0.0000 1.0000 0.0000
      outer loop
         vertex -7.4460 5.3700 3.9500
         vertex -7.6018 5.3700 2.8500
         vertex -7.6426 5.3700 3.1601
      endloop
   endfacet
   facet normal 0.0000 1.0000 0.0000
      outer loop
         vertex -7.4460 5.3700 3.9500
         vertex -7.6426 5.3700 3.1601
         vertex -7.7623 5.3700 3.4491
      endloop
   endfacet
   facet normal 0.0000 1.0000 0.0000
      outer loop
         vertex -7.4460 5.3700 3.9500
         vertex -7.7623 5.3700 3.4491
         vertex -7.9527 5.3700 3.6973
      endloop
   endfacet
   facet normal 0.0000 1.0000 0.0000
      outer loop
         vertex -7.4460 5.3700 3.9500
         vertex -7.9527 5.3700 3.6973
         vertex -8.2009 5.3700 3.8877
      endloop
   endfacet
   facet normal 0.0000 1.0000 0.0000
      outer loop
         vertex -7.4460 5.3700 3.9500
         vertex -8.2009 5.3700 3.8877
         vertex -8.3513 5.3700 3.9500
      endloop
   endfacet
   facet normal 0.0000 1.0000 0.0000
      outer loop
         vertex -7.4460 5.3700 1.7500
         vertex -8.3513 5.3700 1.7500
         vertex -8.2009 5.3700 1.8123
      endloop
   endfacet
   facet normal 0.0000 1.0000 0.0000
      outer loop
         vertex -7.4460 5.3700 1.7500
         vertex -8.2009 5.3700 1.8123
         vertex -7.9527 5.3700 2.0027
      endloop
   endfacet
   facet normal 0.0000 1.0000 0.0000
      outer loop
         vertex -7.4460 5.3700 1.7500
         vertex -7.9527 5.3700 2.0027
         vertex -7.7623 5.3700 2.2509
      endloop
   endfacet
   facet normal 0.0000 1.0000 0.0000
      outer loop
         vertex -7.4460 5.3700 1.7500
         vertex -7.7623 5.3700 2.2509
         vertex -7.6426 5.3700 2.5399
      endloop
   endfacet
   facet normal 0.0960 0.8211 0.5626
      outer loop
         vertex -8.8000 5.3543 1.6722
         vertex -9.1070 5.3608 1.7042
         vertex -9.0329 5.1412 1.9807
      endloop
   endfacet
   facet normal 0.0432 0.8451 0.5328
      outer loop
         vertex -8.8000 5.3543 1.6722
         vertex -9.0329 5.1412 1.9807
         vertex -8.8000 5.1412 1.9500
      endloop
   endfacet
   facet normal -0.0000 0.4463 -0.8949
      outer loop
         vertex -7.4460 5.1700 1.4113
         vertex -7.4838 5.1257 1.3814
         vertex -10.5200 5.1257 1.3814
      endloop
   endfacet
   facet normal -0.0000 0.5578 -0.8300
      outer loop
         vertex -7.4460 5.1700 1.4113
         vertex -10.5200 5.1257 1.3814
         vertex -10.5200 5.2528 1.4672
      endloop
   endfacet
   facet normal -0.0000 0.6599 -0.7514
      outer loop
         vertex -7.4460 5.1700 1.4113
         vertex -10.5200 5.2528 1.4672
         vertex -7.4460 5.2528 1.4672
      endloop
   endfacet
   facet normal 0.2635 0.8187 0.5101
      outer loop
         vertex -9.2487 5.3700 1.7500
         vertex -9.3991 5.3700 1.8123
         vertex -9.2500 5.1412 2.0706
      endloop
   endfacet
   facet normal 0.2054 0.8438 0.4958
      outer loop
         vertex -9.2487 5.3700 1.7500
         vertex -9.2500 5.1412 2.0706
         vertex -9.0329 5.1412 1.9807
      endloop
   endfacet
   facet normal 0.1744 0.8187 0.5471
      outer loop
         vertex -9.2487 5.3700 1.7500
         vertex -9.0329 5.1412 1.9807
         vertex -9.1070 5.3608 1.7042
      endloop
   endfacet
   facet normal 0.3644 0.8211 0.4392
      outer loop
         vertex -9.3991 5.3700 1.8123
         vertex -9.6473 5.3700 2.0027
         vertex -9.4364 5.1412 2.2136
      endloop
   endfacet
   facet normal 0.3038 0.8451 0.4399
      outer loop
         vertex -9.3991 5.3700 1.8123
         vertex -9.4364 5.1412 2.2136
         vertex -9.2500 5.1412 2.0706
      endloop
   endfacet
   facet normal 0.4392 0.8211 0.3644
      outer loop
         vertex -9.4364 5.1412 2.2136
         vertex -9.6473 5.3700 2.0027
         vertex -9.8377 5.3700 2.2509
      endloop
   endfacet
   facet normal 0.4399 0.8451 0.3038
      outer loop
         vertex -9.4364 5.1412 2.2136
         vertex -9.8377 5.3700 2.2509
         vertex -9.5794 5.1412 2.4000
      endloop
   endfacet
   facet normal 0.5186 0.8211 0.2383
      outer loop
         vertex -9.5794 5.1412 2.4000
         vertex -9.8377 5.3700 2.2509
         vertex -9.9574 5.3700 2.5399
      endloop
   endfacet
   facet normal 0.5035 0.8451 0.1796
      outer loop
         vertex -9.5794 5.1412 2.4000
         vertex -9.9574 5.3700 2.5399
         vertex -9.6693 5.1412 2.6171
      endloop
   endfacet
   facet normal 0.3833 0.9076 0.1711
      outer loop
         vertex -9.2035 4.9613 2.6171
         vertex -9.5794 5.1412 2.4000
         vertex -9.6693 5.1412 2.6171
      endloop
   endfacet
   facet normal 0.3216 0.9405 0.1095
      outer loop
         vertex -9.2035 4.9613 2.6171
         vertex -9.6693 5.1412 2.6171
         vertex -9.2500 4.9613 2.7294
      endloop
   endfacet
   facet normal 0.5626 0.8211 0.0960
      outer loop
         vertex -9.6693 5.1412 2.6171
         vertex -9.9574 5.3700 2.5399
         vertex -9.9982 5.3700 2.8500
      endloop
   endfacet
   facet normal 0.5328 0.8451 0.0432
      outer loop
         vertex -9.6693 5.1412 2.6171
         vertex -9.9982 5.3700 2.8500
         vertex -9.7000 5.1412 2.8500
      endloop
   endfacet
   facet normal 0.4146 0.9076 0.0660
      outer loop
         vertex -9.2500 4.9613 2.7294
         vertex -9.6693 5.1412 2.6171
         vertex -9.7000 5.1412 2.8500
      endloop
   endfacet
   facet normal 0.3389 0.9405 0.0225
      outer loop
         vertex -9.2500 4.9613 2.7294
         vertex -9.7000 5.1412 2.8500
         vertex -9.2659 4.9613 2.8500
      endloop
   endfacet
   facet normal 0.5683 0.8211 -0.0529
      outer loop
         vertex -9.7000 5.1412 2.8500
         vertex -9.9982 5.3700 2.8500
         vertex -9.9574 5.3700 3.1601
      endloop
   endfacet
   facet normal 0.5259 0.8451 -0.0962
      outer loop
         vertex -9.7000 5.1412 2.8500
         vertex -9.9574 5.3700 3.1601
         vertex -9.6693 5.1412 3.0829
      endloop
   endfacet
   facet normal 0.4175 0.9076 -0.0435
      outer loop
         vertex -9.2659 4.9613 2.8500
         vertex -9.7000 5.1412 2.8500
         vertex -9.6693 5.1412 3.0829
      endloop
   endfacet
   facet normal 0.3332 0.9405 -0.0660
      outer loop
         vertex -9.2659 4.9613 2.8500
         vertex -9.6693 5.1412 3.0829
         vertex -9.2500 4.9613 2.9706
      endloop
   endfacet
   facet normal 0.5186 0.8211 -0.2383
      outer loop
         vertex -9.9574 5.3700 3.1601
         vertex -9.8377 5.3700 3.4491
         vertex -9.5794 5.1412 3.3000
      endloop
   endfacet
   facet normal 0.5035 0.8451 -0.1796
      outer loop
         vertex -9.9574 5.3700 3.1601
         vertex -9.5794 5.1412 3.3000
         vertex -9.6693 5.1412 3.0829
      endloop
   endfacet
   facet normal 0.3216 0.9405 -0.1095
      outer loop
         vertex -9.2035 4.9613 3.0829
         vertex -9.2500 4.9613 2.9706
         vertex -9.6693 5.1412 3.0829
      endloop
   endfacet
   facet normal 0.3833 0.9076 -0.1711
      outer loop
         vertex -9.2035 4.9613 3.0829
         vertex -9.6693 5.1412 3.0829
         vertex -9.5794 5.1412 3.3000
      endloop
   endfacet
   facet normal 0.4399 0.8451 -0.3038
      outer loop
         vertex -9.4364 5.1412 3.4864
         vertex -9.5794 5.1412 3.3000
         vertex -9.8377 5.3700 3.4491
      endloop
   endfacet
   facet normal 0.4392 0.8211 -0.3644
      outer loop
         vertex -9.4364 5.1412 3.4864
         vertex -9.8377 5.3700 3.4491
         vertex -9.6473 5.3700 3.6973
      endloop
   endfacet
   facet normal -0.0962 0.8451 -0.5259
      outer loop
         vertex -8.4930 5.3608 3.9958
         vertex -8.5671 5.1412 3.7193
         vertex -8.8000 5.1412 3.7500
      endloop
   endfacet
   facet normal -0.0529 0.8211 -0.5683
      outer loop
         vertex -8.4930 5.3608 3.9958
         vertex -8.8000 5.1412 3.7500
         vertex -8.8000 5.3543 4.0278
      endloop
   endfacet
   facet normal -0.0432 0.8451 0.5328
      outer loop
         vertex -8.8000 5.3543 1.6722
         vertex -8.8000 5.1412 1.9500
         vertex -8.5671 5.1412 1.9807
      endloop
   endfacet
   facet normal -0.0960 0.8211 0.5626
      outer loop
         vertex -8.8000 5.3543 1.6722
         vertex -8.5671 5.1412 1.9807
         vertex -8.4930 5.3608 1.7042
      endloop
   endfacet
   facet normal 0.0000 1.0000 0.0000
      outer loop
         vertex -7.4460 5.3700 9.9500
         vertex -7.4460 5.3700 7.7500
         vertex -7.6426 5.3700 8.5399
      endloop
   endfacet
   facet normal 0.0000 1.0000 0.0000
      outer loop
         vertex -7.4460 5.3700 9.9500
         vertex -7.6426 5.3700 8.5399
         vertex -7.6018 5.3700 8.8500
      endloop
   endfacet
   facet normal 0.0000 1.0000 0.0000
      outer loop
         vertex -7.4460 5.3700 9.9500
         vertex -7.6018 5.3700 8.8500
         vertex -7.6426 5.3700 9.1601
      endloop
   endfacet
   facet normal 0.0000 1.0000 0.0000
      outer loop
         vertex -7.4460 5.3700 9.9500
         vertex -7.6426 5.3700 9.1601
         vertex -7.7623 5.3700 9.4491
      endloop
   endfacet
   facet normal 0.0000 1.0000 0.0000
      outer loop
         vertex -7.4460 5.3700 9.9500
         vertex -7.7623 5.3700 9.4491
         vertex -7.9527 5.3700 9.6973
      endloop
   endfacet
   facet normal 0.0000 1.0000 0.0000
      outer loop
         vertex -7.4460 5.3700 9.9500
         vertex -7.9527 5.3700 9.6973
         vertex -8.2009 5.3700 9.8877
      endloop
   endfacet
   facet normal 0.0000 1.0000 0.0000
      outer loop
         vertex -7.4460 5.3700 9.9500
         vertex -8.2009 5.3700 9.8877
         vertex -8.3513 5.3700 9.9500
      endloop
   endfacet
   facet normal 0.0000 1.0000 0.0000
      outer loop
         vertex -7.4460 5.3700 7.7500
         vertex -8.3513 5.3700 7.7500
         vertex -8.2009 5.3700 7.8123
      endloop
   endfacet
   facet normal 0.0000 1.0000 0.0000
      outer loop
         vertex -7.4460 5.3700 7.7500
         vertex -8.2009 5.3700 7.8123
         vertex -7.9527 5.3700 8.0027
      endloop
   endfacet
   facet normal 0.0000 1.0000 0.0000
      outer loop
         vertex -7.4460 5.3700 7.7500
         vertex -7.9527 5.3700 8.0027
         vertex -7.7623 5.3700 8.2509
      endloop
   endfacet
   facet normal 0.0000 1.0000 0.0000
      outer loop
         vertex -7.4460 5.3700 7.7500
         vertex -7.7623 5.3700 8.2509
         vertex -7.6426 5.3700 8.5399
      endloop
   endfacet
   facet normal 0.0960 0.8211 0.5626
      outer loop
         vertex -8.8000 5.3543 7.6722
         vertex -9.1070 5.3608 7.7042
         vertex -9.0329 5.1412 7.9807
      endloop
   endfacet
   facet normal 0.0432 0.8451 0.5328
      outer loop
         vertex -8.8000 5.3543 7.6722
         vertex -9.0329 5.1412 7.9807
         vertex -8.8000 5.1412 7.9500
      endloop
   endfacet
   facet normal -0.0000 0.6599 -0.7514
      outer loop
         vertex -10.5200 5.2528 7.4672
         vertex -7.4460 5.2528 7.4672
         vertex -7.4460 5.1700 7.4113
      endloop
   endfacet
   facet normal -0.0000 0.5578 -0.8300
      outer loop
         vertex -10.5200 5.2528 7.4672
         vertex -7.4460 5.1700 7.4113
         vertex -7.4838 5.1257 7.3814
      endloop
   endfacet
   facet normal -0.0000 0.5015 -0.8652
      outer loop
         vertex -10.5200 5.2528 7.4672
         vertex -7.4838 5.1257 7.3814
         vertex -10.5200 5.1257 7.3814
      endloop
   endfacet
   facet normal 0.2635 0.8187 0.5101
      outer loop
         vertex -9.2487 5.3700 7.7500
         vertex -9.3991 5.3700 7.8123
         vertex -9.2500 5.1412 8.0706
      endloop
   endfacet
   facet normal 0.2054 0.8438 0.4958
      outer loop
         vertex -9.2487 5.3700 7.7500
         vertex -9.2500 5.1412 8.0706
         vertex -9.0329 5.1412 7.9807
      endloop
   endfacet
   facet normal 0.1744 0.8187 0.5471
      outer loop
         vertex -9.2487 5.3700 7.7500
         vertex -9.0329 5.1412 7.9807
         vertex -9.1070 5.3608 7.7042
      endloop
   endfacet
   facet normal 0.3644 0.8211 0.4392
      outer loop
         vertex -9.3991 5.3700 7.8123
         vertex -9.6473 5.3700 8.0027
         vertex -9.4364 5.1412 8.2136
      endloop
   endfacet
   facet normal 0.3038 0.8451 0.4399
      outer loop
         vertex -9.3991 5.3700 7.8123
         vertex -9.4364 5.1412 8.2136
         vertex -9.2500 5.1412 8.0706
      endloop
   endfacet
   facet normal 0.4392 0.8211 0.3644
      outer loop
         vertex -9.4364 5.1412 8.2136
         vertex -9.6473 5.3700 8.0027
         vertex -9.8377 5.3700 8.2509
      endloop
   endfacet
   facet normal 0.4399 0.8451 0.3038
      outer loop
         vertex -9.4364 5.1412 8.2136
         vertex -9.8377 5.3700 8.2509
         vertex -9.5794 5.1412 8.4000
      endloop
   endfacet
   facet normal 0.5186 0.8211 0.2383
      outer loop
         vertex -9.5794 5.1412 8.4000
         vertex -9.8377 5.3700 8.2509
         vertex -9.9574 5.3700 8.5399
      endloop
   endfacet
   facet normal 0.5035 0.8451 0.1796
      outer loop
         vertex -9.5794 5.1412 8.4000
         vertex -9.9574 5.3700 8.5399
         vertex -9.6693 5.1412 8.6171
      endloop
   endfacet
   facet normal 0.3833 0.9076 0.1711
      outer loop
         vertex -9.2035 4.9613 8.6171
         vertex -9.5794 5.1412 8.4000
         vertex -9.6693 5.1412 8.6171
      endloop
   endfacet
   facet normal 0.3216 0.9405 0.1095
      outer loop
         vertex -9.2035 4.9613 8.6171
         vertex -9.6693 5.1412 8.6171
         vertex -9.2500 4.9613 8.7294
      endloop
   endfacet
   facet normal 0.5626 0.8211 0.0960
      outer loop
         vertex -9.6693 5.1412 8.6171
         vertex -9.9574 5.3700 8.5399
         vertex -9.9982 5.3700 8.8500
      endloop
   endfacet
   facet normal 0.5328 0.8451 0.0432
      outer loop
         vertex -9.6693 5.1412 8.6171
         vertex -9.9982 5.3700 8.8500
         vertex -9.7000 5.1412 8.8500
      endloop
   endfacet
   facet normal 0.4146 0.9076 0.0660
      outer loop
         vertex -9.2500 4.9613 8.7294
         vertex -9.6693 5.1412 8.6171
         vertex -9.7000 5.1412 8.8500
      endloop
   endfacet
   facet normal 0.3389 0.9405 0.0225
      outer loop
         vertex -9.2500 4.9613 8.7294
         vertex -9.7000 5.1412 8.8500
         vertex -9.2659 4.9613 8.8500
      endloop
   endfacet
   facet normal -0.0432 0.8451 0.5328
      outer loop
         vertex -8.8000 5.3543 7.6722
         vertex -8.8000 5.1412 7.9500
         vertex -8.5671 5.1412 7.9807
      endloop
   endfacet
   facet normal -0.0960 0.8211 0.5626
      outer loop
         vertex -8.8000 5.3543 7.6722
         vertex -8.5671 5.1412 7.9807
         vertex -8.4930 5.3608 7.7042
      endloop
   endfacet
   facet normal 0.0000 1.0000 0.0000
      outer loop
         vertex -10.5200 5.3700 3.9500
         vertex -9.2487 5.3700 3.9500
         vertex -9.3991 5.3700 3.8877
      endloop
   endfacet
   facet normal 0.0000 1.0000 0.0000
      outer loop
         vertex -10.5200 5.3700 3.9500
         vertex -9.3991 5.3700 3.8877
         vertex -9.6473 5.3700 3.6973
      endloop
   endfacet
   facet normal 0.0000 1.0000 0.0000
      outer loop
         vertex -10.5200 5.3700 3.9500
         vertex -9.6473 5.3700 3.6973
         vertex -9.8377 5.3700 3.4491
      endloop
   endfacet
   facet normal 0.0000 1.0000 0.0000
      outer loop
         vertex -10.5200 5.3700 3.9500
         vertex -9.8377 5.3700 3.4491
         vertex -9.9574 5.3700 3.1601
      endloop
   endfacet
   facet normal 0.0000 1.0000 0.0000
      outer loop
         vertex -10.5200 5.3700 3.9500
         vertex -9.9574 5.3700 3.1601
         vertex -9.9982 5.3700 2.8500
      endloop
   endfacet
   facet normal 0.0000 1.0000 0.0000
      outer loop
         vertex -10.5200 5.3700 3.9500
         vertex -9.9982 5.3700 2.8500
         vertex -9.9574 5.3700 2.5399
      endloop
   endfacet
   facet normal 0.0000 1.0000 0.0000
      outer loop
         vertex -10.5200 5.3700 3.9500
         vertex -9.9574 5.3700 2.5399
         vertex -10.5200 5.3700 1.7500
      endloop
   endfacet
   facet normal 0.0000 1.0000 0.0000
      outer loop
         vertex -10.5200 5.3700 1.7500
         vertex -9.9574 5.3700 2.5399
         vertex -9.8377 5.3700 2.2509
      endloop
   endfacet
   facet normal 0.0000 1.0000 0.0000
      outer loop
         vertex -10.5200 5.3700 1.7500
         vertex -9.8377 5.3700 2.2509
         vertex -9.6473 5.3700 2.0027
      endloop
   endfacet
   facet normal 0.0000 1.0000 0.0000
      outer loop
         vertex -10.5200 5.3700 1.7500
         vertex -9.6473 5.3700 2.0027
         vertex -9.3991 5.3700 1.8123
      endloop
   endfacet
   facet normal 0.0000 1.0000 0.0000
      outer loop
         vertex -10.5200 5.3700 1.7500
         vertex -9.3991 5.3700 1.8123
         vertex -9.2487 5.3700 1.7500
      endloop
   endfacet
   facet normal 0.0000 0.9654 0.2609
      outer loop
         vertex -7.4460 5.3700 3.9500
         vertex -8.4930 5.3608 3.9958
         vertex -7.4460 5.3386 4.1057
      endloop
   endfacet
   facet normal 0.0000 0.9654 0.2609
      outer loop
         vertex -7.4460 5.3386 4.1057
         vertex -8.4930 5.3608 3.9958
         vertex -8.8000 5.3543 4.0278
      endloop
   endfacet
   facet normal 0.0000 0.9461 0.3238
      outer loop
         vertex -7.4460 5.3386 4.1057
         vertex -8.8000 5.3543 4.0278
         vertex -10.5200 5.3386 4.1057
      endloop
   endfacet
   facet normal 0.0000 0.9654 0.2609
      outer loop
         vertex -10.5200 5.3386 4.1057
         vertex -8.8000 5.3543 4.0278
         vertex -9.1070 5.3608 3.9958
      endloop
   endfacet
   facet normal 0.0000 0.9654 0.2609
      outer loop
         vertex -10.5200 5.3386 4.1057
         vertex -9.1070 5.3608 3.9958
         vertex -9.2487 5.3700 3.9500
      endloop
   endfacet
   facet normal 0.0000 0.9654 0.2609
      outer loop
         vertex -10.5200 5.3386 4.1057
         vertex -9.2487 5.3700 3.9500
         vertex -10.5200 5.3700 3.9500
      endloop
   endfacet
   facet normal 0.0000 0.9802 0.1979
      outer loop
         vertex -8.4930 5.3608 3.9958
         vertex -7.4460 5.3700 3.9500
         vertex -8.3513 5.3700 3.9500
      endloop
   endfacet
   facet normal 0.0000 0.8652 0.5015
      outer loop
         vertex -7.4460 5.3386 4.1057
         vertex -10.5200 5.3386 4.1057
         vertex -10.5200 5.2528 4.2328
      endloop
   endfacet
   facet normal 0.0000 0.7921 0.6103
      outer loop
         vertex -7.4460 5.3386 4.1057
         vertex -10.5200 5.2528 4.2328
         vertex -7.4460 5.2528 4.2328
      endloop
   endfacet
   facet normal 0.3644 0.8211 -0.4392
      outer loop
         vertex -9.4364 5.1412 3.4864
         vertex -9.6473 5.3700 3.6973
         vertex -9.3991 5.3700 3.8877
      endloop
   endfacet
   facet normal 0.3038 0.8451 -0.4399
      outer loop
         vertex -9.4364 5.1412 3.4864
         vertex -9.3991 5.3700 3.8877
         vertex -9.2500 5.1412 3.6294
      endloop
   endfacet
   facet normal 0.0000 0.2609 0.9654
      outer loop
         vertex -10.5200 4.9700 4.3500
         vertex -7.6168 4.9700 4.3500
         vertex -7.4838 5.1257 4.3186
      endloop
   endfacet
   facet normal 0.0000 0.3238 0.9461
      outer loop
         vertex -10.5200 4.9700 4.3500
         vertex -7.4838 5.1257 4.3186
         vertex -10.5200 5.1257 4.3186
      endloop
   endfacet
   facet normal 0.0000 0.5578 0.8300
      outer loop
         vertex -7.4838 5.1257 4.3186
         vertex -7.4460 5.1700 4.2887
         vertex -7.4460 5.2528 4.2328
      endloop
   endfacet
   facet normal 0.0000 0.6103 0.7921
      outer loop
         vertex -7.4838 5.1257 4.3186
         vertex -7.4460 5.2528 4.2328
         vertex -10.5200 5.2528 4.2328
      endloop
   endfacet
   facet normal 0.0000 0.5015 0.8652
      outer loop
         vertex -7.4838 5.1257 4.3186
         vertex -10.5200 5.2528 4.2328
         vertex -10.5200 5.1257 4.3186
      endloop
   endfacet
   facet normal 0.2635 0.8187 -0.5101
      outer loop
         vertex -9.2500 5.1412 3.6294
         vertex -9.3991 5.3700 3.8877
         vertex -9.2487 5.3700 3.9500
      endloop
   endfacet
   facet normal 0.2146 0.8197 -0.5311
      outer loop
         vertex -9.2500 5.1412 3.6294
         vertex -9.2487 5.3700 3.9500
         vertex -9.1070 5.3608 3.9958
      endloop
   endfacet
   facet normal 0.1796 0.8451 -0.5035
      outer loop
         vertex -9.2500 5.1412 3.6294
         vertex -9.1070 5.3608 3.9958
         vertex -9.0329 5.1412 3.7193
      endloop
   endfacet
   facet normal 0.0960 0.8211 -0.5626
      outer loop
         vertex -9.0329 5.1412 3.7193
         vertex -9.1070 5.3608 3.9958
         vertex -8.8000 5.3543 4.0278
      endloop
   endfacet
   facet normal 0.0432 0.8451 -0.5328
      outer loop
         vertex -9.0329 5.1412 3.7193
         vertex -8.8000 5.3543 4.0278
         vertex -8.8000 5.1412 3.7500
      endloop
   endfacet
   facet normal -0.0209 0.9882 -0.1520
      outer loop
         vertex -11.0214 5.4345 0.3000
         vertex -10.1000 5.4500 0.3000
         vertex -10.0999 5.4421 0.2312
      endloop
   endfacet
   facet normal -0.0251 0.9815 -0.1896
      outer loop
         vertex -11.0214 5.4345 0.3000
         vertex -10.0999 5.4421 0.2312
         vertex -11.0211 5.4266 0.2312
      endloop
   endfacet
   facet normal -0.3745 -0.9272 0.0000
      outer loop
         vertex -10.5370 4.6730 1.3500
         vertex -10.5370 4.6730 4.3500
         vertex -10.7870 4.7400 4.3500
      endloop
   endfacet
   facet normal -0.2412 -0.9705 0.0000
      outer loop
         vertex -10.5370 4.6730 1.3500
         vertex -10.7870 4.7400 4.3500
         vertex -10.7870 4.7400 1.3500
      endloop
   endfacet
   facet normal -0.1198 0.9928 0.0000
      outer loop
         vertex -11.4156 5.2891 1.7500
         vertex -11.4156 5.2891 3.9500
         vertex -10.9696 5.3497 3.9500
      endloop
   endfacet
   facet normal -0.1049 0.9945 0.0000
      outer loop
         vertex -11.4156 5.2891 1.7500
         vertex -10.9696 5.3497 3.9500
         vertex -10.9696 5.3497 1.7500
      endloop
   endfacet
   facet normal -0.0600 0.9982 0.0000
      outer loop
         vertex -10.5200 5.3700 3.9500
         vertex -10.5200 5.3700 1.7500
         vertex -10.9696 5.3497 1.7500
      endloop
   endfacet
   facet normal -0.0750 0.9972 0.0000
      outer loop
         vertex -10.5200 5.3700 3.9500
         vertex -10.9696 5.3497 1.7500
         vertex -10.9696 5.3497 3.9500
      endloop
   endfacet
   facet normal -0.0791 0.9586 -0.2736
      outer loop
         vertex -10.9668 5.3184 1.5943
         vertex -10.9696 5.3497 1.7500
         vertex -10.5200 5.3700 1.7500
      endloop
   endfacet
   facet normal -0.0585 0.9399 -0.3363
      outer loop
         vertex -10.9668 5.3184 1.5943
         vertex -10.5200 5.3700 1.7500
         vertex -10.5200 5.3386 1.5943
      endloop
   endfacet
   facet normal -0.0229 0.3104 -0.9503
      outer loop
         vertex -10.9336 4.9514 1.3500
         vertex -10.9476 5.1064 1.3814
         vertex -10.5200 5.1257 1.3814
      endloop
   endfacet
   facet normal -0.0148 0.2606 -0.9653
      outer loop
         vertex -10.9336 4.9514 1.3500
         vertex -10.5200 5.1257 1.3814
         vertex -10.5200 4.9700 1.3500
      endloop
   endfacet
   facet normal -0.0447 0.5876 -0.8079
      outer loop
         vertex -10.9476 5.1064 1.3814
         vertex -10.9591 5.2331 1.4672
         vertex -10.5200 5.2528 1.4672
      endloop
   endfacet
   facet normal -0.0280 0.4891 -0.8718
      outer loop
         vertex -10.9476 5.1064 1.3814
         vertex -10.5200 5.2528 1.4672
         vertex -10.5200 5.1257 1.3814
      endloop
   endfacet
   facet normal -0.0669 0.8491 -0.5240
      outer loop
         vertex -10.9591 5.2331 1.4672
         vertex -10.9668 5.3184 1.5943
         vertex -10.5200 5.3386 1.5943
      endloop
   endfacet
   facet normal -0.0474 0.7827 -0.6206
      outer loop
         vertex -10.9591 5.2331 1.4672
         vertex -10.5200 5.3386 1.5943
         vertex -10.5200 5.2528 1.4672
      endloop
   endfacet
   facet normal -0.1075 0.8733 -0.4753
      outer loop
         vertex -10.9668 5.3184 1.5943
         vertex -11.3985 5.1732 1.4672
         vertex -11.4110 5.2580 1.5943
      endloop
   endfacet
   facet normal -0.0540 0.4951 -0.8671
      outer loop
         vertex -10.9591 5.2331 1.4672
         vertex -10.9476 5.1064 1.3814
         vertex -11.3800 5.0474 1.3814
      endloop
   endfacet
   facet normal -0.0260 0.2469 -0.9687
      outer loop
         vertex -10.9336 4.9514 1.3500
         vertex -11.3573 4.8934 1.3500
         vertex -10.9476 5.1064 1.3814
      endloop
   endfacet
   facet normal -0.1070 0.9429 -0.3155
      outer loop
         vertex -11.4110 5.2580 1.5943
         vertex -10.9696 5.3497 1.7500
         vertex -10.9668 5.3184 1.5943
      endloop
   endfacet
   facet normal -0.1210 0.9632 -0.2399
      outer loop
         vertex -10.9696 5.3497 1.7500
         vertex -11.4110 5.2580 1.5943
         vertex -11.4156 5.2891 1.7500
      endloop
   endfacet
   facet normal -0.0403 0.3297 -0.9432
      outer loop
         vertex -11.3800 5.0474 1.3814
         vertex -10.9476 5.1064 1.3814
         vertex -11.3573 4.8934 1.3500
      endloop
   endfacet
   facet normal -0.0770 0.6294 -0.7733
      outer loop
         vertex -10.9591 5.2331 1.4672
         vertex -11.3800 5.0474 1.3814
         vertex -11.3985 5.1732 1.4672
      endloop
   endfacet
   facet normal -0.0868 0.7846 -0.6139
      outer loop
         vertex -10.9591 5.2331 1.4672
         vertex -11.3985 5.1732 1.4672
         vertex -10.9668 5.3184 1.5943
      endloop
   endfacet
   facet normal -0.0408 0.2577 -0.9654
      outer loop
         vertex -11.3573 4.8934 1.3500
         vertex -12.8078 4.6637 1.3500
         vertex -12.8321 4.8174 1.3814
      endloop
   endfacet
   facet normal -0.0507 0.3198 -0.9461
      outer loop
         vertex -11.3573 4.8934 1.3500
         vertex -12.8321 4.8174 1.3814
         vertex -11.3800 5.0474 1.3814
      endloop
   endfacet
   facet normal -0.0955 0.6028 -0.7921
      outer loop
         vertex -12.8321 4.8174 1.3814
         vertex -12.8520 4.9430 1.4672
         vertex -11.3985 5.1732 1.4672
      endloop
   endfacet
   facet normal -0.0784 0.4953 -0.8652
      outer loop
         vertex -12.8321 4.8174 1.3814
         vertex -11.3985 5.1732 1.4672
         vertex -11.3800 5.0474 1.3814
      endloop
   endfacet
   facet normal -0.0052 -1.0000 0.0000
      outer loop
         vertex -10.8325 4.7379 4.3500
         vertex -10.8325 4.7379 1.3500
         vertex -10.7870 4.7400 1.3500
      endloop
   endfacet
   facet normal -0.0565 -0.9984 0.0000
      outer loop
         vertex -10.8325 4.7379 4.3500
         vertex -10.7870 4.7400 1.3500
         vertex -10.7870 4.7400 4.3500
      endloop
   endfacet
   facet normal 0.0523 -0.9986 0.0000
      outer loop
         vertex -10.8325 4.7379 1.3500
         vertex -10.8325 4.7379 4.3500
         vertex -10.9237 4.7331 4.3500
      endloop
   endfacet
   facet normal 0.0523 -0.9986 0.0000
      outer loop
         vertex -10.8325 4.7379 1.3500
         vertex -10.9237 4.7331 4.3500
         vertex -10.9237 4.7331 1.3500
      endloop
   endfacet
   facet normal 0.0809 -0.9967 0.0000
      outer loop
         vertex -10.9237 4.7331 1.3500
         vertex -10.9237 4.7331 4.3500
         vertex -11.1379 4.7173 4.3500
      endloop
   endfacet
   facet normal 0.0880 -0.9961 0.0000
      outer loop
         vertex -10.9237 4.7331 1.3500
         vertex -11.1379 4.7173 4.3500
         vertex -11.1379 4.7173 1.3500
      endloop
   endfacet
   facet normal 0.1094 -0.9940 0.0000
      outer loop
         vertex -11.1379 4.7173 4.3500
         vertex -11.3511 4.6923 4.3500
         vertex -11.3511 4.6923 1.3500
      endloop
   endfacet
   facet normal 0.1023 -0.9948 0.0000
      outer loop
         vertex -11.1379 4.7173 4.3500
         vertex -11.3511 4.6923 1.3500
         vertex -11.1379 4.7173 1.3500
      endloop
   endfacet
   facet normal 0.1564 -0.9877 0.0000
      outer loop
         vertex -12.5755 4.4984 1.3500
         vertex -11.3511 4.6923 1.3500
         vertex -11.3511 4.6923 4.3500
      endloop
   endfacet
   facet normal 0.1564 -0.9877 0.0000
      outer loop
         vertex -12.5755 4.4984 1.3500
         vertex -11.3511 4.6923 4.3500
         vertex -12.5755 4.4984 4.3500
      endloop
   endfacet
   facet normal -0.0791 0.9586 -0.2736
      outer loop
         vertex -10.9668 5.3184 7.5943
         vertex -10.9696 5.3497 7.7500
         vertex -10.5200 5.3700 7.7500
      endloop
   endfacet
   facet normal -0.0585 0.9399 -0.3363
      outer loop
         vertex -10.9668 5.3184 7.5943
         vertex -10.5200 5.3700 7.7500
         vertex -10.5200 5.3386 7.5943
      endloop
   endfacet
   facet normal -0.0669 0.8491 -0.5240
      outer loop
         vertex -10.9591 5.2331 7.4672
         vertex -10.9668 5.3184 7.5943
         vertex -10.5200 5.3386 7.5943
      endloop
   endfacet
   facet normal -0.0474 0.7827 -0.6206
      outer loop
         vertex -10.9591 5.2331 7.4672
         vertex -10.5200 5.3386 7.5943
         vertex -10.5200 5.2528 7.4672
      endloop
   endfacet
   facet normal -0.0447 0.5876 -0.8079
      outer loop
         vertex -10.9476 5.1064 7.3814
         vertex -10.9591 5.2331 7.4672
         vertex -10.5200 5.2528 7.4672
      endloop
   endfacet
   facet normal -0.0280 0.4891 -0.8718
      outer loop
         vertex -10.9476 5.1064 7.3814
         vertex -10.5200 5.2528 7.4672
         vertex -10.5200 5.1257 7.3814
      endloop
   endfacet
   facet normal -0.0229 0.3104 -0.9503
      outer loop
         vertex -10.9336 4.9514 7.3500
         vertex -10.9476 5.1064 7.3814
         vertex -10.5200 5.1257 7.3814
      endloop
   endfacet
   facet normal -0.0148 0.2606 -0.9653
      outer loop
         vertex -10.9336 4.9514 7.3500
         vertex -10.5200 5.1257 7.3814
         vertex -10.5200 4.9700 7.3500
      endloop
   endfacet
   facet normal -0.1075 0.8733 -0.4753
      outer loop
         vertex -10.9668 5.3184 7.5943
         vertex -11.3985 5.1732 7.4672
         vertex -11.4110 5.2580 7.5943
      endloop
   endfacet
   facet normal -0.0540 0.4951 -0.8671
      outer loop
         vertex -10.9591 5.2331 7.4672
         vertex -10.9476 5.1064 7.3814
         vertex -11.3800 5.0474 7.3814
      endloop
   endfacet
   facet normal -0.1210 0.9632 -0.2399
      outer loop
         vertex -10.9696 5.3497 7.7500
         vertex -11.4110 5.2580 7.5943
         vertex -11.4156 5.2891 7.7500
      endloop
   endfacet
   facet normal -0.0403 0.3297 -0.9432
      outer loop
         vertex -11.3800 5.0474 7.3814
         vertex -10.9476 5.1064 7.3814
         vertex -11.3573 4.8934 7.3500
      endloop
   endfacet
   facet normal -0.0260 0.2469 -0.9687
      outer loop
         vertex -10.9336 4.9514 7.3500
         vertex -11.3573 4.8934 7.3500
         vertex -10.9476 5.1064 7.3814
      endloop
   endfacet
   facet normal -0.1070 0.9429 -0.3155
      outer loop
         vertex -11.4110 5.2580 7.5943
         vertex -10.9696 5.3497 7.7500
         vertex -10.9668 5.3184 7.5943
      endloop
   endfacet
   facet normal -0.0770 0.6294 -0.7733
      outer loop
         vertex -10.9591 5.2331 7.4672
         vertex -11.3800 5.0474 7.3814
         vertex -11.3985 5.1732 7.4672
      endloop
   endfacet
   facet normal -0.0868 0.7846 -0.6139
      outer loop
         vertex -10.9591 5.2331 7.4672
         vertex -11.3985 5.1732 7.4672
         vertex -10.9668 5.3184 7.5943
      endloop
   endfacet
   facet normal -0.0408 0.2577 -0.9654
      outer loop
         vertex -11.3573 4.8934 7.3500
         vertex -12.8078 4.6637 7.3500
         vertex -12.8321 4.8174 7.3814
      endloop
   endfacet
   facet normal -0.0507 0.3198 -0.9461
      outer loop
         vertex -11.3573 4.8934 7.3500
         vertex -12.8321 4.8174 7.3814
         vertex -11.3800 5.0474 7.3814
      endloop
   endfacet
   facet normal -0.0955 0.6028 -0.7921
      outer loop
         vertex -12.8321 4.8174 7.3814
         vertex -12.8520 4.9430 7.4672
         vertex -11.3985 5.1732 7.4672
      endloop
   endfacet
   facet normal -0.0784 0.4953 -0.8652
      outer loop
         vertex -12.8321 4.8174 7.3814
         vertex -11.3985 5.1732 7.4672
         vertex -11.3800 5.0474 7.3814
      endloop
   endfacet
   facet normal -0.0791 0.9586 0.2736
      outer loop
         vertex -10.5200 5.3700 3.9500
         vertex -10.9696 5.3497 3.9500
         vertex -10.9668 5.3184 4.1057
      endloop
   endfacet
   facet normal -0.0585 0.9399 0.3363
      outer loop
         vertex -10.5200 5.3700 3.9500
         vertex -10.9668 5.3184 4.1057
         vertex -10.5200 5.3386 4.1057
      endloop
   endfacet
   facet normal -0.0669 0.8491 0.5240
      outer loop
         vertex -10.5200 5.3386 4.1057
         vertex -10.9668 5.3184 4.1057
         vertex -10.9591 5.2331 4.2328
      endloop
   endfacet
   facet normal -0.0474 0.7827 0.6206
      outer loop
         vertex -10.5200 5.3386 4.1057
         vertex -10.9591 5.2331 4.2328
         vertex -10.5200 5.2528 4.2328
      endloop
   endfacet
   facet normal -0.0396 0.4770 0.8780
      outer loop
         vertex -10.9591 5.2331 4.2328
         vertex -10.9476 5.1064 4.3186
         vertex -10.5200 5.1257 4.3186
      endloop
   endfacet
   facet normal -0.0391 0.5987 0.8000
      outer loop
         vertex -10.9591 5.2331 4.2328
         vertex -10.5200 5.1257 4.3186
         vertex -10.5200 5.2528 4.2328
      endloop
   endfacet
   facet normal -0.0229 0.3104 0.9503
      outer loop
         vertex -10.5200 5.1257 4.3186
         vertex -10.9476 5.1064 4.3186
         vertex -10.9336 4.9514 4.3500
      endloop
   endfacet
   facet normal -0.0148 0.2606 0.9653
      outer loop
         vertex -10.5200 5.1257 4.3186
         vertex -10.9336 4.9514 4.3500
         vertex -10.5200 4.9700 4.3500
      endloop
   endfacet
   facet normal -0.1075 0.8733 0.4753
      outer loop
         vertex -10.9668 5.3184 4.1057
         vertex -11.4110 5.2580 4.1057
         vertex -11.3985 5.1732 4.2328
      endloop
   endfacet
   facet normal -0.0540 0.4951 0.8671
      outer loop
         vertex -10.9591 5.2331 4.2328
         vertex -11.3800 5.0474 4.3186
         vertex -10.9476 5.1064 4.3186
      endloop
   endfacet
   facet normal -0.1210 0.9632 0.2399
      outer loop
         vertex -10.9696 5.3497 3.9500
         vertex -11.4156 5.2891 3.9500
         vertex -11.4110 5.2580 4.1057
      endloop
   endfacet
   facet normal -0.0403 0.3297 0.9432
      outer loop
         vertex -10.9476 5.1064 4.3186
         vertex -11.3800 5.0474 4.3186
         vertex -11.3573 4.8934 4.3500
      endloop
   endfacet
   facet normal -0.0260 0.2469 0.9687
      outer loop
         vertex -11.3573 4.8934 4.3500
         vertex -10.9336 4.9514 4.3500
         vertex -10.9476 5.1064 4.3186
      endloop
   endfacet
   facet normal -0.1070 0.9429 0.3155
      outer loop
         vertex -11.4110 5.2580 4.1057
         vertex -10.9668 5.3184 4.1057
         vertex -10.9696 5.3497 3.9500
      endloop
   endfacet
   facet normal -0.0770 0.6294 0.7733
      outer loop
         vertex -11.3800 5.0474 4.3186
         vertex -10.9591 5.2331 4.2328
         vertex -11.3985 5.1732 4.2328
      endloop
   endfacet
   facet normal -0.0868 0.7846 0.6139
      outer loop
         vertex -11.3985 5.1732 4.2328
         vertex -10.9591 5.2331 4.2328
         vertex -10.9668 5.3184 4.1057
      endloop
   endfacet
   facet normal -0.0507 0.3198 0.9461
      outer loop
         vertex -11.3800 5.0474 4.3186
         vertex -12.8321 4.8174 4.3186
         vertex -12.8078 4.6637 4.3500
      endloop
   endfacet
   facet normal -0.0408 0.2577 0.9654
      outer loop
         vertex -11.3800 5.0474 4.3186
         vertex -12.8078 4.6637 4.3500
         vertex -11.3573 4.8934 4.3500
      endloop
   endfacet
   facet normal -0.0784 0.4953 0.8652
      outer loop
         vertex -12.8321 4.8174 4.3186
         vertex -11.3800 5.0474 4.3186
         vertex -11.3985 5.1732 4.2328
      endloop
   endfacet
   facet normal -0.0955 0.6028 0.7921
      outer loop
         vertex -12.8321 4.8174 4.3186
         vertex -11.3985 5.1732 4.2328
         vertex -12.8520 4.9430 4.2328
      endloop
   endfacet
   facet normal -0.0068 0.1845 -0.9828
      outer loop
         vertex -11.0124 5.1347 0.0000
         vertex -11.9219 5.1647 0.0079
         vertex -11.0145 5.2034 0.0079
      endloop
   endfacet
   facet normal -0.0189 0.4825 -0.8757
      outer loop
         vertex -11.9274 5.2276 0.0305
         vertex -11.9322 5.2831 0.0659
         vertex -11.0163 5.2666 0.0305
      endloop
   endfacet
   facet normal -0.0047 0.1595 -0.9872
      outer loop
         vertex -10.0975 5.1500 0.0000
         vertex -11.0124 5.1347 0.0000
         vertex -11.0145 5.2034 0.0079
      endloop
   endfacet
   facet normal -0.0049 0.2095 -0.9778
      outer loop
         vertex -10.0975 5.1500 0.0000
         vertex -11.0145 5.2034 0.0079
         vertex -10.0981 5.2188 0.0079
      endloop
   endfacet
   facet normal -0.0131 0.3660 -0.9305
      outer loop
         vertex -11.9274 5.2276 0.0305
         vertex -11.0163 5.2666 0.0305
         vertex -11.0145 5.2034 0.0079
      endloop
   endfacet
   facet normal -0.0113 0.2827 -0.9592
      outer loop
         vertex -11.9219 5.1647 0.0079
         vertex -11.9274 5.2276 0.0305
         vertex -11.0145 5.2034 0.0079
      endloop
   endfacet
   facet normal -0.0056 0.1394 -0.9902
      outer loop
         vertex -11.9160 5.0961 0.0000
         vertex -11.9219 5.1647 0.0079
         vertex -11.0124 5.1347 0.0000
      endloop
   endfacet
   facet normal -0.0339 0.9878 -0.1520
      outer loop
         vertex -11.9420 5.3950 0.3000
         vertex -11.0214 5.4345 0.3000
         vertex -11.0211 5.4266 0.2312
      endloop
   endfacet
   facet normal -0.0204 0.9575 -0.2876
      outer loop
         vertex -10.0997 5.4195 0.1681
         vertex -11.0211 5.4266 0.2312
         vertex -10.0999 5.4421 0.2312
      endloop
   endfacet
   facet normal -0.0088 0.3188 -0.9478
      outer loop
         vertex -11.0145 5.2034 0.0079
         vertex -11.0163 5.2666 0.0305
         vertex -10.0981 5.2188 0.0079
      endloop
   endfacet
   facet normal -0.0194 0.5562 -0.8308
      outer loop
         vertex -11.9322 5.2831 0.0659
         vertex -11.0180 5.3222 0.0659
         vertex -11.0163 5.2666 0.0305
      endloop
   endfacet
   facet normal -0.0258 0.6623 -0.7488
      outer loop
         vertex -11.0180 5.3222 0.0659
         vertex -11.9322 5.2831 0.0659
         vertex -11.9363 5.3293 0.1124
      endloop
   endfacet
   facet normal -0.0327 0.9497 -0.3116
      outer loop
         vertex -11.9413 5.3871 0.2312
         vertex -11.0211 5.4266 0.2312
         vertex -11.0204 5.4041 0.1681
      endloop
   endfacet
   facet normal -0.0187 0.8756 -0.4827
      outer loop
         vertex -10.0994 5.3841 0.1124
         vertex -11.0204 5.4041 0.1681
         vertex -10.0997 5.4195 0.1681
      endloop
   endfacet
   facet normal -0.0240 0.9330 -0.3590
      outer loop
         vertex -11.0204 5.4041 0.1681
         vertex -11.0211 5.4266 0.2312
         vertex -10.0997 5.4195 0.1681
      endloop
   endfacet
   facet normal -0.0378 0.9787 -0.2020
      outer loop
         vertex -11.0211 5.4266 0.2312
         vertex -11.9413 5.3871 0.2312
         vertex -11.9420 5.3950 0.3000
      endloop
   endfacet
   facet normal -0.0251 0.7238 -0.6895
      outer loop
         vertex -11.9363 5.3293 0.1124
         vertex -11.0194 5.3687 0.1124
         vertex -11.0180 5.3222 0.0659
      endloop
   endfacet
   facet normal -0.0314 0.8094 -0.5865
      outer loop
         vertex -11.9363 5.3293 0.1124
         vertex -11.9394 5.3646 0.1681
         vertex -11.0194 5.3687 0.1124
      endloop
   endfacet
   facet normal -0.0087 0.3938 -0.9192
      outer loop
         vertex -10.0981 5.2188 0.0079
         vertex -11.0163 5.2666 0.0305
         vertex -10.0986 5.2819 0.0305
      endloop
   endfacet
   facet normal -0.0135 0.5147 -0.8573
      outer loop
         vertex -11.0163 5.2666 0.0305
         vertex -11.0180 5.3222 0.0659
         vertex -10.0986 5.2819 0.0305
      endloop
   endfacet
   facet normal -0.0296 0.8568 -0.5147
      outer loop
         vertex -11.9394 5.3646 0.1681
         vertex -11.0204 5.4041 0.1681
         vertex -11.0194 5.3687 0.1124
      endloop
   endfacet
   facet normal -0.0356 0.9185 -0.3937
      outer loop
         vertex -11.0204 5.4041 0.1681
         vertex -11.9394 5.3646 0.1681
         vertex -11.9413 5.3871 0.2312
      endloop
   endfacet
   facet normal -0.0127 0.5865 -0.8098
      outer loop
         vertex -10.0986 5.2819 0.0305
         vertex -11.0180 5.3222 0.0659
         vertex -10.0991 5.3376 0.0659
      endloop
   endfacet
   facet normal -0.0179 0.6894 -0.7241
      outer loop
         vertex -11.0180 5.3222 0.0659
         vertex -11.0194 5.3687 0.1124
         vertex -10.0991 5.3376 0.0659
      endloop
   endfacet
   facet normal -0.0161 0.7488 -0.6627
      outer loop
         vertex -10.0991 5.3376 0.0659
         vertex -11.0194 5.3687 0.1124
         vertex -10.0994 5.3841 0.1124
      endloop
   endfacet
   facet normal -0.0214 0.8306 -0.5564
      outer loop
         vertex -11.0194 5.3687 0.1124
         vertex -11.0204 5.4041 0.1681
         vertex -10.0994 5.3841 0.1124
      endloop
   endfacet
   facet normal -0.1006 0.5677 -0.8171
      outer loop
         vertex -11.9322 5.2831 0.0659
         vertex -11.9274 5.2276 0.0305
         vertex -12.9482 5.1502 0.0659
      endloop
   endfacet
   facet normal -0.1290 0.7293 -0.6720
      outer loop
         vertex -12.9602 5.1950 0.1124
         vertex -11.9363 5.3293 0.1124
         vertex -11.9322 5.2831 0.0659
      endloop
   endfacet
   facet normal -0.0629 0.2802 -0.9579
      outer loop
         vertex -12.9338 5.0964 0.0305
         vertex -11.9219 5.1647 0.0079
         vertex -12.9174 5.0354 0.0079
      endloop
   endfacet
   facet normal -0.1513 0.8563 -0.4939
      outer loop
         vertex -11.9363 5.3293 0.1124
         vertex -12.9694 5.2292 0.1681
         vertex -11.9394 5.3646 0.1681
      endloop
   endfacet
   facet normal -0.1664 0.9431 -0.2879
      outer loop
         vertex -11.9394 5.3646 0.1681
         vertex -12.9752 5.2510 0.2312
         vertex -11.9413 5.3871 0.2312
      endloop
   endfacet
   facet normal -0.0311 0.1358 -0.9902
      outer loop
         vertex -11.9160 5.0961 0.0000
         vertex -12.8996 4.9689 0.0000
         vertex -12.9174 5.0354 0.0079
      endloop
   endfacet
   facet normal -0.2123 0.9585 -0.1901
      outer loop
         vertex -12.9773 5.2587 0.3000
         vertex -11.9413 5.3871 0.2312
         vertex -12.9752 5.2510 0.2312
      endloop
   endfacet
   facet normal 0.0000 0.0000 -1.0000
      outer loop
         vertex -7.6168 4.9700 1.3500
         vertex -7.5224 4.3741 1.3500
         vertex -9.6142 3.5951 1.3500
      endloop
   endfacet
   facet normal 0.0000 0.0000 -1.0000
      outer loop
         vertex -7.6168 4.9700 1.3500
         vertex -9.6142 3.5951 1.3500
         vertex -10.1015 3.5696 1.3500
      endloop
   endfacet
   facet normal 0.0000 0.0000 -1.0000
      outer loop
         vertex -7.6168 4.9700 1.3500
         vertex -10.1015 3.5696 1.3500
         vertex -10.1067 3.5694 1.3500
      endloop
   endfacet
   facet normal 0.0000 0.0000 -1.0000
      outer loop
         vertex -7.6168 4.9700 1.3500
         vertex -10.1067 3.5694 1.3500
         vertex -10.1567 3.5828 1.3500
      endloop
   endfacet
   facet normal 0.0000 0.0000 -1.0000
      outer loop
         vertex -7.6168 4.9700 1.3500
         vertex -10.1567 3.5828 1.3500
         vertex -10.1933 3.6194 1.3500
      endloop
   endfacet
   facet normal 0.0000 0.0000 -1.0000
      outer loop
         vertex -7.6168 4.9700 1.3500
         vertex -10.1933 3.6194 1.3500
         vertex -10.2059 3.6564 1.3500
      endloop
   endfacet
   facet normal 0.0000 0.0000 -1.0000
      outer loop
         vertex -7.6168 4.9700 1.3500
         vertex -10.2059 3.6564 1.3500
         vertex -10.2913 4.3053 1.3500
      endloop
   endfacet
   facet normal 0.0000 0.0000 -1.0000
      outer loop
         vertex -7.6168 4.9700 1.3500
         vertex -10.2913 4.3053 1.3500
         vertex -10.3540 4.4900 1.3500
      endloop
   endfacet
   facet normal 0.0000 0.0000 -1.0000
      outer loop
         vertex -7.6168 4.9700 1.3500
         vertex -10.3540 4.4900 1.3500
         vertex -10.5200 4.9700 1.3500
      endloop
   endfacet
   facet normal 0.0000 0.0000 -1.0000
      outer loop
         vertex -10.5200 4.9700 1.3500
         vertex -10.3540 4.4900 1.3500
         vertex -10.5370 4.6730 1.3500
      endloop
   endfacet
   facet normal 0.0000 0.0000 -1.0000
      outer loop
         vertex -10.5200 4.9700 1.3500
         vertex -10.5370 4.6730 1.3500
         vertex -10.7870 4.7400 1.3500
      endloop
   endfacet
   facet normal 0.0000 0.0000 -1.0000
      outer loop
         vertex -10.5200 4.9700 1.3500
         vertex -10.7870 4.7400 1.3500
         vertex -10.8325 4.7379 1.3500
      endloop
   endfacet
   facet normal 0.0000 0.0000 -1.0000
      outer loop
         vertex -10.5200 4.9700 1.3500
         vertex -10.8325 4.7379 1.3500
         vertex -10.9237 4.7331 1.3500
      endloop
   endfacet
   facet normal 0.0000 0.0000 -1.0000
      outer loop
         vertex -10.5200 4.9700 1.3500
         vertex -10.9237 4.7331 1.3500
         vertex -10.9336 4.9514 1.3500
      endloop
   endfacet
   facet normal 0.0000 0.0000 -1.0000
      outer loop
         vertex -10.9237 4.7331 1.3500
         vertex -11.1379 4.7173 1.3500
         vertex -10.9336 4.9514 1.3500
      endloop
   endfacet
   facet normal 0.0000 0.0000 -1.0000
      outer loop
         vertex -10.9336 4.9514 1.3500
         vertex -11.1379 4.7173 1.3500
         vertex -11.3511 4.6923 1.3500
      endloop
   endfacet
   facet normal 0.0000 0.0000 -1.0000
      outer loop
         vertex -10.9336 4.9514 1.3500
         vertex -11.3511 4.6923 1.3500
         vertex -11.3573 4.8934 1.3500
      endloop
   endfacet
   facet normal 0.0000 0.0000 -1.0000
      outer loop
         vertex -11.3573 4.8934 1.3500
         vertex -11.3511 4.6923 1.3500
         vertex -12.5755 4.4984 1.3500
      endloop
   endfacet
   facet normal 0.0000 0.0000 -1.0000
      outer loop
         vertex -11.3573 4.8934 1.3500
         vertex -12.5755 4.4984 1.3500
         vertex -12.7971 4.4513 1.3500
      endloop
   endfacet
   facet normal 0.0000 0.0000 -1.0000
      outer loop
         vertex -13.7086 3.9476 1.3500
         vertex -13.5430 4.4033 1.3500
         vertex -13.3190 4.2351 1.3500
      endloop
   endfacet
   facet normal 0.0000 0.0000 -1.0000
      outer loop
         vertex -13.3190 4.2351 1.3500
         vertex -13.5430 4.4033 1.3500
         vertex -13.0118 4.6214 1.3500
      endloop
   endfacet
   facet normal 0.0000 0.0000 -1.0000
      outer loop
         vertex -13.3190 4.2351 1.3500
         vertex -13.0118 4.6214 1.3500
         vertex -12.7971 4.4513 1.3500
      endloop
   endfacet
   facet normal 0.0000 0.0000 -1.0000
      outer loop
         vertex -12.7971 4.4513 1.3500
         vertex -13.0118 4.6214 1.3500
         vertex -12.8078 4.6637 1.3500
      endloop
   endfacet
   facet normal 0.0000 0.0000 -1.0000
      outer loop
         vertex -12.7971 4.4513 1.3500
         vertex -12.8078 4.6637 1.3500
         vertex -11.3573 4.8934 1.3500
      endloop
   endfacet
   facet normal 0.0000 0.0000 -1.0000
      outer loop
         vertex -13.7709 3.8889 1.3500
         vertex -13.9934 3.5990 1.3500
         vertex -13.9862 4.0632 1.3500
      endloop
   endfacet
   facet normal 0.0000 0.0000 -1.0000
      outer loop
         vertex -13.7709 3.8889 1.3500
         vertex -13.9862 4.0632 1.3500
         vertex -13.5430 4.4033 1.3500
      endloop
   endfacet
   facet normal 0.0000 0.0000 -1.0000
      outer loop
         vertex -13.7709 3.8889 1.3500
         vertex -13.5430 4.4033 1.3500
         vertex -13.7086 3.9476 1.3500
      endloop
   endfacet
   facet normal 0.0000 0.0000 -1.0000
      outer loop
         vertex -14.5816 2.9310 1.3500
         vertex -14.5457 3.0848 1.3500
         vertex -14.1980 2.8000 1.3500
      endloop
   endfacet
   facet normal 0.0000 0.0000 -1.0000
      outer loop
         vertex -14.1980 2.8000 1.3500
         vertex -14.5457 3.0848 1.3500
         vertex -14.3263 3.6200 1.3500
      endloop
   endfacet
   facet normal 0.0000 0.0000 -1.0000
      outer loop
         vertex -14.1980 2.8000 1.3500
         vertex -14.3263 3.6200 1.3500
         vertex -14.1405 3.2369 1.3500
      endloop
   endfacet
   facet normal 0.0000 0.0000 -1.0000
      outer loop
         vertex -14.1405 3.2369 1.3500
         vertex -14.3263 3.6200 1.3500
         vertex -13.9862 4.0632 1.3500
      endloop
   endfacet
   facet normal 0.0000 0.0000 -1.0000
      outer loop
         vertex -14.1405 3.2369 1.3500
         vertex -13.9862 4.0632 1.3500
         vertex -14.0616 3.4647 1.3500
      endloop
   endfacet
   facet normal 0.0000 0.0000 -1.0000
      outer loop
         vertex -14.0616 3.4647 1.3500
         vertex -13.9862 4.0632 1.3500
         vertex -13.9934 3.5990 1.3500
      endloop
   endfacet
   facet normal 0.0000 0.0000 -1.0000
      outer loop
         vertex -14.5816 2.9310 1.3500
         vertex -14.1980 2.8000 1.3500
         vertex -14.6393 2.8000 1.3500
      endloop
   endfacet
   facet normal 0.3633 -0.9317 0.0000
      outer loop
         vertex -12.7971 4.4513 1.3500
         vertex -12.7971 4.4513 4.3500
         vertex -13.3190 4.2351 4.3500
      endloop
   endfacet
   facet normal 0.4288 -0.9034 0.0000
      outer loop
         vertex -12.7971 4.4513 1.3500
         vertex -13.3190 4.2351 4.3500
         vertex -13.3190 4.2351 1.3500
      endloop
   endfacet
   facet normal -0.1558 0.6251 -0.7648
      outer loop
         vertex -12.8321 4.8174 1.3814
         vertex -13.0957 4.8916 1.4672
         vertex -12.8520 4.9430 1.4672
      endloop
   endfacet
   facet normal -0.1106 0.2214 -0.9689
      outer loop
         vertex -13.0118 4.6214 1.3500
         vertex -13.5430 4.4033 1.3500
         vertex -13.6208 4.5381 1.3814
      endloop
   endfacet
   facet normal -0.0745 0.2501 -0.9654
      outer loop
         vertex -13.0580 4.7701 1.3814
         vertex -12.8078 4.6637 1.3500
         vertex -13.0118 4.6214 1.3500
      endloop
   endfacet
   facet normal -0.0841 0.3344 -0.9387
      outer loop
         vertex -13.0580 4.7701 1.3814
         vertex -12.8321 4.8174 1.3814
         vertex -12.8078 4.6637 1.3500
      endloop
   endfacet
   facet normal -0.1176 0.2870 -0.9507
      outer loop
         vertex -13.6208 4.5381 1.3814
         vertex -13.0580 4.7701 1.3814
         vertex -13.0118 4.6214 1.3500
      endloop
   endfacet
   facet normal -0.1434 0.5003 -0.8539
      outer loop
         vertex -12.8321 4.8174 1.3814
         vertex -13.0580 4.7701 1.3814
         vertex -13.0957 4.8916 1.4672
      endloop
   endfacet
   facet normal -0.1706 0.1951 -0.9658
      outer loop
         vertex -13.5430 4.4033 1.3500
         vertex -13.9862 4.0632 1.3500
         vertex -14.0963 4.1733 1.3814
      endloop
   endfacet
   facet normal -0.1805 0.2502 -0.9512
      outer loop
         vertex -13.5430 4.4033 1.3500
         vertex -14.0963 4.1733 1.3814
         vertex -13.6208 4.5381 1.3814
      endloop
   endfacet
   facet normal 0.2672 -0.9637 0.0000
      outer loop
         vertex -12.7971 4.4513 4.3500
         vertex -12.7971 4.4513 1.3500
         vertex -12.5755 4.4984 1.3500
      endloop
   endfacet
   facet normal 0.2376 -0.9714 0.0000
      outer loop
         vertex -12.7971 4.4513 4.3500
         vertex -12.5755 4.4984 1.3500
         vertex -12.5755 4.4984 4.3500
      endloop
   endfacet
   facet normal 0.5268 -0.8500 0.0000
      outer loop
         vertex -13.7086 3.9476 1.3500
         vertex -13.3190 4.2351 1.3500
         vertex -13.3190 4.2351 4.3500
      endloop
   endfacet
   facet normal 0.5609 -0.8279 0.0000
      outer loop
         vertex -13.7086 3.9476 1.3500
         vertex -13.3190 4.2351 4.3500
         vertex -13.7086 3.9476 4.3500
      endloop
   endfacet
   facet normal 0.0000 0.0000 -1.0000
      outer loop
         vertex -7.6168 4.9700 7.3500
         vertex -7.5224 4.3741 7.3500
         vertex -9.6142 3.5951 7.3500
      endloop
   endfacet
   facet normal 0.0000 0.0000 -1.0000
      outer loop
         vertex -7.6168 4.9700 7.3500
         vertex -9.6142 3.5951 7.3500
         vertex -10.1015 3.5696 7.3500
      endloop
   endfacet
   facet normal 0.0000 0.0000 -1.0000
      outer loop
         vertex -7.6168 4.9700 7.3500
         vertex -10.1015 3.5696 7.3500
         vertex -10.1067 3.5694 7.3500
      endloop
   endfacet
   facet normal 0.0000 0.0000 -1.0000
      outer loop
         vertex -7.6168 4.9700 7.3500
         vertex -10.1067 3.5694 7.3500
         vertex -10.1567 3.5828 7.3500
      endloop
   endfacet
   facet normal 0.0000 0.0000 -1.0000
      outer loop
         vertex -7.6168 4.9700 7.3500
         vertex -10.1567 3.5828 7.3500
         vertex -10.1933 3.6194 7.3500
      endloop
   endfacet
   facet normal 0.0000 0.0000 -1.0000
      outer loop
         vertex -7.6168 4.9700 7.3500
         vertex -10.1933 3.6194 7.3500
         vertex -10.2059 3.6564 7.3500
      endloop
   endfacet
   facet normal 0.0000 0.0000 -1.0000
      outer loop
         vertex -7.6168 4.9700 7.3500
         vertex -10.2059 3.6564 7.3500
         vertex -10.2913 4.3053 7.3500
      endloop
   endfacet
   facet normal 0.0000 0.0000 -1.0000
      outer loop
         vertex -7.6168 4.9700 7.3500
         vertex -10.2913 4.3053 7.3500
         vertex -10.3540 4.4900 7.3500
      endloop
   endfacet
   facet normal 0.0000 0.0000 -1.0000
      outer loop
         vertex -7.6168 4.9700 7.3500
         vertex -10.3540 4.4900 7.3500
         vertex -10.5200 4.9700 7.3500
      endloop
   endfacet
   facet normal 0.0000 0.0000 -1.0000
      outer loop
         vertex -10.5200 4.9700 7.3500
         vertex -10.3540 4.4900 7.3500
         vertex -10.5370 4.6730 7.3500
      endloop
   endfacet
   facet normal 0.0000 0.0000 -1.0000
      outer loop
         vertex -10.5200 4.9700 7.3500
         vertex -10.5370 4.6730 7.3500
         vertex -10.7870 4.7400 7.3500
      endloop
   endfacet
   facet normal 0.0000 0.0000 -1.0000
      outer loop
         vertex -10.5200 4.9700 7.3500
         vertex -10.7870 4.7400 7.3500
         vertex -10.8325 4.7379 7.3500
      endloop
   endfacet
   facet normal 0.0000 0.0000 -1.0000
      outer loop
         vertex -10.5200 4.9700 7.3500
         vertex -10.8325 4.7379 7.3500
         vertex -10.9237 4.7331 7.3500
      endloop
   endfacet
   facet normal 0.0000 0.0000 -1.0000
      outer loop
         vertex -10.5200 4.9700 7.3500
         vertex -10.9237 4.7331 7.3500
         vertex -10.9336 4.9514 7.3500
      endloop
   endfacet
   facet normal 0.0000 0.0000 -1.0000
      outer loop
         vertex -10.9237 4.7331 7.3500
         vertex -11.1379 4.7173 7.3500
         vertex -10.9336 4.9514 7.3500
      endloop
   endfacet
   facet normal 0.0000 0.0000 -1.0000
      outer loop
         vertex -10.9336 4.9514 7.3500
         vertex -11.1379 4.7173 7.3500
         vertex -11.3511 4.6923 7.3500
      endloop
   endfacet
   facet normal 0.0000 0.0000 -1.0000
      outer loop
         vertex -10.9336 4.9514 7.3500
         vertex -11.3511 4.6923 7.3500
         vertex -11.3573 4.8934 7.3500
      endloop
   endfacet
   facet normal 0.0000 0.0000 -1.0000
      outer loop
         vertex -11.3573 4.8934 7.3500
         vertex -11.3511 4.6923 7.3500
         vertex -12.5755 4.4984 7.3500
      endloop
   endfacet
   facet normal 0.0000 0.0000 -1.0000
      outer loop
         vertex -11.3573 4.8934 7.3500
         vertex -12.5755 4.4984 7.3500
         vertex -12.7971 4.4513 7.3500
      endloop
   endfacet
   facet normal 0.0000 0.0000 -1.0000
      outer loop
         vertex -13.7086 3.9476 7.3500
         vertex -13.5430 4.4033 7.3500
         vertex -13.3190 4.2351 7.3500
      endloop
   endfacet
   facet normal 0.0000 0.0000 -1.0000
      outer loop
         vertex -13.3190 4.2351 7.3500
         vertex -13.5430 4.4033 7.3500
         vertex -13.0118 4.6214 7.3500
      endloop
   endfacet
   facet normal 0.0000 0.0000 -1.0000
      outer loop
         vertex -13.3190 4.2351 7.3500
         vertex -13.0118 4.6214 7.3500
         vertex -12.7971 4.4513 7.3500
      endloop
   endfacet
   facet normal 0.0000 0.0000 -1.0000
      outer loop
         vertex -12.7971 4.4513 7.3500
         vertex -13.0118 4.6214 7.3500
         vertex -12.8078 4.6637 7.3500
      endloop
   endfacet
   facet normal 0.0000 0.0000 -1.0000
      outer loop
         vertex -12.7971 4.4513 7.3500
         vertex -12.8078 4.6637 7.3500
         vertex -11.3573 4.8934 7.3500
      endloop
   endfacet
   facet normal 0.0000 0.0000 -1.0000
      outer loop
         vertex -13.7709 3.8889 7.3500
         vertex -13.9934 3.5990 7.3500
         vertex -13.9862 4.0632 7.3500
      endloop
   endfacet
   facet normal 0.0000 0.0000 -1.0000
      outer loop
         vertex -13.7709 3.8889 7.3500
         vertex -13.9862 4.0632 7.3500
         vertex -13.5430 4.4033 7.3500
      endloop
   endfacet
   facet normal 0.0000 0.0000 -1.0000
      outer loop
         vertex -13.7709 3.8889 7.3500
         vertex -13.5430 4.4033 7.3500
         vertex -13.7086 3.9476 7.3500
      endloop
   endfacet
   facet normal 0.0000 0.0000 -1.0000
      outer loop
         vertex -14.5816 2.9310 7.3500
         vertex -14.5457 3.0848 7.3500
         vertex -14.1980 2.8000 7.3500
      endloop
   endfacet
   facet normal 0.0000 0.0000 -1.0000
      outer loop
         vertex -14.1980 2.8000 7.3500
         vertex -14.5457 3.0848 7.3500
         vertex -14.3263 3.6200 7.3500
      endloop
   endfacet
   facet normal 0.0000 0.0000 -1.0000
      outer loop
         vertex -14.1980 2.8000 7.3500
         vertex -14.3263 3.6200 7.3500
         vertex -14.1405 3.2369 7.3500
      endloop
   endfacet
   facet normal 0.0000 0.0000 -1.0000
      outer loop
         vertex -14.1405 3.2369 7.3500
         vertex -14.3263 3.6200 7.3500
         vertex -13.9862 4.0632 7.3500
      endloop
   endfacet
   facet normal 0.0000 0.0000 -1.0000
      outer loop
         vertex -14.1405 3.2369 7.3500
         vertex -13.9862 4.0632 7.3500
         vertex -14.0616 3.4647 7.3500
      endloop
   endfacet
   facet normal 0.0000 0.0000 -1.0000
      outer loop
         vertex -14.0616 3.4647 7.3500
         vertex -13.9862 4.0632 7.3500
         vertex -13.9934 3.5990 7.3500
      endloop
   endfacet
   facet normal 0.0000 0.0000 -1.0000
      outer loop
         vertex -14.5816 2.9310 7.3500
         vertex -14.1980 2.8000 7.3500
         vertex -14.6393 2.8000 7.3500
      endloop
   endfacet
   facet normal -0.1558 0.6251 -0.7648
      outer loop
         vertex -12.8321 4.8174 7.3814
         vertex -13.0957 4.8916 7.4672
         vertex -12.8520 4.9430 7.4672
      endloop
   endfacet
   facet normal -0.1106 0.2214 -0.9689
      outer loop
         vertex -13.0118 4.6214 7.3500
         vertex -13.5430 4.4033 7.3500
         vertex -13.6208 4.5381 7.3814
      endloop
   endfacet
   facet normal -0.0841 0.3344 -0.9387
      outer loop
         vertex -13.0580 4.7701 7.3814
         vertex -12.8321 4.8174 7.3814
         vertex -12.8078 4.6637 7.3500
      endloop
   endfacet
   facet normal -0.0745 0.2501 -0.9654
      outer loop
         vertex -13.0580 4.7701 7.3814
         vertex -12.8078 4.6637 7.3500
         vertex -13.0118 4.6214 7.3500
      endloop
   endfacet
   facet normal -0.1176 0.2870 -0.9507
      outer loop
         vertex -13.6208 4.5381 7.3814
         vertex -13.0580 4.7701 7.3814
         vertex -13.0118 4.6214 7.3500
      endloop
   endfacet
   facet normal -0.1434 0.5003 -0.8539
      outer loop
         vertex -12.8321 4.8174 7.3814
         vertex -13.0580 4.7701 7.3814
         vertex -13.0957 4.8916 7.4672
      endloop
   endfacet
   facet normal -0.1805 0.2502 -0.9512
      outer loop
         vertex -14.0963 4.1733 7.3814
         vertex -13.6208 4.5381 7.3814
         vertex -13.5430 4.4033 7.3500
      endloop
   endfacet
   facet normal -0.1706 0.1951 -0.9658
      outer loop
         vertex -14.0963 4.1733 7.3814
         vertex -13.5430 4.4033 7.3500
         vertex -13.9862 4.0632 7.3500
      endloop
   endfacet
   facet normal 0.0000 0.0000 1.0000
      outer loop
         vertex -7.6168 4.9700 4.3500
         vertex -10.5200 4.9700 4.3500
         vertex -10.3540 4.4900 4.3500
      endloop
   endfacet
   facet normal 0.0000 0.0000 1.0000
      outer loop
         vertex -7.6168 4.9700 4.3500
         vertex -10.3540 4.4900 4.3500
         vertex -10.2913 4.3053 4.3500
      endloop
   endfacet
   facet normal 0.0000 0.0000 1.0000
      outer loop
         vertex -7.6168 4.9700 4.3500
         vertex -10.2913 4.3053 4.3500
         vertex -10.2059 3.6564 4.3500
      endloop
   endfacet
   facet normal 0.0000 0.0000 1.0000
      outer loop
         vertex -7.6168 4.9700 4.3500
         vertex -10.2059 3.6564 4.3500
         vertex -10.1933 3.6194 4.3500
      endloop
   endfacet
   facet normal 0.0000 0.0000 1.0000
      outer loop
         vertex -7.6168 4.9700 4.3500
         vertex -10.1933 3.6194 4.3500
         vertex -10.1567 3.5828 4.3500
      endloop
   endfacet
   facet normal 0.0000 0.0000 1.0000
      outer loop
         vertex -7.6168 4.9700 4.3500
         vertex -10.1567 3.5828 4.3500
         vertex -10.1067 3.5694 4.3500
      endloop
   endfacet
   facet normal 0.0000 0.0000 1.0000
      outer loop
         vertex -7.6168 4.9700 4.3500
         vertex -10.1067 3.5694 4.3500
         vertex -10.1015 3.5696 4.3500
      endloop
   endfacet
   facet normal 0.0000 0.0000 1.0000
      outer loop
         vertex -7.6168 4.9700 4.3500
         vertex -10.1015 3.5696 4.3500
         vertex -9.6142 3.5951 4.3500
      endloop
   endfacet
   facet normal 0.0000 0.0000 1.0000
      outer loop
         vertex -7.6168 4.9700 4.3500
         vertex -9.6142 3.5951 4.3500
         vertex -7.5224 4.3741 4.3500
      endloop
   endfacet
   facet normal 0.0000 0.0000 1.0000
      outer loop
         vertex -10.5200 4.9700 4.3500
         vertex -10.9336 4.9514 4.3500
         vertex -10.9237 4.7331 4.3500
      endloop
   endfacet
   facet normal 0.0000 0.0000 1.0000
      outer loop
         vertex -10.5200 4.9700 4.3500
         vertex -10.9237 4.7331 4.3500
         vertex -10.8325 4.7379 4.3500
      endloop
   endfacet
   facet normal 0.0000 0.0000 1.0000
      outer loop
         vertex -10.5200 4.9700 4.3500
         vertex -10.8325 4.7379 4.3500
         vertex -10.7870 4.7400 4.3500
      endloop
   endfacet
   facet normal 0.0000 0.0000 1.0000
      outer loop
         vertex -10.5200 4.9700 4.3500
         vertex -10.7870 4.7400 4.3500
         vertex -10.5370 4.6730 4.3500
      endloop
   endfacet
   facet normal 0.0000 0.0000 1.0000
      outer loop
         vertex -10.5200 4.9700 4.3500
         vertex -10.5370 4.6730 4.3500
         vertex -10.3540 4.4900 4.3500
      endloop
   endfacet
   facet normal 0.0000 0.0000 1.0000
      outer loop
         vertex -12.7971 4.4513 4.3500
         vertex -12.5755 4.4984 4.3500
         vertex -11.3573 4.8934 4.3500
      endloop
   endfacet
   facet normal 0.0000 0.0000 1.0000
      outer loop
         vertex -11.3573 4.8934 4.3500
         vertex -12.5755 4.4984 4.3500
         vertex -11.3511 4.6923 4.3500
      endloop
   endfacet
   facet normal 0.0000 0.0000 1.0000
      outer loop
         vertex -11.3573 4.8934 4.3500
         vertex -11.3511 4.6923 4.3500
         vertex -10.9336 4.9514 4.3500
      endloop
   endfacet
   facet normal 0.0000 0.0000 1.0000
      outer loop
         vertex -10.9336 4.9514 4.3500
         vertex -11.3511 4.6923 4.3500
         vertex -11.1379 4.7173 4.3500
      endloop
   endfacet
   facet normal 0.0000 0.0000 1.0000
      outer loop
         vertex -10.9336 4.9514 4.3500
         vertex -11.1379 4.7173 4.3500
         vertex -10.9237 4.7331 4.3500
      endloop
   endfacet
   facet normal 0.0000 0.0000 1.0000
      outer loop
         vertex -13.7709 3.8889 4.3500
         vertex -13.7086 3.9476 4.3500
         vertex -13.5430 4.4033 4.3500
      endloop
   endfacet
   facet normal 0.0000 0.0000 1.0000
      outer loop
         vertex -13.5430 4.4033 4.3500
         vertex -13.7086 3.9476 4.3500
         vertex -13.3190 4.2351 4.3500
      endloop
   endfacet
   facet normal 0.0000 0.0000 1.0000
      outer loop
         vertex -13.5430 4.4033 4.3500
         vertex -13.3190 4.2351 4.3500
         vertex -13.0118 4.6214 4.3500
      endloop
   endfacet
   facet normal 0.0000 0.0000 1.0000
      outer loop
         vertex -13.0118 4.6214 4.3500
         vertex -13.3190 4.2351 4.3500
         vertex -12.7971 4.4513 4.3500
      endloop
   endfacet
   facet normal 0.0000 0.0000 1.0000
      outer loop
         vertex -13.0118 4.6214 4.3500
         vertex -12.7971 4.4513 4.3500
         vertex -12.8078 4.6637 4.3500
      endloop
   endfacet
   facet normal 0.0000 0.0000 1.0000
      outer loop
         vertex -12.8078 4.6637 4.3500
         vertex -12.7971 4.4513 4.3500
         vertex -11.3573 4.8934 4.3500
      endloop
   endfacet
   facet normal 0.0000 0.0000 1.0000
      outer loop
         vertex -13.9862 4.0632 4.3500
         vertex -14.3263 3.6200 4.3500
         vertex -14.1405 3.2369 4.3500
      endloop
   endfacet
   facet normal 0.0000 0.0000 1.0000
      outer loop
         vertex -13.9862 4.0632 4.3500
         vertex -14.1405 3.2369 4.3500
         vertex -14.0616 3.4647 4.3500
      endloop
   endfacet
   facet normal 0.0000 0.0000 1.0000
      outer loop
         vertex -13.9862 4.0632 4.3500
         vertex -14.0616 3.4647 4.3500
         vertex -13.9934 3.5990 4.3500
      endloop
   endfacet
   facet normal 0.0000 0.0000 1.0000
      outer loop
         vertex -13.9862 4.0632 4.3500
         vertex -13.9934 3.5990 4.3500
         vertex -13.7709 3.8889 4.3500
      endloop
   endfacet
   facet normal 0.0000 0.0000 1.0000
      outer loop
         vertex -13.9862 4.0632 4.3500
         vertex -13.7709 3.8889 4.3500
         vertex -13.5430 4.4033 4.3500
      endloop
   endfacet
   facet normal 0.0000 0.0000 1.0000
      outer loop
         vertex -14.1980 2.8000 4.3500
         vertex -14.1405 3.2369 4.3500
         vertex -14.3263 3.6200 4.3500
      endloop
   endfacet
   facet normal 0.0000 0.0000 1.0000
      outer loop
         vertex -14.1980 2.8000 4.3500
         vertex -14.3263 3.6200 4.3500
         vertex -14.5457 3.0848 4.3500
      endloop
   endfacet
   facet normal 0.0000 0.0000 1.0000
      outer loop
         vertex -14.1980 2.8000 4.3500
         vertex -14.5457 3.0848 4.3500
         vertex -14.5816 2.9310 4.3500
      endloop
   endfacet
   facet normal 0.0000 0.0000 1.0000
      outer loop
         vertex -14.1980 2.8000 4.3500
         vertex -14.5816 2.9310 4.3500
         vertex -14.6393 2.8000 4.3500
      endloop
   endfacet
   facet normal -0.1558 0.6251 0.7648
      outer loop
         vertex -12.8321 4.8174 4.3186
         vertex -12.8520 4.9430 4.2328
         vertex -13.0957 4.8916 4.2328
      endloop
   endfacet
   facet normal -0.1106 0.2214 0.9689
      outer loop
         vertex -13.5430 4.4033 4.3500
         vertex -13.0118 4.6214 4.3500
         vertex -13.6208 4.5381 4.3186
      endloop
   endfacet
   facet normal -0.0841 0.3344 0.9387
      outer loop
         vertex -13.0580 4.7701 4.3186
         vertex -12.8078 4.6637 4.3500
         vertex -12.8321 4.8174 4.3186
      endloop
   endfacet
   facet normal -0.0745 0.2501 0.9654
      outer loop
         vertex -13.0580 4.7701 4.3186
         vertex -13.0118 4.6214 4.3500
         vertex -12.8078 4.6637 4.3500
      endloop
   endfacet
   facet normal -0.1176 0.2870 0.9507
      outer loop
         vertex -13.0118 4.6214 4.3500
         vertex -13.0580 4.7701 4.3186
         vertex -13.6208 4.5381 4.3186
      endloop
   endfacet
   facet normal -0.1434 0.5003 0.8539
      outer loop
         vertex -13.0580 4.7701 4.3186
         vertex -12.8321 4.8174 4.3186
         vertex -13.0957 4.8916 4.2328
      endloop
   endfacet
   facet normal -0.1362 0.2054 0.9692
      outer loop
         vertex -13.9862 4.0632 4.3500
         vertex -13.5430 4.4033 4.3500
         vertex -13.6208 4.5381 4.3186
      endloop
   endfacet
   facet normal -0.1945 0.2395 0.9512
      outer loop
         vertex -13.9862 4.0632 4.3500
         vertex -13.6208 4.5381 4.3186
         vertex -14.0963 4.1733 4.3186
      endloop
   endfacet
   facet normal -0.1719 0.9752 -0.1397
      outer loop
         vertex -11.9413 5.3871 0.2312
         vertex -12.9773 5.2587 0.3000
         vertex -11.9420 5.3950 0.3000
      endloop
   endfacet
   facet normal -0.0327 0.1868 -0.9819
      outer loop
         vertex -11.9160 5.0961 0.0000
         vertex -12.9174 5.0354 0.0079
         vertex -11.9219 5.1647 0.0079
      endloop
   endfacet
   facet normal -0.1999 0.9018 -0.3832
      outer loop
         vertex -11.9394 5.3646 0.1681
         vertex -12.9694 5.2292 0.1681
         vertex -12.9752 5.2510 0.2312
      endloop
   endfacet
   facet normal -0.1769 0.7969 -0.5776
      outer loop
         vertex -12.9694 5.2292 0.1681
         vertex -11.9363 5.3293 0.1124
         vertex -12.9602 5.1950 0.1124
      endloop
   endfacet
   facet normal -0.0670 0.3763 -0.9241
      outer loop
         vertex -12.9338 5.0964 0.0305
         vertex -11.9274 5.2276 0.0305
         vertex -11.9219 5.1647 0.0079
      endloop
   endfacet
   facet normal -0.1455 0.6549 -0.7415
      outer loop
         vertex -11.9322 5.2831 0.0659
         vertex -12.9482 5.1502 0.0659
         vertex -12.9602 5.1950 0.1124
      endloop
   endfacet
   facet normal -0.1072 0.4810 -0.8702
      outer loop
         vertex -11.9274 5.2276 0.0305
         vertex -12.9338 5.0964 0.0305
         vertex -12.9482 5.1502 0.0659
      endloop
   endfacet
   facet normal 0.7233 -0.6905 0.0000
      outer loop
         vertex -13.7709 3.8889 4.3500
         vertex -13.7709 3.8889 1.3500
         vertex -13.7086 3.9476 1.3500
      endloop
   endfacet
   facet normal 0.7045 -0.7097 0.0000
      outer loop
         vertex -13.7709 3.8889 4.3500
         vertex -13.7086 3.9476 1.3500
         vertex -13.7086 3.9476 4.3500
      endloop
   endfacet
   facet normal -0.2395 0.1945 -0.9512
      outer loop
         vertex -14.4611 3.6978 1.3814
         vertex -14.0963 4.1733 1.3814
         vertex -13.9862 4.0632 1.3500
      endloop
   endfacet
   facet normal -0.2054 0.1361 -0.9692
      outer loop
         vertex -14.4611 3.6978 1.3814
         vertex -13.9862 4.0632 1.3500
         vertex -14.3263 3.6200 1.3500
      endloop
   endfacet
   facet normal -0.9062 0.4228 0.0000
      outer loop
         vertex -14.8919 3.9500 6.7500
         vertex -14.8919 3.9500 4.9500
         vertex -15.1216 3.3953 4.9500
      endloop
   endfacet
   facet normal -0.9398 0.3418 0.0000
      outer loop
         vertex -14.8919 3.9500 6.7500
         vertex -15.1216 3.3953 4.9500
         vertex -15.1216 3.3953 6.7500
      endloop
   endfacet
   facet normal -0.9062 0.4228 0.0000
      outer loop
         vertex -14.8919 3.9500 0.7500
         vertex -14.8919 3.9500 0.3000
         vertex -15.1216 3.3953 0.3000
      endloop
   endfacet
   facet normal -0.9398 0.3418 0.0000
      outer loop
         vertex -14.8919 3.9500 0.7500
         vertex -15.1216 3.3953 0.3000
         vertex -15.1216 3.3953 0.7500
      endloop
   endfacet
   facet normal -0.9062 0.4228 0.0000
      outer loop
         vertex -14.8919 3.9500 12.7500
         vertex -14.8919 3.9500 10.9500
         vertex -15.1216 3.3953 10.9500
      endloop
   endfacet
   facet normal -0.9398 0.3418 0.0000
      outer loop
         vertex -14.8919 3.9500 12.7500
         vertex -15.1216 3.3953 10.9500
         vertex -15.1216 3.3953 12.7500
      endloop
   endfacet
   facet normal -0.9062 0.4228 0.0000
      outer loop
         vertex -14.8919 3.9500 17.4000
         vertex -14.8919 3.9500 16.9500
         vertex -15.1216 3.3953 16.9500
      endloop
   endfacet
   facet normal -0.9398 0.3418 0.0000
      outer loop
         vertex -14.8919 3.9500 17.4000
         vertex -15.1216 3.3953 16.9500
         vertex -15.1216 3.3953 17.4000
      endloop
   endfacet
   facet normal -0.3289 0.9444 0.0000
      outer loop
         vertex -12.9773 5.2587 6.7500
         vertex -12.9773 5.2587 4.9500
         vertex -13.9420 4.8591 4.9500
      endloop
   endfacet
   facet normal -0.3974 0.9176 0.0000
      outer loop
         vertex -12.9773 5.2587 6.7500
         vertex -13.9420 4.8591 4.9500
         vertex -13.9420 4.8591 6.7500
      endloop
   endfacet
   facet normal -0.3974 0.9176 0.0000
      outer loop
         vertex -12.9773 5.2587 0.3000
         vertex -13.9420 4.8591 0.3000
         vertex -13.9420 4.8591 0.7500
      endloop
   endfacet
   facet normal -0.3289 0.9444 0.0000
      outer loop
         vertex -12.9773 5.2587 0.3000
         vertex -13.9420 4.8591 0.7500
         vertex -12.9773 5.2587 0.7500
      endloop
   endfacet
   facet normal -0.3974 0.9176 0.0000
      outer loop
         vertex -12.9773 5.2587 16.9500
         vertex -13.9420 4.8591 16.9500
         vertex -13.9420 4.8591 17.4000
      endloop
   endfacet
   facet normal -0.3289 0.9444 0.0000
      outer loop
         vertex -12.9773 5.2587 16.9500
         vertex -13.9420 4.8591 17.4000
         vertex -12.9773 5.2587 17.4000
      endloop
   endfacet
   facet normal -0.3974 0.9176 0.0000
      outer loop
         vertex -13.9420 4.8591 10.9500
         vertex -13.9420 4.8591 12.7500
         vertex -12.9773 5.2587 12.7500
      endloop
   endfacet
   facet normal -0.3289 0.9444 0.0000
      outer loop
         vertex -13.9420 4.8591 10.9500
         vertex -12.9773 5.2587 12.7500
         vertex -12.9773 5.2587 10.9500
      endloop
   endfacet
   facet normal -0.1734 0.9849 0.0000
      outer loop
         vertex -11.9420 5.3950 0.7500
         vertex -11.9420 5.3950 0.3000
         vertex -12.9773 5.2587 0.3000
      endloop
   endfacet
   facet normal -0.2162 0.9763 0.0000
      outer loop
         vertex -11.9420 5.3950 0.7500
         vertex -12.9773 5.2587 0.3000
         vertex -12.9773 5.2587 0.7500
      endloop
   endfacet
   facet normal -0.1734 0.9849 0.0000
      outer loop
         vertex -11.9420 5.3950 6.7500
         vertex -11.9420 5.3950 4.9500
         vertex -12.9773 5.2587 4.9500
      endloop
   endfacet
   facet normal -0.2162 0.9763 0.0000
      outer loop
         vertex -11.9420 5.3950 6.7500
         vertex -12.9773 5.2587 4.9500
         vertex -12.9773 5.2587 6.7500
      endloop
   endfacet
   facet normal -0.1734 0.9849 0.0000
      outer loop
         vertex -11.9420 5.3950 17.4000
         vertex -11.9420 5.3950 16.9500
         vertex -12.9773 5.2587 16.9500
      endloop
   endfacet
   facet normal -0.2162 0.9763 0.0000
      outer loop
         vertex -11.9420 5.3950 17.4000
         vertex -12.9773 5.2587 16.9500
         vertex -12.9773 5.2587 17.4000
      endloop
   endfacet
   facet normal -0.2162 0.9763 0.0000
      outer loop
         vertex -12.9773 5.2587 10.9500
         vertex -12.9773 5.2587 12.7500
         vertex -11.9420 5.3950 12.7500
      endloop
   endfacet
   facet normal -0.1734 0.9849 0.0000
      outer loop
         vertex -12.9773 5.2587 10.9500
         vertex -11.9420 5.3950 12.7500
         vertex -11.9420 5.3950 10.9500
      endloop
   endfacet
   facet normal -0.5466 0.3840 0.7441
      outer loop
         vertex -14.8348 3.9170 17.5876
         vertex -14.7945 3.8938 17.6341
         vertex -14.4448 4.3491 17.6341
      endloop
   endfacet
   facet normal -0.6650 0.5431 0.5126
      outer loop
         vertex -14.8655 3.9348 17.5319
         vertex -14.4785 4.3810 17.5876
         vertex -14.5042 4.4054 17.5319
      endloop
   endfacet
   facet normal -0.4018 0.2796 0.8720
      outer loop
         vertex -14.7945 3.8938 17.6341
         vertex -14.7463 3.8660 17.6695
         vertex -14.4043 4.3107 17.6695
      endloop
   endfacet
   facet normal -0.7357 0.6030 0.3083
      outer loop
         vertex -14.5206 4.4209 17.4688
         vertex -14.8850 3.9460 17.4688
         vertex -14.5042 4.4054 17.5319
      endloop
   endfacet
   facet normal -0.2348 0.1595 0.9589
      outer loop
         vertex -14.7463 3.8660 17.6695
         vertex -14.6916 3.8344 17.6921
         vertex -14.3585 4.2673 17.6921
      endloop
   endfacet
   facet normal -0.7952 0.5731 0.1980
      outer loop
         vertex -14.8850 3.9460 17.4688
         vertex -14.5206 4.4209 17.4688
         vertex -14.8919 3.9500 17.4000
      endloop
   endfacet
   facet normal -0.1201 0.0795 0.9896
      outer loop
         vertex -14.6916 3.8344 17.6921
         vertex -14.6321 3.8000 17.7000
         vertex -14.3086 4.2200 17.7000
      endloop
   endfacet
   facet normal -0.1429 0.1116 0.9834
      outer loop
         vertex -14.3585 4.2673 17.6921
         vertex -14.6916 3.8344 17.6921
         vertex -14.3086 4.2200 17.7000
      endloop
   endfacet
   facet normal -0.7659 0.6430 0.0000
      outer loop
         vertex -14.6727 3.8200 15.9500
         vertex -14.2691 4.3461 15.9500
         vertex -14.2691 4.3461 13.7500
      endloop
   endfacet
   facet normal -0.8193 0.5734 0.0000
      outer loop
         vertex -14.6727 3.8200 15.9500
         vertex -14.2691 4.3461 13.7500
         vertex -14.6727 3.8200 13.7500
      endloop
   endfacet
   facet normal -0.7494 0.6074 -0.2636
      outer loop
         vertex -14.6727 3.8200 13.7500
         vertex -14.2691 4.3461 13.7500
         vertex -14.2468 4.3238 13.5943
      endloop
   endfacet
   facet normal -0.7841 0.5195 -0.3396
      outer loop
         vertex -14.6727 3.8200 13.7500
         vertex -14.2468 4.3238 13.5943
         vertex -14.6455 3.8043 13.5943
      endloop
   endfacet
   facet normal -0.3976 0.2603 -0.8799
      outer loop
         vertex -14.0963 4.1733 13.3814
         vertex -14.4611 3.6978 13.3814
         vertex -14.5712 3.7614 13.4672
      endloop
   endfacet
   facet normal -0.4645 0.3730 -0.8032
      outer loop
         vertex -14.0963 4.1733 13.3814
         vertex -14.5712 3.7614 13.4672
         vertex -14.1862 4.2632 13.4672
      endloop
   endfacet
   facet normal -0.6638 0.5404 -0.5171
      outer loop
         vertex -14.6455 3.8043 13.5943
         vertex -14.2468 4.3238 13.5943
         vertex -14.1862 4.2632 13.4672
      endloop
   endfacet
   facet normal -0.6432 0.4284 -0.6347
      outer loop
         vertex -14.6455 3.8043 13.5943
         vertex -14.1862 4.2632 13.4672
         vertex -14.5712 3.7614 13.4672
      endloop
   endfacet
   facet normal -0.7984 0.5350 0.2763
      outer loop
         vertex -14.2691 4.3461 15.9500
         vertex -14.6727 3.8200 15.9500
         vertex -14.6455 3.8043 16.1057
      endloop
   endfacet
   facet normal -0.7232 0.6015 0.3394
      outer loop
         vertex -14.2691 4.3461 15.9500
         vertex -14.6455 3.8043 16.1057
         vertex -14.2468 4.3238 16.1057
      endloop
   endfacet
   facet normal -0.6987 0.4825 0.5282
      outer loop
         vertex -14.2468 4.3238 16.1057
         vertex -14.6455 3.8043 16.1057
         vertex -14.5712 3.7614 16.2328
      endloop
   endfacet
   facet normal -0.5965 0.5043 0.6244
      outer loop
         vertex -14.2468 4.3238 16.1057
         vertex -14.5712 3.7614 16.2328
         vertex -14.1862 4.2632 16.2328
      endloop
   endfacet
   facet normal -0.7659 0.6430 0.0000
      outer loop
         vertex -14.6727 3.8200 9.9500
         vertex -14.2691 4.3461 9.9500
         vertex -14.2691 4.3461 7.7500
      endloop
   endfacet
   facet normal -0.8193 0.5734 0.0000
      outer loop
         vertex -14.6727 3.8200 9.9500
         vertex -14.2691 4.3461 7.7500
         vertex -14.6727 3.8200 7.7500
      endloop
   endfacet
   facet normal -0.7232 0.6015 0.3394
      outer loop
         vertex -14.6455 3.8043 10.1057
         vertex -14.2468 4.3238 10.1057
         vertex -14.2691 4.3461 9.9500
      endloop
   endfacet
   facet normal -0.7984 0.5350 0.2763
      outer loop
         vertex -14.6455 3.8043 10.1057
         vertex -14.2691 4.3461 9.9500
         vertex -14.6727 3.8200 9.9500
      endloop
   endfacet
   facet normal -0.4769 0.3389 0.8110
      outer loop
         vertex -14.1862 4.2632 10.2328
         vertex -14.5712 3.7614 10.2328
         vertex -14.4611 3.6978 10.3186
      endloop
   endfacet
   facet normal -0.3664 0.3203 0.8736
      outer loop
         vertex -14.1862 4.2632 10.2328
         vertex -14.4611 3.6978 10.3186
         vertex -14.0963 4.1733 10.3186
      endloop
   endfacet
   facet normal -0.6987 0.4825 0.5282
      outer loop
         vertex -14.2468 4.3238 10.1057
         vertex -14.6455 3.8043 10.1057
         vertex -14.5712 3.7614 10.2328
      endloop
   endfacet
   facet normal -0.5965 0.5043 0.6244
      outer loop
         vertex -14.2468 4.3238 10.1057
         vertex -14.5712 3.7614 10.2328
         vertex -14.1862 4.2632 10.2328
      endloop
   endfacet
   facet normal -0.2837 0.2249 0.9322
      outer loop
         vertex -14.4043 4.3107 17.6695
         vertex -14.7463 3.8660 17.6695
         vertex -14.3585 4.2673 17.6921
      endloop
   endfacet
   facet normal -0.7523 0.5336 0.3864
      outer loop
         vertex -14.5042 4.4054 17.5319
         vertex -14.8850 3.9460 17.4688
         vertex -14.8655 3.9348 17.5319
      endloop
   endfacet
   facet normal -0.4347 0.3506 0.8295
      outer loop
         vertex -14.4448 4.3491 17.6341
         vertex -14.7945 3.8938 17.6341
         vertex -14.4043 4.3107 17.6695
      endloop
   endfacet
   facet normal -0.6649 0.4697 0.5807
      outer loop
         vertex -14.4785 4.3810 17.5876
         vertex -14.8655 3.9348 17.5319
         vertex -14.8348 3.9170 17.5876
      endloop
   endfacet
   facet normal -0.5632 0.4577 0.6880
      outer loop
         vertex -14.4448 4.3491 17.6341
         vertex -14.4785 4.3810 17.5876
         vertex -14.8348 3.9170 17.5876
      endloop
   endfacet
   facet normal -0.3355 0.6026 0.7241
      outer loop
         vertex -13.9115 4.8007 17.5876
         vertex -14.1903 4.5666 17.6341
         vertex -13.8900 4.7595 17.6341
      endloop
   endfacet
   facet normal -0.4855 0.4896 0.7243
      outer loop
         vertex -14.1903 4.5666 17.6341
         vertex -14.4785 4.3810 17.5876
         vertex -14.4448 4.3491 17.6341
      endloop
   endfacet
   facet normal -0.2495 0.4504 0.8572
      outer loop
         vertex -13.8900 4.7595 17.6341
         vertex -14.1571 4.5219 17.6695
         vertex -13.8642 4.7101 17.6695
      endloop
   endfacet
   facet normal -0.3632 0.3647 0.8574
      outer loop
         vertex -14.4043 4.3107 17.6695
         vertex -14.1571 4.5219 17.6695
         vertex -14.4448 4.3491 17.6341
      endloop
   endfacet
   facet normal -0.4501 0.7515 0.4824
      outer loop
         vertex -14.2180 4.6039 17.5876
         vertex -13.9279 4.8321 17.5319
         vertex -14.2392 4.6323 17.5319
      endloop
   endfacet
   facet normal -0.1497 0.2734 0.9502
      outer loop
         vertex -13.8642 4.7101 17.6695
         vertex -14.1194 4.4712 17.6921
         vertex -13.8349 4.6542 17.6921
      endloop
   endfacet
   facet normal -0.2211 0.2195 0.9502
      outer loop
         vertex -14.1194 4.4712 17.6921
         vertex -14.4043 4.3107 17.6695
         vertex -14.3585 4.2673 17.6921
      endloop
   endfacet
   facet normal -0.4944 0.8245 0.2752
      outer loop
         vertex -14.2392 4.6323 17.5319
         vertex -13.9383 4.8521 17.4688
         vertex -14.2526 4.6504 17.4688
      endloop
   endfacet
   facet normal -0.4899 0.8536 0.1770
      outer loop
         vertex -14.2526 4.6504 17.4688
         vertex -13.9383 4.8521 17.4688
         vertex -13.9420 4.8591 17.4000
      endloop
   endfacet
   facet normal -0.0716 0.1342 0.9884
      outer loop
         vertex -13.8349 4.6542 17.6921
         vertex -14.0783 4.4160 17.7000
         vertex -13.8030 4.5932 17.7000
      endloop
   endfacet
   facet normal -0.2502 0.1804 0.9512
      outer loop
         vertex -14.0963 4.1733 16.3186
         vertex -14.4611 3.6978 16.3186
         vertex -14.3263 3.6200 16.3500
      endloop
   endfacet
   facet normal -0.1951 0.1705 0.9658
      outer loop
         vertex -14.0963 4.1733 16.3186
         vertex -14.3263 3.6200 16.3500
         vertex -13.9862 4.0632 16.3500
      endloop
   endfacet
   facet normal -0.3976 0.2603 0.8799
      outer loop
         vertex -14.5712 3.7614 16.2328
         vertex -14.4611 3.6978 16.3186
         vertex -14.0963 4.1733 16.3186
      endloop
   endfacet
   facet normal -0.4645 0.3730 0.8032
      outer loop
         vertex -14.5712 3.7614 16.2328
         vertex -14.0963 4.1733 16.3186
         vertex -14.1862 4.2632 16.2328
      endloop
   endfacet
   facet normal -0.3730 0.4645 0.8032
      outer loop
         vertex -13.6844 4.6482 16.2328
         vertex -14.1862 4.2632 16.2328
         vertex -14.0963 4.1733 16.3186
      endloop
   endfacet
   facet normal -0.2604 0.3976 0.8799
      outer loop
         vertex -13.6844 4.6482 16.2328
         vertex -14.0963 4.1733 16.3186
         vertex -13.6208 4.5381 16.3186
      endloop
   endfacet
   facet normal -0.1027 0.1742 0.9793
      outer loop
         vertex -13.8349 4.6542 17.6921
         vertex -14.1194 4.4712 17.6921
         vertex -14.0783 4.4160 17.7000
      endloop
   endfacet
   facet normal -0.1092 0.1058 0.9884
      outer loop
         vertex -14.0783 4.4160 17.7000
         vertex -14.3585 4.2673 17.6921
         vertex -14.3086 4.2200 17.7000
      endloop
   endfacet
   facet normal -0.1381 0.1477 0.9793
      outer loop
         vertex -14.1194 4.4712 17.6921
         vertex -14.3585 4.2673 17.6921
         vertex -14.0783 4.4160 17.7000
      endloop
   endfacet
   facet normal -0.3203 0.3664 -0.8736
      outer loop
         vertex -13.6208 4.5381 13.3814
         vertex -14.0963 4.1733 13.3814
         vertex -14.1862 4.2632 13.4672
      endloop
   endfacet
   facet normal -0.3390 0.4769 -0.8110
      outer loop
         vertex -13.6208 4.5381 13.3814
         vertex -14.1862 4.2632 13.4672
         vertex -13.6844 4.6482 13.4672
      endloop
   endfacet
   facet normal -0.2395 0.1945 -0.9512
      outer loop
         vertex -14.4611 3.6978 13.3814
         vertex -14.0963 4.1733 13.3814
         vertex -13.9862 4.0632 13.3500
      endloop
   endfacet
   facet normal -0.2054 0.1361 -0.9692
      outer loop
         vertex -14.4611 3.6978 13.3814
         vertex -13.9862 4.0632 13.3500
         vertex -14.3263 3.6200 13.3500
      endloop
   endfacet
   facet normal -0.6015 0.7232 -0.3393
      outer loop
         vertex -13.7273 4.7225 13.5943
         vertex -14.2468 4.3238 13.5943
         vertex -14.2691 4.3461 13.7500
      endloop
   endfacet
   facet normal -0.5350 0.7984 -0.2763
      outer loop
         vertex -13.7273 4.7225 13.5943
         vertex -14.2691 4.3461 13.7500
         vertex -13.7430 4.7497 13.7500
      endloop
   endfacet
   facet normal -0.4825 0.6987 -0.5282
      outer loop
         vertex -14.2468 4.3238 13.5943
         vertex -13.7273 4.7225 13.5943
         vertex -13.6844 4.6482 13.4672
      endloop
   endfacet
   facet normal -0.5043 0.5965 -0.6244
      outer loop
         vertex -14.2468 4.3238 13.5943
         vertex -13.6844 4.6482 13.4672
         vertex -14.1862 4.2632 13.4672
      endloop
   endfacet
   facet normal -0.6074 0.7494 0.2636
      outer loop
         vertex -13.7430 4.7497 15.9500
         vertex -14.2691 4.3461 15.9500
         vertex -14.2468 4.3238 16.1057
      endloop
   endfacet
   facet normal -0.5195 0.7841 0.3396
      outer loop
         vertex -13.7430 4.7497 15.9500
         vertex -14.2468 4.3238 16.1057
         vertex -13.7273 4.7225 16.1057
      endloop
   endfacet
   facet normal -0.4284 0.6432 0.6347
      outer loop
         vertex -14.1862 4.2632 16.2328
         vertex -13.6844 4.6482 16.2328
         vertex -13.7273 4.7225 16.1057
      endloop
   endfacet
   facet normal -0.5404 0.6638 0.5171
      outer loop
         vertex -14.1862 4.2632 16.2328
         vertex -13.7273 4.7225 16.1057
         vertex -14.2468 4.3238 16.1057
      endloop
   endfacet
   facet normal -0.5734 0.8193 0.0000
      outer loop
         vertex -14.2691 4.3461 15.9500
         vertex -13.7430 4.7497 15.9500
         vertex -13.7430 4.7497 13.7500
      endloop
   endfacet
   facet normal -0.6430 0.7659 0.0000
      outer loop
         vertex -14.2691 4.3461 15.9500
         vertex -13.7430 4.7497 13.7500
         vertex -14.2691 4.3461 13.7500
      endloop
   endfacet
   facet normal -0.2502 0.1804 0.9512
      outer loop
         vertex -14.0963 4.1733 10.3186
         vertex -14.4611 3.6978 10.3186
         vertex -14.3263 3.6200 10.3500
      endloop
   endfacet
   facet normal -0.1951 0.1705 0.9658
      outer loop
         vertex -14.0963 4.1733 10.3186
         vertex -14.3263 3.6200 10.3500
         vertex -13.9862 4.0632 10.3500
      endloop
   endfacet
   facet normal -0.5195 0.7841 0.3396
      outer loop
         vertex -14.2468 4.3238 10.1057
         vertex -13.7273 4.7225 10.1057
         vertex -13.7430 4.7497 9.9500
      endloop
   endfacet
   facet normal -0.6074 0.7494 0.2636
      outer loop
         vertex -14.2468 4.3238 10.1057
         vertex -13.7430 4.7497 9.9500
         vertex -14.2691 4.3461 9.9500
      endloop
   endfacet
   facet normal -0.3730 0.4645 0.8032
      outer loop
         vertex -13.6844 4.6482 10.2328
         vertex -14.1862 4.2632 10.2328
         vertex -14.0963 4.1733 10.3186
      endloop
   endfacet
   facet normal -0.2604 0.3976 0.8799
      outer loop
         vertex -13.6844 4.6482 10.2328
         vertex -14.0963 4.1733 10.3186
         vertex -13.6208 4.5381 10.3186
      endloop
   endfacet
   facet normal -0.4284 0.6432 0.6347
      outer loop
         vertex -14.1862 4.2632 10.2328
         vertex -13.6844 4.6482 10.2328
         vertex -13.7273 4.7225 10.1057
      endloop
   endfacet
   facet normal -0.5404 0.6638 0.5171
      outer loop
         vertex -14.1862 4.2632 10.2328
         vertex -13.7273 4.7225 10.1057
         vertex -14.2468 4.3238 10.1057
      endloop
   endfacet
   facet normal -0.6430 0.7659 0.0000
      outer loop
         vertex -13.7430 4.7497 7.7500
         vertex -14.2691 4.3461 7.7500
         vertex -14.2691 4.3461 9.9500
      endloop
   endfacet
   facet normal -0.5734 0.8193 0.0000
      outer loop
         vertex -13.7430 4.7497 7.7500
         vertex -14.2691 4.3461 9.9500
         vertex -13.7430 4.7497 9.9500
      endloop
   endfacet
   facet normal -0.4557 0.8145 0.3590
      outer loop
         vertex -13.9383 4.8521 17.4688
         vertex -14.2392 4.6323 17.5319
         vertex -13.9279 4.8321 17.5319
      endloop
   endfacet
   facet normal -0.2682 0.2887 0.9191
      outer loop
         vertex -14.1571 4.5219 17.6695
         vertex -14.4043 4.3107 17.6695
         vertex -14.1194 4.4712 17.6921
      endloop
   endfacet
   facet normal -0.2011 0.3390 0.9190
      outer loop
         vertex -13.8642 4.7101 17.6695
         vertex -14.1571 4.5219 17.6695
         vertex -14.1194 4.4712 17.6921
      endloop
   endfacet
   facet normal -0.4051 0.7255 0.5564
      outer loop
         vertex -14.2180 4.6039 17.5876
         vertex -13.9115 4.8007 17.5876
         vertex -13.9279 4.8321 17.5319
      endloop
   endfacet
   facet normal -0.3984 0.4310 0.8096
      outer loop
         vertex -14.1903 4.5666 17.6341
         vertex -14.4448 4.3491 17.6341
         vertex -14.1571 4.5219 17.6695
      endloop
   endfacet
   facet normal -0.3007 0.5041 0.8096
      outer loop
         vertex -13.8900 4.7595 17.6341
         vertex -14.1903 4.5666 17.6341
         vertex -14.1571 4.5219 17.6695
      endloop
   endfacet
   facet normal -0.5079 0.5507 0.6624
      outer loop
         vertex -14.4785 4.3810 17.5876
         vertex -14.1903 4.5666 17.6341
         vertex -14.2180 4.6039 17.5876
      endloop
   endfacet
   facet normal -0.3845 0.6430 0.6623
      outer loop
         vertex -13.9115 4.8007 17.5876
         vertex -14.2180 4.6039 17.5876
         vertex -14.1903 4.5666 17.6341
      endloop
   endfacet
   facet normal -0.2157 0.5104 0.8324
      outer loop
         vertex -13.8642 4.7101 17.6695
         vertex -12.9482 5.1502 17.6341
         vertex -13.8900 4.7595 17.6341
      endloop
   endfacet
   facet normal -0.2832 0.6642 0.6918
      outer loop
         vertex -12.9602 5.1950 17.5876
         vertex -13.9115 4.8007 17.5876
         vertex -13.8900 4.7595 17.6341
      endloop
   endfacet
   facet normal -0.3372 0.7867 0.5172
      outer loop
         vertex -13.9115 4.8007 17.5876
         vertex -12.9694 5.2292 17.5319
         vertex -13.9279 4.8321 17.5319
      endloop
   endfacet
   facet normal -0.0858 0.2602 0.9617
      outer loop
         vertex -12.9338 5.0964 17.6695
         vertex -13.8349 4.6542 17.6921
         vertex -12.9174 5.0354 17.6921
      endloop
   endfacet
   facet normal -0.3754 0.8723 0.3134
      outer loop
         vertex -13.9279 4.8321 17.5319
         vertex -12.9752 5.2510 17.4688
         vertex -13.9383 4.8521 17.4688
      endloop
   endfacet
   facet normal -0.4010 0.9032 0.1531
      outer loop
         vertex -13.9383 4.8521 17.4688
         vertex -12.9773 5.2587 17.4000
         vertex -13.9420 4.8591 17.4000
      endloop
   endfacet
   facet normal -0.0429 0.1322 0.9903
      outer loop
         vertex -12.9174 5.0354 17.6921
         vertex -13.8030 4.5932 17.7000
         vertex -12.8996 4.9689 17.7000
      endloop
   endfacet
   facet normal -0.1564 0.9877 0.0000
      outer loop
         vertex -11.4156 5.2891 13.7500
         vertex -12.8703 5.0587 13.7500
         vertex -12.8703 5.0587 15.9500
      endloop
   endfacet
   facet normal -0.1564 0.9877 0.0000
      outer loop
         vertex -11.4156 5.2891 13.7500
         vertex -12.8703 5.0587 15.9500
         vertex -11.4156 5.2891 15.9500
      endloop
   endfacet
   facet normal -0.2080 0.4292 -0.8789
      outer loop
         vertex -13.6844 4.6482 13.4672
         vertex -13.0580 4.7701 13.3814
         vertex -13.6208 4.5381 13.3814
      endloop
   endfacet
   facet normal -0.3129 0.7980 -0.5150
      outer loop
         vertex -13.0957 4.8916 13.4672
         vertex -13.7273 4.7225 13.5943
         vertex -13.1211 4.9734 13.5943
      endloop
   endfacet
   facet normal -0.2123 0.8603 -0.4634
      outer loop
         vertex -12.8520 4.9430 13.4672
         vertex -13.1211 4.9734 13.5943
         vertex -12.8654 5.0277 13.5943
      endloop
   endfacet
   facet normal -0.2456 0.9208 -0.3030
      outer loop
         vertex -13.1304 5.0035 13.7500
         vertex -12.8654 5.0277 13.5943
         vertex -13.1211 4.9734 13.5943
      endloop
   endfacet
   facet normal -0.2213 0.9453 -0.2398
      outer loop
         vertex -12.8654 5.0277 13.5943
         vertex -13.1304 5.0035 13.7500
         vertex -12.8703 5.0587 13.7500
      endloop
   endfacet
   facet normal -0.2178 0.7750 -0.5933
      outer loop
         vertex -12.8520 4.9430 13.4672
         vertex -13.0957 4.8916 13.4672
         vertex -13.1211 4.9734 13.5943
      endloop
   endfacet
   facet normal -0.3297 0.7006 -0.6328
      outer loop
         vertex -13.7273 4.7225 13.5943
         vertex -13.0957 4.8916 13.4672
         vertex -13.6844 4.6482 13.4672
      endloop
   endfacet
   facet normal -0.2230 0.5549 -0.8015
      outer loop
         vertex -13.0580 4.7701 13.3814
         vertex -13.6844 4.6482 13.4672
         vertex -13.0957 4.8916 13.4672
      endloop
   endfacet
   facet normal -0.1510 0.9535 -0.2609
      outer loop
         vertex -12.8703 5.0587 13.7500
         vertex -11.4156 5.2891 13.7500
         vertex -11.4110 5.2580 13.5943
      endloop
   endfacet
   facet normal -0.1480 0.9345 -0.3238
      outer loop
         vertex -12.8703 5.0587 13.7500
         vertex -11.4110 5.2580 13.5943
         vertex -12.8654 5.0277 13.5943
      endloop
   endfacet
   facet normal -0.1353 0.8545 -0.5015
      outer loop
         vertex -12.8654 5.0277 13.5943
         vertex -11.4110 5.2580 13.5943
         vertex -11.3985 5.1732 13.4672
      endloop
   endfacet
   facet normal -0.1239 0.7824 -0.6103
      outer loop
         vertex -12.8654 5.0277 13.5943
         vertex -11.3985 5.1732 13.4672
         vertex -12.8520 4.9430 13.4672
      endloop
   endfacet
   facet normal -0.2376 0.9714 0.0000
      outer loop
         vertex -12.8703 5.0587 15.9500
         vertex -12.8703 5.0587 13.7500
         vertex -13.1304 5.0035 13.7500
      endloop
   endfacet
   facet normal -0.2672 0.9637 0.0000
      outer loop
         vertex -12.8703 5.0587 15.9500
         vertex -13.1304 5.0035 13.7500
         vertex -13.1304 5.0035 15.9500
      endloop
   endfacet
   facet normal -0.3328 0.9058 -0.2621
      outer loop
         vertex -13.1211 4.9734 13.5943
         vertex -13.7430 4.7497 13.7500
         vertex -13.1304 5.0035 13.7500
      endloop
   endfacet
   facet normal -0.3908 0.8562 -0.3378
      outer loop
         vertex -13.1211 4.9734 13.5943
         vertex -13.7273 4.7225 13.5943
         vertex -13.7430 4.7497 13.7500
      endloop
   endfacet
   facet normal -0.2080 0.4292 0.8789
      outer loop
         vertex -13.6844 4.6482 16.2328
         vertex -13.6208 4.5381 16.3186
         vertex -13.0580 4.7701 16.3186
      endloop
   endfacet
   facet normal -0.3129 0.7980 0.5150
      outer loop
         vertex -13.7273 4.7225 16.1057
         vertex -13.0957 4.8916 16.2328
         vertex -13.1211 4.9734 16.1057
      endloop
   endfacet
   facet normal -0.2123 0.8603 0.4634
      outer loop
         vertex -12.8654 5.0277 16.1057
         vertex -13.1211 4.9734 16.1057
         vertex -12.8520 4.9430 16.2328
      endloop
   endfacet
   facet normal -0.2213 0.9453 0.2398
      outer loop
         vertex -13.1304 5.0035 15.9500
         vertex -12.8654 5.0277 16.1057
         vertex -12.8703 5.0587 15.9500
      endloop
   endfacet
   facet normal -0.2456 0.9208 0.3030
      outer loop
         vertex -13.1211 4.9734 16.1057
         vertex -12.8654 5.0277 16.1057
         vertex -13.1304 5.0035 15.9500
      endloop
   endfacet
   facet normal -0.2178 0.7750 0.5933
      outer loop
         vertex -13.0957 4.8916 16.2328
         vertex -12.8520 4.9430 16.2328
         vertex -13.1211 4.9734 16.1057
      endloop
   endfacet
   facet normal -0.3297 0.7006 0.6328
      outer loop
         vertex -13.0957 4.8916 16.2328
         vertex -13.7273 4.7225 16.1057
         vertex -13.6844 4.6482 16.2328
      endloop
   endfacet
   facet normal -0.2230 0.5549 0.8015
      outer loop
         vertex -13.6844 4.6482 16.2328
         vertex -13.0580 4.7701 16.3186
         vertex -13.0957 4.8916 16.2328
      endloop
   endfacet
   facet normal -0.1510 0.9535 0.2609
      outer loop
         vertex -11.4156 5.2891 15.9500
         vertex -12.8703 5.0587 15.9500
         vertex -12.8654 5.0277 16.1057
      endloop
   endfacet
   facet normal -0.1480 0.9345 0.3238
      outer loop
         vertex -11.4156 5.2891 15.9500
         vertex -12.8654 5.0277 16.1057
         vertex -11.4110 5.2580 16.1057
      endloop
   endfacet
   facet normal -0.1239 0.7824 0.6103
      outer loop
         vertex -12.8520 4.9430 16.2328
         vertex -11.3985 5.1732 16.2328
         vertex -11.4110 5.2580 16.1057
      endloop
   endfacet
   facet normal -0.1353 0.8545 0.5015
      outer loop
         vertex -12.8520 4.9430 16.2328
         vertex -11.4110 5.2580 16.1057
         vertex -12.8654 5.0277 16.1057
      endloop
   endfacet
   facet normal -0.4344 0.9007 0.0000
      outer loop
         vertex -13.1304 5.0035 13.7500
         vertex -13.7430 4.7497 13.7500
         vertex -13.7430 4.7497 15.9500
      endloop
   endfacet
   facet normal -0.3662 0.9305 0.0000
      outer loop
         vertex -13.1304 5.0035 13.7500
         vertex -13.7430 4.7497 15.9500
         vertex -13.1304 5.0035 15.9500
      endloop
   endfacet
   facet normal -0.3328 0.9058 0.2621
      outer loop
         vertex -13.1211 4.9734 16.1057
         vertex -13.1304 5.0035 15.9500
         vertex -13.7430 4.7497 15.9500
      endloop
   endfacet
   facet normal -0.3908 0.8562 0.3378
      outer loop
         vertex -13.1211 4.9734 16.1057
         vertex -13.7430 4.7497 15.9500
         vertex -13.7273 4.7225 16.1057
      endloop
   endfacet
   facet normal -0.1564 0.9877 0.0000
      outer loop
         vertex -11.4156 5.2891 7.7500
         vertex -12.8703 5.0587 7.7500
         vertex -12.8703 5.0587 9.9500
      endloop
   endfacet
   facet normal -0.1564 0.9877 0.0000
      outer loop
         vertex -11.4156 5.2891 7.7500
         vertex -12.8703 5.0587 9.9500
         vertex -11.4156 5.2891 9.9500
      endloop
   endfacet
   facet normal -0.2080 0.4292 0.8789
      outer loop
         vertex -13.6844 4.6482 10.2328
         vertex -13.6208 4.5381 10.3186
         vertex -13.0580 4.7701 10.3186
      endloop
   endfacet
   facet normal -0.3129 0.7980 0.5150
      outer loop
         vertex -13.7273 4.7225 10.1057
         vertex -13.0957 4.8916 10.2328
         vertex -13.1211 4.9734 10.1057
      endloop
   endfacet
   facet normal -0.2123 0.8603 0.4634
      outer loop
         vertex -12.8654 5.0277 10.1057
         vertex -13.1211 4.9734 10.1057
         vertex -12.8520 4.9430 10.2328
      endloop
   endfacet
   facet normal -0.2456 0.9208 0.3030
      outer loop
         vertex -13.1211 4.9734 10.1057
         vertex -12.8654 5.0277 10.1057
         vertex -13.1304 5.0035 9.9500
      endloop
   endfacet
   facet normal -0.2213 0.9453 0.2398
      outer loop
         vertex -13.1304 5.0035 9.9500
         vertex -12.8654 5.0277 10.1057
         vertex -12.8703 5.0587 9.9500
      endloop
   endfacet
   facet normal -0.2178 0.7750 0.5933
      outer loop
         vertex -13.0957 4.8916 10.2328
         vertex -12.8520 4.9430 10.2328
         vertex -13.1211 4.9734 10.1057
      endloop
   endfacet
   facet normal -0.3297 0.7006 0.6328
      outer loop
         vertex -13.0957 4.8916 10.2328
         vertex -13.7273 4.7225 10.1057
         vertex -13.6844 4.6482 10.2328
      endloop
   endfacet
   facet normal -0.2230 0.5549 0.8015
      outer loop
         vertex -13.6844 4.6482 10.2328
         vertex -13.0580 4.7701 10.3186
         vertex -13.0957 4.8916 10.2328
      endloop
   endfacet
   facet normal -0.1510 0.9535 0.2609
      outer loop
         vertex -11.4156 5.2891 9.9500
         vertex -12.8703 5.0587 9.9500
         vertex -12.8654 5.0277 10.1057
      endloop
   endfacet
   facet normal -0.1480 0.9345 0.3238
      outer loop
         vertex -11.4156 5.2891 9.9500
         vertex -12.8654 5.0277 10.1057
         vertex -11.4110 5.2580 10.1057
      endloop
   endfacet
   facet normal -0.1239 0.7824 0.6103
      outer loop
         vertex -12.8520 4.9430 10.2328
         vertex -11.3985 5.1732 10.2328
         vertex -11.4110 5.2580 10.1057
      endloop
   endfacet
   facet normal -0.1353 0.8545 0.5015
      outer loop
         vertex -12.8520 4.9430 10.2328
         vertex -11.4110 5.2580 10.1057
         vertex -12.8654 5.0277 10.1057
      endloop
   endfacet
   facet normal -0.4344 0.9007 0.0000
      outer loop
         vertex -13.7430 4.7497 7.7500
         vertex -13.7430 4.7497 9.9500
         vertex -13.1304 5.0035 9.9500
      endloop
   endfacet
   facet normal -0.3662 0.9305 0.0000
      outer loop
         vertex -13.7430 4.7497 7.7500
         vertex -13.1304 5.0035 9.9500
         vertex -13.1304 5.0035 7.7500
      endloop
   endfacet
   facet normal -0.2376 0.9714 0.0000
      outer loop
         vertex -12.8703 5.0587 9.9500
         vertex -12.8703 5.0587 7.7500
         vertex -13.1304 5.0035 7.7500
      endloop
   endfacet
   facet normal -0.2672 0.9637 0.0000
      outer loop
         vertex -12.8703 5.0587 9.9500
         vertex -13.1304 5.0035 7.7500
         vertex -13.1304 5.0035 9.9500
      endloop
   endfacet
   facet normal -0.3328 0.9058 0.2621
      outer loop
         vertex -13.1304 5.0035 9.9500
         vertex -13.7430 4.7497 9.9500
         vertex -13.1211 4.9734 10.1057
      endloop
   endfacet
   facet normal -0.3908 0.8562 0.3378
      outer loop
         vertex -13.1211 4.9734 10.1057
         vertex -13.7430 4.7497 9.9500
         vertex -13.7273 4.7225 10.1057
      endloop
   endfacet
   facet normal -0.0672 0.1630 0.9843
      outer loop
         vertex -13.8030 4.5932 17.7000
         vertex -12.9174 5.0354 17.6921
         vertex -13.8349 4.6542 17.6921
      endloop
   endfacet
   facet normal -0.3214 0.9248 0.2035
      outer loop
         vertex -12.9773 5.2587 17.4000
         vertex -13.9383 4.8521 17.4688
         vertex -12.9752 5.2510 17.4688
      endloop
   endfacet
   facet normal -0.3004 0.8676 0.3962
      outer loop
         vertex -13.9279 4.8321 17.5319
         vertex -12.9694 5.2292 17.5319
         vertex -12.9752 5.2510 17.4688
      endloop
   endfacet
   facet normal -0.1369 0.3300 0.9340
      outer loop
         vertex -12.9338 5.0964 17.6695
         vertex -13.8642 4.7101 17.6695
         vertex -13.8349 4.6542 17.6921
      endloop
   endfacet
   facet normal -0.2633 0.7638 0.5893
      outer loop
         vertex -13.9115 4.8007 17.5876
         vertex -12.9602 5.1950 17.5876
         vertex -12.9694 5.2292 17.5319
      endloop
   endfacet
   facet normal -0.2140 0.6246 0.7511
      outer loop
         vertex -12.9602 5.1950 17.5876
         vertex -13.8900 4.7595 17.6341
         vertex -12.9482 5.1502 17.6341
      endloop
   endfacet
   facet normal -0.1542 0.4550 0.8771
      outer loop
         vertex -12.9482 5.1502 17.6341
         vertex -13.8642 4.7101 17.6695
         vertex -12.9338 5.0964 17.6695
      endloop
   endfacet
   facet normal -0.0629 0.2802 0.9579
      outer loop
         vertex -12.9174 5.0354 17.6921
         vertex -11.9219 5.1647 17.6921
         vertex -12.9338 5.0964 17.6695
      endloop
   endfacet
   facet normal -0.2157 0.5104 -0.8324
      outer loop
         vertex -13.8900 4.7595 0.0659
         vertex -12.9482 5.1502 0.0659
         vertex -13.8642 4.7101 0.0305
      endloop
   endfacet
   facet normal -0.2832 0.6642 -0.6918
      outer loop
         vertex -13.8900 4.7595 0.0659
         vertex -13.9115 4.8007 0.1124
         vertex -12.9602 5.1950 0.1124
      endloop
   endfacet
   facet normal -0.3372 0.7867 -0.5172
      outer loop
         vertex -13.9279 4.8321 0.1681
         vertex -12.9694 5.2292 0.1681
         vertex -13.9115 4.8007 0.1124
      endloop
   endfacet
   facet normal -0.0858 0.2602 -0.9617
      outer loop
         vertex -13.8349 4.6542 0.0079
         vertex -12.9338 5.0964 0.0305
         vertex -12.9174 5.0354 0.0079
      endloop
   endfacet
   facet normal -0.3754 0.8723 -0.3134
      outer loop
         vertex -12.9752 5.2510 0.2312
         vertex -13.9279 4.8321 0.1681
         vertex -13.9383 4.8521 0.2312
      endloop
   endfacet
   facet normal -0.4010 0.9032 -0.1531
      outer loop
         vertex -12.9773 5.2587 0.3000
         vertex -13.9383 4.8521 0.2312
         vertex -13.9420 4.8591 0.3000
      endloop
   endfacet
   facet normal -0.0429 0.1322 -0.9903
      outer loop
         vertex -12.8996 4.9689 0.0000
         vertex -13.8030 4.5932 0.0000
         vertex -12.9174 5.0354 0.0079
      endloop
   endfacet
   facet normal -0.1564 0.9877 0.0000
      outer loop
         vertex -11.4156 5.2891 1.7500
         vertex -12.8703 5.0587 1.7500
         vertex -12.8703 5.0587 3.9500
      endloop
   endfacet
   facet normal -0.1564 0.9877 0.0000
      outer loop
         vertex -11.4156 5.2891 1.7500
         vertex -12.8703 5.0587 3.9500
         vertex -11.4156 5.2891 3.9500
      endloop
   endfacet
   facet normal -0.1510 0.9535 -0.2609
      outer loop
         vertex -12.8703 5.0587 1.7500
         vertex -11.4156 5.2891 1.7500
         vertex -11.4110 5.2580 1.5943
      endloop
   endfacet
   facet normal -0.1480 0.9345 -0.3238
      outer loop
         vertex -12.8703 5.0587 1.7500
         vertex -11.4110 5.2580 1.5943
         vertex -12.8654 5.0277 1.5943
      endloop
   endfacet
   facet normal -0.1353 0.8545 -0.5015
      outer loop
         vertex -12.8654 5.0277 1.5943
         vertex -11.4110 5.2580 1.5943
         vertex -11.3985 5.1732 1.4672
      endloop
   endfacet
   facet normal -0.1239 0.7824 -0.6103
      outer loop
         vertex -12.8654 5.0277 1.5943
         vertex -11.3985 5.1732 1.4672
         vertex -12.8520 4.9430 1.4672
      endloop
   endfacet
   facet normal -0.2080 0.4292 -0.8789
      outer loop
         vertex -13.0580 4.7701 1.3814
         vertex -13.6208 4.5381 1.3814
         vertex -13.6844 4.6482 1.4672
      endloop
   endfacet
   facet normal -0.3129 0.7980 -0.5150
      outer loop
         vertex -13.0957 4.8916 1.4672
         vertex -13.7273 4.7225 1.5943
         vertex -13.1211 4.9734 1.5943
      endloop
   endfacet
   facet normal -0.2123 0.8603 -0.4634
      outer loop
         vertex -12.8520 4.9430 1.4672
         vertex -13.1211 4.9734 1.5943
         vertex -12.8654 5.0277 1.5943
      endloop
   endfacet
   facet normal -0.2456 0.9208 -0.3030
      outer loop
         vertex -13.1304 5.0035 1.7500
         vertex -12.8654 5.0277 1.5943
         vertex -13.1211 4.9734 1.5943
      endloop
   endfacet
   facet normal -0.2213 0.9453 -0.2398
      outer loop
         vertex -12.8654 5.0277 1.5943
         vertex -13.1304 5.0035 1.7500
         vertex -12.8703 5.0587 1.7500
      endloop
   endfacet
   facet normal -0.2178 0.7750 -0.5933
      outer loop
         vertex -13.1211 4.9734 1.5943
         vertex -12.8520 4.9430 1.4672
         vertex -13.0957 4.8916 1.4672
      endloop
   endfacet
   facet normal -0.3297 0.7006 -0.6328
      outer loop
         vertex -13.7273 4.7225 1.5943
         vertex -13.0957 4.8916 1.4672
         vertex -13.6844 4.6482 1.4672
      endloop
   endfacet
   facet normal -0.2230 0.5549 -0.8015
      outer loop
         vertex -13.0580 4.7701 1.3814
         vertex -13.6844 4.6482 1.4672
         vertex -13.0957 4.8916 1.4672
      endloop
   endfacet
   facet normal -0.2604 0.3976 -0.8799
      outer loop
         vertex -13.6844 4.6482 1.4672
         vertex -13.6208 4.5381 1.3814
         vertex -14.0963 4.1733 1.3814
      endloop
   endfacet
   facet normal -0.3730 0.4645 -0.8032
      outer loop
         vertex -13.6844 4.6482 1.4672
         vertex -14.0963 4.1733 1.3814
         vertex -14.1862 4.2632 1.4672
      endloop
   endfacet
   facet normal -0.2376 0.9714 0.0000
      outer loop
         vertex -12.8703 5.0587 3.9500
         vertex -12.8703 5.0587 1.7500
         vertex -13.1304 5.0035 1.7500
      endloop
   endfacet
   facet normal -0.2672 0.9637 0.0000
      outer loop
         vertex -12.8703 5.0587 3.9500
         vertex -13.1304 5.0035 1.7500
         vertex -13.1304 5.0035 3.9500
      endloop
   endfacet
   facet normal -0.3328 0.9058 -0.2621
      outer loop
         vertex -13.1211 4.9734 1.5943
         vertex -13.7430 4.7497 1.7500
         vertex -13.1304 5.0035 1.7500
      endloop
   endfacet
   facet normal -0.3908 0.8562 -0.3378
      outer loop
         vertex -13.7430 4.7497 1.7500
         vertex -13.1211 4.9734 1.5943
         vertex -13.7273 4.7225 1.5943
      endloop
   endfacet
   facet normal -0.1510 0.9535 -0.2609
      outer loop
         vertex -12.8703 5.0587 7.7500
         vertex -11.4156 5.2891 7.7500
         vertex -11.4110 5.2580 7.5943
      endloop
   endfacet
   facet normal -0.1480 0.9345 -0.3238
      outer loop
         vertex -12.8703 5.0587 7.7500
         vertex -11.4110 5.2580 7.5943
         vertex -12.8654 5.0277 7.5943
      endloop
   endfacet
   facet normal -0.1353 0.8545 -0.5015
      outer loop
         vertex -12.8654 5.0277 7.5943
         vertex -11.4110 5.2580 7.5943
         vertex -11.3985 5.1732 7.4672
      endloop
   endfacet
   facet normal -0.1239 0.7824 -0.6103
      outer loop
         vertex -12.8654 5.0277 7.5943
         vertex -11.3985 5.1732 7.4672
         vertex -12.8520 4.9430 7.4672
      endloop
   endfacet
   facet normal -0.2080 0.4292 -0.8789
      outer loop
         vertex -13.6844 4.6482 7.4672
         vertex -13.0580 4.7701 7.3814
         vertex -13.6208 4.5381 7.3814
      endloop
   endfacet
   facet normal -0.3129 0.7980 -0.5150
      outer loop
         vertex -13.0957 4.8916 7.4672
         vertex -13.7273 4.7225 7.5943
         vertex -13.1211 4.9734 7.5943
      endloop
   endfacet
   facet normal -0.2123 0.8603 -0.4634
      outer loop
         vertex -12.8520 4.9430 7.4672
         vertex -13.1211 4.9734 7.5943
         vertex -12.8654 5.0277 7.5943
      endloop
   endfacet
   facet normal -0.2213 0.9453 -0.2398
      outer loop
         vertex -12.8654 5.0277 7.5943
         vertex -13.1304 5.0035 7.7500
         vertex -12.8703 5.0587 7.7500
      endloop
   endfacet
   facet normal -0.2456 0.9208 -0.3030
      outer loop
         vertex -13.1304 5.0035 7.7500
         vertex -12.8654 5.0277 7.5943
         vertex -13.1211 4.9734 7.5943
      endloop
   endfacet
   facet normal -0.2178 0.7750 -0.5933
      outer loop
         vertex -13.1211 4.9734 7.5943
         vertex -12.8520 4.9430 7.4672
         vertex -13.0957 4.8916 7.4672
      endloop
   endfacet
   facet normal -0.3297 0.7006 -0.6328
      outer loop
         vertex -13.7273 4.7225 7.5943
         vertex -13.0957 4.8916 7.4672
         vertex -13.6844 4.6482 7.4672
      endloop
   endfacet
   facet normal -0.2230 0.5549 -0.8015
      outer loop
         vertex -13.0580 4.7701 7.3814
         vertex -13.6844 4.6482 7.4672
         vertex -13.0957 4.8916 7.4672
      endloop
   endfacet
   facet normal -0.4825 0.6987 -0.5282
      outer loop
         vertex -14.2468 4.3238 7.5943
         vertex -13.7273 4.7225 7.5943
         vertex -13.6844 4.6482 7.4672
      endloop
   endfacet
   facet normal -0.5043 0.5965 -0.6244
      outer loop
         vertex -14.2468 4.3238 7.5943
         vertex -13.6844 4.6482 7.4672
         vertex -14.1862 4.2632 7.4672
      endloop
   endfacet
   facet normal -0.3203 0.3664 -0.8736
      outer loop
         vertex -13.6208 4.5381 7.3814
         vertex -14.0963 4.1733 7.3814
         vertex -14.1862 4.2632 7.4672
      endloop
   endfacet
   facet normal -0.3390 0.4769 -0.8110
      outer loop
         vertex -13.6208 4.5381 7.3814
         vertex -14.1862 4.2632 7.4672
         vertex -13.6844 4.6482 7.4672
      endloop
   endfacet
   facet normal -0.3328 0.9058 -0.2621
      outer loop
         vertex -13.1304 5.0035 7.7500
         vertex -13.1211 4.9734 7.5943
         vertex -13.7430 4.7497 7.7500
      endloop
   endfacet
   facet normal -0.3908 0.8562 -0.3378
      outer loop
         vertex -13.7430 4.7497 7.7500
         vertex -13.1211 4.9734 7.5943
         vertex -13.7273 4.7225 7.5943
      endloop
   endfacet
   facet normal -0.1510 0.9535 0.2609
      outer loop
         vertex -11.4156 5.2891 3.9500
         vertex -12.8703 5.0587 3.9500
         vertex -12.8654 5.0277 4.1057
      endloop
   endfacet
   facet normal -0.1480 0.9345 0.3238
      outer loop
         vertex -11.4156 5.2891 3.9500
         vertex -12.8654 5.0277 4.1057
         vertex -11.4110 5.2580 4.1057
      endloop
   endfacet
   facet normal -0.1353 0.8545 0.5015
      outer loop
         vertex -11.4110 5.2580 4.1057
         vertex -12.8654 5.0277 4.1057
         vertex -12.8520 4.9430 4.2328
      endloop
   endfacet
   facet normal -0.1239 0.7824 0.6103
      outer loop
         vertex -11.4110 5.2580 4.1057
         vertex -12.8520 4.9430 4.2328
         vertex -11.3985 5.1732 4.2328
      endloop
   endfacet
   facet normal -0.2080 0.4292 0.8789
      outer loop
         vertex -13.6844 4.6482 4.2328
         vertex -13.6208 4.5381 4.3186
         vertex -13.0580 4.7701 4.3186
      endloop
   endfacet
   facet normal -0.3129 0.7980 0.5150
      outer loop
         vertex -13.0957 4.8916 4.2328
         vertex -13.1211 4.9734 4.1057
         vertex -13.7273 4.7225 4.1057
      endloop
   endfacet
   facet normal -0.2123 0.8603 0.4634
      outer loop
         vertex -13.1211 4.9734 4.1057
         vertex -12.8520 4.9430 4.2328
         vertex -12.8654 5.0277 4.1057
      endloop
   endfacet
   facet normal -0.2213 0.9453 0.2398
      outer loop
         vertex -13.1304 5.0035 3.9500
         vertex -12.8654 5.0277 4.1057
         vertex -12.8703 5.0587 3.9500
      endloop
   endfacet
   facet normal -0.2456 0.9208 0.3030
      outer loop
         vertex -12.8654 5.0277 4.1057
         vertex -13.1304 5.0035 3.9500
         vertex -13.1211 4.9734 4.1057
      endloop
   endfacet
   facet normal -0.2178 0.7750 0.5933
      outer loop
         vertex -13.0957 4.8916 4.2328
         vertex -12.8520 4.9430 4.2328
         vertex -13.1211 4.9734 4.1057
      endloop
   endfacet
   facet normal -0.3297 0.7006 0.6328
      outer loop
         vertex -13.0957 4.8916 4.2328
         vertex -13.7273 4.7225 4.1057
         vertex -13.6844 4.6482 4.2328
      endloop
   endfacet
   facet normal -0.2230 0.5549 0.8015
      outer loop
         vertex -13.6844 4.6482 4.2328
         vertex -13.0580 4.7701 4.3186
         vertex -13.0957 4.8916 4.2328
      endloop
   endfacet
   facet normal -0.4825 0.6987 -0.5282
      outer loop
         vertex -14.2468 4.3238 1.5943
         vertex -13.7273 4.7225 1.5943
         vertex -13.6844 4.6482 1.4672
      endloop
   endfacet
   facet normal -0.5043 0.5965 -0.6244
      outer loop
         vertex -14.2468 4.3238 1.5943
         vertex -13.6844 4.6482 1.4672
         vertex -14.1862 4.2632 1.4672
      endloop
   endfacet
   facet normal -0.4284 0.6432 0.6347
      outer loop
         vertex -14.1862 4.2632 4.2328
         vertex -13.6844 4.6482 4.2328
         vertex -13.7273 4.7225 4.1057
      endloop
   endfacet
   facet normal -0.5404 0.6638 0.5171
      outer loop
         vertex -14.1862 4.2632 4.2328
         vertex -13.7273 4.7225 4.1057
         vertex -14.2468 4.3238 4.1057
      endloop
   endfacet
   facet normal -0.3730 0.4645 0.8032
      outer loop
         vertex -13.6844 4.6482 4.2328
         vertex -14.1862 4.2632 4.2328
         vertex -14.0963 4.1733 4.3186
      endloop
   endfacet
   facet normal -0.2604 0.3976 0.8799
      outer loop
         vertex -13.6844 4.6482 4.2328
         vertex -14.0963 4.1733 4.3186
         vertex -13.6208 4.5381 4.3186
      endloop
   endfacet
   facet normal -0.6430 0.7659 0.0000
      outer loop
         vertex -13.7430 4.7497 1.7500
         vertex -14.2691 4.3461 1.7500
         vertex -14.2691 4.3461 3.9500
      endloop
   endfacet
   facet normal -0.5734 0.8193 0.0000
      outer loop
         vertex -13.7430 4.7497 1.7500
         vertex -14.2691 4.3461 3.9500
         vertex -13.7430 4.7497 3.9500
      endloop
   endfacet
   facet normal -0.4344 0.9007 0.0000
      outer loop
         vertex -13.1304 5.0035 1.7500
         vertex -13.7430 4.7497 1.7500
         vertex -13.7430 4.7497 3.9500
      endloop
   endfacet
   facet normal -0.3662 0.9305 0.0000
      outer loop
         vertex -13.1304 5.0035 1.7500
         vertex -13.7430 4.7497 3.9500
         vertex -13.1304 5.0035 3.9500
      endloop
   endfacet
   facet normal -0.3328 0.9058 0.2621
      outer loop
         vertex -13.1304 5.0035 3.9500
         vertex -13.7430 4.7497 3.9500
         vertex -13.1211 4.9734 4.1057
      endloop
   endfacet
   facet normal -0.3908 0.8562 0.3378
      outer loop
         vertex -13.1211 4.9734 4.1057
         vertex -13.7430 4.7497 3.9500
         vertex -13.7273 4.7225 4.1057
      endloop
   endfacet
   facet normal -0.0672 0.1630 -0.9843
      outer loop
         vertex -13.8030 4.5932 0.0000
         vertex -13.8349 4.6542 0.0079
         vertex -12.9174 5.0354 0.0079
      endloop
   endfacet
   facet normal -0.3214 0.9248 -0.2035
      outer loop
         vertex -12.9773 5.2587 0.3000
         vertex -12.9752 5.2510 0.2312
         vertex -13.9383 4.8521 0.2312
      endloop
   endfacet
   facet normal -0.3004 0.8676 -0.3962
      outer loop
         vertex -12.9694 5.2292 0.1681
         vertex -13.9279 4.8321 0.1681
         vertex -12.9752 5.2510 0.2312
      endloop
   endfacet
   facet normal -0.1369 0.3300 -0.9340
      outer loop
         vertex -13.8642 4.7101 0.0305
         vertex -12.9338 5.0964 0.0305
         vertex -13.8349 4.6542 0.0079
      endloop
   endfacet
   facet normal -0.2633 0.7638 -0.5893
      outer loop
         vertex -12.9602 5.1950 0.1124
         vertex -13.9115 4.8007 0.1124
         vertex -12.9694 5.2292 0.1681
      endloop
   endfacet
   facet normal -0.2140 0.6246 -0.7511
      outer loop
         vertex -12.9482 5.1502 0.0659
         vertex -13.8900 4.7595 0.0659
         vertex -12.9602 5.1950 0.1124
      endloop
   endfacet
   facet normal -0.1542 0.4550 -0.8771
      outer loop
         vertex -12.9338 5.0964 0.0305
         vertex -13.8642 4.7101 0.0305
         vertex -12.9482 5.1502 0.0659
      endloop
   endfacet
   facet normal -0.3355 0.6026 -0.7241
      outer loop
         vertex -13.8900 4.7595 0.0659
         vertex -14.1903 4.5666 0.0659
         vertex -13.9115 4.8007 0.1124
      endloop
   endfacet
   facet normal -0.4855 0.4896 -0.7243
      outer loop
         vertex -14.1903 4.5666 0.0659
         vertex -14.4448 4.3491 0.0659
         vertex -14.4785 4.3810 0.1124
      endloop
   endfacet
   facet normal -0.2495 0.4504 -0.8572
      outer loop
         vertex -13.8642 4.7101 0.0305
         vertex -14.1571 4.5219 0.0305
         vertex -13.8900 4.7595 0.0659
      endloop
   endfacet
   facet normal -0.3632 0.3647 -0.8574
      outer loop
         vertex -14.1571 4.5219 0.0305
         vertex -14.4043 4.3107 0.0305
         vertex -14.4448 4.3491 0.0659
      endloop
   endfacet
   facet normal -0.4501 0.7515 -0.4824
      outer loop
         vertex -13.9279 4.8321 0.1681
         vertex -14.2180 4.6039 0.1124
         vertex -14.2392 4.6323 0.1681
      endloop
   endfacet
   facet normal -0.1497 0.2734 -0.9502
      outer loop
         vertex -13.8349 4.6542 0.0079
         vertex -14.1194 4.4712 0.0079
         vertex -13.8642 4.7101 0.0305
      endloop
   endfacet
   facet normal -0.2211 0.2195 -0.9502
      outer loop
         vertex -14.3585 4.2673 0.0079
         vertex -14.4043 4.3107 0.0305
         vertex -14.1194 4.4712 0.0079
      endloop
   endfacet
   facet normal -0.4944 0.8245 -0.2752
      outer loop
         vertex -14.2526 4.6504 0.2312
         vertex -13.9383 4.8521 0.2312
         vertex -14.2392 4.6323 0.1681
      endloop
   endfacet
   facet normal -0.4899 0.8536 -0.1770
      outer loop
         vertex -13.9383 4.8521 0.2312
         vertex -14.2526 4.6504 0.2312
         vertex -13.9420 4.8591 0.3000
      endloop
   endfacet
   facet normal -0.1027 0.1742 -0.9793
      outer loop
         vertex -14.0783 4.4160 0.0000
         vertex -14.1194 4.4712 0.0079
         vertex -13.8349 4.6542 0.0079
      endloop
   endfacet
   facet normal -0.1381 0.1477 -0.9793
      outer loop
         vertex -14.0783 4.4160 0.0000
         vertex -14.3585 4.2673 0.0079
         vertex -14.1194 4.4712 0.0079
      endloop
   endfacet
   facet normal -0.7494 0.6074 -0.2636
      outer loop
         vertex -14.6727 3.8200 7.7500
         vertex -14.2691 4.3461 7.7500
         vertex -14.2468 4.3238 7.5943
      endloop
   endfacet
   facet normal -0.7841 0.5195 -0.3396
      outer loop
         vertex -14.6727 3.8200 7.7500
         vertex -14.2468 4.3238 7.5943
         vertex -14.6455 3.8043 7.5943
      endloop
   endfacet
   facet normal -0.1951 0.1705 -0.9658
      outer loop
         vertex -14.0963 4.1733 7.3814
         vertex -13.9862 4.0632 7.3500
         vertex -14.3263 3.6200 7.3500
      endloop
   endfacet
   facet normal -0.2502 0.1804 -0.9512
      outer loop
         vertex -14.0963 4.1733 7.3814
         vertex -14.3263 3.6200 7.3500
         vertex -14.4611 3.6978 7.3814
      endloop
   endfacet
   facet normal -0.6015 0.7232 -0.3393
      outer loop
         vertex -13.7273 4.7225 7.5943
         vertex -14.2468 4.3238 7.5943
         vertex -14.2691 4.3461 7.7500
      endloop
   endfacet
   facet normal -0.5350 0.7984 -0.2763
      outer loop
         vertex -13.7273 4.7225 7.5943
         vertex -14.2691 4.3461 7.7500
         vertex -13.7430 4.7497 7.7500
      endloop
   endfacet
   facet normal -0.6432 0.4284 -0.6347
      outer loop
         vertex -14.1862 4.2632 7.4672
         vertex -14.5712 3.7614 7.4672
         vertex -14.6455 3.8043 7.5943
      endloop
   endfacet
   facet normal -0.6638 0.5404 -0.5171
      outer loop
         vertex -14.1862 4.2632 7.4672
         vertex -14.6455 3.8043 7.5943
         vertex -14.2468 4.3238 7.5943
      endloop
   endfacet
   facet normal -0.4645 0.3730 -0.8032
      outer loop
         vertex -14.5712 3.7614 7.4672
         vertex -14.1862 4.2632 7.4672
         vertex -14.0963 4.1733 7.3814
      endloop
   endfacet
   facet normal -0.3976 0.2603 -0.8799
      outer loop
         vertex -14.5712 3.7614 7.4672
         vertex -14.0963 4.1733 7.3814
         vertex -14.4611 3.6978 7.3814
      endloop
   endfacet
   facet normal -0.6015 0.7232 -0.3393
      outer loop
         vertex -13.7273 4.7225 1.5943
         vertex -14.2468 4.3238 1.5943
         vertex -14.2691 4.3461 1.7500
      endloop
   endfacet
   facet normal -0.5350 0.7984 -0.2763
      outer loop
         vertex -13.7273 4.7225 1.5943
         vertex -14.2691 4.3461 1.7500
         vertex -13.7430 4.7497 1.7500
      endloop
   endfacet
   facet normal -0.7494 0.6074 -0.2636
      outer loop
         vertex -14.6727 3.8200 1.7500
         vertex -14.2691 4.3461 1.7500
         vertex -14.2468 4.3238 1.5943
      endloop
   endfacet
   facet normal -0.7841 0.5195 -0.3396
      outer loop
         vertex -14.6727 3.8200 1.7500
         vertex -14.2468 4.3238 1.5943
         vertex -14.6455 3.8043 1.5943
      endloop
   endfacet
   facet normal -0.3976 0.2603 -0.8799
      outer loop
         vertex -14.0963 4.1733 1.3814
         vertex -14.4611 3.6978 1.3814
         vertex -14.5712 3.7614 1.4672
      endloop
   endfacet
   facet normal -0.4645 0.3730 -0.8032
      outer loop
         vertex -14.0963 4.1733 1.3814
         vertex -14.5712 3.7614 1.4672
         vertex -14.1862 4.2632 1.4672
      endloop
   endfacet
   facet normal -0.6638 0.5404 -0.5171
      outer loop
         vertex -14.6455 3.8043 1.5943
         vertex -14.2468 4.3238 1.5943
         vertex -14.1862 4.2632 1.4672
      endloop
   endfacet
   facet normal -0.6432 0.4284 -0.6347
      outer loop
         vertex -14.6455 3.8043 1.5943
         vertex -14.1862 4.2632 1.4672
         vertex -14.5712 3.7614 1.4672
      endloop
   endfacet
   facet normal -0.7232 0.6015 0.3394
      outer loop
         vertex -14.6455 3.8043 4.1057
         vertex -14.2468 4.3238 4.1057
         vertex -14.2691 4.3461 3.9500
      endloop
   endfacet
   facet normal -0.7984 0.5350 0.2763
      outer loop
         vertex -14.6455 3.8043 4.1057
         vertex -14.2691 4.3461 3.9500
         vertex -14.6727 3.8200 3.9500
      endloop
   endfacet
   facet normal -0.2502 0.1804 0.9512
      outer loop
         vertex -14.0963 4.1733 4.3186
         vertex -14.4611 3.6978 4.3186
         vertex -14.3263 3.6200 4.3500
      endloop
   endfacet
   facet normal -0.1951 0.1705 0.9658
      outer loop
         vertex -14.0963 4.1733 4.3186
         vertex -14.3263 3.6200 4.3500
         vertex -13.9862 4.0632 4.3500
      endloop
   endfacet
   facet normal -0.5195 0.7841 0.3396
      outer loop
         vertex -14.2468 4.3238 4.1057
         vertex -13.7273 4.7225 4.1057
         vertex -13.7430 4.7497 3.9500
      endloop
   endfacet
   facet normal -0.6074 0.7494 0.2636
      outer loop
         vertex -14.2468 4.3238 4.1057
         vertex -13.7430 4.7497 3.9500
         vertex -14.2691 4.3461 3.9500
      endloop
   endfacet
   facet normal -0.5965 0.5043 0.6244
      outer loop
         vertex -14.5712 3.7614 4.2328
         vertex -14.1862 4.2632 4.2328
         vertex -14.2468 4.3238 4.1057
      endloop
   endfacet
   facet normal -0.6987 0.4825 0.5282
      outer loop
         vertex -14.5712 3.7614 4.2328
         vertex -14.2468 4.3238 4.1057
         vertex -14.6455 3.8043 4.1057
      endloop
   endfacet
   facet normal -0.3664 0.3203 0.8736
      outer loop
         vertex -14.4611 3.6978 4.3186
         vertex -14.0963 4.1733 4.3186
         vertex -14.1862 4.2632 4.2328
      endloop
   endfacet
   facet normal -0.4769 0.3389 0.8110
      outer loop
         vertex -14.4611 3.6978 4.3186
         vertex -14.1862 4.2632 4.2328
         vertex -14.5712 3.7614 4.2328
      endloop
   endfacet
   facet normal -0.1092 0.1058 -0.9884
      outer loop
         vertex -14.3086 4.2200 0.0000
         vertex -14.3585 4.2673 0.0079
         vertex -14.0783 4.4160 0.0000
      endloop
   endfacet
   facet normal -0.0716 0.1342 -0.9884
      outer loop
         vertex -13.8030 4.5932 0.0000
         vertex -14.0783 4.4160 0.0000
         vertex -13.8349 4.6542 0.0079
      endloop
   endfacet
   facet normal -0.4557 0.8145 -0.3590
      outer loop
         vertex -14.2392 4.6323 0.1681
         vertex -13.9383 4.8521 0.2312
         vertex -13.9279 4.8321 0.1681
      endloop
   endfacet
   facet normal -0.2682 0.2887 -0.9191
      outer loop
         vertex -14.4043 4.3107 0.0305
         vertex -14.1571 4.5219 0.0305
         vertex -14.1194 4.4712 0.0079
      endloop
   endfacet
   facet normal -0.2011 0.3390 -0.9190
      outer loop
         vertex -14.1194 4.4712 0.0079
         vertex -14.1571 4.5219 0.0305
         vertex -13.8642 4.7101 0.0305
      endloop
   endfacet
   facet normal -0.4051 0.7255 -0.5564
      outer loop
         vertex -14.2180 4.6039 0.1124
         vertex -13.9279 4.8321 0.1681
         vertex -13.9115 4.8007 0.1124
      endloop
   endfacet
   facet normal -0.3984 0.4310 -0.8096
      outer loop
         vertex -14.4448 4.3491 0.0659
         vertex -14.1903 4.5666 0.0659
         vertex -14.1571 4.5219 0.0305
      endloop
   endfacet
   facet normal -0.3007 0.5041 -0.8096
      outer loop
         vertex -14.1571 4.5219 0.0305
         vertex -14.1903 4.5666 0.0659
         vertex -13.8900 4.7595 0.0659
      endloop
   endfacet
   facet normal -0.5079 0.5507 -0.6624
      outer loop
         vertex -14.2180 4.6039 0.1124
         vertex -14.1903 4.5666 0.0659
         vertex -14.4785 4.3810 0.1124
      endloop
   endfacet
   facet normal -0.3845 0.6430 -0.6623
      outer loop
         vertex -14.1903 4.5666 0.0659
         vertex -14.2180 4.6039 0.1124
         vertex -13.9115 4.8007 0.1124
      endloop
   endfacet
   facet normal -0.5466 0.3840 -0.7441
      outer loop
         vertex -14.4448 4.3491 0.0659
         vertex -14.7945 3.8938 0.0659
         vertex -14.8348 3.9170 0.1124
      endloop
   endfacet
   facet normal -0.6650 0.5431 -0.5126
      outer loop
         vertex -14.5042 4.4054 0.1681
         vertex -14.4785 4.3810 0.1124
         vertex -14.8655 3.9348 0.1681
      endloop
   endfacet
   facet normal -0.4018 0.2796 -0.8720
      outer loop
         vertex -14.4043 4.3107 0.0305
         vertex -14.7463 3.8660 0.0305
         vertex -14.7945 3.8938 0.0659
      endloop
   endfacet
   facet normal -0.7357 0.6030 -0.3083
      outer loop
         vertex -14.8850 3.9460 0.2312
         vertex -14.5206 4.4209 0.2312
         vertex -14.5042 4.4054 0.1681
      endloop
   endfacet
   facet normal -0.2348 0.1595 -0.9589
      outer loop
         vertex -14.3585 4.2673 0.0079
         vertex -14.6916 3.8344 0.0079
         vertex -14.7463 3.8660 0.0305
      endloop
   endfacet
   facet normal -0.7952 0.5731 -0.1980
      outer loop
         vertex -14.5206 4.4209 0.2312
         vertex -14.8850 3.9460 0.2312
         vertex -14.8919 3.9500 0.3000
      endloop
   endfacet
   facet normal -0.1429 0.1116 -0.9834
      outer loop
         vertex -14.3086 4.2200 0.0000
         vertex -14.6916 3.8344 0.0079
         vertex -14.3585 4.2673 0.0079
      endloop
   endfacet
   facet normal -0.8193 0.5734 0.0000
      outer loop
         vertex -14.2691 4.3461 1.7500
         vertex -14.6727 3.8200 1.7500
         vertex -14.6727 3.8200 3.9500
      endloop
   endfacet
   facet normal -0.7659 0.6430 0.0000
      outer loop
         vertex -14.2691 4.3461 1.7500
         vertex -14.6727 3.8200 3.9500
         vertex -14.2691 4.3461 3.9500
      endloop
   endfacet
   facet normal -0.1201 0.0795 -0.9896
      outer loop
         vertex -14.3086 4.2200 0.0000
         vertex -14.6321 3.8000 0.0000
         vertex -14.6916 3.8344 0.0079
      endloop
   endfacet
   facet normal -0.2837 0.2249 -0.9322
      outer loop
         vertex -14.3585 4.2673 0.0079
         vertex -14.7463 3.8660 0.0305
         vertex -14.4043 4.3107 0.0305
      endloop
   endfacet
   facet normal -0.7523 0.5336 -0.3864
      outer loop
         vertex -14.5042 4.4054 0.1681
         vertex -14.8655 3.9348 0.1681
         vertex -14.8850 3.9460 0.2312
      endloop
   endfacet
   facet normal -0.4347 0.3506 -0.8295
      outer loop
         vertex -14.4043 4.3107 0.0305
         vertex -14.7945 3.8938 0.0659
         vertex -14.4448 4.3491 0.0659
      endloop
   endfacet
   facet normal -0.6649 0.4697 -0.5807
      outer loop
         vertex -14.8655 3.9348 0.1681
         vertex -14.4785 4.3810 0.1124
         vertex -14.8348 3.9170 0.1124
      endloop
   endfacet
   facet normal -0.5632 0.4577 -0.6880
      outer loop
         vertex -14.4785 4.3810 0.1124
         vertex -14.4448 4.3491 0.0659
         vertex -14.8348 3.9170 0.1124
      endloop
   endfacet
   facet normal -0.7772 0.6292 0.0000
      outer loop
         vertex -14.5263 4.4263 6.7500
         vertex -14.5263 4.4263 4.9500
         vertex -14.8919 3.9500 4.9500
      endloop
   endfacet
   facet normal -0.8243 0.5662 0.0000
      outer loop
         vertex -14.5263 4.4263 6.7500
         vertex -14.8919 3.9500 4.9500
         vertex -14.8919 3.9500 6.7500
      endloop
   endfacet
   facet normal -0.7772 0.6292 0.0000
      outer loop
         vertex -14.5263 4.4263 0.7500
         vertex -14.5263 4.4263 0.3000
         vertex -14.8919 3.9500 0.3000
      endloop
   endfacet
   facet normal -0.8243 0.5662 0.0000
      outer loop
         vertex -14.5263 4.4263 0.7500
         vertex -14.8919 3.9500 0.3000
         vertex -14.8919 3.9500 0.7500
      endloop
   endfacet
   facet normal -0.7772 0.6292 0.0000
      outer loop
         vertex -14.5263 4.4263 12.7500
         vertex -14.5263 4.4263 10.9500
         vertex -14.8919 3.9500 10.9500
      endloop
   endfacet
   facet normal -0.8243 0.5662 0.0000
      outer loop
         vertex -14.5263 4.4263 12.7500
         vertex -14.8919 3.9500 10.9500
         vertex -14.8919 3.9500 12.7500
      endloop
   endfacet
   facet normal -0.7772 0.6292 0.0000
      outer loop
         vertex -14.5263 4.4263 17.4000
         vertex -14.5263 4.4263 16.9500
         vertex -14.8919 3.9500 16.9500
      endloop
   endfacet
   facet normal -0.8243 0.5662 0.0000
      outer loop
         vertex -14.5263 4.4263 17.4000
         vertex -14.8919 3.9500 16.9500
         vertex -14.8919 3.9500 17.4000
      endloop
   endfacet
   facet normal -0.6764 0.7365 0.0000
      outer loop
         vertex -14.2573 4.6568 6.7500
         vertex -14.2573 4.6568 4.9500
         vertex -14.5263 4.4263 4.9500
      endloop
   endfacet
   facet normal -0.7015 0.7126 0.0000
      outer loop
         vertex -14.2573 4.6568 6.7500
         vertex -14.5263 4.4263 4.9500
         vertex -14.5263 4.4263 6.7500
      endloop
   endfacet
   facet normal -0.7015 0.7126 0.0000
      outer loop
         vertex -14.2573 4.6568 0.3000
         vertex -14.5263 4.4263 0.3000
         vertex -14.5263 4.4263 0.7500
      endloop
   endfacet
   facet normal -0.6764 0.7365 0.0000
      outer loop
         vertex -14.2573 4.6568 0.3000
         vertex -14.5263 4.4263 0.7500
         vertex -14.2573 4.6568 0.7500
      endloop
   endfacet
   facet normal -0.7015 0.7126 0.0000
      outer loop
         vertex -14.5263 4.4263 10.9500
         vertex -14.5263 4.4263 12.7500
         vertex -14.2573 4.6568 12.7500
      endloop
   endfacet
   facet normal -0.6764 0.7365 0.0000
      outer loop
         vertex -14.5263 4.4263 10.9500
         vertex -14.2573 4.6568 12.7500
         vertex -14.2573 4.6568 10.9500
      endloop
   endfacet
   facet normal -0.6764 0.7365 0.0000
      outer loop
         vertex -14.2573 4.6568 17.4000
         vertex -14.2573 4.6568 16.9500
         vertex -14.5263 4.4263 16.9500
      endloop
   endfacet
   facet normal -0.7015 0.7126 0.0000
      outer loop
         vertex -14.2573 4.6568 17.4000
         vertex -14.5263 4.4263 16.9500
         vertex -14.5263 4.4263 17.4000
      endloop
   endfacet
   facet normal -0.4893 0.8721 0.0000
      outer loop
         vertex -13.9420 4.8591 6.7500
         vertex -13.9420 4.8591 4.9500
         vertex -14.2573 4.6568 4.9500
      endloop
   endfacet
   facet normal -0.5149 0.8572 0.0000
      outer loop
         vertex -13.9420 4.8591 6.7500
         vertex -14.2573 4.6568 4.9500
         vertex -14.2573 4.6568 6.7500
      endloop
   endfacet
   facet normal -0.5149 0.8572 0.0000
      outer loop
         vertex -13.9420 4.8591 0.3000
         vertex -14.2573 4.6568 0.3000
         vertex -14.2573 4.6568 0.7500
      endloop
   endfacet
   facet normal -0.4893 0.8721 0.0000
      outer loop
         vertex -13.9420 4.8591 0.3000
         vertex -14.2573 4.6568 0.7500
         vertex -13.9420 4.8591 0.7500
      endloop
   endfacet
   facet normal -0.4893 0.8721 0.0000
      outer loop
         vertex -13.9420 4.8591 12.7500
         vertex -13.9420 4.8591 10.9500
         vertex -14.2573 4.6568 10.9500
      endloop
   endfacet
   facet normal -0.5149 0.8572 0.0000
      outer loop
         vertex -13.9420 4.8591 12.7500
         vertex -14.2573 4.6568 10.9500
         vertex -14.2573 4.6568 12.7500
      endloop
   endfacet
   facet normal -0.4893 0.8721 0.0000
      outer loop
         vertex -13.9420 4.8591 17.4000
         vertex -13.9420 4.8591 16.9500
         vertex -14.2573 4.6568 16.9500
      endloop
   endfacet
   facet normal -0.5149 0.8572 0.0000
      outer loop
         vertex -13.9420 4.8591 17.4000
         vertex -14.2573 4.6568 16.9500
         vertex -14.2573 4.6568 17.4000
      endloop
   endfacet
   facet normal -0.7521 0.6411 0.1528
      outer loop
         vertex -14.5263 4.4263 17.4000
         vertex -14.8919 3.9500 17.4000
         vertex -14.5206 4.4209 17.4688
      endloop
   endfacet
   facet normal -0.5934 0.6443 0.4825
      outer loop
         vertex -14.5042 4.4054 17.5319
         vertex -14.2180 4.6039 17.5876
         vertex -14.2392 4.6323 17.5319
      endloop
   endfacet
   facet normal -0.6508 0.7076 0.2753
      outer loop
         vertex -14.2526 4.6504 17.4688
         vertex -14.5206 4.4209 17.4688
         vertex -14.2392 4.6323 17.5319
      endloop
   endfacet
   facet normal -0.5182 0.8439 0.1393
      outer loop
         vertex -13.9420 4.8591 17.4000
         vertex -14.2573 4.6568 17.4000
         vertex -14.2526 4.6504 17.4688
      endloop
   endfacet
   facet normal -0.6824 0.7092 0.1771
      outer loop
         vertex -14.2526 4.6504 17.4688
         vertex -14.5263 4.4263 17.4000
         vertex -14.5206 4.4209 17.4688
      endloop
   endfacet
   facet normal -0.6614 0.7370 0.1393
      outer loop
         vertex -14.2573 4.6568 17.4000
         vertex -14.5263 4.4263 17.4000
         vertex -14.2526 4.6504 17.4688
      endloop
   endfacet
   facet normal -0.6556 0.6642 0.3592
      outer loop
         vertex -14.2392 4.6323 17.5319
         vertex -14.5206 4.4209 17.4688
         vertex -14.5042 4.4054 17.5319
      endloop
   endfacet
   facet normal -0.5842 0.5907 0.5566
      outer loop
         vertex -14.4785 4.3810 17.5876
         vertex -14.2180 4.6039 17.5876
         vertex -14.5042 4.4054 17.5319
      endloop
   endfacet
   facet normal -0.5934 0.6443 -0.4825
      outer loop
         vertex -14.2392 4.6323 0.1681
         vertex -14.2180 4.6039 0.1124
         vertex -14.5042 4.4054 0.1681
      endloop
   endfacet
   facet normal -0.6508 0.7076 -0.2753
      outer loop
         vertex -14.2526 4.6504 0.2312
         vertex -14.2392 4.6323 0.1681
         vertex -14.5206 4.4209 0.2312
      endloop
   endfacet
   facet normal -0.5182 0.8439 -0.1393
      outer loop
         vertex -13.9420 4.8591 0.3000
         vertex -14.2526 4.6504 0.2312
         vertex -14.2573 4.6568 0.3000
      endloop
   endfacet
   facet normal -0.6824 0.7092 -0.1771
      outer loop
         vertex -14.2526 4.6504 0.2312
         vertex -14.5206 4.4209 0.2312
         vertex -14.5263 4.4263 0.3000
      endloop
   endfacet
   facet normal -0.6614 0.7370 -0.1393
      outer loop
         vertex -14.2573 4.6568 0.3000
         vertex -14.2526 4.6504 0.2312
         vertex -14.5263 4.4263 0.3000
      endloop
   endfacet
   facet normal -0.6556 0.6642 -0.3592
      outer loop
         vertex -14.2392 4.6323 0.1681
         vertex -14.5042 4.4054 0.1681
         vertex -14.5206 4.4209 0.2312
      endloop
   endfacet
   facet normal -0.5842 0.5907 -0.5566
      outer loop
         vertex -14.4785 4.3810 0.1124
         vertex -14.5042 4.4054 0.1681
         vertex -14.2180 4.6039 0.1124
      endloop
   endfacet
   facet normal -0.7521 0.6411 -0.1528
      outer loop
         vertex -14.5263 4.4263 0.3000
         vertex -14.5206 4.4209 0.2312
         vertex -14.8919 3.9500 0.3000
      endloop
   endfacet
   facet normal 1.0000 0.0000 0.0000
      outer loop
         vertex -1.4000 0.0000 17.7000
         vertex -1.4000 0.0000 15.5500
         vertex -1.4000 0.3000 15.5500
      endloop
   endfacet
   facet normal 1.0000 0.0000 0.0000
      outer loop
         vertex -1.4000 0.0000 17.7000
         vertex -1.4000 0.3000 15.5500
         vertex -1.4000 0.3000 17.7000
      endloop
   endfacet
   facet normal 1.0000 0.0000 0.0000
      outer loop
         vertex -1.4000 0.0000 14.1500
         vertex -1.4000 0.0000 9.5500
         vertex -1.4000 0.3000 9.5500
      endloop
   endfacet
   facet normal 1.0000 0.0000 0.0000
      outer loop
         vertex -1.4000 0.0000 14.1500
         vertex -1.4000 0.3000 9.5500
         vertex -1.4000 0.3000 14.1500
      endloop
   endfacet
   facet normal 1.0000 0.0000 0.0000
      outer loop
         vertex -1.4000 0.0000 8.1500
         vertex -1.4000 0.0000 3.5500
         vertex -1.4000 0.3000 3.5500
      endloop
   endfacet
   facet normal 1.0000 0.0000 0.0000
      outer loop
         vertex -1.4000 0.0000 8.1500
         vertex -1.4000 0.3000 3.5500
         vertex -1.4000 0.3000 8.1500
      endloop
   endfacet
   facet normal 1.0000 0.0000 0.0000
      outer loop
         vertex -1.4000 0.0000 2.1500
         vertex -1.4000 0.0000 0.0000
         vertex -1.4000 0.3000 0.0000
      endloop
   endfacet
   facet normal 1.0000 0.0000 0.0000
      outer loop
         vertex -1.4000 0.0000 2.1500
         vertex -1.4000 0.3000 0.0000
         vertex -1.4000 0.3000 2.1500
      endloop
   endfacet
   facet normal 0.0000 -1.0000 0.0000
      outer loop
         vertex -15.2000 0.0000 7.8971
         vertex -15.2000 0.0000 3.8029
         vertex -14.2000 0.0000 4.3500
      endloop
   endfacet
   facet normal 0.0000 -1.0000 0.0000
      outer loop
         vertex -15.2000 0.0000 7.8971
         vertex -14.2000 0.0000 4.3500
         vertex -14.1799 0.0000 4.4250
      endloop
   endfacet
   facet normal 0.0000 -1.0000 0.0000
      outer loop
         vertex -15.2000 0.0000 7.8971
         vertex -14.1799 0.0000 4.4250
         vertex -14.1250 0.0000 4.4799
      endloop
   endfacet
   facet normal 0.0000 -1.0000 0.0000
      outer loop
         vertex -15.2000 0.0000 7.8971
         vertex -14.1250 0.0000 4.4799
         vertex -14.0500 0.0000 4.5000
      endloop
   endfacet
   facet normal 0.0000 -1.0000 0.0000
      outer loop
         vertex -15.2000 0.0000 7.8971
         vertex -14.0500 0.0000 4.5000
         vertex -14.1250 0.0000 7.2201
      endloop
   endfacet
   facet normal 0.0000 -1.0000 0.0000
      outer loop
         vertex -15.2000 0.0000 7.8971
         vertex -14.1250 0.0000 7.2201
         vertex -14.1799 0.0000 7.2750
      endloop
   endfacet
   facet normal 0.0000 -1.0000 0.0000
      outer loop
         vertex -15.2000 0.0000 7.8971
         vertex -14.1799 0.0000 7.2750
         vertex -14.2000 0.0000 7.3500
      endloop
   endfacet
   facet normal 0.0000 -1.0000 0.0000
      outer loop
         vertex -15.2000 0.0000 7.8971
         vertex -14.2000 0.0000 7.3500
         vertex -14.2000 0.0000 7.8971
      endloop
   endfacet
   facet normal 0.0000 -1.0000 0.0000
      outer loop
         vertex -14.0500 0.0000 4.5000
         vertex -11.8000 0.0000 4.5000
         vertex -1.4000 0.0000 8.1500
      endloop
   endfacet
   facet normal 0.0000 -1.0000 0.0000
      outer loop
         vertex -14.0500 0.0000 4.5000
         vertex -1.4000 0.0000 8.1500
         vertex -11.8000 0.0000 7.2000
      endloop
   endfacet
   facet normal 0.0000 -1.0000 0.0000
      outer loop
         vertex -14.0500 0.0000 4.5000
         vertex -11.8000 0.0000 7.2000
         vertex -14.0500 0.0000 7.2000
      endloop
   endfacet
   facet normal 0.0000 -1.0000 0.0000
      outer loop
         vertex -14.0500 0.0000 4.5000
         vertex -14.0500 0.0000 7.2000
         vertex -14.1250 0.0000 7.2201
      endloop
   endfacet
   facet normal 0.0000 -1.0000 0.0000
      outer loop
         vertex -11.8000 0.0000 3.5500
         vertex -1.4000 0.0000 3.5500
         vertex -1.4000 0.0000 8.1500
      endloop
   endfacet
   facet normal 0.0000 -1.0000 0.0000
      outer loop
         vertex -11.8000 0.0000 3.5500
         vertex -1.4000 0.0000 8.1500
         vertex -11.8000 0.0000 4.5000
      endloop
   endfacet
   facet normal 0.0000 -1.0000 0.0000
      outer loop
         vertex -11.8000 0.0000 7.2000
         vertex -1.4000 0.0000 8.1500
         vertex -11.8000 0.0000 8.1500
      endloop
   endfacet
   facet normal 0.0000 -1.0000 0.0000
      outer loop
         vertex -14.2000 0.0000 4.3500
         vertex -15.2000 0.0000 3.8029
         vertex -14.2000 0.0000 3.8029
      endloop
   endfacet
   facet normal 0.0000 -1.0000 0.0000
      outer loop
         vertex -15.2000 0.0000 1.8971
         vertex -15.2000 0.0000 0.3000
         vertex -14.1250 0.0000 1.2201
      endloop
   endfacet
   facet normal 0.0000 -1.0000 0.0000
      outer loop
         vertex -15.2000 0.0000 1.8971
         vertex -14.1250 0.0000 1.2201
         vertex -14.1799 0.0000 1.2750
      endloop
   endfacet
   facet normal 0.0000 -1.0000 0.0000
      outer loop
         vertex -15.2000 0.0000 1.8971
         vertex -14.1799 0.0000 1.2750
         vertex -14.2000 0.0000 1.3500
      endloop
   endfacet
   facet normal 0.0000 -1.0000 0.0000
      outer loop
         vertex -15.2000 0.0000 1.8971
         vertex -14.2000 0.0000 1.3500
         vertex -14.2000 0.0000 1.8971
      endloop
   endfacet
   facet normal 0.0000 -1.0000 0.0000
      outer loop
         vertex -15.2000 0.0000 0.3000
         vertex -15.1921 0.0000 0.2312
         vertex -1.4000 0.0000 2.1500
      endloop
   endfacet
   facet normal 0.0000 -1.0000 0.0000
      outer loop
         vertex -15.2000 0.0000 0.3000
         vertex -1.4000 0.0000 2.1500
         vertex -11.8000 0.0000 1.2000
      endloop
   endfacet
   facet normal 0.0000 -1.0000 0.0000
      outer loop
         vertex -15.2000 0.0000 0.3000
         vertex -11.8000 0.0000 1.2000
         vertex -14.0500 0.0000 1.2000
      endloop
   endfacet
   facet normal 0.0000 -1.0000 0.0000
      outer loop
         vertex -15.2000 0.0000 0.3000
         vertex -14.0500 0.0000 1.2000
         vertex -14.1250 0.0000 1.2201
      endloop
   endfacet
   facet normal 0.0000 -1.0000 0.0000
      outer loop
         vertex -1.4000 0.0000 2.1500
         vertex -15.1921 0.0000 0.2312
         vertex -15.1695 0.0000 0.1681
      endloop
   endfacet
   facet normal 0.0000 -1.0000 0.0000
      outer loop
         vertex -1.4000 0.0000 2.1500
         vertex -15.1695 0.0000 0.1681
         vertex -15.1341 0.0000 0.1124
      endloop
   endfacet
   facet normal 0.0000 -1.0000 0.0000
      outer loop
         vertex -1.4000 0.0000 2.1500
         vertex -15.1341 0.0000 0.1124
         vertex -15.0876 0.0000 0.0659
      endloop
   endfacet
   facet normal 0.0000 -1.0000 0.0000
      outer loop
         vertex -1.4000 0.0000 2.1500
         vertex -15.0876 0.0000 0.0659
         vertex -15.0319 0.0000 0.0305
      endloop
   endfacet
   facet normal 0.0000 -1.0000 0.0000
      outer loop
         vertex -1.4000 0.0000 2.1500
         vertex -15.0319 0.0000 0.0305
         vertex -14.9688 0.0000 0.0079
      endloop
   endfacet
   facet normal 0.0000 -1.0000 0.0000
      outer loop
         vertex -1.4000 0.0000 2.1500
         vertex -14.9688 0.0000 0.0079
         vertex -14.9000 0.0000 0.0000
      endloop
   endfacet
   facet normal 0.0000 -1.0000 0.0000
      outer loop
         vertex -1.4000 0.0000 2.1500
         vertex -14.9000 0.0000 0.0000
         vertex -1.4000 0.0000 0.0000
      endloop
   endfacet
   facet normal 0.0000 -1.0000 0.0000
      outer loop
         vertex -11.8000 0.0000 1.2000
         vertex -1.4000 0.0000 2.1500
         vertex -11.8000 0.0000 2.1500
      endloop
   endfacet
   facet normal 0.0000 -1.0000 0.0000
      outer loop
         vertex -15.2000 0.0000 17.4000
         vertex -15.2000 0.0000 15.8029
         vertex -14.2000 0.0000 16.3500
      endloop
   endfacet
   facet normal 0.0000 -1.0000 0.0000
      outer loop
         vertex -15.2000 0.0000 17.4000
         vertex -14.2000 0.0000 16.3500
         vertex -14.1799 0.0000 16.4250
      endloop
   endfacet
   facet normal 0.0000 -1.0000 0.0000
      outer loop
         vertex -15.2000 0.0000 17.4000
         vertex -14.1799 0.0000 16.4250
         vertex -14.1250 0.0000 16.4799
      endloop
   endfacet
   facet normal 0.0000 -1.0000 0.0000
      outer loop
         vertex -15.2000 0.0000 17.4000
         vertex -14.1250 0.0000 16.4799
         vertex -14.0500 0.0000 16.5000
      endloop
   endfacet
   facet normal 0.0000 -1.0000 0.0000
      outer loop
         vertex -15.2000 0.0000 17.4000
         vertex -14.0500 0.0000 16.5000
         vertex -1.4000 0.0000 17.7000
      endloop
   endfacet
   facet normal 0.0000 -1.0000 0.0000
      outer loop
         vertex -15.2000 0.0000 17.4000
         vertex -1.4000 0.0000 17.7000
         vertex -15.1921 0.0000 17.4688
      endloop
   endfacet
   facet normal 0.0000 -1.0000 0.0000
      outer loop
         vertex -1.4000 0.0000 17.7000
         vertex -14.9000 0.0000 17.7000
         vertex -14.9688 0.0000 17.6921
      endloop
   endfacet
   facet normal 0.0000 -1.0000 0.0000
      outer loop
         vertex -1.4000 0.0000 17.7000
         vertex -14.9688 0.0000 17.6921
         vertex -15.0319 0.0000 17.6695
      endloop
   endfacet
   facet normal 0.0000 -1.0000 0.0000
      outer loop
         vertex -1.4000 0.0000 17.7000
         vertex -15.0319 0.0000 17.6695
         vertex -15.0876 0.0000 17.6341
      endloop
   endfacet
   facet normal 0.0000 -1.0000 0.0000
      outer loop
         vertex -1.4000 0.0000 17.7000
         vertex -15.0876 0.0000 17.6341
         vertex -15.1341 0.0000 17.5876
      endloop
   endfacet
   facet normal 0.0000 -1.0000 0.0000
      outer loop
         vertex -1.4000 0.0000 17.7000
         vertex -15.1341 0.0000 17.5876
         vertex -15.1695 0.0000 17.5319
      endloop
   endfacet
   facet normal 0.0000 -1.0000 0.0000
      outer loop
         vertex -1.4000 0.0000 17.7000
         vertex -15.1695 0.0000 17.5319
         vertex -15.1921 0.0000 17.4688
      endloop
   endfacet
   facet normal 0.0000 -1.0000 0.0000
      outer loop
         vertex -1.4000 0.0000 17.7000
         vertex -14.0500 0.0000 16.5000
         vertex -11.8000 0.0000 16.5000
      endloop
   endfacet
   facet normal 0.0000 -1.0000 0.0000
      outer loop
         vertex -1.4000 0.0000 17.7000
         vertex -11.8000 0.0000 16.5000
         vertex -11.8000 0.0000 15.5500
      endloop
   endfacet
   facet normal 0.0000 -1.0000 0.0000
      outer loop
         vertex -1.4000 0.0000 17.7000
         vertex -11.8000 0.0000 15.5500
         vertex -1.4000 0.0000 15.5500
      endloop
   endfacet
   facet normal 0.0000 -1.0000 0.0000
      outer loop
         vertex -14.2000 0.0000 16.3500
         vertex -15.2000 0.0000 15.8029
         vertex -14.2000 0.0000 15.8029
      endloop
   endfacet
   facet normal 0.0000 -1.0000 0.0000
      outer loop
         vertex -15.2000 0.0000 13.8971
         vertex -15.2000 0.0000 9.8029
         vertex -14.2000 0.0000 10.3500
      endloop
   endfacet
   facet normal 0.0000 -1.0000 0.0000
      outer loop
         vertex -15.2000 0.0000 13.8971
         vertex -14.2000 0.0000 10.3500
         vertex -14.1799 0.0000 10.4250
      endloop
   endfacet
   facet normal 0.0000 -1.0000 0.0000
      outer loop
         vertex -15.2000 0.0000 13.8971
         vertex -14.1799 0.0000 10.4250
         vertex -14.1250 0.0000 10.4799
      endloop
   endfacet
   facet normal 0.0000 -1.0000 0.0000
      outer loop
         vertex -15.2000 0.0000 13.8971
         vertex -14.1250 0.0000 10.4799
         vertex -14.0500 0.0000 10.5000
      endloop
   endfacet
   facet normal 0.0000 -1.0000 0.0000
      outer loop
         vertex -15.2000 0.0000 13.8971
         vertex -14.0500 0.0000 10.5000
         vertex -14.1250 0.0000 13.2201
      endloop
   endfacet
   facet normal 0.0000 -1.0000 0.0000
      outer loop
         vertex -15.2000 0.0000 13.8971
         vertex -14.1250 0.0000 13.2201
         vertex -14.1799 0.0000 13.2750
      endloop
   endfacet
   facet normal 0.0000 -1.0000 0.0000
      outer loop
         vertex -15.2000 0.0000 13.8971
         vertex -14.1799 0.0000 13.2750
         vertex -14.2000 0.0000 13.3500
      endloop
   endfacet
   facet normal 0.0000 -1.0000 0.0000
      outer loop
         vertex -15.2000 0.0000 13.8971
         vertex -14.2000 0.0000 13.3500
         vertex -14.2000 0.0000 13.8971
      endloop
   endfacet
   facet normal 0.0000 -1.0000 0.0000
      outer loop
         vertex -14.0500 0.0000 10.5000
         vertex -11.8000 0.0000 10.5000
         vertex -1.4000 0.0000 14.1500
      endloop
   endfacet
   facet normal 0.0000 -1.0000 0.0000
      outer loop
         vertex -14.0500 0.0000 10.5000
         vertex -1.4000 0.0000 14.1500
         vertex -11.8000 0.0000 13.2000
      endloop
   endfacet
   facet normal 0.0000 -1.0000 0.0000
      outer loop
         vertex -14.0500 0.0000 10.5000
         vertex -11.8000 0.0000 13.2000
         vertex -14.0500 0.0000 13.2000
      endloop
   endfacet
   facet normal 0.0000 -1.0000 0.0000
      outer loop
         vertex -14.0500 0.0000 10.5000
         vertex -14.0500 0.0000 13.2000
         vertex -14.1250 0.0000 13.2201
      endloop
   endfacet
   facet normal 0.0000 -1.0000 0.0000
      outer loop
         vertex -11.8000 0.0000 9.5500
         vertex -1.4000 0.0000 9.5500
         vertex -1.4000 0.0000 14.1500
      endloop
   endfacet
   facet normal 0.0000 -1.0000 0.0000
      outer loop
         vertex -11.8000 0.0000 9.5500
         vertex -1.4000 0.0000 14.1500
         vertex -11.8000 0.0000 10.5000
      endloop
   endfacet
   facet normal 0.0000 -1.0000 0.0000
      outer loop
         vertex -11.8000 0.0000 13.2000
         vertex -1.4000 0.0000 14.1500
         vertex -11.8000 0.0000 14.1500
      endloop
   endfacet
   facet normal 0.0000 -1.0000 0.0000
      outer loop
         vertex -14.2000 0.0000 10.3500
         vertex -15.2000 0.0000 9.8029
         vertex -14.2000 0.0000 9.8029
      endloop
   endfacet
   facet normal 1.0000 0.0000 0.0000
      outer loop
         vertex -14.2000 0.0000 16.3500
         vertex -14.2000 0.0000 15.8029
         vertex -14.2000 0.3000 15.7500
      endloop
   endfacet
   facet normal 1.0000 0.0000 0.0000
      outer loop
         vertex -14.2000 0.0000 16.3500
         vertex -14.2000 0.3000 15.7500
         vertex -14.2000 0.3000 16.3500
      endloop
   endfacet
   facet normal 1.0000 0.0000 0.0000
      outer loop
         vertex -14.2000 0.0000 13.8971
         vertex -14.2000 0.0000 13.3500
         vertex -14.2000 0.3000 13.3500
      endloop
   endfacet
   facet normal 1.0000 0.0000 0.0000
      outer loop
         vertex -14.2000 0.0000 13.8971
         vertex -14.2000 0.3000 13.3500
         vertex -14.2000 0.3000 13.9500
      endloop
   endfacet
   facet normal 0.9071 0.0000 0.4210
      outer loop
         vertex -14.2000 0.0000 13.3500
         vertex -14.1799 0.0000 13.2750
         vertex -14.1799 0.3000 13.2750
      endloop
   endfacet
   facet normal 0.9405 0.0000 0.3399
      outer loop
         vertex -14.2000 0.0000 13.3500
         vertex -14.1799 0.3000 13.2750
         vertex -14.2000 0.3000 13.3500
      endloop
   endfacet
   facet normal 0.6414 0.0000 0.7672
      outer loop
         vertex -14.1799 0.0000 13.2750
         vertex -14.1250 0.0000 13.2201
         vertex -14.1250 0.3000 13.2201
      endloop
   endfacet
   facet normal 0.7672 0.0000 0.6414
      outer loop
         vertex -14.1799 0.0000 13.2750
         vertex -14.1250 0.3000 13.2201
         vertex -14.1799 0.3000 13.2750
      endloop
   endfacet
   facet normal 0.3399 0.0000 0.9405
      outer loop
         vertex -14.1250 0.0000 13.2201
         vertex -14.0500 0.0000 13.2000
         vertex -14.0500 0.3000 13.2000
      endloop
   endfacet
   facet normal 0.4210 0.0000 0.9071
      outer loop
         vertex -14.1250 0.0000 13.2201
         vertex -14.0500 0.3000 13.2000
         vertex -14.1250 0.3000 13.2201
      endloop
   endfacet
   facet normal 0.0000 0.0000 1.0000
      outer loop
         vertex -11.8000 0.3000 13.2000
         vertex -14.0500 0.3000 13.2000
         vertex -14.0500 0.0000 13.2000
      endloop
   endfacet
   facet normal 0.0000 0.0000 1.0000
      outer loop
         vertex -11.8000 0.3000 13.2000
         vertex -14.0500 0.0000 13.2000
         vertex -11.8000 0.0000 13.2000
      endloop
   endfacet
   facet normal -1.0000 0.0000 0.0000
      outer loop
         vertex -11.8000 0.0000 15.5500
         vertex -11.8000 0.0000 16.5000
         vertex -11.8000 0.3000 16.5000
      endloop
   endfacet
   facet normal -1.0000 0.0000 0.0000
      outer loop
         vertex -11.8000 0.0000 15.5500
         vertex -11.8000 0.3000 16.5000
         vertex -11.8000 0.3000 15.5500
      endloop
   endfacet
   facet normal -1.0000 0.0000 0.0000
      outer loop
         vertex -11.8000 0.0000 13.2000
         vertex -11.8000 0.0000 14.1500
         vertex -11.8000 0.3000 14.1500
      endloop
   endfacet
   facet normal -1.0000 0.0000 0.0000
      outer loop
         vertex -11.8000 0.0000 13.2000
         vertex -11.8000 0.3000 14.1500
         vertex -11.8000 0.3000 13.2000
      endloop
   endfacet
   facet normal 0.0000 0.0000 1.0000
      outer loop
         vertex -11.8000 0.0000 14.1500
         vertex -1.4000 0.0000 14.1500
         vertex -1.4000 0.3000 14.1500
      endloop
   endfacet
   facet normal 0.0000 0.0000 1.0000
      outer loop
         vertex -11.8000 0.0000 14.1500
         vertex -1.4000 0.3000 14.1500
         vertex -11.8000 0.3000 14.1500
      endloop
   endfacet
   facet normal 0.0000 0.0000 -1.0000
      outer loop
         vertex -11.8000 0.3000 15.5500
         vertex -1.4000 0.3000 15.5500
         vertex -1.4000 0.0000 15.5500
      endloop
   endfacet
   facet normal 0.0000 0.0000 -1.0000
      outer loop
         vertex -11.8000 0.3000 15.5500
         vertex -1.4000 0.0000 15.5500
         vertex -11.8000 0.0000 15.5500
      endloop
   endfacet
   facet normal 0.0000 0.0000 -1.0000
      outer loop
         vertex -1.0523 -0.1750 14.2500
         vertex -0.9250 -0.6500 14.2500
         vertex -0.9250 -1.9000 14.2500
      endloop
   endfacet
   facet normal 0.0000 0.0000 -1.0000
      outer loop
         vertex -1.0523 -0.1750 14.2500
         vertex -0.9250 -1.9000 14.2500
         vertex -1.2750 -1.9000 14.2500
      endloop
   endfacet
   facet normal 0.0000 0.0000 -1.0000
      outer loop
         vertex -1.0523 -0.1750 14.2500
         vertex -1.2750 -1.9000 14.2500
         vertex -1.2750 -0.6500 14.2500
      endloop
   endfacet
   facet normal 0.0000 0.0000 -1.0000
      outer loop
         vertex -1.0523 -0.1750 14.2500
         vertex -1.2750 -0.6500 14.2500
         vertex -1.3554 -0.3500 14.2500
      endloop
   endfacet
   facet normal 0.0000 0.0000 -1.0000
      outer loop
         vertex -1.0523 -0.1750 14.2500
         vertex -1.3554 -0.3500 14.2500
         vertex -1.4000 0.1727 14.2500
      endloop
   endfacet
   facet normal 0.0000 0.0000 -1.0000
      outer loop
         vertex -1.3554 -0.3500 14.2500
         vertex -1.5750 -0.1304 14.2500
         vertex -1.4000 0.1727 14.2500
      endloop
   endfacet
   facet normal 0.0000 0.0000 -1.0000
      outer loop
         vertex -1.4000 0.1727 14.2500
         vertex -1.5750 -0.1304 14.2500
         vertex -1.8750 -0.0500 14.2500
      endloop
   endfacet
   facet normal 0.0000 0.0000 -1.0000
      outer loop
         vertex -1.4000 0.1727 14.2500
         vertex -1.8750 -0.0500 14.2500
         vertex -1.8750 0.3000 14.2500
      endloop
   endfacet
   facet normal 0.0000 0.0000 -1.0000
      outer loop
         vertex -1.8750 0.3000 14.2500
         vertex -1.8750 -0.0500 14.2500
         vertex -5.3960 -0.0500 14.2500
      endloop
   endfacet
   facet normal 0.0000 0.0000 -1.0000
      outer loop
         vertex -1.8750 0.3000 14.2500
         vertex -5.3960 -0.0500 14.2500
         vertex -5.4743 -0.0449 14.2500
      endloop
   endfacet
   facet normal 0.0000 0.0000 -1.0000
      outer loop
         vertex -5.5513 -0.0296 14.2500
         vertex -6.7812 0.3000 14.2500
         vertex -1.8750 0.3000 14.2500
      endloop
   endfacet
   facet normal 0.0000 0.0000 -1.0000
      outer loop
         vertex -5.5513 -0.0296 14.2500
         vertex -1.8750 0.3000 14.2500
         vertex -5.4743 -0.0449 14.2500
      endloop
   endfacet
   facet normal 0.0000 0.0000 1.0000
      outer loop
         vertex -5.3960 -0.0500 15.4500
         vertex -1.8750 -0.0500 15.4500
         vertex -1.8750 0.3000 15.4500
      endloop
   endfacet
   facet normal 0.0000 0.0000 1.0000
      outer loop
         vertex -1.8750 0.3000 15.4500
         vertex -1.8750 -0.0500 15.4500
         vertex -1.5750 -0.1304 15.4500
      endloop
   endfacet
   facet normal 0.0000 0.0000 1.0000
      outer loop
         vertex -1.8750 0.3000 15.4500
         vertex -1.5750 -0.1304 15.4500
         vertex -1.4000 0.1727 15.4500
      endloop
   endfacet
   facet normal 0.0000 0.0000 1.0000
      outer loop
         vertex -1.4000 0.1727 15.4500
         vertex -1.5750 -0.1304 15.4500
         vertex -1.3554 -0.3500 15.4500
      endloop
   endfacet
   facet normal 0.0000 0.0000 1.0000
      outer loop
         vertex -1.4000 0.1727 15.4500
         vertex -1.3554 -0.3500 15.4500
         vertex -1.0523 -0.1750 15.4500
      endloop
   endfacet
   facet normal 0.0000 0.0000 1.0000
      outer loop
         vertex -1.0523 -0.1750 15.4500
         vertex -1.3554 -0.3500 15.4500
         vertex -1.2750 -0.6500 15.4500
      endloop
   endfacet
   facet normal 0.0000 0.0000 1.0000
      outer loop
         vertex -1.0523 -0.1750 15.4500
         vertex -1.2750 -0.6500 15.4500
         vertex -0.9250 -1.9000 15.4500
      endloop
   endfacet
   facet normal 0.0000 0.0000 1.0000
      outer loop
         vertex -0.9250 -1.9000 15.4500
         vertex -1.2750 -0.6500 15.4500
         vertex -1.2750 -1.9000 15.4500
      endloop
   endfacet
   facet normal 0.0000 0.0000 1.0000
      outer loop
         vertex -1.8750 0.3000 15.4500
         vertex -6.7812 0.3000 15.4500
         vertex -5.5513 -0.0296 15.4500
      endloop
   endfacet
   facet normal 0.0000 0.0000 1.0000
      outer loop
         vertex -1.8750 0.3000 15.4500
         vertex -5.5513 -0.0296 15.4500
         vertex -5.4743 -0.0449 15.4500
      endloop
   endfacet
   facet normal 0.0000 0.0000 1.0000
      outer loop
         vertex -1.8750 0.3000 15.4500
         vertex -5.4743 -0.0449 15.4500
         vertex -5.3960 -0.0500 15.4500
      endloop
   endfacet
   facet normal 0.0000 0.0000 1.0000
      outer loop
         vertex -1.0523 -0.1750 15.4500
         vertex -0.9250 -1.9000 15.4500
         vertex -0.9250 -0.6500 15.4500
      endloop
   endfacet
   facet normal 0.3399 0.9405 0.0000
      outer loop
         vertex -1.4000 0.1727 14.2500
         vertex -1.8750 0.3000 14.2500
         vertex -1.8750 0.3000 15.4500
      endloop
   endfacet
   facet normal 0.4210 0.9071 0.0000
      outer loop
         vertex -1.4000 0.1727 14.2500
         vertex -1.8750 0.3000 15.4500
         vertex -1.4000 0.1727 15.4500
      endloop
   endfacet
   facet normal -0.2588 -0.9659 0.0000
      outer loop
         vertex -5.5513 -0.0296 15.4500
         vertex -6.7812 0.3000 15.4500
         vertex -6.7812 0.3000 14.2500
      endloop
   endfacet
   facet normal -0.2588 -0.9659 0.0000
      outer loop
         vertex -5.5513 -0.0296 15.4500
         vertex -6.7812 0.3000 14.2500
         vertex -5.5513 -0.0296 14.2500
      endloop
   endfacet
   facet normal 0.0000 0.0000 -1.0000
      outer loop
         vertex -14.0500 0.0000 16.5000
         vertex -14.0500 0.3000 16.5000
         vertex -11.8000 0.3000 16.5000
      endloop
   endfacet
   facet normal 0.0000 0.0000 -1.0000
      outer loop
         vertex -14.0500 0.0000 16.5000
         vertex -11.8000 0.3000 16.5000
         vertex -11.8000 0.0000 16.5000
      endloop
   endfacet
   facet normal 0.4210 0.0000 -0.9071
      outer loop
         vertex -14.0500 0.0000 16.5000
         vertex -14.1250 0.0000 16.4799
         vertex -14.1250 0.3000 16.4799
      endloop
   endfacet
   facet normal 0.3399 0.0000 -0.9405
      outer loop
         vertex -14.0500 0.0000 16.5000
         vertex -14.1250 0.3000 16.4799
         vertex -14.0500 0.3000 16.5000
      endloop
   endfacet
   facet normal 0.7672 0.0000 -0.6414
      outer loop
         vertex -14.1250 0.0000 16.4799
         vertex -14.1799 0.0000 16.4250
         vertex -14.1799 0.3000 16.4250
      endloop
   endfacet
   facet normal 0.6414 0.0000 -0.7672
      outer loop
         vertex -14.1250 0.0000 16.4799
         vertex -14.1799 0.3000 16.4250
         vertex -14.1250 0.3000 16.4799
      endloop
   endfacet
   facet normal 0.9405 0.0000 -0.3399
      outer loop
         vertex -14.1799 0.0000 16.4250
         vertex -14.2000 0.0000 16.3500
         vertex -14.2000 0.3000 16.3500
      endloop
   endfacet
   facet normal 0.9071 0.0000 -0.4210
      outer loop
         vertex -14.1799 0.0000 16.4250
         vertex -14.2000 0.3000 16.3500
         vertex -14.1799 0.3000 16.4250
      endloop
   endfacet
   facet normal 0.0000 0.0000 -1.0000
      outer loop
         vertex -13.8982 0.3000 14.2500
         vertex -13.9250 0.2000 14.2500
         vertex -14.2000 0.3000 14.2500
      endloop
   endfacet
   facet normal 0.0000 0.0000 -1.0000
      outer loop
         vertex -14.2000 0.3000 14.2500
         vertex -13.9250 0.2000 14.2500
         vertex -13.9250 -1.9000 14.2500
      endloop
   endfacet
   facet normal 0.0000 0.0000 -1.0000
      outer loop
         vertex -14.2000 0.3000 14.2500
         vertex -13.9250 -1.9000 14.2500
         vertex -14.2482 0.3000 14.2500
      endloop
   endfacet
   facet normal 0.0000 0.0000 -1.0000
      outer loop
         vertex -14.2482 0.3000 14.2500
         vertex -13.9250 -1.9000 14.2500
         vertex -14.2750 -1.9000 14.2500
      endloop
   endfacet
   facet normal 0.0000 0.0000 -1.0000
      outer loop
         vertex -14.2482 0.3000 14.2500
         vertex -14.2750 -1.9000 14.2500
         vertex -14.2750 0.2000 14.2500
      endloop
   endfacet
   facet normal 0.0000 0.0000 1.0000
      outer loop
         vertex -14.2000 0.3000 15.4500
         vertex -14.2482 0.3000 15.4500
         vertex -13.9250 -1.9000 15.4500
      endloop
   endfacet
   facet normal 0.0000 0.0000 1.0000
      outer loop
         vertex -14.2000 0.3000 15.4500
         vertex -13.9250 -1.9000 15.4500
         vertex -13.9250 0.2000 15.4500
      endloop
   endfacet
   facet normal 0.0000 0.0000 1.0000
      outer loop
         vertex -14.2000 0.3000 15.4500
         vertex -13.9250 0.2000 15.4500
         vertex -13.8982 0.3000 15.4500
      endloop
   endfacet
   facet normal 0.0000 0.0000 1.0000
      outer loop
         vertex -14.2750 0.2000 15.4500
         vertex -14.2750 -1.9000 15.4500
         vertex -13.9250 -1.9000 15.4500
      endloop
   endfacet
   facet normal 0.0000 0.0000 1.0000
      outer loop
         vertex -14.2750 0.2000 15.4500
         vertex -13.9250 -1.9000 15.4500
         vertex -14.2482 0.3000 15.4500
      endloop
   endfacet
   facet normal 1.0000 0.0000 0.0000
      outer loop
         vertex -13.9250 0.2000 15.4500
         vertex -13.9250 -1.9000 15.4500
         vertex -13.9250 -2.4000 15.2500
      endloop
   endfacet
   facet normal 1.0000 0.0000 0.0000
      outer loop
         vertex -13.9250 0.2000 15.4500
         vertex -13.9250 -2.4000 15.2500
         vertex -13.9250 -2.4000 14.4500
      endloop
   endfacet
   facet normal 1.0000 0.0000 0.0000
      outer loop
         vertex -13.9250 0.2000 15.4500
         vertex -13.9250 -2.4000 14.4500
         vertex -13.9250 -1.9000 14.2500
      endloop
   endfacet
   facet normal 1.0000 0.0000 0.0000
      outer loop
         vertex -13.9250 0.2000 15.4500
         vertex -13.9250 -1.9000 14.2500
         vertex -13.9250 0.2000 14.2500
      endloop
   endfacet
   facet normal 0.9659 -0.2588 0.0000
      outer loop
         vertex -13.9250 0.2000 14.2500
         vertex -13.8982 0.3000 14.2500
         vertex -13.8982 0.3000 15.4500
      endloop
   endfacet
   facet normal 0.9659 -0.2588 0.0000
      outer loop
         vertex -13.9250 0.2000 14.2500
         vertex -13.8982 0.3000 15.4500
         vertex -13.9250 0.2000 15.4500
      endloop
   endfacet
   facet normal 0.0000 -0.1736 -0.9848
      outer loop
         vertex -15.2000 0.0000 15.8029
         vertex -15.2000 0.3000 15.7500
         vertex -14.2000 0.3000 15.7500
      endloop
   endfacet
   facet normal 0.0000 -0.1736 -0.9848
      outer loop
         vertex -15.2000 0.0000 15.8029
         vertex -14.2000 0.3000 15.7500
         vertex -14.2000 0.0000 15.8029
      endloop
   endfacet
   facet normal 0.0000 -0.1736 0.9848
      outer loop
         vertex -15.2000 0.3000 13.9500
         vertex -15.2000 0.0000 13.8971
         vertex -14.2000 0.0000 13.8971
      endloop
   endfacet
   facet normal 0.0000 -0.1736 0.9848
      outer loop
         vertex -15.2000 0.3000 13.9500
         vertex -14.2000 0.0000 13.8971
         vertex -14.2000 0.3000 13.9500
      endloop
   endfacet
   facet normal -0.9659 0.2588 0.0000
      outer loop
         vertex -14.2482 0.3000 14.2500
         vertex -14.2750 0.2000 14.2500
         vertex -14.2750 0.2000 15.4500
      endloop
   endfacet
   facet normal -0.9659 0.2588 0.0000
      outer loop
         vertex -14.2482 0.3000 14.2500
         vertex -14.2750 0.2000 15.4500
         vertex -14.2482 0.3000 15.4500
      endloop
   endfacet
   facet normal -1.0000 0.0000 0.0000
      outer loop
         vertex -14.2750 -1.9000 15.4500
         vertex -14.2750 0.2000 15.4500
         vertex -14.2750 0.2000 14.2500
      endloop
   endfacet
   facet normal -1.0000 0.0000 0.0000
      outer loop
         vertex -14.2750 -1.9000 15.4500
         vertex -14.2750 0.2000 14.2500
         vertex -14.2750 -1.9000 14.2500
      endloop
   endfacet
   facet normal -1.0000 0.0000 0.0000
      outer loop
         vertex -14.2750 -1.9000 15.4500
         vertex -14.2750 -1.9000 14.2500
         vertex -14.2750 -2.4000 14.4500
      endloop
   endfacet
   facet normal -1.0000 0.0000 0.0000
      outer loop
         vertex -14.2750 -1.9000 15.4500
         vertex -14.2750 -2.4000 14.4500
         vertex -14.2750 -2.4000 15.2500
      endloop
   endfacet
   facet normal 1.0000 0.0000 0.0000
      outer loop
         vertex -14.2000 0.0000 10.3500
         vertex -14.2000 0.0000 9.8029
         vertex -14.2000 0.3000 9.7500
      endloop
   endfacet
   facet normal 1.0000 0.0000 0.0000
      outer loop
         vertex -14.2000 0.0000 10.3500
         vertex -14.2000 0.3000 9.7500
         vertex -14.2000 0.3000 10.3500
      endloop
   endfacet
   facet normal -1.0000 0.0000 0.0000
      outer loop
         vertex -11.8000 0.0000 9.5500
         vertex -11.8000 0.0000 10.5000
         vertex -11.8000 0.3000 10.5000
      endloop
   endfacet
   facet normal -1.0000 0.0000 0.0000
      outer loop
         vertex -11.8000 0.0000 9.5500
         vertex -11.8000 0.3000 10.5000
         vertex -11.8000 0.3000 9.5500
      endloop
   endfacet
   facet normal 0.0000 0.0000 -1.0000
      outer loop
         vertex -11.8000 0.3000 9.5500
         vertex -1.4000 0.3000 9.5500
         vertex -1.4000 0.0000 9.5500
      endloop
   endfacet
   facet normal 0.0000 0.0000 -1.0000
      outer loop
         vertex -11.8000 0.3000 9.5500
         vertex -1.4000 0.0000 9.5500
         vertex -11.8000 0.0000 9.5500
      endloop
   endfacet
   facet normal 0.0000 0.0000 1.0000
      outer loop
         vertex -5.3960 -0.0500 9.4500
         vertex -1.8750 -0.0500 9.4500
         vertex -1.8750 0.3000 9.4500
      endloop
   endfacet
   facet normal 0.0000 0.0000 1.0000
      outer loop
         vertex -1.8750 0.3000 9.4500
         vertex -1.8750 -0.0500 9.4500
         vertex -1.5750 -0.1304 9.4500
      endloop
   endfacet
   facet normal 0.0000 0.0000 1.0000
      outer loop
         vertex -1.8750 0.3000 9.4500
         vertex -1.5750 -0.1304 9.4500
         vertex -1.4000 0.1727 9.4500
      endloop
   endfacet
   facet normal 0.0000 0.0000 1.0000
      outer loop
         vertex -1.4000 0.1727 9.4500
         vertex -1.5750 -0.1304 9.4500
         vertex -1.3554 -0.3500 9.4500
      endloop
   endfacet
   facet normal 0.0000 0.0000 1.0000
      outer loop
         vertex -1.4000 0.1727 9.4500
         vertex -1.3554 -0.3500 9.4500
         vertex -1.0523 -0.1750 9.4500
      endloop
   endfacet
   facet normal 0.0000 0.0000 1.0000
      outer loop
         vertex -1.0523 -0.1750 9.4500
         vertex -1.3554 -0.3500 9.4500
         vertex -1.2750 -0.6500 9.4500
      endloop
   endfacet
   facet normal 0.0000 0.0000 1.0000
      outer loop
         vertex -1.0523 -0.1750 9.4500
         vertex -1.2750 -0.6500 9.4500
         vertex -0.9250 -1.9000 9.4500
      endloop
   endfacet
   facet normal 0.0000 0.0000 1.0000
      outer loop
         vertex -0.9250 -1.9000 9.4500
         vertex -1.2750 -0.6500 9.4500
         vertex -1.2750 -1.9000 9.4500
      endloop
   endfacet
   facet normal 0.0000 0.0000 1.0000
      outer loop
         vertex -1.8750 0.3000 9.4500
         vertex -6.7812 0.3000 9.4500
         vertex -5.5513 -0.0296 9.4500
      endloop
   endfacet
   facet normal 0.0000 0.0000 1.0000
      outer loop
         vertex -1.8750 0.3000 9.4500
         vertex -5.5513 -0.0296 9.4500
         vertex -5.4743 -0.0449 9.4500
      endloop
   endfacet
   facet normal 0.0000 0.0000 1.0000
      outer loop
         vertex -1.8750 0.3000 9.4500
         vertex -5.4743 -0.0449 9.4500
         vertex -5.3960 -0.0500 9.4500
      endloop
   endfacet
   facet normal 0.0000 0.0000 1.0000
      outer loop
         vertex -1.0523 -0.1750 9.4500
         vertex -0.9250 -1.9000 9.4500
         vertex -0.9250 -0.6500 9.4500
      endloop
   endfacet
   facet normal 0.3399 0.9405 0.0000
      outer loop
         vertex -1.8750 0.3000 8.2500
         vertex -1.8750 0.3000 9.4500
         vertex -1.4000 0.1727 9.4500
      endloop
   endfacet
   facet normal 0.4210 0.9071 0.0000
      outer loop
         vertex -1.8750 0.3000 8.2500
         vertex -1.4000 0.1727 9.4500
         vertex -1.4000 0.1727 8.2500
      endloop
   endfacet
   facet normal -0.2588 -0.9659 0.0000
      outer loop
         vertex -5.5513 -0.0296 9.4500
         vertex -6.7812 0.3000 9.4500
         vertex -6.7812 0.3000 8.2500
      endloop
   endfacet
   facet normal -0.2588 -0.9659 0.0000
      outer loop
         vertex -5.5513 -0.0296 9.4500
         vertex -6.7812 0.3000 8.2500
         vertex -5.5513 -0.0296 8.2500
      endloop
   endfacet
   facet normal 0.0000 0.0000 -1.0000
      outer loop
         vertex -14.0500 0.0000 10.5000
         vertex -14.0500 0.3000 10.5000
         vertex -11.8000 0.3000 10.5000
      endloop
   endfacet
   facet normal 0.0000 0.0000 -1.0000
      outer loop
         vertex -14.0500 0.0000 10.5000
         vertex -11.8000 0.3000 10.5000
         vertex -11.8000 0.0000 10.5000
      endloop
   endfacet
   facet normal 0.4210 0.0000 -0.9071
      outer loop
         vertex -14.0500 0.0000 10.5000
         vertex -14.1250 0.0000 10.4799
         vertex -14.1250 0.3000 10.4799
      endloop
   endfacet
   facet normal 0.3399 0.0000 -0.9405
      outer loop
         vertex -14.0500 0.0000 10.5000
         vertex -14.1250 0.3000 10.4799
         vertex -14.0500 0.3000 10.5000
      endloop
   endfacet
   facet normal 0.7672 0.0000 -0.6414
      outer loop
         vertex -14.1250 0.0000 10.4799
         vertex -14.1799 0.0000 10.4250
         vertex -14.1799 0.3000 10.4250
      endloop
   endfacet
   facet normal 0.6414 0.0000 -0.7672
      outer loop
         vertex -14.1250 0.0000 10.4799
         vertex -14.1799 0.3000 10.4250
         vertex -14.1250 0.3000 10.4799
      endloop
   endfacet
   facet normal 0.9405 0.0000 -0.3399
      outer loop
         vertex -14.1799 0.0000 10.4250
         vertex -14.2000 0.0000 10.3500
         vertex -14.2000 0.3000 10.3500
      endloop
   endfacet
   facet normal 0.9071 0.0000 -0.4210
      outer loop
         vertex -14.1799 0.0000 10.4250
         vertex -14.2000 0.3000 10.3500
         vertex -14.1799 0.3000 10.4250
      endloop
   endfacet
   facet normal 0.0000 0.0000 1.0000
      outer loop
         vertex -14.2000 0.3000 9.4500
         vertex -14.2482 0.3000 9.4500
         vertex -13.9250 -1.9000 9.4500
      endloop
   endfacet
   facet normal 0.0000 0.0000 1.0000
      outer loop
         vertex -14.2000 0.3000 9.4500
         vertex -13.9250 -1.9000 9.4500
         vertex -13.9250 0.2000 9.4500
      endloop
   endfacet
   facet normal 0.0000 0.0000 1.0000
      outer loop
         vertex -14.2000 0.3000 9.4500
         vertex -13.9250 0.2000 9.4500
         vertex -13.8982 0.3000 9.4500
      endloop
   endfacet
   facet normal 0.0000 0.0000 1.0000
      outer loop
         vertex -14.2750 0.2000 9.4500
         vertex -14.2750 -1.9000 9.4500
         vertex -13.9250 -1.9000 9.4500
      endloop
   endfacet
   facet normal 0.0000 0.0000 1.0000
      outer loop
         vertex -14.2750 0.2000 9.4500
         vertex -13.9250 -1.9000 9.4500
         vertex -14.2482 0.3000 9.4500
      endloop
   endfacet
   facet normal 1.0000 0.0000 0.0000
      outer loop
         vertex -13.9250 -1.9000 8.2500
         vertex -13.9250 0.2000 8.2500
         vertex -13.9250 0.2000 9.4500
      endloop
   endfacet
   facet normal 1.0000 0.0000 0.0000
      outer loop
         vertex -13.9250 -1.9000 8.2500
         vertex -13.9250 0.2000 9.4500
         vertex -13.9250 -1.9000 9.4500
      endloop
   endfacet
   facet normal 1.0000 0.0000 0.0000
      outer loop
         vertex -13.9250 -1.9000 8.2500
         vertex -13.9250 -1.9000 9.4500
         vertex -13.9250 -2.4000 9.2500
      endloop
   endfacet
   facet normal 1.0000 0.0000 0.0000
      outer loop
         vertex -13.9250 -1.9000 8.2500
         vertex -13.9250 -2.4000 9.2500
         vertex -13.9250 -2.4000 8.4500
      endloop
   endfacet
   facet normal 0.9659 -0.2588 0.0000
      outer loop
         vertex -13.8982 0.3000 8.2500
         vertex -13.8982 0.3000 9.4500
         vertex -13.9250 0.2000 9.4500
      endloop
   endfacet
   facet normal 0.9659 -0.2588 0.0000
      outer loop
         vertex -13.8982 0.3000 8.2500
         vertex -13.9250 0.2000 9.4500
         vertex -13.9250 0.2000 8.2500
      endloop
   endfacet
   facet normal 0.0000 -0.1736 -0.9848
      outer loop
         vertex -15.2000 0.0000 9.8029
         vertex -15.2000 0.3000 9.7500
         vertex -14.2000 0.3000 9.7500
      endloop
   endfacet
   facet normal 0.0000 -0.1736 -0.9848
      outer loop
         vertex -15.2000 0.0000 9.8029
         vertex -14.2000 0.3000 9.7500
         vertex -14.2000 0.0000 9.8029
      endloop
   endfacet
   facet normal -0.9659 0.2588 0.0000
      outer loop
         vertex -14.2482 0.3000 9.4500
         vertex -14.2482 0.3000 8.2500
         vertex -14.2750 0.2000 8.2500
      endloop
   endfacet
   facet normal -0.9659 0.2588 0.0000
      outer loop
         vertex -14.2482 0.3000 9.4500
         vertex -14.2750 0.2000 8.2500
         vertex -14.2750 0.2000 9.4500
      endloop
   endfacet
   facet normal -1.0000 0.0000 0.0000
      outer loop
         vertex -14.2750 0.2000 8.2500
         vertex -14.2750 -1.9000 8.2500
         vertex -14.2750 -2.4000 8.4500
      endloop
   endfacet
   facet normal -1.0000 0.0000 0.0000
      outer loop
         vertex -14.2750 0.2000 8.2500
         vertex -14.2750 -2.4000 8.4500
         vertex -14.2750 -2.4000 9.2500
      endloop
   endfacet
   facet normal -1.0000 0.0000 0.0000
      outer loop
         vertex -14.2750 0.2000 8.2500
         vertex -14.2750 -2.4000 9.2500
         vertex -14.2750 -1.9000 9.4500
      endloop
   endfacet
   facet normal -1.0000 0.0000 0.0000
      outer loop
         vertex -14.2750 0.2000 8.2500
         vertex -14.2750 -1.9000 9.4500
         vertex -14.2750 0.2000 9.4500
      endloop
   endfacet
   facet normal 1.0000 0.0000 0.0000
      outer loop
         vertex -14.2000 0.3000 7.9500
         vertex -14.2000 0.0000 7.8971
         vertex -14.2000 0.0000 7.3500
      endloop
   endfacet
   facet normal 1.0000 0.0000 0.0000
      outer loop
         vertex -14.2000 0.3000 7.9500
         vertex -14.2000 0.0000 7.3500
         vertex -14.2000 0.3000 7.3500
      endloop
   endfacet
   facet normal 1.0000 0.0000 0.0000
      outer loop
         vertex -14.2000 0.0000 4.3500
         vertex -14.2000 0.0000 3.8029
         vertex -14.2000 0.3000 3.7500
      endloop
   endfacet
   facet normal 1.0000 0.0000 0.0000
      outer loop
         vertex -14.2000 0.0000 4.3500
         vertex -14.2000 0.3000 3.7500
         vertex -14.2000 0.3000 4.3500
      endloop
   endfacet
   facet normal 1.0000 0.0000 0.0000
      outer loop
         vertex -14.2000 0.0000 1.8971
         vertex -14.2000 0.0000 1.3500
         vertex -14.2000 0.3000 1.3500
      endloop
   endfacet
   facet normal 1.0000 0.0000 0.0000
      outer loop
         vertex -14.2000 0.0000 1.8971
         vertex -14.2000 0.3000 1.3500
         vertex -14.2000 0.3000 1.9500
      endloop
   endfacet
   facet normal 0.9071 0.0000 0.4210
      outer loop
         vertex -14.2000 0.0000 1.3500
         vertex -14.1799 0.0000 1.2750
         vertex -14.1799 0.3000 1.2750
      endloop
   endfacet
   facet normal 0.9405 0.0000 0.3399
      outer loop
         vertex -14.2000 0.0000 1.3500
         vertex -14.1799 0.3000 1.2750
         vertex -14.2000 0.3000 1.3500
      endloop
   endfacet
   facet normal 0.6414 0.0000 0.7672
      outer loop
         vertex -14.1799 0.0000 1.2750
         vertex -14.1250 0.0000 1.2201
         vertex -14.1250 0.3000 1.2201
      endloop
   endfacet
   facet normal 0.7672 0.0000 0.6414
      outer loop
         vertex -14.1799 0.0000 1.2750
         vertex -14.1250 0.3000 1.2201
         vertex -14.1799 0.3000 1.2750
      endloop
   endfacet
   facet normal 0.3399 0.0000 0.9405
      outer loop
         vertex -14.1250 0.0000 1.2201
         vertex -14.0500 0.0000 1.2000
         vertex -14.0500 0.3000 1.2000
      endloop
   endfacet
   facet normal 0.4210 0.0000 0.9071
      outer loop
         vertex -14.1250 0.0000 1.2201
         vertex -14.0500 0.3000 1.2000
         vertex -14.1250 0.3000 1.2201
      endloop
   endfacet
   facet normal 0.0000 0.0000 1.0000
      outer loop
         vertex -11.8000 0.3000 1.2000
         vertex -14.0500 0.3000 1.2000
         vertex -14.0500 0.0000 1.2000
      endloop
   endfacet
   facet normal 0.0000 0.0000 1.0000
      outer loop
         vertex -11.8000 0.3000 1.2000
         vertex -14.0500 0.0000 1.2000
         vertex -11.8000 0.0000 1.2000
      endloop
   endfacet
   facet normal -1.0000 0.0000 0.0000
      outer loop
         vertex -11.8000 0.0000 3.5500
         vertex -11.8000 0.0000 4.5000
         vertex -11.8000 0.3000 4.5000
      endloop
   endfacet
   facet normal -1.0000 0.0000 0.0000
      outer loop
         vertex -11.8000 0.0000 3.5500
         vertex -11.8000 0.3000 4.5000
         vertex -11.8000 0.3000 3.5500
      endloop
   endfacet
   facet normal -1.0000 0.0000 0.0000
      outer loop
         vertex -11.8000 0.0000 1.2000
         vertex -11.8000 0.0000 2.1500
         vertex -11.8000 0.3000 2.1500
      endloop
   endfacet
   facet normal -1.0000 0.0000 0.0000
      outer loop
         vertex -11.8000 0.0000 1.2000
         vertex -11.8000 0.3000 2.1500
         vertex -11.8000 0.3000 1.2000
      endloop
   endfacet
   facet normal 0.0000 0.0000 1.0000
      outer loop
         vertex -11.8000 0.3000 2.1500
         vertex -11.8000 0.0000 2.1500
         vertex -1.4000 0.0000 2.1500
      endloop
   endfacet
   facet normal 0.0000 0.0000 1.0000
      outer loop
         vertex -11.8000 0.3000 2.1500
         vertex -1.4000 0.0000 2.1500
         vertex -1.4000 0.3000 2.1500
      endloop
   endfacet
   facet normal 0.0000 0.0000 -1.0000
      outer loop
         vertex -1.4000 0.0000 3.5500
         vertex -11.8000 0.0000 3.5500
         vertex -11.8000 0.3000 3.5500
      endloop
   endfacet
   facet normal 0.0000 0.0000 -1.0000
      outer loop
         vertex -1.4000 0.0000 3.5500
         vertex -11.8000 0.3000 3.5500
         vertex -1.4000 0.3000 3.5500
      endloop
   endfacet
   facet normal 0.0000 0.0000 1.0000
      outer loop
         vertex -11.8000 0.0000 8.1500
         vertex -1.4000 0.0000 8.1500
         vertex -1.4000 0.3000 8.1500
      endloop
   endfacet
   facet normal 0.0000 0.0000 1.0000
      outer loop
         vertex -11.8000 0.0000 8.1500
         vertex -1.4000 0.3000 8.1500
         vertex -11.8000 0.3000 8.1500
      endloop
   endfacet
   facet normal 0.0000 0.0000 -1.0000
      outer loop
         vertex -1.0523 -0.1750 8.2500
         vertex -0.9250 -0.6500 8.2500
         vertex -0.9250 -1.9000 8.2500
      endloop
   endfacet
   facet normal 0.0000 0.0000 -1.0000
      outer loop
         vertex -1.0523 -0.1750 8.2500
         vertex -0.9250 -1.9000 8.2500
         vertex -1.2750 -1.9000 8.2500
      endloop
   endfacet
   facet normal 0.0000 0.0000 -1.0000
      outer loop
         vertex -1.0523 -0.1750 8.2500
         vertex -1.2750 -1.9000 8.2500
         vertex -1.2750 -0.6500 8.2500
      endloop
   endfacet
   facet normal 0.0000 0.0000 -1.0000
      outer loop
         vertex -1.0523 -0.1750 8.2500
         vertex -1.2750 -0.6500 8.2500
         vertex -1.3554 -0.3500 8.2500
      endloop
   endfacet
   facet normal 0.0000 0.0000 -1.0000
      outer loop
         vertex -1.0523 -0.1750 8.2500
         vertex -1.3554 -0.3500 8.2500
         vertex -1.4000 0.1727 8.2500
      endloop
   endfacet
   facet normal 0.0000 0.0000 -1.0000
      outer loop
         vertex -1.3554 -0.3500 8.2500
         vertex -1.5750 -0.1304 8.2500
         vertex -1.4000 0.1727 8.2500
      endloop
   endfacet
   facet normal 0.0000 0.0000 -1.0000
      outer loop
         vertex -1.4000 0.1727 8.2500
         vertex -1.5750 -0.1304 8.2500
         vertex -1.8750 -0.0500 8.2500
      endloop
   endfacet
   facet normal 0.0000 0.0000 -1.0000
      outer loop
         vertex -1.4000 0.1727 8.2500
         vertex -1.8750 -0.0500 8.2500
         vertex -1.8750 0.3000 8.2500
      endloop
   endfacet
   facet normal 0.0000 0.0000 -1.0000
      outer loop
         vertex -1.8750 0.3000 8.2500
         vertex -1.8750 -0.0500 8.2500
         vertex -5.3960 -0.0500 8.2500
      endloop
   endfacet
   facet normal 0.0000 0.0000 -1.0000
      outer loop
         vertex -1.8750 0.3000 8.2500
         vertex -5.3960 -0.0500 8.2500
         vertex -5.4743 -0.0449 8.2500
      endloop
   endfacet
   facet normal 0.0000 0.0000 -1.0000
      outer loop
         vertex -5.5513 -0.0296 8.2500
         vertex -6.7812 0.3000 8.2500
         vertex -1.8750 0.3000 8.2500
      endloop
   endfacet
   facet normal 0.0000 0.0000 -1.0000
      outer loop
         vertex -5.5513 -0.0296 8.2500
         vertex -1.8750 0.3000 8.2500
         vertex -5.4743 -0.0449 8.2500
      endloop
   endfacet
   facet normal 0.0000 0.0000 -1.0000
      outer loop
         vertex -1.0523 -0.1750 2.2500
         vertex -0.9250 -0.6500 2.2500
         vertex -0.9250 -1.9000 2.2500
      endloop
   endfacet
   facet normal 0.0000 0.0000 -1.0000
      outer loop
         vertex -1.0523 -0.1750 2.2500
         vertex -0.9250 -1.9000 2.2500
         vertex -1.2750 -1.9000 2.2500
      endloop
   endfacet
   facet normal 0.0000 0.0000 -1.0000
      outer loop
         vertex -1.0523 -0.1750 2.2500
         vertex -1.2750 -1.9000 2.2500
         vertex -1.2750 -0.6500 2.2500
      endloop
   endfacet
   facet normal 0.0000 0.0000 -1.0000
      outer loop
         vertex -1.0523 -0.1750 2.2500
         vertex -1.2750 -0.6500 2.2500
         vertex -1.3554 -0.3500 2.2500
      endloop
   endfacet
   facet normal 0.0000 0.0000 -1.0000
      outer loop
         vertex -1.0523 -0.1750 2.2500
         vertex -1.3554 -0.3500 2.2500
         vertex -1.4000 0.1727 2.2500
      endloop
   endfacet
   facet normal 0.0000 0.0000 -1.0000
      outer loop
         vertex -1.3554 -0.3500 2.2500
         vertex -1.5750 -0.1304 2.2500
         vertex -1.4000 0.1727 2.2500
      endloop
   endfacet
   facet normal 0.0000 0.0000 -1.0000
      outer loop
         vertex -1.4000 0.1727 2.2500
         vertex -1.5750 -0.1304 2.2500
         vertex -1.8750 -0.0500 2.2500
      endloop
   endfacet
   facet normal 0.0000 0.0000 -1.0000
      outer loop
         vertex -1.4000 0.1727 2.2500
         vertex -1.8750 -0.0500 2.2500
         vertex -1.8750 0.3000 2.2500
      endloop
   endfacet
   facet normal 0.0000 0.0000 -1.0000
      outer loop
         vertex -1.8750 0.3000 2.2500
         vertex -1.8750 -0.0500 2.2500
         vertex -5.3960 -0.0500 2.2500
      endloop
   endfacet
   facet normal 0.0000 0.0000 -1.0000
      outer loop
         vertex -1.8750 0.3000 2.2500
         vertex -5.3960 -0.0500 2.2500
         vertex -5.4743 -0.0449 2.2500
      endloop
   endfacet
   facet normal 0.0000 0.0000 -1.0000
      outer loop
         vertex -5.5513 -0.0296 2.2500
         vertex -6.7812 0.3000 2.2500
         vertex -1.8750 0.3000 2.2500
      endloop
   endfacet
   facet normal 0.0000 0.0000 -1.0000
      outer loop
         vertex -5.5513 -0.0296 2.2500
         vertex -1.8750 0.3000 2.2500
         vertex -5.4743 -0.0449 2.2500
      endloop
   endfacet
   facet normal 0.0000 0.0000 1.0000
      outer loop
         vertex -5.3960 -0.0500 3.4500
         vertex -1.8750 -0.0500 3.4500
         vertex -1.8750 0.3000 3.4500
      endloop
   endfacet
   facet normal 0.0000 0.0000 1.0000
      outer loop
         vertex -1.8750 0.3000 3.4500
         vertex -1.8750 -0.0500 3.4500
         vertex -1.5750 -0.1304 3.4500
      endloop
   endfacet
   facet normal 0.0000 0.0000 1.0000
      outer loop
         vertex -1.8750 0.3000 3.4500
         vertex -1.5750 -0.1304 3.4500
         vertex -1.4000 0.1727 3.4500
      endloop
   endfacet
   facet normal 0.0000 0.0000 1.0000
      outer loop
         vertex -1.4000 0.1727 3.4500
         vertex -1.5750 -0.1304 3.4500
         vertex -1.3554 -0.3500 3.4500
      endloop
   endfacet
   facet normal 0.0000 0.0000 1.0000
      outer loop
         vertex -1.4000 0.1727 3.4500
         vertex -1.3554 -0.3500 3.4500
         vertex -1.0523 -0.1750 3.4500
      endloop
   endfacet
   facet normal 0.0000 0.0000 1.0000
      outer loop
         vertex -1.0523 -0.1750 3.4500
         vertex -1.3554 -0.3500 3.4500
         vertex -1.2750 -0.6500 3.4500
      endloop
   endfacet
   facet normal 0.0000 0.0000 1.0000
      outer loop
         vertex -1.0523 -0.1750 3.4500
         vertex -1.2750 -0.6500 3.4500
         vertex -0.9250 -1.9000 3.4500
      endloop
   endfacet
   facet normal 0.0000 0.0000 1.0000
      outer loop
         vertex -0.9250 -1.9000 3.4500
         vertex -1.2750 -0.6500 3.4500
         vertex -1.2750 -1.9000 3.4500
      endloop
   endfacet
   facet normal 0.0000 0.0000 1.0000
      outer loop
         vertex -1.8750 0.3000 3.4500
         vertex -6.7812 0.3000 3.4500
         vertex -5.5513 -0.0296 3.4500
      endloop
   endfacet
   facet normal 0.0000 0.0000 1.0000
      outer loop
         vertex -1.8750 0.3000 3.4500
         vertex -5.5513 -0.0296 3.4500
         vertex -5.4743 -0.0449 3.4500
      endloop
   endfacet
   facet normal 0.0000 0.0000 1.0000
      outer loop
         vertex -1.8750 0.3000 3.4500
         vertex -5.4743 -0.0449 3.4500
         vertex -5.3960 -0.0500 3.4500
      endloop
   endfacet
   facet normal 0.0000 0.0000 1.0000
      outer loop
         vertex -1.0523 -0.1750 3.4500
         vertex -0.9250 -1.9000 3.4500
         vertex -0.9250 -0.6500 3.4500
      endloop
   endfacet
   facet normal 0.3399 0.9405 0.0000
      outer loop
         vertex -1.4000 0.1727 2.2500
         vertex -1.8750 0.3000 2.2500
         vertex -1.8750 0.3000 3.4500
      endloop
   endfacet
   facet normal 0.4210 0.9071 0.0000
      outer loop
         vertex -1.4000 0.1727 2.2500
         vertex -1.8750 0.3000 3.4500
         vertex -1.4000 0.1727 3.4500
      endloop
   endfacet
   facet normal -0.2588 -0.9659 0.0000
      outer loop
         vertex -5.5513 -0.0296 3.4500
         vertex -6.7812 0.3000 3.4500
         vertex -6.7812 0.3000 2.2500
      endloop
   endfacet
   facet normal -0.2588 -0.9659 0.0000
      outer loop
         vertex -5.5513 -0.0296 3.4500
         vertex -6.7812 0.3000 2.2500
         vertex -5.5513 -0.0296 2.2500
      endloop
   endfacet
   facet normal 0.0000 0.0000 -1.0000
      outer loop
         vertex -11.8000 0.0000 4.5000
         vertex -14.0500 0.0000 4.5000
         vertex -14.0500 0.3000 4.5000
      endloop
   endfacet
   facet normal 0.0000 0.0000 -1.0000
      outer loop
         vertex -11.8000 0.0000 4.5000
         vertex -14.0500 0.3000 4.5000
         vertex -11.8000 0.3000 4.5000
      endloop
   endfacet
   facet normal 0.9071 0.0000 0.4210
      outer loop
         vertex -14.2000 0.0000 7.3500
         vertex -14.1799 0.0000 7.2750
         vertex -14.1799 0.3000 7.2750
      endloop
   endfacet
   facet normal 0.9405 0.0000 0.3399
      outer loop
         vertex -14.2000 0.0000 7.3500
         vertex -14.1799 0.3000 7.2750
         vertex -14.2000 0.3000 7.3500
      endloop
   endfacet
   facet normal 0.6414 0.0000 0.7672
      outer loop
         vertex -14.1799 0.0000 7.2750
         vertex -14.1250 0.0000 7.2201
         vertex -14.1250 0.3000 7.2201
      endloop
   endfacet
   facet normal 0.7672 0.0000 0.6414
      outer loop
         vertex -14.1799 0.0000 7.2750
         vertex -14.1250 0.3000 7.2201
         vertex -14.1799 0.3000 7.2750
      endloop
   endfacet
   facet normal 0.3399 0.0000 0.9405
      outer loop
         vertex -14.1250 0.0000 7.2201
         vertex -14.0500 0.0000 7.2000
         vertex -14.0500 0.3000 7.2000
      endloop
   endfacet
   facet normal 0.4210 0.0000 0.9071
      outer loop
         vertex -14.1250 0.0000 7.2201
         vertex -14.0500 0.3000 7.2000
         vertex -14.1250 0.3000 7.2201
      endloop
   endfacet
   facet normal 0.0000 0.0000 1.0000
      outer loop
         vertex -11.8000 0.3000 7.2000
         vertex -14.0500 0.3000 7.2000
         vertex -14.0500 0.0000 7.2000
      endloop
   endfacet
   facet normal 0.0000 0.0000 1.0000
      outer loop
         vertex -11.8000 0.3000 7.2000
         vertex -14.0500 0.0000 7.2000
         vertex -11.8000 0.0000 7.2000
      endloop
   endfacet
   facet normal -1.0000 0.0000 0.0000
      outer loop
         vertex -11.8000 0.0000 7.2000
         vertex -11.8000 0.0000 8.1500
         vertex -11.8000 0.3000 8.1500
      endloop
   endfacet
   facet normal -1.0000 0.0000 0.0000
      outer loop
         vertex -11.8000 0.0000 7.2000
         vertex -11.8000 0.3000 8.1500
         vertex -11.8000 0.3000 7.2000
      endloop
   endfacet
   facet normal 0.0000 0.0000 -1.0000
      outer loop
         vertex -13.8982 0.3000 8.2500
         vertex -13.9250 0.2000 8.2500
         vertex -14.2000 0.3000 8.2500
      endloop
   endfacet
   facet normal 0.0000 0.0000 -1.0000
      outer loop
         vertex -14.2000 0.3000 8.2500
         vertex -13.9250 0.2000 8.2500
         vertex -13.9250 -1.9000 8.2500
      endloop
   endfacet
   facet normal 0.0000 0.0000 -1.0000
      outer loop
         vertex -14.2000 0.3000 8.2500
         vertex -13.9250 -1.9000 8.2500
         vertex -14.2482 0.3000 8.2500
      endloop
   endfacet
   facet normal 0.0000 0.0000 -1.0000
      outer loop
         vertex -14.2482 0.3000 8.2500
         vertex -13.9250 -1.9000 8.2500
         vertex -14.2750 -1.9000 8.2500
      endloop
   endfacet
   facet normal 0.0000 0.0000 -1.0000
      outer loop
         vertex -14.2482 0.3000 8.2500
         vertex -14.2750 -1.9000 8.2500
         vertex -14.2750 0.2000 8.2500
      endloop
   endfacet
   facet normal 0.4210 0.0000 -0.9071
      outer loop
         vertex -14.0500 0.0000 4.5000
         vertex -14.1250 0.0000 4.4799
         vertex -14.1250 0.3000 4.4799
      endloop
   endfacet
   facet normal 0.3399 0.0000 -0.9405
      outer loop
         vertex -14.0500 0.0000 4.5000
         vertex -14.1250 0.3000 4.4799
         vertex -14.0500 0.3000 4.5000
      endloop
   endfacet
   facet normal 0.7672 0.0000 -0.6414
      outer loop
         vertex -14.1250 0.0000 4.4799
         vertex -14.1799 0.0000 4.4250
         vertex -14.1799 0.3000 4.4250
      endloop
   endfacet
   facet normal 0.6414 0.0000 -0.7672
      outer loop
         vertex -14.1250 0.0000 4.4799
         vertex -14.1799 0.3000 4.4250
         vertex -14.1250 0.3000 4.4799
      endloop
   endfacet
   facet normal 0.9405 0.0000 -0.3399
      outer loop
         vertex -14.1799 0.0000 4.4250
         vertex -14.2000 0.0000 4.3500
         vertex -14.2000 0.3000 4.3500
      endloop
   endfacet
   facet normal 0.9071 0.0000 -0.4210
      outer loop
         vertex -14.1799 0.0000 4.4250
         vertex -14.2000 0.3000 4.3500
         vertex -14.1799 0.3000 4.4250
      endloop
   endfacet
   facet normal 0.0000 0.0000 -1.0000
      outer loop
         vertex -13.8982 0.3000 2.2500
         vertex -13.9250 0.2000 2.2500
         vertex -14.2000 0.3000 2.2500
      endloop
   endfacet
   facet normal 0.0000 0.0000 -1.0000
      outer loop
         vertex -14.2000 0.3000 2.2500
         vertex -13.9250 0.2000 2.2500
         vertex -13.9250 -1.9000 2.2500
      endloop
   endfacet
   facet normal 0.0000 0.0000 -1.0000
      outer loop
         vertex -14.2000 0.3000 2.2500
         vertex -13.9250 -1.9000 2.2500
         vertex -14.2482 0.3000 2.2500
      endloop
   endfacet
   facet normal 0.0000 0.0000 -1.0000
      outer loop
         vertex -14.2482 0.3000 2.2500
         vertex -13.9250 -1.9000 2.2500
         vertex -14.2750 -1.9000 2.2500
      endloop
   endfacet
   facet normal 0.0000 0.0000 -1.0000
      outer loop
         vertex -14.2482 0.3000 2.2500
         vertex -14.2750 -1.9000 2.2500
         vertex -14.2750 0.2000 2.2500
      endloop
   endfacet
   facet normal 0.0000 0.0000 1.0000
      outer loop
         vertex -14.2000 0.3000 3.4500
         vertex -14.2482 0.3000 3.4500
         vertex -13.9250 -1.9000 3.4500
      endloop
   endfacet
   facet normal 0.0000 0.0000 1.0000
      outer loop
         vertex -14.2000 0.3000 3.4500
         vertex -13.9250 -1.9000 3.4500
         vertex -13.9250 0.2000 3.4500
      endloop
   endfacet
   facet normal 0.0000 0.0000 1.0000
      outer loop
         vertex -14.2000 0.3000 3.4500
         vertex -13.9250 0.2000 3.4500
         vertex -13.8982 0.3000 3.4500
      endloop
   endfacet
   facet normal 0.0000 0.0000 1.0000
      outer loop
         vertex -14.2750 0.2000 3.4500
         vertex -14.2750 -1.9000 3.4500
         vertex -13.9250 -1.9000 3.4500
      endloop
   endfacet
   facet normal 0.0000 0.0000 1.0000
      outer loop
         vertex -14.2750 0.2000 3.4500
         vertex -13.9250 -1.9000 3.4500
         vertex -14.2482 0.3000 3.4500
      endloop
   endfacet
   facet normal 1.0000 0.0000 0.0000
      outer loop
         vertex -13.9250 -1.9000 2.2500
         vertex -13.9250 0.2000 2.2500
         vertex -13.9250 0.2000 3.4500
      endloop
   endfacet
   facet normal 1.0000 0.0000 0.0000
      outer loop
         vertex -13.9250 -1.9000 2.2500
         vertex -13.9250 0.2000 3.4500
         vertex -13.9250 -1.9000 3.4500
      endloop
   endfacet
   facet normal 1.0000 0.0000 0.0000
      outer loop
         vertex -13.9250 -1.9000 2.2500
         vertex -13.9250 -1.9000 3.4500
         vertex -13.9250 -2.4000 3.2500
      endloop
   endfacet
   facet normal 1.0000 0.0000 0.0000
      outer loop
         vertex -13.9250 -1.9000 2.2500
         vertex -13.9250 -2.4000 3.2500
         vertex -13.9250 -2.4000 2.4500
      endloop
   endfacet
   facet normal 0.9659 -0.2588 0.0000
      outer loop
         vertex -13.9250 0.2000 2.2500
         vertex -13.8982 0.3000 2.2500
         vertex -13.8982 0.3000 3.4500
      endloop
   endfacet
   facet normal 0.9659 -0.2588 0.0000
      outer loop
         vertex -13.9250 0.2000 2.2500
         vertex -13.8982 0.3000 3.4500
         vertex -13.9250 0.2000 3.4500
      endloop
   endfacet
   facet normal 0.0000 -0.1736 -0.9848
      outer loop
         vertex -15.2000 0.0000 3.8029
         vertex -15.2000 0.3000 3.7500
         vertex -14.2000 0.3000 3.7500
      endloop
   endfacet
   facet normal 0.0000 -0.1736 -0.9848
      outer loop
         vertex -15.2000 0.0000 3.8029
         vertex -14.2000 0.3000 3.7500
         vertex -14.2000 0.0000 3.8029
      endloop
   endfacet
   facet normal 0.0000 -0.1736 0.9848
      outer loop
         vertex -15.2000 0.3000 7.9500
         vertex -15.2000 0.0000 7.8971
         vertex -14.2000 0.0000 7.8971
      endloop
   endfacet
   facet normal 0.0000 -0.1736 0.9848
      outer loop
         vertex -15.2000 0.3000 7.9500
         vertex -14.2000 0.0000 7.8971
         vertex -14.2000 0.3000 7.9500
      endloop
   endfacet
   facet normal 0.0000 -0.1736 0.9848
      outer loop
         vertex -15.2000 0.3000 1.9500
         vertex -15.2000 0.0000 1.8971
         vertex -14.2000 0.0000 1.8971
      endloop
   endfacet
   facet normal 0.0000 -0.1736 0.9848
      outer loop
         vertex -15.2000 0.3000 1.9500
         vertex -14.2000 0.0000 1.8971
         vertex -14.2000 0.3000 1.9500
      endloop
   endfacet
   facet normal -0.9659 0.2588 0.0000
      outer loop
         vertex -14.2482 0.3000 2.2500
         vertex -14.2750 0.2000 2.2500
         vertex -14.2750 0.2000 3.4500
      endloop
   endfacet
   facet normal -0.9659 0.2588 0.0000
      outer loop
         vertex -14.2482 0.3000 2.2500
         vertex -14.2750 0.2000 3.4500
         vertex -14.2482 0.3000 3.4500
      endloop
   endfacet
   facet normal -1.0000 0.0000 0.0000
      outer loop
         vertex -14.2750 0.2000 2.2500
         vertex -14.2750 -1.9000 2.2500
         vertex -14.2750 -2.4000 2.4500
      endloop
   endfacet
   facet normal -1.0000 0.0000 0.0000
      outer loop
         vertex -14.2750 0.2000 2.2500
         vertex -14.2750 -2.4000 2.4500
         vertex -14.2750 -2.4000 3.2500
      endloop
   endfacet
   facet normal -1.0000 0.0000 0.0000
      outer loop
         vertex -14.2750 0.2000 2.2500
         vertex -14.2750 -2.4000 3.2500
         vertex -14.2750 -1.9000 3.4500
      endloop
   endfacet
   facet normal -1.0000 0.0000 0.0000
      outer loop
         vertex -14.2750 0.2000 2.2500
         vertex -14.2750 -1.9000 3.4500
         vertex -14.2750 0.2000 3.4500
      endloop
   endfacet
   facet normal 0.0000 -1.0000 0.0000
      outer loop
         vertex -1.8750 -0.0500 3.4500
         vertex -5.3960 -0.0500 3.4500
         vertex -5.3960 -0.0500 2.2500
      endloop
   endfacet
   facet normal 0.0000 -1.0000 0.0000
      outer loop
         vertex -1.8750 -0.0500 3.4500
         vertex -5.3960 -0.0500 2.2500
         vertex -1.8750 -0.0500 2.2500
      endloop
   endfacet
   facet normal -0.0871 -0.9962 0.0000
      outer loop
         vertex -5.4743 -0.0449 2.2500
         vertex -5.3960 -0.0500 2.2500
         vertex -5.3960 -0.0500 3.4500
      endloop
   endfacet
   facet normal -0.1088 -0.9941 0.0000
      outer loop
         vertex -5.4743 -0.0449 2.2500
         vertex -5.3960 -0.0500 3.4500
         vertex -5.4743 -0.0449 3.4500
      endloop
   endfacet
   facet normal -0.1522 -0.9884 0.0000
      outer loop
         vertex -5.5513 -0.0296 2.2500
         vertex -5.4743 -0.0449 2.2500
         vertex -5.4743 -0.0449 3.4500
      endloop
   endfacet
   facet normal -0.1737 -0.9848 0.0000
      outer loop
         vertex -5.5513 -0.0296 2.2500
         vertex -5.4743 -0.0449 3.4500
         vertex -5.5513 -0.0296 3.4500
      endloop
   endfacet
   facet normal -0.7672 -0.6414 0.0000
      outer loop
         vertex -1.5750 -0.1304 2.2500
         vertex -1.3554 -0.3500 2.2500
         vertex -1.3554 -0.3500 3.4500
      endloop
   endfacet
   facet normal -0.6414 -0.7672 0.0000
      outer loop
         vertex -1.5750 -0.1304 2.2500
         vertex -1.3554 -0.3500 3.4500
         vertex -1.5750 -0.1304 3.4500
      endloop
   endfacet
   facet normal -0.4210 -0.9071 0.0000
      outer loop
         vertex -1.8750 -0.0500 2.2500
         vertex -1.5750 -0.1304 2.2500
         vertex -1.5750 -0.1304 3.4500
      endloop
   endfacet
   facet normal -0.3399 -0.9405 0.0000
      outer loop
         vertex -1.8750 -0.0500 2.2500
         vertex -1.5750 -0.1304 3.4500
         vertex -1.8750 -0.0500 3.4500
      endloop
   endfacet
   facet normal 0.0000 -1.0000 0.0000
      outer loop
         vertex -14.2750 -2.4000 3.2500
         vertex -14.2750 -2.4000 2.4500
         vertex -13.9250 -2.4000 2.4500
      endloop
   endfacet
   facet normal 0.0000 -1.0000 0.0000
      outer loop
         vertex -14.2750 -2.4000 3.2500
         vertex -13.9250 -2.4000 2.4500
         vertex -13.9250 -2.4000 3.2500
      endloop
   endfacet
   facet normal 0.0000 -0.3714 0.9285
      outer loop
         vertex -13.9250 -1.9000 3.4500
         vertex -14.2750 -1.9000 3.4500
         vertex -14.2750 -2.4000 3.2500
      endloop
   endfacet
   facet normal 0.0000 -0.3714 0.9285
      outer loop
         vertex -13.9250 -1.9000 3.4500
         vertex -14.2750 -2.4000 3.2500
         vertex -13.9250 -2.4000 3.2500
      endloop
   endfacet
   facet normal 0.0000 -0.3714 -0.9285
      outer loop
         vertex -13.9250 -2.4000 2.4500
         vertex -14.2750 -2.4000 2.4500
         vertex -14.2750 -1.9000 2.2500
      endloop
   endfacet
   facet normal 0.0000 -0.3714 -0.9285
      outer loop
         vertex -13.9250 -2.4000 2.4500
         vertex -14.2750 -1.9000 2.2500
         vertex -13.9250 -1.9000 2.2500
      endloop
   endfacet
   facet normal 0.0000 -1.0000 0.0000
      outer loop
         vertex -1.8750 -0.0500 9.4500
         vertex -5.3960 -0.0500 9.4500
         vertex -5.3960 -0.0500 8.2500
      endloop
   endfacet
   facet normal 0.0000 -1.0000 0.0000
      outer loop
         vertex -1.8750 -0.0500 9.4500
         vertex -5.3960 -0.0500 8.2500
         vertex -1.8750 -0.0500 8.2500
      endloop
   endfacet
   facet normal -0.0871 -0.9962 0.0000
      outer loop
         vertex -5.4743 -0.0449 8.2500
         vertex -5.3960 -0.0500 8.2500
         vertex -5.3960 -0.0500 9.4500
      endloop
   endfacet
   facet normal -0.1088 -0.9941 0.0000
      outer loop
         vertex -5.4743 -0.0449 8.2500
         vertex -5.3960 -0.0500 9.4500
         vertex -5.4743 -0.0449 9.4500
      endloop
   endfacet
   facet normal -0.1522 -0.9884 0.0000
      outer loop
         vertex -5.5513 -0.0296 8.2500
         vertex -5.4743 -0.0449 8.2500
         vertex -5.4743 -0.0449 9.4500
      endloop
   endfacet
   facet normal -0.1737 -0.9848 0.0000
      outer loop
         vertex -5.5513 -0.0296 8.2500
         vertex -5.4743 -0.0449 9.4500
         vertex -5.5513 -0.0296 9.4500
      endloop
   endfacet
   facet normal -0.7672 -0.6414 0.0000
      outer loop
         vertex -1.5750 -0.1304 8.2500
         vertex -1.3554 -0.3500 8.2500
         vertex -1.3554 -0.3500 9.4500
      endloop
   endfacet
   facet normal -0.6414 -0.7672 0.0000
      outer loop
         vertex -1.5750 -0.1304 8.2500
         vertex -1.3554 -0.3500 9.4500
         vertex -1.5750 -0.1304 9.4500
      endloop
   endfacet
   facet normal -0.4210 -0.9071 0.0000
      outer loop
         vertex -1.8750 -0.0500 8.2500
         vertex -1.5750 -0.1304 8.2500
         vertex -1.5750 -0.1304 9.4500
      endloop
   endfacet
   facet normal -0.3399 -0.9405 0.0000
      outer loop
         vertex -1.8750 -0.0500 8.2500
         vertex -1.5750 -0.1304 9.4500
         vertex -1.8750 -0.0500 9.4500
      endloop
   endfacet
   facet normal 0.0000 -1.0000 0.0000
      outer loop
         vertex -13.9250 -2.4000 9.2500
         vertex -14.2750 -2.4000 9.2500
         vertex -14.2750 -2.4000 8.4500
      endloop
   endfacet
   facet normal 0.0000 -1.0000 0.0000
      outer loop
         vertex -13.9250 -2.4000 9.2500
         vertex -14.2750 -2.4000 8.4500
         vertex -13.9250 -2.4000 8.4500
      endloop
   endfacet
   facet normal 0.0000 -0.3714 0.9285
      outer loop
         vertex -13.9250 -1.9000 9.4500
         vertex -14.2750 -1.9000 9.4500
         vertex -14.2750 -2.4000 9.2500
      endloop
   endfacet
   facet normal 0.0000 -0.3714 0.9285
      outer loop
         vertex -13.9250 -1.9000 9.4500
         vertex -14.2750 -2.4000 9.2500
         vertex -13.9250 -2.4000 9.2500
      endloop
   endfacet
   facet normal 0.0000 -0.3714 -0.9285
      outer loop
         vertex -13.9250 -2.4000 8.4500
         vertex -14.2750 -2.4000 8.4500
         vertex -14.2750 -1.9000 8.2500
      endloop
   endfacet
   facet normal 0.0000 -0.3714 -0.9285
      outer loop
         vertex -13.9250 -2.4000 8.4500
         vertex -14.2750 -1.9000 8.2500
         vertex -13.9250 -1.9000 8.2500
      endloop
   endfacet
   facet normal 0.0000 -1.0000 0.0000
      outer loop
         vertex -1.8750 -0.0500 15.4500
         vertex -5.3960 -0.0500 15.4500
         vertex -5.3960 -0.0500 14.2500
      endloop
   endfacet
   facet normal 0.0000 -1.0000 0.0000
      outer loop
         vertex -1.8750 -0.0500 15.4500
         vertex -5.3960 -0.0500 14.2500
         vertex -1.8750 -0.0500 14.2500
      endloop
   endfacet
   facet normal -0.0871 -0.9962 0.0000
      outer loop
         vertex -5.4743 -0.0449 14.2500
         vertex -5.3960 -0.0500 14.2500
         vertex -5.3960 -0.0500 15.4500
      endloop
   endfacet
   facet normal -0.1088 -0.9941 0.0000
      outer loop
         vertex -5.4743 -0.0449 14.2500
         vertex -5.3960 -0.0500 15.4500
         vertex -5.4743 -0.0449 15.4500
      endloop
   endfacet
   facet normal -0.1522 -0.9884 0.0000
      outer loop
         vertex -5.5513 -0.0296 14.2500
         vertex -5.4743 -0.0449 14.2500
         vertex -5.4743 -0.0449 15.4500
      endloop
   endfacet
   facet normal -0.1737 -0.9848 0.0000
      outer loop
         vertex -5.5513 -0.0296 14.2500
         vertex -5.4743 -0.0449 15.4500
         vertex -5.5513 -0.0296 15.4500
      endloop
   endfacet
   facet normal -0.6414 -0.7672 0.0000
      outer loop
         vertex -1.3554 -0.3500 15.4500
         vertex -1.5750 -0.1304 15.4500
         vertex -1.5750 -0.1304 14.2500
      endloop
   endfacet
   facet normal -0.7672 -0.6414 0.0000
      outer loop
         vertex -1.3554 -0.3500 15.4500
         vertex -1.5750 -0.1304 14.2500
         vertex -1.3554 -0.3500 14.2500
      endloop
   endfacet
   facet normal -0.4210 -0.9071 0.0000
      outer loop
         vertex -1.8750 -0.0500 14.2500
         vertex -1.5750 -0.1304 14.2500
         vertex -1.5750 -0.1304 15.4500
      endloop
   endfacet
   facet normal -0.3399 -0.9405 0.0000
      outer loop
         vertex -1.8750 -0.0500 14.2500
         vertex -1.5750 -0.1304 15.4500
         vertex -1.8750 -0.0500 15.4500
      endloop
   endfacet
   facet normal 0.0000 -1.0000 0.0000
      outer loop
         vertex -13.9250 -2.4000 15.2500
         vertex -14.2750 -2.4000 15.2500
         vertex -14.2750 -2.4000 14.4500
      endloop
   endfacet
   facet normal 0.0000 -1.0000 0.0000
      outer loop
         vertex -13.9250 -2.4000 15.2500
         vertex -14.2750 -2.4000 14.4500
         vertex -13.9250 -2.4000 14.4500
      endloop
   endfacet
   facet normal 0.0000 -0.3714 0.9285
      outer loop
         vertex -13.9250 -1.9000 15.4500
         vertex -14.2750 -1.9000 15.4500
         vertex -14.2750 -2.4000 15.2500
      endloop
   endfacet
   facet normal 0.0000 -0.3714 0.9285
      outer loop
         vertex -13.9250 -1.9000 15.4500
         vertex -14.2750 -2.4000 15.2500
         vertex -13.9250 -2.4000 15.2500
      endloop
   endfacet
   facet normal 0.0000 -0.3714 -0.9285
      outer loop
         vertex -13.9250 -2.4000 14.4500
         vertex -14.2750 -2.4000 14.4500
         vertex -14.2750 -1.9000 14.2500
      endloop
   endfacet
   facet normal 0.0000 -0.3714 -0.9285
      outer loop
         vertex -13.9250 -2.4000 14.4500
         vertex -14.2750 -1.9000 14.2500
         vertex -13.9250 -1.9000 14.2500
      endloop
   endfacet
   facet normal 0.7672 0.6414 0.0000
      outer loop
         vertex -1.4000 0.1727 3.4500
         vertex -1.0523 -0.1750 3.4500
         vertex -1.0523 -0.1750 2.2500
      endloop
   endfacet
   facet normal 0.6414 0.7672 0.0000
      outer loop
         vertex -1.4000 0.1727 3.4500
         vertex -1.0523 -0.1750 2.2500
         vertex -1.4000 0.1727 2.2500
      endloop
   endfacet
   facet normal -1.0000 0.0000 0.0000
      outer loop
         vertex -1.2750 -1.9000 3.4500
         vertex -1.2750 -0.6500 3.4500
         vertex -1.2750 -0.6500 2.2500
      endloop
   endfacet
   facet normal -1.0000 0.0000 0.0000
      outer loop
         vertex -1.2750 -1.9000 3.4500
         vertex -1.2750 -0.6500 2.2500
         vertex -1.2750 -1.9000 2.2500
      endloop
   endfacet
   facet normal -1.0000 0.0000 0.0000
      outer loop
         vertex -1.2750 -1.9000 3.4500
         vertex -1.2750 -1.9000 2.2500
         vertex -1.2750 -2.4000 2.4500
      endloop
   endfacet
   facet normal -1.0000 0.0000 0.0000
      outer loop
         vertex -1.2750 -1.9000 3.4500
         vertex -1.2750 -2.4000 2.4500
         vertex -1.2750 -2.4000 3.2500
      endloop
   endfacet
   facet normal 0.9071 0.4210 0.0000
      outer loop
         vertex -0.9250 -0.6500 2.2500
         vertex -1.0523 -0.1750 2.2500
         vertex -1.0523 -0.1750 3.4500
      endloop
   endfacet
   facet normal 0.9405 0.3399 0.0000
      outer loop
         vertex -0.9250 -0.6500 2.2500
         vertex -1.0523 -0.1750 3.4500
         vertex -0.9250 -0.6500 3.4500
      endloop
   endfacet
   facet normal 1.0000 0.0000 0.0000
      outer loop
         vertex -0.9250 -0.6500 3.4500
         vertex -0.9250 -1.9000 3.4500
         vertex -0.9250 -2.4000 3.2500
      endloop
   endfacet
   facet normal 1.0000 0.0000 0.0000
      outer loop
         vertex -0.9250 -0.6500 3.4500
         vertex -0.9250 -2.4000 3.2500
         vertex -0.9250 -2.4000 2.4500
      endloop
   endfacet
   facet normal 1.0000 0.0000 0.0000
      outer loop
         vertex -0.9250 -0.6500 3.4500
         vertex -0.9250 -2.4000 2.4500
         vertex -0.9250 -1.9000 2.2500
      endloop
   endfacet
   facet normal 1.0000 0.0000 0.0000
      outer loop
         vertex -0.9250 -0.6500 3.4500
         vertex -0.9250 -1.9000 2.2500
         vertex -0.9250 -0.6500 2.2500
      endloop
   endfacet
   facet normal 0.0000 -1.0000 0.0000
      outer loop
         vertex -1.2750 -2.4000 3.2500
         vertex -1.2750 -2.4000 2.4500
         vertex -0.9250 -2.4000 2.4500
      endloop
   endfacet
   facet normal 0.0000 -1.0000 0.0000
      outer loop
         vertex -1.2750 -2.4000 3.2500
         vertex -0.9250 -2.4000 2.4500
         vertex -0.9250 -2.4000 3.2500
      endloop
   endfacet
   facet normal 0.0000 -0.3714 0.9285
      outer loop
         vertex -0.9250 -1.9000 3.4500
         vertex -1.2750 -1.9000 3.4500
         vertex -1.2750 -2.4000 3.2500
      endloop
   endfacet
   facet normal 0.0000 -0.3714 0.9285
      outer loop
         vertex -0.9250 -1.9000 3.4500
         vertex -1.2750 -2.4000 3.2500
         vertex -0.9250 -2.4000 3.2500
      endloop
   endfacet
   facet normal 0.0000 -0.3714 -0.9285
      outer loop
         vertex -0.9250 -2.4000 2.4500
         vertex -1.2750 -2.4000 2.4500
         vertex -1.2750 -1.9000 2.2500
      endloop
   endfacet
   facet normal 0.0000 -0.3714 -0.9285
      outer loop
         vertex -0.9250 -2.4000 2.4500
         vertex -1.2750 -1.9000 2.2500
         vertex -0.9250 -1.9000 2.2500
      endloop
   endfacet
   facet normal -0.9405 -0.3399 0.0000
      outer loop
         vertex -1.3554 -0.3500 2.2500
         vertex -1.2750 -0.6500 2.2500
         vertex -1.2750 -0.6500 3.4500
      endloop
   endfacet
   facet normal -0.9071 -0.4210 0.0000
      outer loop
         vertex -1.3554 -0.3500 2.2500
         vertex -1.2750 -0.6500 3.4500
         vertex -1.3554 -0.3500 3.4500
      endloop
   endfacet
   facet normal 0.7672 0.6414 0.0000
      outer loop
         vertex -1.4000 0.1727 9.4500
         vertex -1.0523 -0.1750 9.4500
         vertex -1.0523 -0.1750 8.2500
      endloop
   endfacet
   facet normal 0.6414 0.7672 0.0000
      outer loop
         vertex -1.4000 0.1727 9.4500
         vertex -1.0523 -0.1750 8.2500
         vertex -1.4000 0.1727 8.2500
      endloop
   endfacet
   facet normal -1.0000 0.0000 0.0000
      outer loop
         vertex -1.2750 -1.9000 9.4500
         vertex -1.2750 -0.6500 9.4500
         vertex -1.2750 -0.6500 8.2500
      endloop
   endfacet
   facet normal -1.0000 0.0000 0.0000
      outer loop
         vertex -1.2750 -1.9000 9.4500
         vertex -1.2750 -0.6500 8.2500
         vertex -1.2750 -1.9000 8.2500
      endloop
   endfacet
   facet normal -1.0000 0.0000 0.0000
      outer loop
         vertex -1.2750 -1.9000 9.4500
         vertex -1.2750 -1.9000 8.2500
         vertex -1.2750 -2.4000 8.4500
      endloop
   endfacet
   facet normal -1.0000 0.0000 0.0000
      outer loop
         vertex -1.2750 -1.9000 9.4500
         vertex -1.2750 -2.4000 8.4500
         vertex -1.2750 -2.4000 9.2500
      endloop
   endfacet
   facet normal 0.9071 0.4210 0.0000
      outer loop
         vertex -0.9250 -0.6500 8.2500
         vertex -1.0523 -0.1750 8.2500
         vertex -1.0523 -0.1750 9.4500
      endloop
   endfacet
   facet normal 0.9405 0.3399 0.0000
      outer loop
         vertex -0.9250 -0.6500 8.2500
         vertex -1.0523 -0.1750 9.4500
         vertex -0.9250 -0.6500 9.4500
      endloop
   endfacet
   facet normal 1.0000 0.0000 0.0000
      outer loop
         vertex -0.9250 -0.6500 9.4500
         vertex -0.9250 -1.9000 9.4500
         vertex -0.9250 -2.4000 9.2500
      endloop
   endfacet
   facet normal 1.0000 0.0000 0.0000
      outer loop
         vertex -0.9250 -0.6500 9.4500
         vertex -0.9250 -2.4000 9.2500
         vertex -0.9250 -2.4000 8.4500
      endloop
   endfacet
   facet normal 1.0000 0.0000 0.0000
      outer loop
         vertex -0.9250 -0.6500 9.4500
         vertex -0.9250 -2.4000 8.4500
         vertex -0.9250 -1.9000 8.2500
      endloop
   endfacet
   facet normal 1.0000 0.0000 0.0000
      outer loop
         vertex -0.9250 -0.6500 9.4500
         vertex -0.9250 -1.9000 8.2500
         vertex -0.9250 -0.6500 8.2500
      endloop
   endfacet
   facet normal 0.0000 -1.0000 0.0000
      outer loop
         vertex -1.2750 -2.4000 9.2500
         vertex -1.2750 -2.4000 8.4500
         vertex -0.9250 -2.4000 8.4500
      endloop
   endfacet
   facet normal 0.0000 -1.0000 0.0000
      outer loop
         vertex -1.2750 -2.4000 9.2500
         vertex -0.9250 -2.4000 8.4500
         vertex -0.9250 -2.4000 9.2500
      endloop
   endfacet
   facet normal 0.0000 -0.3714 0.9285
      outer loop
         vertex -0.9250 -1.9000 9.4500
         vertex -1.2750 -1.9000 9.4500
         vertex -1.2750 -2.4000 9.2500
      endloop
   endfacet
   facet normal 0.0000 -0.3714 0.9285
      outer loop
         vertex -0.9250 -1.9000 9.4500
         vertex -1.2750 -2.4000 9.2500
         vertex -0.9250 -2.4000 9.2500
      endloop
   endfacet
   facet normal 0.0000 -0.3714 -0.9285
      outer loop
         vertex -0.9250 -2.4000 8.4500
         vertex -1.2750 -2.4000 8.4500
         vertex -1.2750 -1.9000 8.2500
      endloop
   endfacet
   facet normal 0.0000 -0.3714 -0.9285
      outer loop
         vertex -0.9250 -2.4000 8.4500
         vertex -1.2750 -1.9000 8.2500
         vertex -0.9250 -1.9000 8.2500
      endloop
   endfacet
   facet normal -0.9405 -0.3399 0.0000
      outer loop
         vertex -1.3554 -0.3500 8.2500
         vertex -1.2750 -0.6500 8.2500
         vertex -1.2750 -0.6500 9.4500
      endloop
   endfacet
   facet normal -0.9071 -0.4210 0.0000
      outer loop
         vertex -1.3554 -0.3500 8.2500
         vertex -1.2750 -0.6500 9.4500
         vertex -1.3554 -0.3500 9.4500
      endloop
   endfacet
   facet normal 0.7672 0.6414 0.0000
      outer loop
         vertex -1.4000 0.1727 15.4500
         vertex -1.0523 -0.1750 15.4500
         vertex -1.0523 -0.1750 14.2500
      endloop
   endfacet
   facet normal 0.6414 0.7672 0.0000
      outer loop
         vertex -1.4000 0.1727 15.4500
         vertex -1.0523 -0.1750 14.2500
         vertex -1.4000 0.1727 14.2500
      endloop
   endfacet
   facet normal -1.0000 0.0000 0.0000
      outer loop
         vertex -1.2750 -1.9000 15.4500
         vertex -1.2750 -0.6500 15.4500
         vertex -1.2750 -0.6500 14.2500
      endloop
   endfacet
   facet normal -1.0000 0.0000 0.0000
      outer loop
         vertex -1.2750 -1.9000 15.4500
         vertex -1.2750 -0.6500 14.2500
         vertex -1.2750 -1.9000 14.2500
      endloop
   endfacet
   facet normal -1.0000 0.0000 0.0000
      outer loop
         vertex -1.2750 -1.9000 15.4500
         vertex -1.2750 -1.9000 14.2500
         vertex -1.2750 -2.4000 14.4500
      endloop
   endfacet
   facet normal -1.0000 0.0000 0.0000
      outer loop
         vertex -1.2750 -1.9000 15.4500
         vertex -1.2750 -2.4000 14.4500
         vertex -1.2750 -2.4000 15.2500
      endloop
   endfacet
   facet normal 0.9071 0.4210 0.0000
      outer loop
         vertex -0.9250 -0.6500 14.2500
         vertex -1.0523 -0.1750 14.2500
         vertex -1.0523 -0.1750 15.4500
      endloop
   endfacet
   facet normal 0.9405 0.3399 0.0000
      outer loop
         vertex -0.9250 -0.6500 14.2500
         vertex -1.0523 -0.1750 15.4500
         vertex -0.9250 -0.6500 15.4500
      endloop
   endfacet
   facet normal 1.0000 0.0000 0.0000
      outer loop
         vertex -0.9250 -0.6500 15.4500
         vertex -0.9250 -1.9000 15.4500
         vertex -0.9250 -2.4000 15.2500
      endloop
   endfacet
   facet normal 1.0000 0.0000 0.0000
      outer loop
         vertex -0.9250 -0.6500 15.4500
         vertex -0.9250 -2.4000 15.2500
         vertex -0.9250 -2.4000 14.4500
      endloop
   endfacet
   facet normal 1.0000 0.0000 0.0000
      outer loop
         vertex -0.9250 -0.6500 15.4500
         vertex -0.9250 -2.4000 14.4500
         vertex -0.9250 -1.9000 14.2500
      endloop
   endfacet
   facet normal 1.0000 0.0000 0.0000
      outer loop
         vertex -0.9250 -0.6500 15.4500
         vertex -0.9250 -1.9000 14.2500
         vertex -0.9250 -0.6500 14.2500
      endloop
   endfacet
   facet normal 0.0000 -1.0000 0.0000
      outer loop
         vertex -1.2750 -2.4000 15.2500
         vertex -1.2750 -2.4000 14.4500
         vertex -0.9250 -2.4000 14.4500
      endloop
   endfacet
   facet normal 0.0000 -1.0000 0.0000
      outer loop
         vertex -1.2750 -2.4000 15.2500
         vertex -0.9250 -2.4000 14.4500
         vertex -0.9250 -2.4000 15.2500
      endloop
   endfacet
   facet normal 0.0000 -0.3714 0.9285
      outer loop
         vertex -0.9250 -1.9000 15.4500
         vertex -1.2750 -1.9000 15.4500
         vertex -1.2750 -2.4000 15.2500
      endloop
   endfacet
   facet normal 0.0000 -0.3714 0.9285
      outer loop
         vertex -0.9250 -1.9000 15.4500
         vertex -1.2750 -2.4000 15.2500
         vertex -0.9250 -2.4000 15.2500
      endloop
   endfacet
   facet normal 0.0000 -0.3714 -0.9285
      outer loop
         vertex -0.9250 -2.4000 14.4500
         vertex -1.2750 -2.4000 14.4500
         vertex -1.2750 -1.9000 14.2500
      endloop
   endfacet
   facet normal 0.0000 -0.3714 -0.9285
      outer loop
         vertex -0.9250 -2.4000 14.4500
         vertex -1.2750 -1.9000 14.2500
         vertex -0.9250 -1.9000 14.2500
      endloop
   endfacet
   facet normal -0.9405 -0.3399 0.0000
      outer loop
         vertex -1.3554 -0.3500 14.2500
         vertex -1.2750 -0.6500 14.2500
         vertex -1.2750 -0.6500 15.4500
      endloop
   endfacet
   facet normal -0.9071 -0.4210 0.0000
      outer loop
         vertex -1.3554 -0.3500 14.2500
         vertex -1.2750 -0.6500 15.4500
         vertex -1.3554 -0.3500 15.4500
      endloop
   endfacet
   facet normal 0.3703 0.9289 0.0000
      outer loop
         vertex -6.8000 5.1396 4.9500
         vertex -6.8520 5.1536 4.9500
         vertex -6.8520 5.1536 6.7500
      endloop
   endfacet
   facet normal 0.3147 0.9492 0.0000
      outer loop
         vertex -6.8000 5.1396 4.9500
         vertex -6.8520 5.1536 6.7500
         vertex -6.8000 5.1396 6.7500
      endloop
   endfacet
   facet normal 0.2588 0.9659 0.0000
      outer loop
         vertex -6.8000 5.1396 4.9500
         vertex -6.8000 5.1396 6.7500
         vertex -6.7000 5.1129 6.7768
      endloop
   endfacet
   facet normal 0.2588 0.9659 0.0000
      outer loop
         vertex -6.8000 5.1396 4.9500
         vertex -6.7000 5.1129 6.7768
         vertex -6.6520 5.1000 6.8248
      endloop
   endfacet
   facet normal 0.2588 0.9659 0.0000
      outer loop
         vertex -6.8000 5.1396 4.9500
         vertex -6.6520 5.1000 6.8248
         vertex -6.7000 5.1129 4.9232
      endloop
   endfacet
   facet normal 0.2588 0.9659 0.0000
      outer loop
         vertex -6.7000 5.1129 4.9232
         vertex -6.6520 5.1000 6.8248
         vertex -6.6520 5.1000 4.8752
      endloop
   endfacet
   facet normal 0.3703 0.9289 0.0000
      outer loop
         vertex -6.6520 5.1000 0.3000
         vertex -6.8520 5.1536 0.3000
         vertex -6.8520 5.1536 0.7500
      endloop
   endfacet
   facet normal 0.3147 0.9492 0.0000
      outer loop
         vertex -6.6520 5.1000 0.3000
         vertex -6.8520 5.1536 0.7500
         vertex -6.8000 5.1396 0.7500
      endloop
   endfacet
   facet normal 0.2588 0.9659 0.0000
      outer loop
         vertex -6.6520 5.1000 0.3000
         vertex -6.8000 5.1396 0.7500
         vertex -6.7000 5.1129 0.7768
      endloop
   endfacet
   facet normal 0.2588 0.9659 0.0000
      outer loop
         vertex -6.6520 5.1000 0.3000
         vertex -6.7000 5.1129 0.7768
         vertex -6.6520 5.1000 0.8248
      endloop
   endfacet
   facet normal 0.3703 0.9289 0.0000
      outer loop
         vertex -6.8520 5.1536 16.9500
         vertex -6.8520 5.1536 17.4000
         vertex -6.8000 5.1396 16.9500
      endloop
   endfacet
   facet normal 0.3147 0.9492 0.0000
      outer loop
         vertex -6.8000 5.1396 16.9500
         vertex -6.8520 5.1536 17.4000
         vertex -6.6520 5.1000 17.4000
      endloop
   endfacet
   facet normal 0.2588 0.9659 0.0000
      outer loop
         vertex -6.8000 5.1396 16.9500
         vertex -6.6520 5.1000 17.4000
         vertex -6.7000 5.1129 16.9232
      endloop
   endfacet
   facet normal 0.2588 0.9659 0.0000
      outer loop
         vertex -6.7000 5.1129 16.9232
         vertex -6.6520 5.1000 17.4000
         vertex -6.6520 5.1000 16.8752
      endloop
   endfacet
   facet normal 0.3703 0.9289 0.0000
      outer loop
         vertex -6.8000 5.1396 10.9500
         vertex -6.8520 5.1536 10.9500
         vertex -6.8520 5.1536 12.7500
      endloop
   endfacet
   facet normal 0.3147 0.9492 0.0000
      outer loop
         vertex -6.8000 5.1396 10.9500
         vertex -6.8520 5.1536 12.7500
         vertex -6.8000 5.1396 12.7500
      endloop
   endfacet
   facet normal 0.2588 0.9659 0.0000
      outer loop
         vertex -6.8000 5.1396 10.9500
         vertex -6.8000 5.1396 12.7500
         vertex -6.7000 5.1129 12.7768
      endloop
   endfacet
   facet normal 0.2588 0.9659 0.0000
      outer loop
         vertex -6.8000 5.1396 10.9500
         vertex -6.7000 5.1129 12.7768
         vertex -6.6520 5.1000 12.8248
      endloop
   endfacet
   facet normal 0.2588 0.9659 0.0000
      outer loop
         vertex -6.8000 5.1396 10.9500
         vertex -6.6520 5.1000 12.8248
         vertex -6.7000 5.1129 10.9232
      endloop
   endfacet
   facet normal 0.2588 0.9659 0.0000
      outer loop
         vertex -6.7000 5.1129 10.9232
         vertex -6.6520 5.1000 12.8248
         vertex -6.6520 5.1000 10.8752
      endloop
   endfacet
   facet normal 0.9304 0.3665 0.0000
      outer loop
         vertex -1.0982 3.6856 15.6500
         vertex -1.1611 3.8455 15.2641
         vertex -1.4557 4.5932 17.4000
      endloop
   endfacet
   facet normal 0.9304 0.3665 0.0000
      outer loop
         vertex -1.4557 4.5932 17.4000
         vertex -1.1611 3.8455 15.2641
         vertex -1.1826 3.9000 14.8500
      endloop
   endfacet
   facet normal 0.9304 0.3665 0.0000
      outer loop
         vertex -1.4557 4.5932 17.4000
         vertex -1.1826 3.9000 14.8500
         vertex -1.4557 4.5932 0.3000
      endloop
   endfacet
   facet normal 0.9304 0.3665 0.0000
      outer loop
         vertex -1.4557 4.5932 0.3000
         vertex -1.1826 3.9000 14.8500
         vertex -1.1826 3.9000 8.8500
      endloop
   endfacet
   facet normal 0.9304 0.3665 0.0000
      outer loop
         vertex -1.4557 4.5932 0.3000
         vertex -1.1826 3.9000 8.8500
         vertex -1.1826 3.9000 2.8500
      endloop
   endfacet
   facet normal 0.9304 0.3665 0.0000
      outer loop
         vertex -1.1826 3.9000 2.8500
         vertex -1.1826 3.9000 8.8500
         vertex -1.1611 3.8455 8.4359
      endloop
   endfacet
   facet normal 0.9304 0.3665 0.0000
      outer loop
         vertex -1.1826 3.9000 2.8500
         vertex -1.1611 3.8455 8.4359
         vertex -1.1611 3.8455 3.2641
      endloop
   endfacet
   facet normal 0.9304 0.3665 0.0000
      outer loop
         vertex -1.1611 3.8455 3.2641
         vertex -1.1611 3.8455 8.4359
         vertex -1.0982 3.6856 8.0500
      endloop
   endfacet
   facet normal 0.9304 0.3665 0.0000
      outer loop
         vertex -1.1611 3.8455 3.2641
         vertex -1.0982 3.6856 8.0500
         vertex -1.0982 3.6856 3.6500
      endloop
   endfacet
   facet normal 0.9304 0.3665 0.0000
      outer loop
         vertex -1.0982 3.6856 3.6500
         vertex -1.0982 3.6856 8.0500
         vertex -0.9980 3.4314 7.7186
      endloop
   endfacet
   facet normal 0.9304 0.3665 0.0000
      outer loop
         vertex -1.0982 3.6856 3.6500
         vertex -0.9980 3.4314 7.7186
         vertex -0.9980 3.4314 3.9814
      endloop
   endfacet
   facet normal 0.9304 0.3665 0.0000
      outer loop
         vertex -0.9980 3.4314 3.9814
         vertex -0.9980 3.4314 7.7186
         vertex -0.8675 3.1000 7.4644
      endloop
   endfacet
   facet normal 0.9304 0.3665 0.0000
      outer loop
         vertex -0.9980 3.4314 3.9814
         vertex -0.8675 3.1000 7.4644
         vertex -0.8675 3.1000 4.2356
      endloop
   endfacet
   facet normal 0.9304 0.3665 0.0000
      outer loop
         vertex -0.8675 3.1000 4.2356
         vertex -0.8675 3.1000 7.4644
         vertex -0.7155 2.7141 7.3045
      endloop
   endfacet
   facet normal 0.9304 0.3665 0.0000
      outer loop
         vertex -0.8675 3.1000 4.2356
         vertex -0.7155 2.7141 7.3045
         vertex -0.7155 2.7141 4.3955
      endloop
   endfacet
   facet normal 0.9304 0.3665 0.0000
      outer loop
         vertex -0.7155 2.7141 4.3955
         vertex -0.7155 2.7141 7.3045
         vertex -0.5524 2.3000 7.2500
      endloop
   endfacet
   facet normal 0.9304 0.3665 0.0000
      outer loop
         vertex -0.7155 2.7141 4.3955
         vertex -0.5524 2.3000 7.2500
         vertex -0.5524 2.3000 4.4500
      endloop
   endfacet
   facet normal 0.9304 0.3665 0.0000
      outer loop
         vertex -0.5524 2.3000 4.4500
         vertex -0.5524 2.3000 7.2500
         vertex -0.3892 1.8859 7.3045
      endloop
   endfacet
   facet normal 0.9304 0.3665 0.0000
      outer loop
         vertex -0.5524 2.3000 4.4500
         vertex -0.3892 1.8859 7.3045
         vertex -0.3892 1.8859 4.3955
      endloop
   endfacet
   facet normal 0.9304 0.3665 0.0000
      outer loop
         vertex -0.3892 1.8859 4.3955
         vertex -0.3892 1.8859 7.3045
         vertex -0.2372 1.5000 7.4644
      endloop
   endfacet
   facet normal 0.9304 0.3665 0.0000
      outer loop
         vertex -0.3892 1.8859 4.3955
         vertex -0.2372 1.5000 7.4644
         vertex -0.2372 1.5000 4.2356
      endloop
   endfacet
   facet normal 0.9304 0.3665 0.0000
      outer loop
         vertex -0.2372 1.5000 4.2356
         vertex -0.2372 1.5000 7.4644
         vertex -0.1872 1.3730 5.9460
      endloop
   endfacet
   facet normal 0.9304 0.3665 0.0000
      outer loop
         vertex -0.2372 1.5000 4.2356
         vertex -0.1872 1.3730 5.9460
         vertex -0.1872 1.3730 5.7540
      endloop
   endfacet
   facet normal 0.9304 0.3665 0.0000
      outer loop
         vertex -0.2372 1.5000 7.4644
         vertex -0.1067 1.1686 7.7186
         vertex -0.1268 1.2197 6.2609
      endloop
   endfacet
   facet normal 0.9304 0.3665 0.0000
      outer loop
         vertex -0.2372 1.5000 7.4644
         vertex -0.1268 1.2197 6.2609
         vertex -0.1661 1.3194 6.1460
      endloop
   endfacet
   facet normal 0.9304 0.3665 0.0000
      outer loop
         vertex -0.2372 1.5000 7.4644
         vertex -0.1661 1.3194 6.1460
         vertex -0.1872 1.3730 5.9460
      endloop
   endfacet
   facet normal 0.9304 0.3665 0.0000
      outer loop
         vertex -0.0696 1.0744 7.8414
         vertex -0.0696 1.0744 6.3896
         vertex -0.1268 1.2197 6.2609
      endloop
   endfacet
   facet normal 0.9304 0.3665 0.0000
      outer loop
         vertex -0.0696 1.0744 7.8414
         vertex -0.1268 1.2197 6.2609
         vertex -0.1067 1.1686 7.7186
      endloop
   endfacet
   facet normal 0.9304 0.3665 0.0000
      outer loop
         vertex -0.1872 1.3730 11.9460
         vertex -0.2372 1.5000 10.2356
         vertex -0.2372 1.5000 13.4644
      endloop
   endfacet
   facet normal 0.9304 0.3665 0.0000
      outer loop
         vertex -0.2372 1.5000 13.4644
         vertex -0.2372 1.5000 10.2356
         vertex -0.3892 1.8859 10.3955
      endloop
   endfacet
   facet normal 0.9304 0.3665 0.0000
      outer loop
         vertex -0.2372 1.5000 13.4644
         vertex -0.3892 1.8859 10.3955
         vertex -0.3892 1.8859 13.3045
      endloop
   endfacet
   facet normal 0.9304 0.3665 0.0000
      outer loop
         vertex -0.3892 1.8859 13.3045
         vertex -0.3892 1.8859 10.3955
         vertex -0.5524 2.3000 10.4500
      endloop
   endfacet
   facet normal 0.9304 0.3665 0.0000
      outer loop
         vertex -0.3892 1.8859 13.3045
         vertex -0.5524 2.3000 10.4500
         vertex -0.5524 2.3000 13.2500
      endloop
   endfacet
   facet normal 0.9304 0.3665 0.0000
      outer loop
         vertex -0.5524 2.3000 13.2500
         vertex -0.5524 2.3000 10.4500
         vertex -0.7155 2.7141 10.3955
      endloop
   endfacet
   facet normal 0.9304 0.3665 0.0000
      outer loop
         vertex -0.5524 2.3000 13.2500
         vertex -0.7155 2.7141 10.3955
         vertex -0.7155 2.7141 13.3045
      endloop
   endfacet
   facet normal 0.9304 0.3665 0.0000
      outer loop
         vertex -0.7155 2.7141 13.3045
         vertex -0.7155 2.7141 10.3955
         vertex -0.8675 3.1000 10.2356
      endloop
   endfacet
   facet normal 0.9304 0.3665 0.0000
      outer loop
         vertex -0.7155 2.7141 13.3045
         vertex -0.8675 3.1000 10.2356
         vertex -0.8675 3.1000 13.4644
      endloop
   endfacet
   facet normal 0.9304 0.3665 0.0000
      outer loop
         vertex -0.8675 3.1000 13.4644
         vertex -0.8675 3.1000 10.2356
         vertex -0.9980 3.4314 9.9814
      endloop
   endfacet
   facet normal 0.9304 0.3665 0.0000
      outer loop
         vertex -0.8675 3.1000 13.4644
         vertex -0.9980 3.4314 9.9814
         vertex -0.9980 3.4314 13.7186
      endloop
   endfacet
   facet normal 0.9304 0.3665 0.0000
      outer loop
         vertex -0.9980 3.4314 13.7186
         vertex -0.9980 3.4314 9.9814
         vertex -1.0982 3.6856 9.6500
      endloop
   endfacet
   facet normal 0.9304 0.3665 0.0000
      outer loop
         vertex -0.9980 3.4314 13.7186
         vertex -1.0982 3.6856 9.6500
         vertex -1.0982 3.6856 14.0500
      endloop
   endfacet
   facet normal 0.9304 0.3665 0.0000
      outer loop
         vertex -1.0982 3.6856 14.0500
         vertex -1.0982 3.6856 9.6500
         vertex -1.1611 3.8455 9.2641
      endloop
   endfacet
   facet normal 0.9304 0.3665 0.0000
      outer loop
         vertex -1.0982 3.6856 14.0500
         vertex -1.1611 3.8455 9.2641
         vertex -1.1611 3.8455 14.4359
      endloop
   endfacet
   facet normal 0.9304 0.3665 0.0000
      outer loop
         vertex -1.1611 3.8455 14.4359
         vertex -1.1611 3.8455 9.2641
         vertex -1.1826 3.9000 8.8500
      endloop
   endfacet
   facet normal 0.9304 0.3665 0.0000
      outer loop
         vertex -1.1611 3.8455 14.4359
         vertex -1.1826 3.9000 8.8500
         vertex -1.1826 3.9000 14.8500
      endloop
   endfacet
   facet normal 0.9304 0.3665 0.0000
      outer loop
         vertex -0.2372 1.5000 13.4644
         vertex -0.1067 1.1686 13.7186
         vertex -0.1268 1.2197 12.2609
      endloop
   endfacet
   facet normal 0.9304 0.3665 0.0000
      outer loop
         vertex -0.2372 1.5000 13.4644
         vertex -0.1268 1.2197 12.2609
         vertex -0.1661 1.3194 12.1460
      endloop
   endfacet
   facet normal 0.9304 0.3665 0.0000
      outer loop
         vertex -0.2372 1.5000 13.4644
         vertex -0.1661 1.3194 12.1460
         vertex -0.1872 1.3730 11.9460
      endloop
   endfacet
   facet normal 0.9304 0.3665 0.0000
      outer loop
         vertex -0.0696 1.0744 13.8414
         vertex -0.0696 1.0744 12.3896
         vertex -0.1268 1.2197 12.2609
      endloop
   endfacet
   facet normal 0.9304 0.3665 0.0000
      outer loop
         vertex -0.0696 1.0744 13.8414
         vertex -0.1268 1.2197 12.2609
         vertex -0.1067 1.1686 13.7186
      endloop
   endfacet
   facet normal 0.9304 0.3665 0.0000
      outer loop
         vertex -1.4557 4.5932 17.4000
         vertex -0.1152 1.1901 17.4000
         vertex -0.3892 1.8859 16.3955
      endloop
   endfacet
   facet normal 0.9304 0.3665 0.0000
      outer loop
         vertex -1.4557 4.5932 17.4000
         vertex -0.3892 1.8859 16.3955
         vertex -0.5524 2.3000 16.4500
      endloop
   endfacet
   facet normal 0.9304 0.3665 0.0000
      outer loop
         vertex -1.4557 4.5932 17.4000
         vertex -0.5524 2.3000 16.4500
         vertex -0.7155 2.7141 16.3955
      endloop
   endfacet
   facet normal 0.9304 0.3665 0.0000
      outer loop
         vertex -1.4557 4.5932 17.4000
         vertex -0.7155 2.7141 16.3955
         vertex -0.8675 3.1000 16.2356
      endloop
   endfacet
   facet normal 0.9304 0.3665 0.0000
      outer loop
         vertex -1.4557 4.5932 17.4000
         vertex -0.8675 3.1000 16.2356
         vertex -0.9980 3.4314 15.9814
      endloop
   endfacet
   facet normal 0.9304 0.3665 0.0000
      outer loop
         vertex -1.4557 4.5932 17.4000
         vertex -0.9980 3.4314 15.9814
         vertex -1.0982 3.6856 15.6500
      endloop
   endfacet
   facet normal 0.9304 0.3665 0.0000
      outer loop
         vertex -0.1152 1.1901 17.4000
         vertex -0.0696 1.0744 17.3055
         vertex -0.1067 1.1686 15.9814
      endloop
   endfacet
   facet normal 0.9304 0.3665 0.0000
      outer loop
         vertex -0.1152 1.1901 17.4000
         vertex -0.1067 1.1686 15.9814
         vertex -0.2372 1.5000 16.2356
      endloop
   endfacet
   facet normal 0.9304 0.3665 0.0000
      outer loop
         vertex -0.1152 1.1901 17.4000
         vertex -0.2372 1.5000 16.2356
         vertex -0.3892 1.8859 16.3955
      endloop
   endfacet
   facet normal 0.9304 0.3665 0.0000
      outer loop
         vertex -1.4557 4.5932 0.3000
         vertex -1.1826 3.9000 2.8500
         vertex -1.1611 3.8455 2.4359
      endloop
   endfacet
   facet normal 0.9304 0.3665 0.0000
      outer loop
         vertex -1.4557 4.5932 0.3000
         vertex -1.1611 3.8455 2.4359
         vertex -1.0982 3.6856 2.0500
      endloop
   endfacet
   facet normal 0.9304 0.3665 0.0000
      outer loop
         vertex -1.4557 4.5932 0.3000
         vertex -1.0982 3.6856 2.0500
         vertex -0.9980 3.4314 1.7186
      endloop
   endfacet
   facet normal 0.9304 0.3665 0.0000
      outer loop
         vertex -1.4557 4.5932 0.3000
         vertex -0.9980 3.4314 1.7186
         vertex -0.8675 3.1000 1.4644
      endloop
   endfacet
   facet normal 0.9304 0.3665 0.0000
      outer loop
         vertex -1.4557 4.5932 0.3000
         vertex -0.8675 3.1000 1.4644
         vertex -0.7155 2.7141 1.3045
      endloop
   endfacet
   facet normal 0.9304 0.3665 0.0000
      outer loop
         vertex -1.4557 4.5932 0.3000
         vertex -0.7155 2.7141 1.3045
         vertex -0.5524 2.3000 1.2500
      endloop
   endfacet
   facet normal 0.9304 0.3665 0.0000
      outer loop
         vertex -1.4557 4.5932 0.3000
         vertex -0.5524 2.3000 1.2500
         vertex -0.3892 1.8859 1.3045
      endloop
   endfacet
   facet normal 0.9304 0.3665 0.0000
      outer loop
         vertex -1.4557 4.5932 0.3000
         vertex -0.3892 1.8859 1.3045
         vertex -0.1152 1.1901 0.3000
      endloop
   endfacet
   facet normal 0.9304 0.3665 0.0000
      outer loop
         vertex -0.1152 1.1901 0.3000
         vertex -0.3892 1.8859 1.3045
         vertex -0.2372 1.5000 1.4644
      endloop
   endfacet
   facet normal 0.9304 0.3665 0.0000
      outer loop
         vertex -0.1152 1.1901 0.3000
         vertex -0.2372 1.5000 1.4644
         vertex -0.1067 1.1686 1.7186
      endloop
   endfacet
   facet normal 0.9304 0.3665 0.0000
      outer loop
         vertex -0.1152 1.1901 0.3000
         vertex -0.1067 1.1686 1.7186
         vertex -0.0696 1.0744 1.8414
      endloop
   endfacet
   facet normal 0.9304 0.3665 0.0000
      outer loop
         vertex -0.1152 1.1901 0.3000
         vertex -0.0696 1.0744 1.8414
         vertex -0.0696 1.0744 0.3945
      endloop
   endfacet
   facet normal 0.9304 0.3665 0.0000
      outer loop
         vertex -0.2372 1.5000 10.2356
         vertex -0.1872 1.3730 11.9460
         vertex -0.1872 1.3730 11.7540
      endloop
   endfacet
   facet normal 0.9304 0.3665 0.0000
      outer loop
         vertex -0.2372 1.5000 10.2356
         vertex -0.1872 1.3730 11.7540
         vertex -0.1661 1.3194 11.5540
      endloop
   endfacet
   facet normal 0.9304 0.3665 0.0000
      outer loop
         vertex -0.2372 1.5000 10.2356
         vertex -0.1661 1.3194 11.5540
         vertex -0.1268 1.2197 11.4391
      endloop
   endfacet
   facet normal 0.9304 0.3665 0.0000
      outer loop
         vertex -0.2372 1.5000 10.2356
         vertex -0.1268 1.2197 11.4391
         vertex -0.1067 1.1686 9.9814
      endloop
   endfacet
   facet normal 0.9304 0.3665 0.0000
      outer loop
         vertex -0.0696 1.0744 11.3104
         vertex -0.0696 1.0744 9.8586
         vertex -0.1067 1.1686 9.9814
      endloop
   endfacet
   facet normal 0.9304 0.3665 0.0000
      outer loop
         vertex -0.0696 1.0744 11.3104
         vertex -0.1067 1.1686 9.9814
         vertex -0.1268 1.2197 11.4391
      endloop
   endfacet
   facet normal 0.9304 0.3665 0.0000
      outer loop
         vertex -0.1872 1.3730 5.7540
         vertex -0.1661 1.3194 5.5540
         vertex -0.2372 1.5000 4.2356
      endloop
   endfacet
   facet normal 0.9304 0.3665 0.0000
      outer loop
         vertex -0.2372 1.5000 4.2356
         vertex -0.1661 1.3194 5.5540
         vertex -0.1268 1.2197 5.4391
      endloop
   endfacet
   facet normal 0.9304 0.3665 0.0000
      outer loop
         vertex -0.2372 1.5000 4.2356
         vertex -0.1268 1.2197 5.4391
         vertex -0.1067 1.1686 3.9814
      endloop
   endfacet
   facet normal 0.9304 0.3665 0.0000
      outer loop
         vertex -0.1067 1.1686 3.9814
         vertex -0.1268 1.2197 5.4391
         vertex -0.0696 1.0744 5.3104
      endloop
   endfacet
   facet normal 0.9304 0.3665 0.0000
      outer loop
         vertex -0.1067 1.1686 3.9814
         vertex -0.0696 1.0744 5.3104
         vertex -0.0696 1.0744 3.8586
      endloop
   endfacet
   facet normal 0.9304 0.3665 0.0000
      outer loop
         vertex -0.1067 1.1686 15.9814
         vertex -0.0696 1.0744 17.3055
         vertex -0.0696 1.0744 15.8586
      endloop
   endfacet
   facet normal 0.9607 0.2777 0.0000
      outer loop
         vertex -0.0489 1.0029 6.4529
         vertex -0.0696 1.0744 6.3896
         vertex -0.0696 1.0744 7.8414
      endloop
   endfacet
   facet normal 0.9607 0.2777 0.0000
      outer loop
         vertex -0.0489 1.0029 6.4529
         vertex -0.0696 1.0744 7.8414
         vertex -0.0233 0.9144 8.0500
      endloop
   endfacet
   facet normal 0.9688 0.2477 0.0000
      outer loop
         vertex -0.0489 1.0029 6.4529
         vertex -0.0233 0.9144 8.0500
         vertex -0.0175 0.8944 8.0981
      endloop
   endfacet
   facet normal 0.9761 0.2172 0.0000
      outer loop
         vertex -0.0489 1.0029 6.4529
         vertex -0.0175 0.8944 8.0981
         vertex -0.0175 0.8944 6.5943
      endloop
   endfacet
   facet normal 0.9688 0.2477 0.0000
      outer loop
         vertex -0.0489 1.0029 5.2471
         vertex -0.0175 0.8944 5.1057
         vertex -0.0233 0.9144 3.6500
      endloop
   endfacet
   facet normal 0.9607 0.2777 0.0000
      outer loop
         vertex -0.0489 1.0029 5.2471
         vertex -0.0233 0.9144 3.6500
         vertex -0.0696 1.0744 3.8586
      endloop
   endfacet
   facet normal 0.9607 0.2777 0.0000
      outer loop
         vertex -0.0489 1.0029 5.2471
         vertex -0.0696 1.0744 3.8586
         vertex -0.0696 1.0744 5.3104
      endloop
   endfacet
   facet normal 0.9761 0.2172 0.0000
      outer loop
         vertex -0.0233 0.9144 3.6500
         vertex -0.0175 0.8944 5.1057
         vertex -0.0175 0.8944 3.6019
      endloop
   endfacet
   facet normal 0.9607 0.2777 0.0000
      outer loop
         vertex -0.0489 1.0029 0.4529
         vertex -0.0696 1.0744 0.3945
         vertex -0.0696 1.0744 1.8414
      endloop
   endfacet
   facet normal 0.9607 0.2777 0.0000
      outer loop
         vertex -0.0489 1.0029 0.4529
         vertex -0.0696 1.0744 1.8414
         vertex -0.0233 0.9144 2.0500
      endloop
   endfacet
   facet normal 0.9688 0.2477 0.0000
      outer loop
         vertex -0.0489 1.0029 0.4529
         vertex -0.0233 0.9144 2.0500
         vertex -0.0175 0.8944 2.0981
      endloop
   endfacet
   facet normal 0.9761 0.2172 0.0000
      outer loop
         vertex -0.0489 1.0029 0.4529
         vertex -0.0175 0.8944 2.0981
         vertex -0.0175 0.8944 0.5943
      endloop
   endfacet
   facet normal 0.9688 0.2477 0.0000
      outer loop
         vertex -0.0489 1.0029 17.2471
         vertex -0.0175 0.8944 17.1057
         vertex -0.0233 0.9144 15.6500
      endloop
   endfacet
   facet normal 0.9607 0.2777 0.0000
      outer loop
         vertex -0.0489 1.0029 17.2471
         vertex -0.0233 0.9144 15.6500
         vertex -0.0696 1.0744 15.8586
      endloop
   endfacet
   facet normal 0.9607 0.2777 0.0000
      outer loop
         vertex -0.0489 1.0029 17.2471
         vertex -0.0696 1.0744 15.8586
         vertex -0.0696 1.0744 17.3055
      endloop
   endfacet
   facet normal 0.9761 0.2172 0.0000
      outer loop
         vertex -0.0233 0.9144 15.6500
         vertex -0.0175 0.8944 17.1057
         vertex -0.0175 0.8944 15.6019
      endloop
   endfacet
   facet normal 0.9607 0.2777 0.0000
      outer loop
         vertex -0.0489 1.0029 12.4529
         vertex -0.0696 1.0744 12.3896
         vertex -0.0696 1.0744 13.8414
      endloop
   endfacet
   facet normal 0.9607 0.2777 0.0000
      outer loop
         vertex -0.0489 1.0029 12.4529
         vertex -0.0696 1.0744 13.8414
         vertex -0.0233 0.9144 14.0500
      endloop
   endfacet
   facet normal 0.9688 0.2477 0.0000
      outer loop
         vertex -0.0489 1.0029 12.4529
         vertex -0.0233 0.9144 14.0500
         vertex -0.0175 0.8944 14.0981
      endloop
   endfacet
   facet normal 0.9761 0.2172 0.0000
      outer loop
         vertex -0.0489 1.0029 12.4529
         vertex -0.0175 0.8944 14.0981
         vertex -0.0175 0.8944 12.5943
      endloop
   endfacet
   facet normal 0.9688 0.2477 0.0000
      outer loop
         vertex -0.0489 1.0029 11.2471
         vertex -0.0175 0.8944 11.1057
         vertex -0.0233 0.9144 9.6500
      endloop
   endfacet
   facet normal 0.9607 0.2777 0.0000
      outer loop
         vertex -0.0489 1.0029 11.2471
         vertex -0.0233 0.9144 9.6500
         vertex -0.0696 1.0744 9.8586
      endloop
   endfacet
   facet normal 0.9607 0.2777 0.0000
      outer loop
         vertex -0.0489 1.0029 11.2471
         vertex -0.0696 1.0744 9.8586
         vertex -0.0696 1.0744 11.3104
      endloop
   endfacet
   facet normal 0.9761 0.2172 0.0000
      outer loop
         vertex -0.0233 0.9144 9.6500
         vertex -0.0175 0.8944 11.1057
         vertex -0.0175 0.8944 9.6019
      endloop
   endfacet
   facet normal 0.9956 0.0937 0.0000
      outer loop
         vertex -0.0000 0.7079 4.8626
         vertex -0.0000 0.7079 2.9102
         vertex -0.0044 0.7545 3.2641
      endloop
   endfacet
   facet normal 0.9922 0.1247 0.0000
      outer loop
         vertex -0.0000 0.7079 4.8626
         vertex -0.0044 0.7545 3.2641
         vertex -0.0175 0.8944 3.6019
      endloop
   endfacet
   facet normal 0.9878 0.1556 0.0000
      outer loop
         vertex -0.0000 0.7079 4.8626
         vertex -0.0175 0.8944 3.6019
         vertex -0.0175 0.8944 5.1057
      endloop
   endfacet
   facet normal 0.9878 0.1556 0.0000
      outer loop
         vertex -0.0175 0.8944 6.5943
         vertex -0.0175 0.8944 8.0981
         vertex -0.0044 0.7545 8.4359
      endloop
   endfacet
   facet normal 0.9922 0.1247 0.0000
      outer loop
         vertex -0.0175 0.8944 6.5943
         vertex -0.0044 0.7545 8.4359
         vertex -0.0000 0.7079 8.7898
      endloop
   endfacet
   facet normal 0.9922 0.1247 0.0000
      outer loop
         vertex -0.0175 0.8944 6.5943
         vertex -0.0000 0.7079 8.7898
         vertex -0.0000 0.7079 6.8374
      endloop
   endfacet
   facet normal 0.9878 0.1556 0.0000
      outer loop
         vertex -0.0175 0.8944 0.5943
         vertex -0.0175 0.8944 2.0981
         vertex -0.0044 0.7545 2.4359
      endloop
   endfacet
   facet normal 0.9922 0.1247 0.0000
      outer loop
         vertex -0.0175 0.8944 0.5943
         vertex -0.0044 0.7545 2.4359
         vertex -0.0000 0.7079 2.7898
      endloop
   endfacet
   facet normal 0.9922 0.1247 0.0000
      outer loop
         vertex -0.0175 0.8944 0.5943
         vertex -0.0000 0.7079 2.7898
         vertex -0.0000 0.7079 0.8374
      endloop
   endfacet
   facet normal 0.9956 0.0937 0.0000
      outer loop
         vertex 0.0000 0.7079 10.8626
         vertex -0.0000 0.7079 8.9102
         vertex -0.0044 0.7545 9.2641
      endloop
   endfacet
   facet normal 0.9922 0.1247 0.0000
      outer loop
         vertex 0.0000 0.7079 10.8626
         vertex -0.0044 0.7545 9.2641
         vertex -0.0175 0.8944 9.6019
      endloop
   endfacet
   facet normal 0.9878 0.1556 0.0000
      outer loop
         vertex 0.0000 0.7079 10.8626
         vertex -0.0175 0.8944 9.6019
         vertex -0.0175 0.8944 11.1057
      endloop
   endfacet
   facet normal 0.9956 0.0937 0.0000
      outer loop
         vertex -0.0000 0.7079 16.8626
         vertex -0.0000 0.7079 14.9102
         vertex -0.0044 0.7545 15.2641
      endloop
   endfacet
   facet normal 0.9922 0.1247 0.0000
      outer loop
         vertex -0.0000 0.7079 16.8626
         vertex -0.0044 0.7545 15.2641
         vertex -0.0175 0.8944 15.6019
      endloop
   endfacet
   facet normal 0.9878 0.1556 0.0000
      outer loop
         vertex -0.0000 0.7079 16.8626
         vertex -0.0175 0.8944 15.6019
         vertex -0.0175 0.8944 17.1057
      endloop
   endfacet
   facet normal 0.9878 0.1556 0.0000
      outer loop
         vertex -0.0175 0.8944 12.5943
         vertex -0.0175 0.8944 14.0981
         vertex -0.0044 0.7545 14.4359
      endloop
   endfacet
   facet normal 0.9922 0.1247 0.0000
      outer loop
         vertex -0.0175 0.8944 12.5943
         vertex -0.0044 0.7545 14.4359
         vertex -0.0000 0.7079 14.7898
      endloop
   endfacet
   facet normal 0.9922 0.1247 0.0000
      outer loop
         vertex -0.0175 0.8944 12.5943
         vertex -0.0000 0.7079 14.7898
         vertex 0.0000 0.7079 12.8374
      endloop
   endfacet
   facet normal 1.0000 0.0000 0.0000
      outer loop
         vertex 0.0000 0.3000 9.5500
         vertex 0.0000 0.3000 8.1500
         vertex 0.0000 0.3818 7.5288
      endloop
   endfacet
   facet normal 1.0000 0.0000 0.0000
      outer loop
         vertex 0.0000 0.3000 9.5500
         vertex 0.0000 0.3818 7.5288
         vertex 0.0000 0.6215 6.9500
      endloop
   endfacet
   facet normal 1.0000 0.0000 0.0000
      outer loop
         vertex 0.0000 0.3000 9.5500
         vertex 0.0000 0.6215 6.9500
         vertex -0.0000 0.7079 6.8374
      endloop
   endfacet
   facet normal 1.0000 0.0000 0.0000
      outer loop
         vertex 0.0000 0.3000 9.5500
         vertex -0.0000 0.7079 6.8374
         vertex -0.0000 0.7079 8.7898
      endloop
   endfacet
   facet normal 1.0000 0.0000 0.0000
      outer loop
         vertex 0.0000 0.3000 9.5500
         vertex -0.0000 0.7079 8.7898
         vertex 0.0000 0.7000 8.8500
      endloop
   endfacet
   facet normal 1.0000 0.0000 0.0000
      outer loop
         vertex 0.0000 0.3000 9.5500
         vertex 0.0000 0.7000 8.8500
         vertex -0.0000 0.7079 8.9102
      endloop
   endfacet
   facet normal 1.0000 0.0000 0.0000
      outer loop
         vertex 0.0000 0.3000 9.5500
         vertex -0.0000 0.7079 8.9102
         vertex 0.0000 0.7079 10.8626
      endloop
   endfacet
   facet normal 1.0000 0.0000 0.0000
      outer loop
         vertex 0.0000 0.3000 9.5500
         vertex 0.0000 0.7079 10.8626
         vertex 0.0000 0.6215 10.7500
      endloop
   endfacet
   facet normal 1.0000 0.0000 0.0000
      outer loop
         vertex 0.0000 0.3000 9.5500
         vertex 0.0000 0.6215 10.7500
         vertex 0.0000 0.3818 10.1712
      endloop
   endfacet
   facet normal 1.0000 0.0000 0.0000
      outer loop
         vertex 0.0000 0.7000 2.8500
         vertex -0.0000 0.7079 2.9102
         vertex -0.0000 0.7079 4.8626
      endloop
   endfacet
   facet normal 1.0000 0.0000 0.0000
      outer loop
         vertex 0.0000 0.7000 2.8500
         vertex -0.0000 0.7079 4.8626
         vertex 0.0000 0.6215 4.7500
      endloop
   endfacet
   facet normal 1.0000 0.0000 0.0000
      outer loop
         vertex 0.0000 0.7000 2.8500
         vertex 0.0000 0.6215 4.7500
         vertex -0.0000 0.7079 0.8374
      endloop
   endfacet
   facet normal 1.0000 0.0000 0.0000
      outer loop
         vertex 0.0000 0.7000 2.8500
         vertex -0.0000 0.7079 0.8374
         vertex -0.0000 0.7079 2.7898
      endloop
   endfacet
   facet normal 1.0000 0.0000 0.0000
      outer loop
         vertex -0.0000 0.7079 0.8374
         vertex 0.0000 0.6215 4.7500
         vertex 0.0000 0.6215 0.9500
      endloop
   endfacet
   facet normal 1.0000 0.0000 0.0000
      outer loop
         vertex 0.0000 0.6215 0.9500
         vertex 0.0000 0.6215 4.7500
         vertex 0.0000 0.3818 4.1712
      endloop
   endfacet
   facet normal 1.0000 0.0000 0.0000
      outer loop
         vertex 0.0000 0.6215 0.9500
         vertex 0.0000 0.3818 4.1712
         vertex 0.0000 0.3818 1.5288
      endloop
   endfacet
   facet normal 1.0000 0.0000 0.0000
      outer loop
         vertex 0.0000 0.3818 1.5288
         vertex 0.0000 0.3818 4.1712
         vertex 0.0000 0.3000 3.5500
      endloop
   endfacet
   facet normal 1.0000 0.0000 0.0000
      outer loop
         vertex 0.0000 0.3818 1.5288
         vertex 0.0000 0.3000 3.5500
         vertex 0.0000 0.3000 2.1500
      endloop
   endfacet
   facet normal 1.0000 0.0000 0.0000
      outer loop
         vertex 0.0000 0.3000 15.5500
         vertex 0.0000 0.3000 14.1500
         vertex 0.0000 0.3818 13.5288
      endloop
   endfacet
   facet normal 1.0000 0.0000 0.0000
      outer loop
         vertex 0.0000 0.3000 15.5500
         vertex 0.0000 0.3818 13.5288
         vertex 0.0000 0.6215 12.9500
      endloop
   endfacet
   facet normal 1.0000 0.0000 0.0000
      outer loop
         vertex 0.0000 0.3000 15.5500
         vertex 0.0000 0.6215 12.9500
         vertex 0.0000 0.7079 12.8374
      endloop
   endfacet
   facet normal 1.0000 0.0000 0.0000
      outer loop
         vertex 0.0000 0.3000 15.5500
         vertex 0.0000 0.7079 12.8374
         vertex -0.0000 0.7079 14.7898
      endloop
   endfacet
   facet normal 1.0000 0.0000 0.0000
      outer loop
         vertex 0.0000 0.3000 15.5500
         vertex -0.0000 0.7079 14.7898
         vertex 0.0000 0.7000 14.8500
      endloop
   endfacet
   facet normal 1.0000 0.0000 0.0000
      outer loop
         vertex 0.0000 0.3000 15.5500
         vertex 0.0000 0.7000 14.8500
         vertex -0.0000 0.7079 14.9102
      endloop
   endfacet
   facet normal 1.0000 0.0000 0.0000
      outer loop
         vertex 0.0000 0.3000 15.5500
         vertex -0.0000 0.7079 14.9102
         vertex -0.0000 0.7079 16.8626
      endloop
   endfacet
   facet normal 1.0000 0.0000 0.0000
      outer loop
         vertex 0.0000 0.3000 15.5500
         vertex -0.0000 0.7079 16.8626
         vertex 0.0000 0.6215 16.7500
      endloop
   endfacet
   facet normal 1.0000 0.0000 0.0000
      outer loop
         vertex 0.0000 0.3000 15.5500
         vertex 0.0000 0.6215 16.7500
         vertex 0.0000 0.3818 16.1712
      endloop
   endfacet
   facet normal 0.0000 0.9884 0.1520
      outer loop
         vertex -2.2000 5.1000 17.4000
         vertex -6.6520 5.1000 17.4000
         vertex -6.6520 5.0921 17.4688
      endloop
   endfacet
   facet normal 0.0000 0.9819 0.1896
      outer loop
         vertex -2.2000 5.1000 17.4000
         vertex -6.6520 5.0921 17.4688
         vertex -2.2000 5.0921 17.4688
      endloop
   endfacet
   facet normal 0.0000 0.6807 0.7325
      outer loop
         vertex -6.6520 4.9876 17.6341
         vertex -2.2000 4.9876 17.6341
         vertex -2.2000 5.0341 17.5876
      endloop
   endfacet
   facet normal 0.0000 0.7325 0.6807
      outer loop
         vertex -6.6520 4.9876 17.6341
         vertex -2.2000 5.0341 17.5876
         vertex -6.6520 5.0341 17.5876
      endloop
   endfacet
   facet normal 0.0000 0.8636 0.5041
      outer loop
         vertex -2.2000 5.0695 17.5319
         vertex -6.6520 5.0695 17.5319
         vertex -6.6520 5.0341 17.5876
      endloop
   endfacet
   facet normal 0.0000 0.8240 0.5665
      outer loop
         vertex -2.2000 5.0695 17.5319
         vertex -6.6520 5.0341 17.5876
         vertex -2.2000 5.0341 17.5876
      endloop
   endfacet
   facet normal 0.0000 0.9288 0.3706
      outer loop
         vertex -6.6520 5.0695 17.5319
         vertex -2.2000 5.0695 17.5319
         vertex -2.2000 5.0921 17.4688
      endloop
   endfacet
   facet normal 0.0000 0.9541 0.2995
      outer loop
         vertex -6.6520 5.0695 17.5319
         vertex -2.2000 5.0921 17.4688
         vertex -6.6520 5.0921 17.4688
      endloop
   endfacet
   facet normal 0.2360 0.7157 0.6574
      outer loop
         vertex -6.8800 5.0939 17.5876
         vertex -6.6520 4.9876 17.6341
         vertex -6.6520 5.0341 17.5876
      endloop
   endfacet
   facet normal 0.2762 0.8343 0.4771
      outer loop
         vertex -6.6520 5.0695 17.5319
         vertex -6.8650 5.1260 17.5319
         vertex -6.6520 5.0341 17.5876
      endloop
   endfacet
   facet normal 0.3462 0.8677 0.3567
      outer loop
         vertex -6.8650 5.1260 17.5319
         vertex -6.6520 5.0695 17.5319
         vertex -6.8554 5.1464 17.4688
      endloop
   endfacet
   facet normal 0.3032 0.9135 0.2712
      outer loop
         vertex -6.8554 5.1464 17.4688
         vertex -6.6520 5.0695 17.5319
         vertex -6.6520 5.0921 17.4688
      endloop
   endfacet
   facet normal 0.3462 0.9216 0.1752
      outer loop
         vertex -6.8520 5.1536 17.4000
         vertex -6.8554 5.1464 17.4688
         vertex -6.6520 5.0921 17.4688
      endloop
   endfacet
   facet normal 0.2933 0.9462 0.1364
      outer loop
         vertex -6.6520 5.1000 17.4000
         vertex -6.8520 5.1536 17.4000
         vertex -6.6520 5.0921 17.4688
      endloop
   endfacet
   facet normal 0.1764 0.0695 0.9819
      outer loop
         vertex -0.6316 1.8704 17.6921
         vertex -1.6708 4.5085 17.6921
         vertex -1.7348 4.4833 17.7000
      endloop
   endfacet
   facet normal 0.1414 0.0557 0.9884
      outer loop
         vertex -0.6316 1.8704 17.6921
         vertex -1.7348 4.4833 17.7000
         vertex -0.7172 1.9000 17.7000
      endloop
   endfacet
   facet normal 0.9196 0.3622 0.1520
      outer loop
         vertex -0.1152 1.1901 17.4000
         vertex -1.4557 4.5932 17.4000
         vertex -1.4630 4.5903 17.4688
      endloop
   endfacet
   facet normal 0.9135 0.3599 0.1896
      outer loop
         vertex -0.1152 1.1901 17.4000
         vertex -1.4630 4.5903 17.4688
         vertex -0.1568 1.2743 17.4688
      endloop
   endfacet
   facet normal 0.3448 0.1358 0.9288
      outer loop
         vertex -0.5306 1.7862 17.6695
         vertex -1.6120 4.5316 17.6695
         vertex -1.6708 4.5085 17.6921
      endloop
   endfacet
   facet normal 0.2786 0.1097 0.9541
      outer loop
         vertex -0.5306 1.7862 17.6695
         vertex -1.6708 4.5085 17.6921
         vertex -0.6316 1.8704 17.6921
      endloop
   endfacet
   facet normal 0.4690 0.1848 0.8636
      outer loop
         vertex -1.6120 4.5316 17.6695
         vertex -0.5306 1.7862 17.6695
         vertex -0.4187 1.6540 17.6341
      endloop
   endfacet
   facet normal 0.5271 0.2076 0.8240
      outer loop
         vertex -1.6120 4.5316 17.6695
         vertex -0.4187 1.6540 17.6341
         vertex -1.5602 4.5520 17.6341
      endloop
   endfacet
   facet normal 0.6816 0.2685 0.6807
      outer loop
         vertex -0.3004 1.4806 17.5876
         vertex -1.5170 4.5690 17.5876
         vertex -1.5602 4.5520 17.6341
      endloop
   endfacet
   facet normal 0.6334 0.2495 0.7325
      outer loop
         vertex -0.3004 1.4806 17.5876
         vertex -1.5602 4.5520 17.6341
         vertex -0.4187 1.6540 17.6341
      endloop
   endfacet
   facet normal 0.7467 0.2941 0.5966
      outer loop
         vertex -1.5170 4.5690 17.5876
         vertex -0.3004 1.4806 17.5876
         vertex -0.2539 1.4000 17.5660
      endloop
   endfacet
   facet normal 0.7665 0.3019 0.5668
      outer loop
         vertex -1.5170 4.5690 17.5876
         vertex -0.2539 1.4000 17.5660
         vertex -0.2340 1.3752 17.5512
      endloop
   endfacet
   facet normal 0.7855 0.3094 0.5360
      outer loop
         vertex -1.5170 4.5690 17.5876
         vertex -0.2340 1.3752 17.5512
         vertex -0.2115 1.3516 17.5319
      endloop
   endfacet
   facet normal 0.8035 0.3165 0.5041
      outer loop
         vertex -1.5170 4.5690 17.5876
         vertex -0.2115 1.3516 17.5319
         vertex -1.4840 4.5820 17.5319
      endloop
   endfacet
   facet normal 0.8877 0.3497 0.2995
      outer loop
         vertex -0.1568 1.2743 17.4688
         vertex -1.4630 4.5903 17.4688
         vertex -1.4840 4.5820 17.5319
      endloop
   endfacet
   facet normal 0.8642 0.3404 0.3706
      outer loop
         vertex -0.1568 1.2743 17.4688
         vertex -1.4840 4.5820 17.5319
         vertex -0.2115 1.3516 17.5319
      endloop
   endfacet
   facet normal 1.0000 0.0000 0.0000
      outer loop
         vertex -1.4000 0.3000 14.1500
         vertex -1.4000 0.3818 10.1712
         vertex -1.4000 0.3818 13.5288
      endloop
   endfacet
   facet normal 1.0000 0.0000 0.0000
      outer loop
         vertex -1.4000 0.3818 13.5288
         vertex -1.4000 0.3818 10.1712
         vertex -1.4000 0.6215 10.7500
      endloop
   endfacet
   facet normal 1.0000 0.0000 0.0000
      outer loop
         vertex -1.4000 0.3818 13.5288
         vertex -1.4000 0.6215 10.7500
         vertex -1.4000 0.6215 12.9500
      endloop
   endfacet
   facet normal 1.0000 0.0000 0.0000
      outer loop
         vertex -1.4000 0.6215 12.9500
         vertex -1.4000 0.6215 10.7500
         vertex -1.4000 1.0029 11.2471
      endloop
   endfacet
   facet normal 1.0000 0.0000 0.0000
      outer loop
         vertex -1.4000 0.6215 12.9500
         vertex -1.4000 1.0029 11.2471
         vertex -1.4000 1.0029 12.4529
      endloop
   endfacet
   facet normal 1.0000 0.0000 0.0000
      outer loop
         vertex -1.4000 1.0029 12.4529
         vertex -1.4000 1.0029 11.2471
         vertex -1.4000 1.2197 11.4391
      endloop
   endfacet
   facet normal 1.0000 0.0000 0.0000
      outer loop
         vertex -1.4000 1.0029 12.4529
         vertex -1.4000 1.2197 11.4391
         vertex -1.4000 1.2197 12.2609
      endloop
   endfacet
   facet normal 1.0000 0.0000 0.0000
      outer loop
         vertex -1.4000 1.2197 12.2609
         vertex -1.4000 1.2197 11.4391
         vertex -1.4000 1.3194 11.5540
      endloop
   endfacet
   facet normal 1.0000 0.0000 0.0000
      outer loop
         vertex -1.4000 1.2197 12.2609
         vertex -1.4000 1.3194 11.5540
         vertex -1.4000 1.3194 12.1460
      endloop
   endfacet
   facet normal 1.0000 0.0000 0.0000
      outer loop
         vertex -1.4000 1.3194 12.1460
         vertex -1.4000 1.3194 11.5540
         vertex -1.4000 1.3730 11.7540
      endloop
   endfacet
   facet normal 1.0000 0.0000 0.0000
      outer loop
         vertex -1.4000 1.3194 12.1460
         vertex -1.4000 1.3730 11.7540
         vertex -1.4000 1.3730 11.9460
      endloop
   endfacet
   facet normal 1.0000 0.0000 0.0000
      outer loop
         vertex -1.4000 0.3818 10.1712
         vertex -1.4000 0.3000 14.1500
         vertex -1.4000 0.3000 9.5500
      endloop
   endfacet
   facet normal 1.0000 0.0000 0.0000
      outer loop
         vertex -1.4000 0.3000 17.7000
         vertex -1.4000 0.3000 15.5500
         vertex -1.4000 0.3818 16.1712
      endloop
   endfacet
   facet normal 1.0000 0.0000 0.0000
      outer loop
         vertex -1.4000 0.3000 17.7000
         vertex -1.4000 0.3818 16.1712
         vertex -1.4000 0.6215 16.7500
      endloop
   endfacet
   facet normal 1.0000 0.0000 0.0000
      outer loop
         vertex -1.4000 0.3000 17.7000
         vertex -1.4000 0.6215 16.7500
         vertex -1.4000 1.0029 17.2471
      endloop
   endfacet
   facet normal 1.0000 0.0000 0.0000
      outer loop
         vertex -1.4000 0.3000 17.7000
         vertex -1.4000 1.0029 17.2471
         vertex -1.4000 1.3752 17.5512
      endloop
   endfacet
   facet normal 1.0000 0.0000 0.0000
      outer loop
         vertex -1.4000 0.3000 17.7000
         vertex -1.4000 1.3752 17.5512
         vertex -1.4000 1.4000 17.5660
      endloop
   endfacet
   facet normal 1.0000 0.0000 0.0000
      outer loop
         vertex -1.4000 0.3000 17.7000
         vertex -1.4000 1.4000 17.5660
         vertex -1.4000 1.9000 17.7000
      endloop
   endfacet
   facet normal 0.0000 -0.7659 -0.6430
      outer loop
         vertex -0.9980 3.4314 15.9814
         vertex -2.0000 3.4314 15.9814
         vertex -2.0000 3.6856 15.6500
      endloop
   endfacet
   facet normal 0.0000 -0.8193 -0.5734
      outer loop
         vertex -0.9980 3.4314 15.9814
         vertex -2.0000 3.6856 15.6500
         vertex -1.0982 3.6856 15.6500
      endloop
   endfacet
   facet normal 0.0000 -0.9398 -0.3418
      outer loop
         vertex -2.0000 3.8455 15.2641
         vertex -1.1611 3.8455 15.2641
         vertex -1.0982 3.6856 15.6500
      endloop
   endfacet
   facet normal 0.0000 -0.9062 -0.4228
      outer loop
         vertex -2.0000 3.8455 15.2641
         vertex -1.0982 3.6856 15.6500
         vertex -2.0000 3.6856 15.6500
      endloop
   endfacet
   facet normal 0.0000 -0.9962 -0.0869
      outer loop
         vertex -2.0000 3.8455 15.2641
         vertex -2.0000 3.9000 14.8500
         vertex -1.1826 3.9000 14.8500
      endloop
   endfacet
   facet normal 0.0000 -0.9848 -0.1739
      outer loop
         vertex -2.0000 3.8455 15.2641
         vertex -1.1826 3.9000 14.8500
         vertex -1.1611 3.8455 15.2641
      endloop
   endfacet
   facet normal 0.0000 -0.6430 -0.7659
      outer loop
         vertex -2.0000 3.4314 15.9814
         vertex -0.9980 3.4314 15.9814
         vertex -0.8675 3.1000 16.2356
      endloop
   endfacet
   facet normal 0.0000 -0.5734 -0.8193
      outer loop
         vertex -2.0000 3.4314 15.9814
         vertex -0.8675 3.1000 16.2356
         vertex -2.0000 3.1000 16.2356
      endloop
   endfacet
   facet normal 0.0000 -0.9848 0.1739
      outer loop
         vertex -2.0000 3.8455 14.4359
         vertex -1.1611 3.8455 14.4359
         vertex -1.1826 3.9000 14.8500
      endloop
   endfacet
   facet normal 0.0000 -0.9962 0.0869
      outer loop
         vertex -2.0000 3.8455 14.4359
         vertex -1.1826 3.9000 14.8500
         vertex -2.0000 3.9000 14.8500
      endloop
   endfacet
   facet normal 0.0000 -0.9062 0.4228
      outer loop
         vertex -2.0000 3.6856 14.0500
         vertex -1.0982 3.6856 14.0500
         vertex -1.1611 3.8455 14.4359
      endloop
   endfacet
   facet normal 0.0000 -0.9398 0.3418
      outer loop
         vertex -2.0000 3.6856 14.0500
         vertex -1.1611 3.8455 14.4359
         vertex -2.0000 3.8455 14.4359
      endloop
   endfacet
   facet normal 0.0000 -0.8193 0.5734
      outer loop
         vertex -1.0982 3.6856 14.0500
         vertex -2.0000 3.6856 14.0500
         vertex -2.0000 3.4314 13.7186
      endloop
   endfacet
   facet normal 0.0000 -0.7659 0.6430
      outer loop
         vertex -1.0982 3.6856 14.0500
         vertex -2.0000 3.4314 13.7186
         vertex -0.9980 3.4314 13.7186
      endloop
   endfacet
   facet normal 0.0000 -0.5734 0.8193
      outer loop
         vertex -2.0000 3.1000 13.4644
         vertex -0.8675 3.1000 13.4644
         vertex -0.9980 3.4314 13.7186
      endloop
   endfacet
   facet normal 0.0000 -0.6430 0.7659
      outer loop
         vertex -2.0000 3.1000 13.4644
         vertex -0.9980 3.4314 13.7186
         vertex -2.0000 3.4314 13.7186
      endloop
   endfacet
   facet normal 0.0000 -0.3418 0.9398
      outer loop
         vertex -2.0000 2.7141 13.3045
         vertex -0.7155 2.7141 13.3045
         vertex -0.8675 3.1000 13.4644
      endloop
   endfacet
   facet normal 0.0000 -0.4228 0.9062
      outer loop
         vertex -2.0000 2.7141 13.3045
         vertex -0.8675 3.1000 13.4644
         vertex -2.0000 3.1000 13.4644
      endloop
   endfacet
   facet normal 0.0000 -0.3418 -0.9398
      outer loop
         vertex -0.7155 2.7141 16.3955
         vertex -2.0000 2.7141 16.3955
         vertex -2.0000 3.1000 16.2356
      endloop
   endfacet
   facet normal 0.0000 -0.4228 -0.9062
      outer loop
         vertex -0.7155 2.7141 16.3955
         vertex -2.0000 3.1000 16.2356
         vertex -0.8675 3.1000 16.2356
      endloop
   endfacet
   facet normal 0.0000 -0.0869 0.9962
      outer loop
         vertex -2.0000 2.3000 13.2500
         vertex -0.5524 2.3000 13.2500
         vertex -0.7155 2.7141 13.3045
      endloop
   endfacet
   facet normal 0.0000 -0.1739 0.9848
      outer loop
         vertex -2.0000 2.3000 13.2500
         vertex -0.7155 2.7141 13.3045
         vertex -2.0000 2.7141 13.3045
      endloop
   endfacet
   facet normal 0.0000 0.0869 0.9962
      outer loop
         vertex -0.5524 2.3000 13.2500
         vertex -2.0000 2.3000 13.2500
         vertex -2.0000 1.8859 13.3045
      endloop
   endfacet
   facet normal 0.0000 0.1739 0.9848
      outer loop
         vertex -0.5524 2.3000 13.2500
         vertex -2.0000 1.8859 13.3045
         vertex -0.3892 1.8859 13.3045
      endloop
   endfacet
   facet normal 0.0000 0.6430 0.7659
      outer loop
         vertex -2.0000 1.1686 13.7186
         vertex -0.1067 1.1686 13.7186
         vertex -0.2372 1.5000 13.4644
      endloop
   endfacet
   facet normal 0.0000 0.5734 0.8193
      outer loop
         vertex -2.0000 1.1686 13.7186
         vertex -0.2372 1.5000 13.4644
         vertex -2.0000 1.5000 13.4644
      endloop
   endfacet
   facet normal 0.0000 0.3418 0.9398
      outer loop
         vertex -0.2372 1.5000 13.4644
         vertex -0.3892 1.8859 13.3045
         vertex -2.0000 1.8859 13.3045
      endloop
   endfacet
   facet normal 0.0000 0.4228 0.9062
      outer loop
         vertex -0.2372 1.5000 13.4644
         vertex -2.0000 1.8859 13.3045
         vertex -2.0000 1.5000 13.4644
      endloop
   endfacet
   facet normal 0.0000 0.6430 -0.7659
      outer loop
         vertex -0.1067 1.1686 15.9814
         vertex -2.0000 1.1686 15.9814
         vertex -2.0000 1.5000 16.2356
      endloop
   endfacet
   facet normal 0.0000 0.5734 -0.8193
      outer loop
         vertex -0.1067 1.1686 15.9814
         vertex -2.0000 1.5000 16.2356
         vertex -0.2372 1.5000 16.2356
      endloop
   endfacet
   facet normal 0.0000 -0.0869 -0.9962
      outer loop
         vertex -0.5524 2.3000 16.4500
         vertex -2.0000 2.3000 16.4500
         vertex -2.0000 2.7141 16.3955
      endloop
   endfacet
   facet normal 0.0000 -0.1739 -0.9848
      outer loop
         vertex -0.5524 2.3000 16.4500
         vertex -2.0000 2.7141 16.3955
         vertex -0.7155 2.7141 16.3955
      endloop
   endfacet
   facet normal 0.0000 0.4228 -0.9062
      outer loop
         vertex -0.2372 1.5000 16.2356
         vertex -2.0000 1.5000 16.2356
         vertex -2.0000 1.8859 16.3955
      endloop
   endfacet
   facet normal 0.0000 0.3418 -0.9398
      outer loop
         vertex -0.2372 1.5000 16.2356
         vertex -2.0000 1.8859 16.3955
         vertex -0.3892 1.8859 16.3955
      endloop
   endfacet
   facet normal 0.0000 0.0869 -0.9962
      outer loop
         vertex -2.0000 2.3000 16.4500
         vertex -0.5524 2.3000 16.4500
         vertex -0.3892 1.8859 16.3955
      endloop
   endfacet
   facet normal 0.0000 0.1739 -0.9848
      outer loop
         vertex -2.0000 2.3000 16.4500
         vertex -0.3892 1.8859 16.3955
         vertex -2.0000 1.8859 16.3955
      endloop
   endfacet
   facet normal 0.0000 -0.7659 -0.6430
      outer loop
         vertex -0.9980 3.4314 9.9814
         vertex -2.0000 3.4314 9.9814
         vertex -2.0000 3.6856 9.6500
      endloop
   endfacet
   facet normal 0.0000 -0.8193 -0.5734
      outer loop
         vertex -0.9980 3.4314 9.9814
         vertex -2.0000 3.6856 9.6500
         vertex -1.0982 3.6856 9.6500
      endloop
   endfacet
   facet normal 0.0000 -0.9398 -0.3418
      outer loop
         vertex -2.0000 3.8455 9.2641
         vertex -1.1611 3.8455 9.2641
         vertex -1.0982 3.6856 9.6500
      endloop
   endfacet
   facet normal 0.0000 -0.9062 -0.4228
      outer loop
         vertex -2.0000 3.8455 9.2641
         vertex -1.0982 3.6856 9.6500
         vertex -2.0000 3.6856 9.6500
      endloop
   endfacet
   facet normal 0.0000 -0.9962 -0.0869
      outer loop
         vertex -2.0000 3.8455 9.2641
         vertex -2.0000 3.9000 8.8500
         vertex -1.1826 3.9000 8.8500
      endloop
   endfacet
   facet normal 0.0000 -0.9848 -0.1739
      outer loop
         vertex -2.0000 3.8455 9.2641
         vertex -1.1826 3.9000 8.8500
         vertex -1.1611 3.8455 9.2641
      endloop
   endfacet
   facet normal 0.0000 -0.6430 -0.7659
      outer loop
         vertex -2.0000 3.4314 9.9814
         vertex -0.9980 3.4314 9.9814
         vertex -0.8675 3.1000 10.2356
      endloop
   endfacet
   facet normal 0.0000 -0.5734 -0.8193
      outer loop
         vertex -2.0000 3.4314 9.9814
         vertex -0.8675 3.1000 10.2356
         vertex -2.0000 3.1000 10.2356
      endloop
   endfacet
   facet normal 0.0000 -0.3418 -0.9398
      outer loop
         vertex -0.7155 2.7141 10.3955
         vertex -2.0000 2.7141 10.3955
         vertex -2.0000 3.1000 10.2356
      endloop
   endfacet
   facet normal 0.0000 -0.4228 -0.9062
      outer loop
         vertex -0.7155 2.7141 10.3955
         vertex -2.0000 3.1000 10.2356
         vertex -0.8675 3.1000 10.2356
      endloop
   endfacet
   facet normal 0.0000 0.6430 -0.7659
      outer loop
         vertex -0.1067 1.1686 9.9814
         vertex -2.0000 1.1686 9.9814
         vertex -2.0000 1.5000 10.2356
      endloop
   endfacet
   facet normal 0.0000 0.5734 -0.8193
      outer loop
         vertex -0.1067 1.1686 9.9814
         vertex -2.0000 1.5000 10.2356
         vertex -0.2372 1.5000 10.2356
      endloop
   endfacet
   facet normal 0.0000 -0.0869 -0.9962
      outer loop
         vertex -0.5524 2.3000 10.4500
         vertex -2.0000 2.3000 10.4500
         vertex -2.0000 2.7141 10.3955
      endloop
   endfacet
   facet normal 0.0000 -0.1739 -0.9848
      outer loop
         vertex -0.5524 2.3000 10.4500
         vertex -2.0000 2.7141 10.3955
         vertex -0.7155 2.7141 10.3955
      endloop
   endfacet
   facet normal 0.0000 0.4228 -0.9062
      outer loop
         vertex -0.2372 1.5000 10.2356
         vertex -2.0000 1.5000 10.2356
         vertex -2.0000 1.8859 10.3955
      endloop
   endfacet
   facet normal 0.0000 0.3418 -0.9398
      outer loop
         vertex -0.2372 1.5000 10.2356
         vertex -2.0000 1.8859 10.3955
         vertex -0.3892 1.8859 10.3955
      endloop
   endfacet
   facet normal 0.0000 0.0869 -0.9962
      outer loop
         vertex -2.0000 2.3000 10.4500
         vertex -0.5524 2.3000 10.4500
         vertex -0.3892 1.8859 10.3955
      endloop
   endfacet
   facet normal 0.0000 0.1739 -0.9848
      outer loop
         vertex -2.0000 2.3000 10.4500
         vertex -0.3892 1.8859 10.3955
         vertex -2.0000 1.8859 10.3955
      endloop
   endfacet
   facet normal 0.0000 -0.9165 0.4001
      outer loop
         vertex -1.4000 1.3730 11.7540
         vertex -1.4000 1.3194 11.5540
         vertex -0.1661 1.3194 11.5540
      endloop
   endfacet
   facet normal 0.0000 -0.9441 0.3296
      outer loop
         vertex -1.4000 1.3730 11.7540
         vertex -0.1661 1.3194 11.5540
         vertex -0.1872 1.3730 11.7540
      endloop
   endfacet
   facet normal 0.0000 -0.8446 -0.5354
      outer loop
         vertex -1.4000 1.2197 12.2609
         vertex -1.4000 1.3194 12.1460
         vertex -0.1661 1.3194 12.1460
      endloop
   endfacet
   facet normal 0.0000 -0.8016 -0.5978
      outer loop
         vertex -1.4000 1.2197 12.2609
         vertex -0.1661 1.3194 12.1460
         vertex -0.1268 1.2197 12.2609
      endloop
   endfacet
   facet normal 0.0000 -0.9062 0.4228
      outer loop
         vertex 0.0000 0.6215 16.7500
         vertex -1.4000 0.6215 16.7500
         vertex -1.4000 0.3818 16.1712
      endloop
   endfacet
   facet normal 0.0000 -0.9398 0.3418
      outer loop
         vertex 0.0000 0.6215 16.7500
         vertex -1.4000 0.3818 16.1712
         vertex 0.0000 0.3818 16.1712
      endloop
   endfacet
   facet normal 0.0000 -0.3463 0.9381
      outer loop
         vertex -1.4000 1.9000 17.7000
         vertex -1.4000 1.4000 17.5660
         vertex -0.2539 1.4000 17.5660
      endloop
   endfacet
   facet normal 0.0000 -0.3027 0.9531
      outer loop
         vertex -1.4000 1.9000 17.7000
         vertex -0.2539 1.4000 17.5660
         vertex -0.3004 1.4806 17.5876
      endloop
   endfacet
   facet normal 0.0000 -0.2588 0.9659
      outer loop
         vertex -1.4000 1.9000 17.7000
         vertex -0.3004 1.4806 17.5876
         vertex -0.4187 1.6540 17.6341
      endloop
   endfacet
   facet normal 0.0000 -0.2588 0.9659
      outer loop
         vertex -1.4000 1.9000 17.7000
         vertex -0.4187 1.6540 17.6341
         vertex -0.5306 1.7862 17.6695
      endloop
   endfacet
   facet normal 0.0000 -0.2588 0.9659
      outer loop
         vertex -1.4000 1.9000 17.7000
         vertex -0.5306 1.7862 17.6695
         vertex -0.6316 1.8704 17.6921
      endloop
   endfacet
   facet normal 0.0000 -0.2588 0.9659
      outer loop
         vertex -1.4000 1.9000 17.7000
         vertex -0.6316 1.8704 17.6921
         vertex -0.7172 1.9000 17.7000
      endloop
   endfacet
   facet normal 0.0000 -0.4727 0.8812
      outer loop
         vertex -1.4000 1.4000 17.5660
         vertex -1.4000 1.3752 17.5512
         vertex -0.2340 1.3752 17.5512
      endloop
   endfacet
   facet normal 0.0000 -0.4316 0.9021
      outer loop
         vertex -1.4000 1.4000 17.5660
         vertex -0.2340 1.3752 17.5512
         vertex -0.2539 1.4000 17.5660
      endloop
   endfacet
   facet normal 0.0000 -0.9062 -0.4228
      outer loop
         vertex -1.4000 0.3818 13.5288
         vertex -1.4000 0.6215 12.9500
         vertex 0.0000 0.6215 12.9500
      endloop
   endfacet
   facet normal 0.0000 -0.9398 -0.3418
      outer loop
         vertex -1.4000 0.3818 13.5288
         vertex 0.0000 0.6215 12.9500
         vertex 0.0000 0.3818 13.5288
      endloop
   endfacet
   facet normal 0.0000 -0.6904 0.7235
      outer loop
         vertex -1.4000 1.0029 17.2471
         vertex -0.0489 1.0029 17.2471
         vertex -0.0696 1.0744 17.3055
      endloop
   endfacet
   facet normal 0.0000 -0.6620 0.7495
      outer loop
         vertex -1.4000 1.0029 17.2471
         vertex -0.0696 1.0744 17.3055
         vertex -0.1152 1.1901 17.4000
      endloop
   endfacet
   facet normal 0.0000 -0.6620 0.7495
      outer loop
         vertex -1.4000 1.0029 17.2471
         vertex -0.1152 1.1901 17.4000
         vertex -0.1568 1.2743 17.4688
      endloop
   endfacet
   facet normal 0.0000 -0.6620 0.7495
      outer loop
         vertex -1.4000 1.0029 17.2471
         vertex -0.1568 1.2743 17.4688
         vertex -0.2115 1.3516 17.5319
      endloop
   endfacet
   facet normal 0.0000 -0.6620 0.7495
      outer loop
         vertex -1.4000 1.0029 17.2471
         vertex -0.2115 1.3516 17.5319
         vertex -0.2340 1.3752 17.5512
      endloop
   endfacet
   facet normal 0.0000 -0.6620 0.7495
      outer loop
         vertex -1.4000 1.0029 17.2471
         vertex -0.2340 1.3752 17.5512
         vertex -1.4000 1.3752 17.5512
      endloop
   endfacet
   facet normal 0.0000 -0.8433 0.5375
      outer loop
         vertex -1.4000 0.6215 16.7500
         vertex 0.0000 0.6215 16.7500
         vertex -0.0000 0.7079 16.8626
      endloop
   endfacet
   facet normal 0.0000 -0.8190 0.5738
      outer loop
         vertex -1.4000 0.6215 16.7500
         vertex -0.0000 0.7079 16.8626
         vertex -0.0175 0.8944 17.1057
      endloop
   endfacet
   facet normal 0.0000 -0.7964 0.6048
      outer loop
         vertex -1.4000 0.6215 16.7500
         vertex -0.0175 0.8944 17.1057
         vertex -0.0489 1.0029 17.2471
      endloop
   endfacet
   facet normal 0.0000 -0.7724 0.6352
      outer loop
         vertex -1.4000 0.6215 16.7500
         vertex -0.0489 1.0029 17.2471
         vertex -1.4000 1.0029 17.2471
      endloop
   endfacet
   facet normal 0.0000 -0.7094 0.7048
      outer loop
         vertex -1.4000 1.0029 11.2471
         vertex -0.0489 1.0029 11.2471
         vertex -0.0696 1.0744 11.3104
      endloop
   endfacet
   facet normal 0.0000 -0.6866 0.7270
      outer loop
         vertex -1.4000 1.0029 11.2471
         vertex -0.0696 1.0744 11.3104
         vertex -0.1268 1.2197 11.4391
      endloop
   endfacet
   facet normal 0.0000 -0.6866 0.7270
      outer loop
         vertex -1.4000 1.0029 11.2471
         vertex -0.1268 1.2197 11.4391
         vertex -1.4000 1.2197 11.4391
      endloop
   endfacet
   facet normal 0.0000 -0.8433 0.5375
      outer loop
         vertex -1.4000 0.6215 10.7500
         vertex 0.0000 0.6215 10.7500
         vertex 0.0000 0.7079 10.8626
      endloop
   endfacet
   facet normal 0.0000 -0.8190 0.5738
      outer loop
         vertex -1.4000 0.6215 10.7500
         vertex 0.0000 0.7079 10.8626
         vertex -0.0175 0.8944 11.1057
      endloop
   endfacet
   facet normal 0.0000 -0.8003 0.5996
      outer loop
         vertex -1.4000 0.6215 10.7500
         vertex -0.0175 0.8944 11.1057
         vertex -0.0489 1.0029 11.2471
      endloop
   endfacet
   facet normal 0.0000 -0.7807 0.6249
      outer loop
         vertex -1.4000 0.6215 10.7500
         vertex -0.0489 1.0029 11.2471
         vertex -1.4000 1.0029 11.2471
      endloop
   endfacet
   facet normal 0.0000 -0.9062 0.4228
      outer loop
         vertex 0.0000 0.6215 10.7500
         vertex -1.4000 0.6215 10.7500
         vertex -1.4000 0.3818 10.1712
      endloop
   endfacet
   facet normal 0.0000 -0.9398 0.3418
      outer loop
         vertex 0.0000 0.6215 10.7500
         vertex -1.4000 0.3818 10.1712
         vertex 0.0000 0.3818 10.1712
      endloop
   endfacet
   facet normal 0.0000 -0.7530 -0.6580
      outer loop
         vertex -1.4000 1.0029 12.4529
         vertex -0.0489 1.0029 12.4529
         vertex -0.0175 0.8944 12.5943
      endloop
   endfacet
   facet normal 0.0000 -0.7736 -0.6337
      outer loop
         vertex -1.4000 1.0029 12.4529
         vertex -0.0175 0.8944 12.5943
         vertex 0.0000 0.7079 12.8374
      endloop
   endfacet
   facet normal 0.0000 -0.8003 -0.5996
      outer loop
         vertex -1.4000 1.0029 12.4529
         vertex 0.0000 0.7079 12.8374
         vertex 0.0000 0.6215 12.9500
      endloop
   endfacet
   facet normal 0.0000 -0.8258 -0.5640
      outer loop
         vertex -1.4000 1.0029 12.4529
         vertex 0.0000 0.6215 12.9500
         vertex -1.4000 0.6215 12.9500
      endloop
   endfacet
   facet normal 0.0000 -0.7094 -0.7048
      outer loop
         vertex -0.0489 1.0029 12.4529
         vertex -1.4000 1.0029 12.4529
         vertex -1.4000 1.2197 12.2609
      endloop
   endfacet
   facet normal 0.0000 -0.6866 -0.7270
      outer loop
         vertex -0.0489 1.0029 12.4529
         vertex -1.4000 1.2197 12.2609
         vertex -0.1268 1.2197 12.2609
      endloop
   endfacet
   facet normal 0.0000 -0.6866 -0.7270
      outer loop
         vertex -0.0489 1.0029 12.4529
         vertex -0.1268 1.2197 12.2609
         vertex -0.0696 1.0744 12.3896
      endloop
   endfacet
   facet normal 0.0000 -0.9165 -0.4001
      outer loop
         vertex -0.1872 1.3730 11.9460
         vertex -0.1661 1.3194 12.1460
         vertex -1.4000 1.3194 12.1460
      endloop
   endfacet
   facet normal 0.0000 -0.9441 -0.3296
      outer loop
         vertex -0.1872 1.3730 11.9460
         vertex -1.4000 1.3194 12.1460
         vertex -1.4000 1.3730 11.9460
      endloop
   endfacet
   facet normal 0.0000 -1.0000 0.0000
      outer loop
         vertex -1.4000 1.3730 11.9460
         vertex -1.4000 1.3730 11.7540
         vertex -0.1872 1.3730 11.7540
      endloop
   endfacet
   facet normal 0.0000 -1.0000 0.0000
      outer loop
         vertex -1.4000 1.3730 11.9460
         vertex -0.1872 1.3730 11.7540
         vertex -0.1872 1.3730 11.9460
      endloop
   endfacet
   facet normal 0.0000 -0.8016 0.5978
      outer loop
         vertex -1.4000 1.3194 11.5540
         vertex -1.4000 1.2197 11.4391
         vertex -0.1268 1.2197 11.4391
      endloop
   endfacet
   facet normal 0.0000 -0.8446 0.5354
      outer loop
         vertex -1.4000 1.3194 11.5540
         vertex -0.1268 1.2197 11.4391
         vertex -0.1661 1.3194 11.5540
      endloop
   endfacet
   facet normal 0.0000 -0.8221 -0.5693
      outer loop
         vertex 0.0000 0.6215 0.9500
         vertex -1.4000 0.6215 0.9500
         vertex -1.4000 1.0029 0.4529
      endloop
   endfacet
   facet normal 0.0000 -0.7724 -0.6352
      outer loop
         vertex 0.0000 0.6215 0.9500
         vertex -1.4000 1.0029 0.4529
         vertex -0.0489 1.0029 0.4529
      endloop
   endfacet
   facet normal 0.0000 -0.7964 -0.6048
      outer loop
         vertex 0.0000 0.6215 0.9500
         vertex -0.0489 1.0029 0.4529
         vertex -0.0175 0.8944 0.5943
      endloop
   endfacet
   facet normal 0.0000 -0.8190 -0.5738
      outer loop
         vertex 0.0000 0.6215 0.9500
         vertex -0.0175 0.8944 0.5943
         vertex -0.0000 0.7079 0.8374
      endloop
   endfacet
   facet normal 0.0000 -0.8258 -0.5640
      outer loop
         vertex 0.0000 0.6215 6.9500
         vertex -1.4000 0.6215 6.9500
         vertex -1.4000 1.0029 6.4529
      endloop
   endfacet
   facet normal 0.0000 -0.7807 -0.6249
      outer loop
         vertex 0.0000 0.6215 6.9500
         vertex -1.4000 1.0029 6.4529
         vertex -0.0489 1.0029 6.4529
      endloop
   endfacet
   facet normal 0.0000 -0.8003 -0.5996
      outer loop
         vertex 0.0000 0.6215 6.9500
         vertex -0.0489 1.0029 6.4529
         vertex -0.0175 0.8944 6.5943
      endloop
   endfacet
   facet normal 0.0000 -0.8190 -0.5738
      outer loop
         vertex 0.0000 0.6215 6.9500
         vertex -0.0175 0.8944 6.5943
         vertex -0.0000 0.7079 6.8374
      endloop
   endfacet
   facet normal 0.0000 -0.7807 0.6249
      outer loop
         vertex -0.0489 1.0029 5.2471
         vertex -1.4000 1.0029 5.2471
         vertex -1.4000 0.6215 4.7500
      endloop
   endfacet
   facet normal 0.0000 -0.8258 0.5640
      outer loop
         vertex -0.0489 1.0029 5.2471
         vertex -1.4000 0.6215 4.7500
         vertex 0.0000 0.6215 4.7500
      endloop
   endfacet
   facet normal 0.0000 -0.8003 0.5996
      outer loop
         vertex -0.0489 1.0029 5.2471
         vertex 0.0000 0.6215 4.7500
         vertex -0.0000 0.7079 4.8626
      endloop
   endfacet
   facet normal 0.0000 -0.7736 0.6337
      outer loop
         vertex -0.0489 1.0029 5.2471
         vertex -0.0000 0.7079 4.8626
         vertex -0.0175 0.8944 5.1057
      endloop
   endfacet
   facet normal 0.0000 -0.6904 -0.7235
      outer loop
         vertex -0.0489 1.0029 0.4529
         vertex -1.4000 1.0029 0.4529
         vertex -1.4000 1.3752 0.1488
      endloop
   endfacet
   facet normal 0.0000 -0.6620 -0.7495
      outer loop
         vertex -0.0489 1.0029 0.4529
         vertex -1.4000 1.3752 0.1488
         vertex -0.2340 1.3752 0.1488
      endloop
   endfacet
   facet normal 0.0000 -0.6620 -0.7495
      outer loop
         vertex -0.0489 1.0029 0.4529
         vertex -0.2340 1.3752 0.1488
         vertex -0.2115 1.3516 0.1681
      endloop
   endfacet
   facet normal 0.0000 -0.6620 -0.7495
      outer loop
         vertex -0.0489 1.0029 0.4529
         vertex -0.2115 1.3516 0.1681
         vertex -0.1568 1.2743 0.2312
      endloop
   endfacet
   facet normal 0.0000 -0.6620 -0.7495
      outer loop
         vertex -0.0489 1.0029 0.4529
         vertex -0.1568 1.2743 0.2312
         vertex -0.1152 1.1901 0.3000
      endloop
   endfacet
   facet normal 0.0000 -0.6620 -0.7495
      outer loop
         vertex -0.0489 1.0029 0.4529
         vertex -0.1152 1.1901 0.3000
         vertex -0.0696 1.0744 0.3945
      endloop
   endfacet
   facet normal 0.0000 -0.7094 -0.7048
      outer loop
         vertex -0.0489 1.0029 6.4529
         vertex -1.4000 1.0029 6.4529
         vertex -1.4000 1.2197 6.2609
      endloop
   endfacet
   facet normal 0.0000 -0.6866 -0.7270
      outer loop
         vertex -0.0489 1.0029 6.4529
         vertex -1.4000 1.2197 6.2609
         vertex -0.1268 1.2197 6.2609
      endloop
   endfacet
   facet normal 0.0000 -0.6866 -0.7270
      outer loop
         vertex -0.0489 1.0029 6.4529
         vertex -0.1268 1.2197 6.2609
         vertex -0.0696 1.0744 6.3896
      endloop
   endfacet
   facet normal 0.0000 -0.7094 0.7048
      outer loop
         vertex -1.4000 1.0029 5.2471
         vertex -0.0489 1.0029 5.2471
         vertex -0.0696 1.0744 5.3104
      endloop
   endfacet
   facet normal 0.0000 -0.6866 0.7270
      outer loop
         vertex -1.4000 1.0029 5.2471
         vertex -0.0696 1.0744 5.3104
         vertex -0.1268 1.2197 5.4391
      endloop
   endfacet
   facet normal 0.0000 -0.6866 0.7270
      outer loop
         vertex -1.4000 1.0029 5.2471
         vertex -0.1268 1.2197 5.4391
         vertex -1.4000 1.2197 5.4391
      endloop
   endfacet
   facet normal 0.1764 0.0695 -0.9819
      outer loop
         vertex -1.6708 4.5085 0.0079
         vertex -0.6316 1.8704 0.0079
         vertex -0.7172 1.9000 0.0000
      endloop
   endfacet
   facet normal 0.1414 0.0557 -0.9884
      outer loop
         vertex -1.6708 4.5085 0.0079
         vertex -0.7172 1.9000 0.0000
         vertex -1.7348 4.4833 0.0000
      endloop
   endfacet
   facet normal 0.9196 0.3622 -0.1520
      outer loop
         vertex -1.4557 4.5932 0.3000
         vertex -0.1152 1.1901 0.3000
         vertex -0.1568 1.2743 0.2312
      endloop
   endfacet
   facet normal 0.9135 0.3599 -0.1896
      outer loop
         vertex -1.4557 4.5932 0.3000
         vertex -0.1568 1.2743 0.2312
         vertex -1.4630 4.5903 0.2312
      endloop
   endfacet
   facet normal 0.2786 0.1097 -0.9541
      outer loop
         vertex -0.6316 1.8704 0.0079
         vertex -1.6708 4.5085 0.0079
         vertex -1.6120 4.5316 0.0305
      endloop
   endfacet
   facet normal 0.3448 0.1358 -0.9288
      outer loop
         vertex -0.6316 1.8704 0.0079
         vertex -1.6120 4.5316 0.0305
         vertex -0.5306 1.7862 0.0305
      endloop
   endfacet
   facet normal 0.5271 0.2076 -0.8240
      outer loop
         vertex -1.5602 4.5520 0.0659
         vertex -0.4187 1.6540 0.0659
         vertex -0.5306 1.7862 0.0305
      endloop
   endfacet
   facet normal 0.4690 0.1848 -0.8636
      outer loop
         vertex -1.5602 4.5520 0.0659
         vertex -0.5306 1.7862 0.0305
         vertex -1.6120 4.5316 0.0305
      endloop
   endfacet
   facet normal 0.6334 0.2495 -0.7325
      outer loop
         vertex -0.4187 1.6540 0.0659
         vertex -1.5602 4.5520 0.0659
         vertex -1.5170 4.5690 0.1124
      endloop
   endfacet
   facet normal 0.6816 0.2685 -0.6807
      outer loop
         vertex -0.4187 1.6540 0.0659
         vertex -1.5170 4.5690 0.1124
         vertex -0.3004 1.4806 0.1124
      endloop
   endfacet
   facet normal 0.8200 0.3230 -0.4725
      outer loop
         vertex -1.4840 4.5820 0.1681
         vertex -0.2115 1.3516 0.1681
         vertex -0.2340 1.3752 0.1488
      endloop
   endfacet
   facet normal 0.8031 0.3163 -0.5049
      outer loop
         vertex -1.4840 4.5820 0.1681
         vertex -0.2340 1.3752 0.1488
         vertex -0.2539 1.4000 0.1340
      endloop
   endfacet
   facet normal 0.7855 0.3094 -0.5360
      outer loop
         vertex -1.4840 4.5820 0.1681
         vertex -0.2539 1.4000 0.1340
         vertex -0.3004 1.4806 0.1124
      endloop
   endfacet
   facet normal 0.7667 0.3020 -0.5665
      outer loop
         vertex -1.4840 4.5820 0.1681
         vertex -0.3004 1.4806 0.1124
         vertex -1.5170 4.5690 0.1124
      endloop
   endfacet
   facet normal 0.8642 0.3404 -0.3706
      outer loop
         vertex -0.2115 1.3516 0.1681
         vertex -1.4840 4.5820 0.1681
         vertex -1.4630 4.5903 0.2312
      endloop
   endfacet
   facet normal 0.8877 0.3497 -0.2995
      outer loop
         vertex -0.2115 1.3516 0.1681
         vertex -1.4630 4.5903 0.2312
         vertex -0.1568 1.2743 0.2312
      endloop
   endfacet
   facet normal 0.0000 -0.7659 -0.6430
      outer loop
         vertex -1.0982 3.6856 3.6500
         vertex -0.9980 3.4314 3.9814
         vertex -2.0000 3.4314 3.9814
      endloop
   endfacet
   facet normal 0.0000 -0.8193 -0.5734
      outer loop
         vertex -1.0982 3.6856 3.6500
         vertex -2.0000 3.4314 3.9814
         vertex -2.0000 3.6856 3.6500
      endloop
   endfacet
   facet normal 0.0000 -0.9848 0.1739
      outer loop
         vertex -2.0000 3.8455 8.4359
         vertex -1.1611 3.8455 8.4359
         vertex -1.1826 3.9000 8.8500
      endloop
   endfacet
   facet normal 0.0000 -0.9962 0.0869
      outer loop
         vertex -2.0000 3.8455 8.4359
         vertex -1.1826 3.9000 8.8500
         vertex -2.0000 3.9000 8.8500
      endloop
   endfacet
   facet normal 0.0000 -0.9062 0.4228
      outer loop
         vertex -2.0000 3.6856 8.0500
         vertex -1.0982 3.6856 8.0500
         vertex -1.1611 3.8455 8.4359
      endloop
   endfacet
   facet normal 0.0000 -0.9398 0.3418
      outer loop
         vertex -2.0000 3.6856 8.0500
         vertex -1.1611 3.8455 8.4359
         vertex -2.0000 3.8455 8.4359
      endloop
   endfacet
   facet normal 0.0000 -0.9398 -0.3418
      outer loop
         vertex -2.0000 3.8455 3.2641
         vertex -1.1611 3.8455 3.2641
         vertex -1.0982 3.6856 3.6500
      endloop
   endfacet
   facet normal 0.0000 -0.9062 -0.4228
      outer loop
         vertex -2.0000 3.8455 3.2641
         vertex -1.0982 3.6856 3.6500
         vertex -2.0000 3.6856 3.6500
      endloop
   endfacet
   facet normal 0.0000 -0.9962 -0.0869
      outer loop
         vertex -2.0000 3.8455 3.2641
         vertex -2.0000 3.9000 2.8500
         vertex -1.1826 3.9000 2.8500
      endloop
   endfacet
   facet normal 0.0000 -0.9848 -0.1739
      outer loop
         vertex -2.0000 3.8455 3.2641
         vertex -1.1826 3.9000 2.8500
         vertex -1.1611 3.8455 3.2641
      endloop
   endfacet
   facet normal 0.0000 -0.5734 -0.8193
      outer loop
         vertex -0.8675 3.1000 4.2356
         vertex -2.0000 3.1000 4.2356
         vertex -2.0000 3.4314 3.9814
      endloop
   endfacet
   facet normal 0.0000 -0.6430 -0.7659
      outer loop
         vertex -0.8675 3.1000 4.2356
         vertex -2.0000 3.4314 3.9814
         vertex -0.9980 3.4314 3.9814
      endloop
   endfacet
   facet normal 0.0000 -0.9848 0.1739
      outer loop
         vertex -2.0000 3.8455 2.4359
         vertex -1.1611 3.8455 2.4359
         vertex -1.1826 3.9000 2.8500
      endloop
   endfacet
   facet normal 0.0000 -0.9962 0.0869
      outer loop
         vertex -2.0000 3.8455 2.4359
         vertex -1.1826 3.9000 2.8500
         vertex -2.0000 3.9000 2.8500
      endloop
   endfacet
   facet normal 0.0000 -0.9062 0.4228
      outer loop
         vertex -2.0000 3.6856 2.0500
         vertex -1.0982 3.6856 2.0500
         vertex -1.1611 3.8455 2.4359
      endloop
   endfacet
   facet normal 0.0000 -0.9398 0.3418
      outer loop
         vertex -2.0000 3.6856 2.0500
         vertex -1.1611 3.8455 2.4359
         vertex -2.0000 3.8455 2.4359
      endloop
   endfacet
   facet normal 0.0000 -0.8193 0.5734
      outer loop
         vertex -1.0982 3.6856 2.0500
         vertex -2.0000 3.6856 2.0500
         vertex -2.0000 3.4314 1.7186
      endloop
   endfacet
   facet normal 0.0000 -0.7659 0.6430
      outer loop
         vertex -1.0982 3.6856 2.0500
         vertex -2.0000 3.4314 1.7186
         vertex -0.9980 3.4314 1.7186
      endloop
   endfacet
   facet normal 0.0000 -0.5734 0.8193
      outer loop
         vertex -2.0000 3.1000 1.4644
         vertex -0.8675 3.1000 1.4644
         vertex -0.9980 3.4314 1.7186
      endloop
   endfacet
   facet normal 0.0000 -0.6430 0.7659
      outer loop
         vertex -2.0000 3.1000 1.4644
         vertex -0.9980 3.4314 1.7186
         vertex -2.0000 3.4314 1.7186
      endloop
   endfacet
   facet normal 0.0000 -0.3418 0.9398
      outer loop
         vertex -2.0000 2.7141 1.3045
         vertex -0.7155 2.7141 1.3045
         vertex -0.8675 3.1000 1.4644
      endloop
   endfacet
   facet normal 0.0000 -0.4228 0.9062
      outer loop
         vertex -2.0000 2.7141 1.3045
         vertex -0.8675 3.1000 1.4644
         vertex -2.0000 3.1000 1.4644
      endloop
   endfacet
   facet normal 0.0000 -0.3418 -0.9398
      outer loop
         vertex -0.7155 2.7141 4.3955
         vertex -2.0000 2.7141 4.3955
         vertex -2.0000 3.1000 4.2356
      endloop
   endfacet
   facet normal 0.0000 -0.4228 -0.9062
      outer loop
         vertex -0.7155 2.7141 4.3955
         vertex -2.0000 3.1000 4.2356
         vertex -0.8675 3.1000 4.2356
      endloop
   endfacet
   facet normal 0.0000 -0.0869 0.9962
      outer loop
         vertex -2.0000 2.3000 1.2500
         vertex -0.5524 2.3000 1.2500
         vertex -0.7155 2.7141 1.3045
      endloop
   endfacet
   facet normal 0.0000 -0.1739 0.9848
      outer loop
         vertex -2.0000 2.3000 1.2500
         vertex -0.7155 2.7141 1.3045
         vertex -2.0000 2.7141 1.3045
      endloop
   endfacet
   facet normal 0.0000 0.0869 0.9962
      outer loop
         vertex -0.5524 2.3000 1.2500
         vertex -2.0000 2.3000 1.2500
         vertex -2.0000 1.8859 1.3045
      endloop
   endfacet
   facet normal 0.0000 0.1739 0.9848
      outer loop
         vertex -0.5524 2.3000 1.2500
         vertex -2.0000 1.8859 1.3045
         vertex -0.3892 1.8859 1.3045
      endloop
   endfacet
   facet normal 0.0000 0.6430 0.7659
      outer loop
         vertex -2.0000 1.1686 1.7186
         vertex -0.1067 1.1686 1.7186
         vertex -0.2372 1.5000 1.4644
      endloop
   endfacet
   facet normal 0.0000 0.5734 0.8193
      outer loop
         vertex -2.0000 1.1686 1.7186
         vertex -0.2372 1.5000 1.4644
         vertex -2.0000 1.5000 1.4644
      endloop
   endfacet
   facet normal 0.0000 0.4228 0.9062
      outer loop
         vertex -2.0000 1.5000 1.4644
         vertex -0.2372 1.5000 1.4644
         vertex -0.3892 1.8859 1.3045
      endloop
   endfacet
   facet normal 0.0000 0.3418 0.9398
      outer loop
         vertex -2.0000 1.5000 1.4644
         vertex -0.3892 1.8859 1.3045
         vertex -2.0000 1.8859 1.3045
      endloop
   endfacet
   facet normal 0.0000 0.6430 -0.7659
      outer loop
         vertex -0.1067 1.1686 3.9814
         vertex -2.0000 1.1686 3.9814
         vertex -2.0000 1.5000 4.2356
      endloop
   endfacet
   facet normal 0.0000 0.5734 -0.8193
      outer loop
         vertex -0.1067 1.1686 3.9814
         vertex -2.0000 1.5000 4.2356
         vertex -0.2372 1.5000 4.2356
      endloop
   endfacet
   facet normal 0.0000 -0.0869 -0.9962
      outer loop
         vertex -0.5524 2.3000 4.4500
         vertex -2.0000 2.3000 4.4500
         vertex -2.0000 2.7141 4.3955
      endloop
   endfacet
   facet normal 0.0000 -0.1739 -0.9848
      outer loop
         vertex -0.5524 2.3000 4.4500
         vertex -2.0000 2.7141 4.3955
         vertex -0.7155 2.7141 4.3955
      endloop
   endfacet
   facet normal 0.0000 -0.8193 0.5734
      outer loop
         vertex -1.0982 3.6856 8.0500
         vertex -2.0000 3.6856 8.0500
         vertex -2.0000 3.4314 7.7186
      endloop
   endfacet
   facet normal 0.0000 -0.7659 0.6430
      outer loop
         vertex -1.0982 3.6856 8.0500
         vertex -2.0000 3.4314 7.7186
         vertex -0.9980 3.4314 7.7186
      endloop
   endfacet
   facet normal 0.0000 -0.5734 0.8193
      outer loop
         vertex -2.0000 3.1000 7.4644
         vertex -0.8675 3.1000 7.4644
         vertex -0.9980 3.4314 7.7186
      endloop
   endfacet
   facet normal 0.0000 -0.6430 0.7659
      outer loop
         vertex -2.0000 3.1000 7.4644
         vertex -0.9980 3.4314 7.7186
         vertex -2.0000 3.4314 7.7186
      endloop
   endfacet
   facet normal 0.0000 -0.4228 0.9062
      outer loop
         vertex -0.7155 2.7141 7.3045
         vertex -0.8675 3.1000 7.4644
         vertex -2.0000 3.1000 7.4644
      endloop
   endfacet
   facet normal 0.0000 -0.3418 0.9398
      outer loop
         vertex -0.7155 2.7141 7.3045
         vertex -2.0000 3.1000 7.4644
         vertex -2.0000 2.7141 7.3045
      endloop
   endfacet
   facet normal 0.0000 -0.0869 0.9962
      outer loop
         vertex -2.0000 2.3000 7.2500
         vertex -0.5524 2.3000 7.2500
         vertex -0.7155 2.7141 7.3045
      endloop
   endfacet
   facet normal 0.0000 -0.1739 0.9848
      outer loop
         vertex -2.0000 2.3000 7.2500
         vertex -0.7155 2.7141 7.3045
         vertex -2.0000 2.7141 7.3045
      endloop
   endfacet
   facet normal 0.0000 0.0869 0.9962
      outer loop
         vertex -0.5524 2.3000 7.2500
         vertex -2.0000 2.3000 7.2500
         vertex -2.0000 1.8859 7.3045
      endloop
   endfacet
   facet normal 0.0000 0.1739 0.9848
      outer loop
         vertex -0.5524 2.3000 7.2500
         vertex -2.0000 1.8859 7.3045
         vertex -0.3892 1.8859 7.3045
      endloop
   endfacet
   facet normal 0.0000 0.6430 0.7659
      outer loop
         vertex -2.0000 1.1686 7.7186
         vertex -0.1067 1.1686 7.7186
         vertex -0.2372 1.5000 7.4644
      endloop
   endfacet
   facet normal 0.0000 0.5734 0.8193
      outer loop
         vertex -2.0000 1.1686 7.7186
         vertex -0.2372 1.5000 7.4644
         vertex -2.0000 1.5000 7.4644
      endloop
   endfacet
   facet normal 0.0000 0.4228 0.9062
      outer loop
         vertex -2.0000 1.5000 7.4644
         vertex -0.2372 1.5000 7.4644
         vertex -0.3892 1.8859 7.3045
      endloop
   endfacet
   facet normal 0.0000 0.3418 0.9398
      outer loop
         vertex -2.0000 1.5000 7.4644
         vertex -0.3892 1.8859 7.3045
         vertex -2.0000 1.8859 7.3045
      endloop
   endfacet
   facet normal 0.0000 0.4228 -0.9062
      outer loop
         vertex -0.2372 1.5000 4.2356
         vertex -2.0000 1.5000 4.2356
         vertex -2.0000 1.8859 4.3955
      endloop
   endfacet
   facet normal 0.0000 0.3418 -0.9398
      outer loop
         vertex -0.2372 1.5000 4.2356
         vertex -2.0000 1.8859 4.3955
         vertex -0.3892 1.8859 4.3955
      endloop
   endfacet
   facet normal 0.0000 0.0869 -0.9962
      outer loop
         vertex -2.0000 2.3000 4.4500
         vertex -0.5524 2.3000 4.4500
         vertex -0.3892 1.8859 4.3955
      endloop
   endfacet
   facet normal 0.0000 0.1739 -0.9848
      outer loop
         vertex -2.0000 2.3000 4.4500
         vertex -0.3892 1.8859 4.3955
         vertex -2.0000 1.8859 4.3955
      endloop
   endfacet
   facet normal 0.0000 -0.8016 0.5978
      outer loop
         vertex -1.4000 1.3194 5.5540
         vertex -1.4000 1.2197 5.4391
         vertex -0.1268 1.2197 5.4391
      endloop
   endfacet
   facet normal 0.0000 -0.8446 0.5354
      outer loop
         vertex -1.4000 1.3194 5.5540
         vertex -0.1268 1.2197 5.4391
         vertex -0.1661 1.3194 5.5540
      endloop
   endfacet
   facet normal 0.0000 -0.3027 -0.9531
      outer loop
         vertex -1.4000 1.4000 0.1340
         vertex -1.4000 1.9000 0.0000
         vertex -0.7172 1.9000 0.0000
      endloop
   endfacet
   facet normal 0.0000 -0.3027 -0.9531
      outer loop
         vertex -1.4000 1.4000 0.1340
         vertex -0.7172 1.9000 0.0000
         vertex -0.6316 1.8704 0.0079
      endloop
   endfacet
   facet normal 0.0000 -0.3027 -0.9531
      outer loop
         vertex -1.4000 1.4000 0.1340
         vertex -0.6316 1.8704 0.0079
         vertex -0.5306 1.7862 0.0305
      endloop
   endfacet
   facet normal 0.0000 -0.3027 -0.9531
      outer loop
         vertex -1.4000 1.4000 0.1340
         vertex -0.5306 1.7862 0.0305
         vertex -0.4187 1.6540 0.0659
      endloop
   endfacet
   facet normal 0.0000 -0.3027 -0.9531
      outer loop
         vertex -1.4000 1.4000 0.1340
         vertex -0.4187 1.6540 0.0659
         vertex -0.3004 1.4806 0.1124
      endloop
   endfacet
   facet normal 0.0000 -0.3463 -0.9381
      outer loop
         vertex -1.4000 1.4000 0.1340
         vertex -0.3004 1.4806 0.1124
         vertex -0.2539 1.4000 0.1340
      endloop
   endfacet
   facet normal 0.0000 -0.4316 -0.9021
      outer loop
         vertex -1.4000 1.3752 0.1488
         vertex -1.4000 1.4000 0.1340
         vertex -0.2539 1.4000 0.1340
      endloop
   endfacet
   facet normal 0.0000 -0.4727 -0.8812
      outer loop
         vertex -1.4000 1.3752 0.1488
         vertex -0.2539 1.4000 0.1340
         vertex -0.2340 1.3752 0.1488
      endloop
   endfacet
   facet normal 0.0000 -0.8446 -0.5354
      outer loop
         vertex -1.4000 1.2197 6.2609
         vertex -1.4000 1.3194 6.1460
         vertex -0.1661 1.3194 6.1460
      endloop
   endfacet
   facet normal 0.0000 -0.8016 -0.5978
      outer loop
         vertex -1.4000 1.2197 6.2609
         vertex -0.1661 1.3194 6.1460
         vertex -0.1268 1.2197 6.2609
      endloop
   endfacet
   facet normal 0.0000 -0.9165 -0.4001
      outer loop
         vertex -0.1872 1.3730 5.9460
         vertex -0.1661 1.3194 6.1460
         vertex -1.4000 1.3194 6.1460
      endloop
   endfacet
   facet normal 0.0000 -0.9441 -0.3296
      outer loop
         vertex -0.1872 1.3730 5.9460
         vertex -1.4000 1.3194 6.1460
         vertex -1.4000 1.3730 5.9460
      endloop
   endfacet
   facet normal 0.0000 -1.0000 0.0000
      outer loop
         vertex -1.4000 1.3730 5.9460
         vertex -1.4000 1.3730 5.7540
         vertex -0.1872 1.3730 5.7540
      endloop
   endfacet
   facet normal 0.0000 -1.0000 0.0000
      outer loop
         vertex -1.4000 1.3730 5.9460
         vertex -0.1872 1.3730 5.7540
         vertex -0.1872 1.3730 5.9460
      endloop
   endfacet
   facet normal 0.0000 -0.9165 0.4001
      outer loop
         vertex -1.4000 1.3730 5.7540
         vertex -1.4000 1.3194 5.5540
         vertex -0.1661 1.3194 5.5540
      endloop
   endfacet
   facet normal 0.0000 -0.9441 0.3296
      outer loop
         vertex -1.4000 1.3730 5.7540
         vertex -0.1661 1.3194 5.5540
         vertex -0.1872 1.3730 5.7540
      endloop
   endfacet
   facet normal 0.0000 0.9819 -0.1896
      outer loop
         vertex -2.2000 5.0921 0.2312
         vertex -6.6520 5.0921 0.2312
         vertex -6.6520 5.1000 0.3000
      endloop
   endfacet
   facet normal 0.0000 0.9884 -0.1520
      outer loop
         vertex -2.2000 5.0921 0.2312
         vertex -6.6520 5.1000 0.3000
         vertex -2.2000 5.1000 0.3000
      endloop
   endfacet
   facet normal 0.0000 0.7325 -0.6807
      outer loop
         vertex -6.6520 5.0341 0.1124
         vertex -2.2000 5.0341 0.1124
         vertex -2.2000 4.9876 0.0659
      endloop
   endfacet
   facet normal 0.0000 0.6807 -0.7325
      outer loop
         vertex -6.6520 5.0341 0.1124
         vertex -2.2000 4.9876 0.0659
         vertex -6.6520 4.9876 0.0659
      endloop
   endfacet
   facet normal 0.0000 0.8240 -0.5665
      outer loop
         vertex -2.2000 5.0341 0.1124
         vertex -6.6520 5.0341 0.1124
         vertex -6.6520 5.0695 0.1681
      endloop
   endfacet
   facet normal 0.0000 0.8636 -0.5041
      outer loop
         vertex -2.2000 5.0341 0.1124
         vertex -6.6520 5.0695 0.1681
         vertex -2.2000 5.0695 0.1681
      endloop
   endfacet
   facet normal 0.0000 0.9541 -0.2995
      outer loop
         vertex -6.6520 5.0921 0.2312
         vertex -2.2000 5.0921 0.2312
         vertex -2.2000 5.0695 0.1681
      endloop
   endfacet
   facet normal 0.0000 0.9288 -0.3706
      outer loop
         vertex -6.6520 5.0921 0.2312
         vertex -2.2000 5.0695 0.1681
         vertex -6.6520 5.0695 0.1681
      endloop
   endfacet
   facet normal 0.3032 0.9135 -0.2712
      outer loop
         vertex -6.8554 5.1464 0.2312
         vertex -6.6520 5.0921 0.2312
         vertex -6.6520 5.0695 0.1681
      endloop
   endfacet
   facet normal 0.2762 0.8343 -0.4771
      outer loop
         vertex -6.6520 5.0341 0.1124
         vertex -6.8650 5.1260 0.1681
         vertex -6.6520 5.0695 0.1681
      endloop
   endfacet
   facet normal 0.3462 0.8677 -0.3567
      outer loop
         vertex -6.8554 5.1464 0.2312
         vertex -6.6520 5.0695 0.1681
         vertex -6.8650 5.1260 0.1681
      endloop
   endfacet
   facet normal 0.2360 0.7157 -0.6574
      outer loop
         vertex -6.6520 4.9876 0.0659
         vertex -6.8800 5.0939 0.1124
         vertex -6.6520 5.0341 0.1124
      endloop
   endfacet
   facet normal 0.3462 0.9216 -0.1752
      outer loop
         vertex -6.6520 5.0921 0.2312
         vertex -6.8554 5.1464 0.2312
         vertex -6.8520 5.1536 0.3000
      endloop
   endfacet
   facet normal 0.2933 0.9462 -0.1364
      outer loop
         vertex -6.6520 5.1000 0.3000
         vertex -6.6520 5.0921 0.2312
         vertex -6.8520 5.1536 0.3000
      endloop
   endfacet
   facet normal 0.0000 1.0000 0.0000
      outer loop
         vertex -2.2000 5.1000 17.4000
         vertex -2.2000 5.1000 0.3000
         vertex -6.6000 5.1000 0.9500
      endloop
   endfacet
   facet normal 0.0000 1.0000 0.0000
      outer loop
         vertex -2.2000 5.1000 17.4000
         vertex -6.6000 5.1000 0.9500
         vertex -6.6000 5.1000 4.7500
      endloop
   endfacet
   facet normal 0.0000 1.0000 0.0000
      outer loop
         vertex -2.2000 5.1000 17.4000
         vertex -6.6000 5.1000 4.7500
         vertex -6.6268 5.1000 4.8500
      endloop
   endfacet
   facet normal 0.0000 1.0000 0.0000
      outer loop
         vertex -2.2000 5.1000 17.4000
         vertex -6.6268 5.1000 4.8500
         vertex -6.6520 5.1000 4.8752
      endloop
   endfacet
   facet normal 0.0000 1.0000 0.0000
      outer loop
         vertex -2.2000 5.1000 17.4000
         vertex -6.6520 5.1000 4.8752
         vertex -6.6268 5.1000 6.8500
      endloop
   endfacet
   facet normal 0.0000 1.0000 0.0000
      outer loop
         vertex -2.2000 5.1000 17.4000
         vertex -6.6268 5.1000 6.8500
         vertex -6.6000 5.1000 6.9500
      endloop
   endfacet
   facet normal 0.0000 1.0000 0.0000
      outer loop
         vertex -2.2000 5.1000 17.4000
         vertex -6.6000 5.1000 6.9500
         vertex -6.6000 5.1000 10.7500
      endloop
   endfacet
   facet normal 0.0000 1.0000 0.0000
      outer loop
         vertex -2.2000 5.1000 17.4000
         vertex -6.6000 5.1000 10.7500
         vertex -6.6268 5.1000 10.8500
      endloop
   endfacet
   facet normal 0.0000 1.0000 0.0000
      outer loop
         vertex -2.2000 5.1000 17.4000
         vertex -6.6268 5.1000 10.8500
         vertex -6.6520 5.1000 10.8752
      endloop
   endfacet
   facet normal 0.0000 1.0000 0.0000
      outer loop
         vertex -2.2000 5.1000 17.4000
         vertex -6.6520 5.1000 10.8752
         vertex -6.6268 5.1000 12.8500
      endloop
   endfacet
   facet normal 0.0000 1.0000 0.0000
      outer loop
         vertex -2.2000 5.1000 17.4000
         vertex -6.6268 5.1000 12.8500
         vertex -6.6000 5.1000 12.9500
      endloop
   endfacet
   facet normal 0.0000 1.0000 0.0000
      outer loop
         vertex -2.2000 5.1000 17.4000
         vertex -6.6000 5.1000 12.9500
         vertex -6.6000 5.1000 16.7500
      endloop
   endfacet
   facet normal 0.0000 1.0000 0.0000
      outer loop
         vertex -2.2000 5.1000 17.4000
         vertex -6.6000 5.1000 16.7500
         vertex -6.6268 5.1000 16.8500
      endloop
   endfacet
   facet normal 0.0000 1.0000 0.0000
      outer loop
         vertex -2.2000 5.1000 17.4000
         vertex -6.6268 5.1000 16.8500
         vertex -6.6520 5.1000 16.8752
      endloop
   endfacet
   facet normal 0.0000 1.0000 0.0000
      outer loop
         vertex -2.2000 5.1000 17.4000
         vertex -6.6520 5.1000 16.8752
         vertex -6.6520 5.1000 17.4000
      endloop
   endfacet
   facet normal 0.0000 1.0000 0.0000
      outer loop
         vertex -2.2000 5.1000 0.3000
         vertex -6.6520 5.1000 0.3000
         vertex -6.6520 5.1000 0.8248
      endloop
   endfacet
   facet normal 0.0000 1.0000 0.0000
      outer loop
         vertex -2.2000 5.1000 0.3000
         vertex -6.6520 5.1000 0.8248
         vertex -6.6268 5.1000 0.8500
      endloop
   endfacet
   facet normal 0.0000 1.0000 0.0000
      outer loop
         vertex -2.2000 5.1000 0.3000
         vertex -6.6268 5.1000 0.8500
         vertex -6.6000 5.1000 0.9500
      endloop
   endfacet
   facet normal 0.0000 1.0000 0.0000
      outer loop
         vertex -6.6268 5.1000 6.8500
         vertex -6.6520 5.1000 4.8752
         vertex -6.6520 5.1000 6.8248
      endloop
   endfacet
   facet normal 0.0000 1.0000 0.0000
      outer loop
         vertex -6.6268 5.1000 12.8500
         vertex -6.6520 5.1000 10.8752
         vertex -6.6520 5.1000 12.8248
      endloop
   endfacet
   facet normal 0.3399 0.9405 0.0000
      outer loop
         vertex -2.2000 5.1000 0.3000
         vertex -2.2000 5.1000 17.4000
         vertex -1.8000 4.9928 17.4000
      endloop
   endfacet
   facet normal 0.4210 0.9071 0.0000
      outer loop
         vertex -2.2000 5.1000 0.3000
         vertex -1.8000 4.9928 17.4000
         vertex -1.8000 4.9928 0.3000
      endloop
   endfacet
   facet normal 0.7264 0.6873 0.0000
      outer loop
         vertex -1.5072 4.7000 17.4000
         vertex -1.5072 4.7000 0.3000
         vertex -1.8000 4.9928 0.3000
      endloop
   endfacet
   facet normal 0.6193 0.7852 0.0000
      outer loop
         vertex -1.5072 4.7000 17.4000
         vertex -1.8000 4.9928 0.3000
         vertex -1.8000 4.9928 17.4000
      endloop
   endfacet
   facet normal 0.8753 0.4837 0.0000
      outer loop
         vertex -1.4557 4.5932 17.4000
         vertex -1.4557 4.5932 0.3000
         vertex -1.5072 4.7000 0.3000
      endloop
   endfacet
   facet normal 0.8468 0.5320 0.0000
      outer loop
         vertex -1.4557 4.5932 17.4000
         vertex -1.5072 4.7000 0.3000
         vertex -1.5072 4.7000 17.4000
      endloop
   endfacet
   facet normal 0.3638 0.9192 0.1508
      outer loop
         vertex -1.8000 4.9928 17.4000
         vertex -2.2000 5.1000 17.4000
         vertex -2.2000 5.0921 17.4688
      endloop
   endfacet
   facet normal 0.4550 0.8683 0.1978
      outer loop
         vertex -1.8000 4.9928 17.4000
         vertex -2.2000 5.0921 17.4688
         vertex -1.8040 4.9860 17.4688
      endloop
   endfacet
   facet normal 0.0499 0.1465 0.9880
      outer loop
         vertex -2.2000 4.8688 17.6921
         vertex -2.2000 4.8000 17.7000
         vertex -1.9500 4.7330 17.7000
      endloop
   endfacet
   facet normal 0.0760 0.1659 0.9832
      outer loop
         vertex -2.2000 4.8688 17.6921
         vertex -1.9500 4.7330 17.7000
         vertex -1.9156 4.7926 17.6921
      endloop
   endfacet
   facet normal 0.0961 0.2805 0.9550
      outer loop
         vertex -2.2000 4.9319 17.6695
         vertex -2.2000 4.8688 17.6921
         vertex -1.9156 4.7926 17.6921
      endloop
   endfacet
   facet normal 0.1518 0.3225 0.9343
      outer loop
         vertex -2.2000 4.9319 17.6695
         vertex -1.9156 4.7926 17.6921
         vertex -1.8840 4.8473 17.6695
      endloop
   endfacet
   facet normal 0.1710 0.4724 0.8646
      outer loop
         vertex -2.2000 4.9876 17.6341
         vertex -2.2000 4.9319 17.6695
         vertex -1.8840 4.8473 17.6695
      endloop
   endfacet
   facet normal 0.2427 0.4976 0.8328
      outer loop
         vertex -2.2000 4.9876 17.6341
         vertex -1.8840 4.8473 17.6695
         vertex -1.8562 4.8955 17.6341
      endloop
   endfacet
   facet normal 0.2355 0.6374 0.7336
      outer loop
         vertex -2.2000 5.0341 17.5876
         vertex -2.2000 4.9876 17.6341
         vertex -1.8562 4.8955 17.6341
      endloop
   endfacet
   facet normal 0.3203 0.6467 0.6923
      outer loop
         vertex -2.2000 5.0341 17.5876
         vertex -1.8562 4.8955 17.6341
         vertex -1.8330 4.9357 17.5876
      endloop
   endfacet
   facet normal 0.2880 0.7706 0.5685
      outer loop
         vertex -2.2000 5.0695 17.5319
         vertex -2.2000 5.0341 17.5876
         vertex -1.8330 4.9357 17.5876
      endloop
   endfacet
   facet normal 0.3824 0.7652 0.5179
      outer loop
         vertex -2.2000 5.0695 17.5319
         vertex -1.8330 4.9357 17.5876
         vertex -1.8152 4.9664 17.5319
      endloop
   endfacet
   facet normal 0.3270 0.8677 0.3743
      outer loop
         vertex -2.2000 5.0921 17.4688
         vertex -2.2000 5.0695 17.5319
         vertex -1.8152 4.9664 17.5319
      endloop
   endfacet
   facet normal 0.4266 0.8479 0.3149
      outer loop
         vertex -2.2000 5.0921 17.4688
         vertex -1.8152 4.9664 17.5319
         vertex -1.8040 4.9860 17.4688
      endloop
   endfacet
   facet normal 0.4245 0.5093 0.7486
      outer loop
         vertex -1.5988 4.6349 17.6341
         vertex -1.8330 4.9357 17.5876
         vertex -1.8562 4.8955 17.6341
      endloop
   endfacet
   facet normal 0.3081 0.3739 0.8748
      outer loop
         vertex -1.8840 4.8473 17.6695
         vertex -1.6442 4.6027 17.6695
         vertex -1.8562 4.8955 17.6341
      endloop
   endfacet
   facet normal 0.6286 0.5807 0.5174
      outer loop
         vertex -1.8152 4.9664 17.5319
         vertex -1.5609 4.6618 17.5876
         vertex -1.5320 4.6823 17.5319
      endloop
   endfacet
   facet normal 0.6569 0.3603 0.6623
      outer loop
         vertex -1.5609 4.6618 17.5876
         vertex -1.5602 4.5520 17.6341
         vertex -1.5170 4.5690 17.5876
      endloop
   endfacet
   facet normal 0.5158 0.2805 0.8095
      outer loop
         vertex -1.5602 4.5520 17.6341
         vertex -1.5988 4.6349 17.6341
         vertex -1.6120 4.5316 17.6695
      endloop
   endfacet
   facet normal 0.7669 0.4230 0.4825
      outer loop
         vertex -1.5320 4.6823 17.5319
         vertex -1.5170 4.5690 17.5876
         vertex -1.4840 4.5820 17.5319
      endloop
   endfacet
   facet normal 0.1747 0.2197 0.9598
      outer loop
         vertex -1.9156 4.7926 17.6921
         vertex -1.6957 4.5661 17.6921
         vertex -1.8840 4.8473 17.6695
      endloop
   endfacet
   facet normal 0.6990 0.6434 0.3121
      outer loop
         vertex -1.5136 4.6954 17.4688
         vertex -1.8040 4.9860 17.4688
         vertex -1.5320 4.6823 17.5319
      endloop
   endfacet
   facet normal 0.2645 0.1650 0.9502
      outer loop
         vertex -1.6957 4.5661 17.6921
         vertex -1.6708 4.5085 17.6921
         vertex -1.6442 4.6027 17.6695
      endloop
   endfacet
   facet normal 0.8413 0.4652 0.2755
      outer loop
         vertex -1.4630 4.5903 17.4688
         vertex -1.5136 4.6954 17.4688
         vertex -1.4840 4.5820 17.5319
      endloop
   endfacet
   facet normal 0.0867 0.1132 0.9898
      outer loop
         vertex -1.9500 4.7330 17.7000
         vertex -1.7518 4.5263 17.7000
         vertex -1.9156 4.7926 17.6921
      endloop
   endfacet
   facet normal 0.7486 0.6448 0.1548
      outer loop
         vertex -1.5072 4.7000 17.4000
         vertex -1.8000 4.9928 17.4000
         vertex -1.5136 4.6954 17.4688
      endloop
   endfacet
   facet normal 0.1287 0.0817 0.9883
      outer loop
         vertex -1.7348 4.4833 17.7000
         vertex -1.6957 4.5661 17.6921
         vertex -1.7518 4.5263 17.7000
      endloop
   endfacet
   facet normal 0.8431 0.5077 0.1774
      outer loop
         vertex -1.4630 4.5903 17.4688
         vertex -1.5072 4.7000 17.4000
         vertex -1.5136 4.6954 17.4688
      endloop
   endfacet
   facet normal 0.8755 0.4627 0.1394
      outer loop
         vertex -1.4557 4.5932 17.4000
         vertex -1.5072 4.7000 17.4000
         vertex -1.4630 4.5903 17.4688
      endloop
   endfacet
   facet normal 0.1792 0.0947 0.9792
      outer loop
         vertex -1.6957 4.5661 17.6921
         vertex -1.7348 4.4833 17.7000
         vertex -1.6708 4.5085 17.6921
      endloop
   endfacet
   facet normal 0.6417 0.7403 0.2006
      outer loop
         vertex -1.5136 4.6954 17.4688
         vertex -1.8000 4.9928 17.4000
         vertex -1.8040 4.9860 17.4688
      endloop
   endfacet
   facet normal 0.1293 0.1245 0.9838
      outer loop
         vertex -1.9156 4.7926 17.6921
         vertex -1.7518 4.5263 17.7000
         vertex -1.6957 4.5661 17.6921
      endloop
   endfacet
   facet normal 0.7899 0.4968 0.3597
      outer loop
         vertex -1.4840 4.5820 17.5319
         vertex -1.5136 4.6954 17.4688
         vertex -1.5320 4.6823 17.5319
      endloop
   endfacet
   facet normal 0.3472 0.1870 0.9189
      outer loop
         vertex -1.6442 4.6027 17.6695
         vertex -1.6708 4.5085 17.6921
         vertex -1.6120 4.5316 17.6695
      endloop
   endfacet
   facet normal 0.5928 0.7040 0.3911
      outer loop
         vertex -1.5320 4.6823 17.5319
         vertex -1.8040 4.9860 17.4688
         vertex -1.8152 4.9664 17.5319
      endloop
   endfacet
   facet normal 0.2593 0.2470 0.9337
      outer loop
         vertex -1.6957 4.5661 17.6921
         vertex -1.6442 4.6027 17.6695
         vertex -1.8840 4.8473 17.6695
      endloop
   endfacet
   facet normal 0.7034 0.4416 0.5569
      outer loop
         vertex -1.5320 4.6823 17.5319
         vertex -1.5609 4.6618 17.5876
         vertex -1.5170 4.5690 17.5876
      endloop
   endfacet
   facet normal 0.4369 0.2720 0.8574
      outer loop
         vertex -1.6120 4.5316 17.6695
         vertex -1.5988 4.6349 17.6341
         vertex -1.6442 4.6027 17.6695
      endloop
   endfacet
   facet normal 0.5844 0.3655 0.7245
      outer loop
         vertex -1.5602 4.5520 17.6341
         vertex -1.5609 4.6618 17.5876
         vertex -1.5988 4.6349 17.6341
      endloop
   endfacet
   facet normal 0.5206 0.6210 0.5860
      outer loop
         vertex -1.5609 4.6618 17.5876
         vertex -1.8152 4.9664 17.5319
         vertex -1.8330 4.9357 17.5876
      endloop
   endfacet
   facet normal 0.4047 0.3778 0.8327
      outer loop
         vertex -1.8562 4.8955 17.6341
         vertex -1.6442 4.6027 17.6695
         vertex -1.5988 4.6349 17.6341
      endloop
   endfacet
   facet normal 0.5290 0.4906 0.6925
      outer loop
         vertex -1.8330 4.9357 17.5876
         vertex -1.5988 4.6349 17.6341
         vertex -1.5609 4.6618 17.5876
      endloop
   endfacet
   facet normal 0.4245 0.5093 -0.7486
      outer loop
         vertex -1.8330 4.9357 0.1124
         vertex -1.5988 4.6349 0.0659
         vertex -1.8562 4.8955 0.0659
      endloop
   endfacet
   facet normal 0.3081 0.3739 -0.8748
      outer loop
         vertex -1.6442 4.6027 0.0305
         vertex -1.8840 4.8473 0.0305
         vertex -1.8562 4.8955 0.0659
      endloop
   endfacet
   facet normal 0.6286 0.5807 -0.5174
      outer loop
         vertex -1.5320 4.6823 0.1681
         vertex -1.5609 4.6618 0.1124
         vertex -1.8152 4.9664 0.1681
      endloop
   endfacet
   facet normal 0.6569 0.3603 -0.6623
      outer loop
         vertex -1.5609 4.6618 0.1124
         vertex -1.5170 4.5690 0.1124
         vertex -1.5602 4.5520 0.0659
      endloop
   endfacet
   facet normal 0.5158 0.2805 -0.8095
      outer loop
         vertex -1.6120 4.5316 0.0305
         vertex -1.5988 4.6349 0.0659
         vertex -1.5602 4.5520 0.0659
      endloop
   endfacet
   facet normal 0.7669 0.4230 -0.4825
      outer loop
         vertex -1.4840 4.5820 0.1681
         vertex -1.5170 4.5690 0.1124
         vertex -1.5320 4.6823 0.1681
      endloop
   endfacet
   facet normal 0.1747 0.2197 -0.9598
      outer loop
         vertex -1.8840 4.8473 0.0305
         vertex -1.6957 4.5661 0.0079
         vertex -1.9156 4.7926 0.0079
      endloop
   endfacet
   facet normal 0.6990 0.6434 -0.3121
      outer loop
         vertex -1.5136 4.6954 0.2312
         vertex -1.5320 4.6823 0.1681
         vertex -1.8040 4.9860 0.2312
      endloop
   endfacet
   facet normal 0.2645 0.1650 -0.9502
      outer loop
         vertex -1.6442 4.6027 0.0305
         vertex -1.6708 4.5085 0.0079
         vertex -1.6957 4.5661 0.0079
      endloop
   endfacet
   facet normal 0.8413 0.4652 -0.2755
      outer loop
         vertex -1.4630 4.5903 0.2312
         vertex -1.4840 4.5820 0.1681
         vertex -1.5136 4.6954 0.2312
      endloop
   endfacet
   facet normal 0.0867 0.1132 -0.9898
      outer loop
         vertex -1.9156 4.7926 0.0079
         vertex -1.7518 4.5263 0.0000
         vertex -1.9500 4.7330 0.0000
      endloop
   endfacet
   facet normal 0.7486 0.6448 -0.1548
      outer loop
         vertex -1.5072 4.7000 0.3000
         vertex -1.5136 4.6954 0.2312
         vertex -1.8000 4.9928 0.3000
      endloop
   endfacet
   facet normal 0.1287 0.0817 -0.9883
      outer loop
         vertex -1.6957 4.5661 0.0079
         vertex -1.7348 4.4833 0.0000
         vertex -1.7518 4.5263 0.0000
      endloop
   endfacet
   facet normal 0.8431 0.5077 -0.1774
      outer loop
         vertex -1.5072 4.7000 0.3000
         vertex -1.4630 4.5903 0.2312
         vertex -1.5136 4.6954 0.2312
      endloop
   endfacet
   facet normal 0.8755 0.4627 -0.1394
      outer loop
         vertex -1.4557 4.5932 0.3000
         vertex -1.4630 4.5903 0.2312
         vertex -1.5072 4.7000 0.3000
      endloop
   endfacet
   facet normal 0.1792 0.0947 -0.9792
      outer loop
         vertex -1.7348 4.4833 0.0000
         vertex -1.6957 4.5661 0.0079
         vertex -1.6708 4.5085 0.0079
      endloop
   endfacet
   facet normal 0.6417 0.7403 -0.2006
      outer loop
         vertex -1.8000 4.9928 0.3000
         vertex -1.5136 4.6954 0.2312
         vertex -1.8040 4.9860 0.2312
      endloop
   endfacet
   facet normal 0.1293 0.1245 -0.9838
      outer loop
         vertex -1.6957 4.5661 0.0079
         vertex -1.7518 4.5263 0.0000
         vertex -1.9156 4.7926 0.0079
      endloop
   endfacet
   facet normal 0.7899 0.4968 -0.3597
      outer loop
         vertex -1.5136 4.6954 0.2312
         vertex -1.4840 4.5820 0.1681
         vertex -1.5320 4.6823 0.1681
      endloop
   endfacet
   facet normal 0.3472 0.1870 -0.9189
      outer loop
         vertex -1.6708 4.5085 0.0079
         vertex -1.6442 4.6027 0.0305
         vertex -1.6120 4.5316 0.0305
      endloop
   endfacet
   facet normal 0.5928 0.7040 -0.3911
      outer loop
         vertex -1.5320 4.6823 0.1681
         vertex -1.8152 4.9664 0.1681
         vertex -1.8040 4.9860 0.2312
      endloop
   endfacet
   facet normal 0.2593 0.2470 -0.9337
      outer loop
         vertex -1.8840 4.8473 0.0305
         vertex -1.6442 4.6027 0.0305
         vertex -1.6957 4.5661 0.0079
      endloop
   endfacet
   facet normal 0.7034 0.4416 -0.5569
      outer loop
         vertex -1.5170 4.5690 0.1124
         vertex -1.5609 4.6618 0.1124
         vertex -1.5320 4.6823 0.1681
      endloop
   endfacet
   facet normal 0.4369 0.2720 -0.8574
      outer loop
         vertex -1.5988 4.6349 0.0659
         vertex -1.6120 4.5316 0.0305
         vertex -1.6442 4.6027 0.0305
      endloop
   endfacet
   facet normal 0.5844 0.3655 -0.7245
      outer loop
         vertex -1.5609 4.6618 0.1124
         vertex -1.5602 4.5520 0.0659
         vertex -1.5988 4.6349 0.0659
      endloop
   endfacet
   facet normal 0.5206 0.6210 -0.5860
      outer loop
         vertex -1.8152 4.9664 0.1681
         vertex -1.5609 4.6618 0.1124
         vertex -1.8330 4.9357 0.1124
      endloop
   endfacet
   facet normal 0.4047 0.3778 -0.8327
      outer loop
         vertex -1.5988 4.6349 0.0659
         vertex -1.6442 4.6027 0.0305
         vertex -1.8562 4.8955 0.0659
      endloop
   endfacet
   facet normal 0.5290 0.4906 -0.6925
      outer loop
         vertex -1.5988 4.6349 0.0659
         vertex -1.8330 4.9357 0.1124
         vertex -1.5609 4.6618 0.1124
      endloop
   endfacet
   facet normal 0.4550 0.8683 -0.1978
      outer loop
         vertex -1.8000 4.9928 0.3000
         vertex -1.8040 4.9860 0.2312
         vertex -2.2000 5.0921 0.2312
      endloop
   endfacet
   facet normal 0.3638 0.9192 -0.1508
      outer loop
         vertex -1.8000 4.9928 0.3000
         vertex -2.2000 5.0921 0.2312
         vertex -2.2000 5.1000 0.3000
      endloop
   endfacet
   facet normal 0.0667 0.1712 -0.9830
      outer loop
         vertex -2.2000 4.8000 0.0000
         vertex -2.2000 4.8688 0.0079
         vertex -1.9156 4.7926 0.0079
      endloop
   endfacet
   facet normal 0.0659 0.1285 -0.9895
      outer loop
         vertex -2.2000 4.8000 0.0000
         vertex -1.9156 4.7926 0.0079
         vertex -1.9500 4.7330 0.0000
      endloop
   endfacet
   facet normal 0.1354 0.3400 -0.9306
      outer loop
         vertex -2.2000 4.8688 0.0079
         vertex -2.2000 4.9319 0.0305
         vertex -1.8840 4.8473 0.0305
      endloop
   endfacet
   facet normal 0.1326 0.2512 -0.9588
      outer loop
         vertex -2.2000 4.8688 0.0079
         vertex -1.8840 4.8473 0.0305
         vertex -1.9156 4.7926 0.0079
      endloop
   endfacet
   facet normal 0.2052 0.5250 -0.8260
      outer loop
         vertex -2.2000 4.9319 0.0305
         vertex -2.2000 4.9876 0.0659
         vertex -1.8562 4.8955 0.0659
      endloop
   endfacet
   facet normal 0.2256 0.4350 -0.8717
      outer loop
         vertex -2.2000 4.9319 0.0305
         vertex -1.8562 4.8955 0.0659
         vertex -1.8840 4.8473 0.0305
      endloop
   endfacet
   facet normal 0.2638 0.6813 -0.6828
      outer loop
         vertex -2.2000 4.9876 0.0659
         vertex -2.2000 5.0341 0.1124
         vertex -1.8330 4.9357 0.1124
      endloop
   endfacet
   facet normal 0.3059 0.5947 -0.7435
      outer loop
         vertex -2.2000 4.9876 0.0659
         vertex -1.8330 4.9357 0.1124
         vertex -1.8562 4.8955 0.0659
      endloop
   endfacet
   facet normal 0.3097 0.8043 -0.5071
      outer loop
         vertex -2.2000 5.0341 0.1124
         vertex -2.2000 5.0695 0.1681
         vertex -1.8152 4.9664 0.1681
      endloop
   endfacet
   facet normal 0.3711 0.7253 -0.5798
      outer loop
         vertex -2.2000 5.0341 0.1124
         vertex -1.8152 4.9664 0.1681
         vertex -1.8330 4.9357 0.1124
      endloop
   endfacet
   facet normal 0.3411 0.8895 -0.3042
      outer loop
         vertex -2.2000 5.0695 0.1681
         vertex -2.2000 5.0921 0.2312
         vertex -1.8040 4.9860 0.2312
      endloop
   endfacet
   facet normal 0.4191 0.8220 -0.3856
      outer loop
         vertex -2.2000 5.0695 0.1681
         vertex -1.8040 4.9860 0.2312
         vertex -1.8152 4.9664 0.1681
      endloop
   endfacet
   facet normal 0.5293 0.8485 0.0000
      outer loop
         vertex -6.8520 5.1536 0.3000
         vertex -6.9123 5.1963 0.3000
         vertex -6.9123 5.1963 0.7500
      endloop
   endfacet
   facet normal 0.4782 0.8783 0.0000
      outer loop
         vertex -6.8520 5.1536 0.3000
         vertex -6.9123 5.1963 0.7500
         vertex -6.8520 5.1536 0.7500
      endloop
   endfacet
   facet normal 0.5293 0.8485 0.0000
      outer loop
         vertex -6.9123 5.1963 4.9500
         vertex -6.9123 5.1963 6.7500
         vertex -6.8520 5.1536 6.7500
      endloop
   endfacet
   facet normal 0.4782 0.8783 0.0000
      outer loop
         vertex -6.9123 5.1963 4.9500
         vertex -6.8520 5.1536 6.7500
         vertex -6.8520 5.1536 4.9500
      endloop
   endfacet
   facet normal 0.5293 0.8485 0.0000
      outer loop
         vertex -6.9123 5.1963 10.9500
         vertex -6.9123 5.1963 12.7500
         vertex -6.8520 5.1536 12.7500
      endloop
   endfacet
   facet normal 0.4782 0.8783 0.0000
      outer loop
         vertex -6.9123 5.1963 10.9500
         vertex -6.8520 5.1536 12.7500
         vertex -6.8520 5.1536 10.9500
      endloop
   endfacet
   facet normal 0.4782 0.8783 0.0000
      outer loop
         vertex -6.9123 5.1963 17.4000
         vertex -6.8520 5.1536 17.4000
         vertex -6.8520 5.1536 16.9500
      endloop
   endfacet
   facet normal 0.5293 0.8485 0.0000
      outer loop
         vertex -6.9123 5.1963 17.4000
         vertex -6.8520 5.1536 16.9500
         vertex -6.9123 5.1963 16.9500
      endloop
   endfacet
endsolid
