  0
SECTION
  2
HEADER
  9
$ACADVER
  1
AC1009
  9
$INSBASE
 10
0.0
 20
0.0
 30
0.0
  9
$EXTMIN
 10
-0.0134698097010038
 20
-1.2263120000000001
 30
0.0
  9
$EXTMAX
 10
65.001648005620069
 20
30.210252000000001
 30
0.0
  9
$LIMMIN
 10
-304.80000000000001
 20
-254.0
  9
$LIMMAX
 10
965.20000000000005
 20
1016.0
  9
$ORTHOMODE
 70
     0
  9
$REGENMODE
 70
     1
  9
$FILLMODE
 70
     1
  9
$QTEXTMODE
 70
     0
  9
$MIRRTEXT
 70
     0
  9
$DRAGMODE
 70
     2
  9
$LTSCALE
 40
1.0
  9
$OSMODE
 70
    37
  9
$ATTMODE
 70
     0
  9
$TEXTSIZE
 40
0.2
  9
$TRACEWID
 40
0.05
  9
$TEXTSTYLE
  7
STANDARD
  9
$CLAYER
  8
0
  9
$CELTYPE
  6
CONTINUOUS
  9
$CECOLOR
 62
   256
  9
$DIMSCALE
 40
1.0
  9
$DIMASZ
 40
0.18
  9
$DIMEXO
 40
0.0625
  9
$DIMDLI
 40
0.38
  9
$DIMRND
 40
0.0
  9
$DIMDLE
 40
0.0
  9
$DIMEXE
 40
0.18
  9
$DIMTP
 40
0.0
  9
$DIMTM
 40
0.0
  9
$DIMTXT
 40
0.18
  9
$DIMCEN
 40
0.09
  9
$DIMTSZ
 40
0.0
  9
$DIMTOL
 70
     0
  9
$DIMLIM
 70
     0
  9
$DIMTIH
 70
     1
  9
$DIMTOH
 70
     1
  9
$DIMSE1
 70
     0
  9
$DIMSE2
 70
     0
  9
$DIMTAD
 70
     0
  9
$DIMZIN
 70
     0
  9
$DIMBLK
  1

  9
$DIMASO
 70
     1
  9
$DIMSHO
 70
     1
  9
$DIMPOST
  1

  9
$DIMAPOST
  1

  9
$DIMALT
 70
     0
  9
$DIMALTD
 70
     2
  9
$DIMALTF
 40
25.399999999999999
  9
$DIMLFAC
 40
1.0
  9
$DIMTOFL
 70
     0
  9
$DIMTVP
 40
0.0
  9
$DIMTIX
 70
     0
  9
$DIMSOXD
 70
     0
  9
$DIMSAH
 70
     0
  9
$DIMBLK1
  1

  9
$DIMBLK2
  1

  9
$DIMSTYLE
  2
STANDARD
  9
$DIMCLRD
 70
     0
  9
$DIMCLRE
 70
     0
  9
$DIMCLRT
 70
     0
  9
$DIMTFAC
 40
1.0
  9
$DIMGAP
 40
0.09
  9
$LUNITS
 70
     2
  9
$LUPREC
 70
     4
  9
$SKETCHINC
 40
0.1
  9
$FILLETRAD
 40
0.0
  9
$AUNITS
 70
     0
  9
$AUPREC
 70
     0
  9
$MENU
  1
.
  9
$ELEVATION
 40
0.0
  9
$PELEVATION
 40
0.0
  9
$THICKNESS
 40
1.5341599999999991
  9
$LIMCHECK
 70
     0
  9
$BLIPMODE
 70
     0
  9
$CHAMFERA
 40
0.0
  9
$CHAMFERB
 40
0.0
  9
$SKPOLY
 70
     0
  9
$TDCREATE
 40
2460185.5860597691
  9
$TDUPDATE
 40
2460209.7512502428
  9
$TDINDWG
 40
0.0029512153
  9
$TDUSRTIMER
 40
0.0029509606
  9
$USRTIMER
 70
     1
  9
$ANGBASE
 50
0.0
  9
$ANGDIR
 70
     0
  9
$PDMODE
 70
     0
  9
$PDSIZE
 40
0.0
  9
$PLINEWID
 40
0.0
  9
$COORDS
 70
     1
  9
$SPLFRAME
 70
     0
  9
$SPLINETYPE
 70
     6
  9
$SPLINESEGS
 70
     8
  9
$ATTDIA
 70
     0
  9
$ATTREQ
 70
     1
  9
$HANDLING
 70
     1
  9
$HANDSEED
  5
105C7
  9
$SURFTAB1
 70
     6
  9
$SURFTAB2
 70
     6
  9
$SURFTYPE
 70
     6
  9
$SURFU
 70
     6
  9
$SURFV
 70
     6
  9
$UCSNAME
  2

  9
$UCSORG
 10
0.0
 20
0.0
 30
0.0
  9
$UCSXDIR
 10
1.0
 20
0.0
 30
0.0
  9
$UCSYDIR
 10
0.0
 20
1.0
 30
0.0
  9
$PUCSNAME
  2

  9
$PUCSORG
 10
0.0
 20
0.0
 30
0.0
  9
$PUCSXDIR
 10
1.0
 20
0.0
 30
0.0
  9
$PUCSYDIR
 10
0.0
 20
1.0
 30
0.0
  9
$USERI1
 70
     0
  9
$USERI2
 70
     0
  9
$USERI3
 70
     0
  9
$USERI4
 70
     0
  9
$USERI5
 70
     0
  9
$USERR1
 40
0.0
  9
$USERR2
 40
0.0
  9
$USERR3
 40
0.0
  9
$USERR4
 40
0.0
  9
$USERR5
 40
0.0
  9
$WORLDVIEW
 70
     1
  9
$SHADEDGE
 70
     3
  9
$SHADEDIF
 70
    70
  9
$TILEMODE
 70
     1
  9
$MAXACTVP
 70
    64
  9
$PLIMCHECK
 70
     0
  9
$PEXTMIN
 10
1.0000000000000000E+020
 20
1.0000000000000000E+020
 30
1.0000000000000000E+020
  9
$PEXTMAX
 10
-1.0000000000000000E+020
 20
-1.0000000000000000E+020
 30
-1.0000000000000000E+020
  9
$PLIMMIN
 10
0.0
 20
0.0
  9
$PLIMMAX
 10
12.0
 20
9.0
  9
$UNITMODE
 70
     0
  9
$VISRETAIN
 70
     1
  9
$PLINEGEN
 70
     0
  9
$PSLTSCALE
 70
     1
  0
ENDSEC
  0
SECTION
  2
TABLES
  0
TABLE
  2
VPORT
 70
     1
  0
VPORT
  2
*ACTIVE
 70
     0
 10
0.0
 20
0.0
 11
1.0
 21
1.0
 12
29.025903492662241
 22
15.884174359844
 13
0.0
 23
0.0
 14
1.0
 24
1.0
 15
0.0
 25
0.0
 16
0.0
 26
0.0
 36
1.0
 17
0.0
 27
0.0
 37
0.0
 40
70.500649374211449
 41
2.1537572254335262
 42
50.0
 43
0.0
 44
0.0
 50
0.0
 51
0.0
 71
     0
 72
   100
 73
     1
 74
     1
 75
     0
 76
     0
 77
     0
 78
     0
  0
ENDTAB
  0
TABLE
  2
LTYPE
 70
     1
  0
LTYPE
  2
CONTINUOUS
 70
     0
  3
Solid Line
 72
    65
 73
     0
 40
0.0
  0
ENDTAB
  0
TABLE
  2
LAYER
 70
     7
  0
LAYER
  2
0
 70
     0
 62
     7
  6
CONTINUOUS
  0
LAYER
  2
BOARD_GEOMETRY_SILKSCREEN_
 70
     0
 62
     1
  6
CONTINUOUS
  0
LAYER
  2
BOARD_GEOMETRY_DIMENSION
 70
     0
 62
     2
  6
CONTINUOUS
  0
LAYER
  2
BOARD_GEOMETRY_OUTLINE
 70
     0
 62
     3
  6
CONTINUOUS
  0
LAYER
  2
PACKAGE_GEOMETRY_SILKSCREE
 70
     0
 62
     4
  6
CONTINUOUS
  0
LAYER
  2
PIN_TOP
 70
     0
 62
     5
  6
CONTINUOUS
  0
LAYER
  2
REF_DES_SILKSCREEN_TOP
 70
     0
 62
     6
  6
CONTINUOUS
  0
ENDTAB
  0
TABLE
  2
STYLE
 70
     1
  0
STYLE
  2
STANDARD
 70
     0
 40
0.0
 41
1.0
 50
0.0
 71
     0
 42
0.2
  3
txt
  4

  0
ENDTAB
  0
TABLE
  2
VIEW
 70
     0
  0
ENDTAB
  0
TABLE
  2
UCS
 70
     0
  0
ENDTAB
  0
TABLE
  2
APPID
 70
     1
  0
APPID
  2
ACAD
 70
     0
  0
ENDTAB
  0
TABLE
  2
DIMSTYLE
 70
     1
  0
DIMSTYLE
  2
STANDARD
 70
     0
  3

  4

  5

  6

  7

 40
1.0
 41
0.18
 42
0.0625
 43
0.38
 44
0.18
 45
0.0
 46
0.0
 47
0.0
 48
0.0
140
0.18
141
0.09
142
0.0
143
25.399999999999999
144
1.0
145
0.0
146
1.0
147
0.09
 71
     0
 72
     0
 73
     1
 74
     1
 75
     0
 76
     0
 77
     0
 78
     0
170
     0
171
     2
172
     0
173
     0
174
     0
175
     0
176
     0
177
     0
178
     0
  0
ENDTAB
  0
ENDSEC
  0
SECTION
  2
BLOCKS
  0
BLOCK
  8
0
  2
$MODEL_SPACE
 70
     0
 10
0.0
 20
0.0
 30
0.0
  3
$MODEL_SPACE
  1

  0
ENDBLK
  5
F04C
  8
0
  0
BLOCK
 67
     1
  8
0
  2
$PAPER_SPACE
 70
     0
 10
0.0
 20
0.0
 30
0.0
  3
$PAPER_SPACE
  1

  0
ENDBLK
  5
F048
 67
     1
  8
0
  0
BLOCK
  8
0
  2
FIGURE_CIRCLE
 70
     0
 10
0.0
 20
0.0
 30
0.0
  3
FIGURE_CIRCLE
  1

  0
CIRCLE
  5
44
  8
0
 10
0.0
 20
0.0
 30
0.0
 40
0.5
  0
ENDBLK
  5
45
  8
0
  0
BLOCK
  8
0
  2
FIGURE_SQUARE
 70
     0
 10
0.0
 20
0.0
 30
0.0
  3
FIGURE_SQUARE
  1

  0
POLYLINE
  5
48
  8
0
 66
     1
 10
0.0
 20
0.0
 30
0.0
 70
     1
  0
VERTEX
  5
F072
  8
0
 10
-0.5
 20
-0.5
 30
0.0
  0
VERTEX
  5
F073
  8
0
 10
-0.5
 20
0.5
 30
0.0
  0
VERTEX
  5
F074
  8
0
 10
0.5
 20
0.5
 30
0.0
  0
VERTEX
  5
F075
  8
0
 10
0.5
 20
-0.5
 30
0.0
  0
SEQEND
  5
F076
  8
0
  0
ENDBLK
  5
4E
  8
0
  0
BLOCK
  8
0
  2
FIGURE_HEX
 70
     0
 10
0.0
 20
0.0
 30
0.0
  3
FIGURE_HEX
  1

  0
POLYLINE
  5
51
  8
0
 66
     1
 10
0.0
 20
0.0
 30
0.0
 70
     1
  0
VERTEX
  5
F077
  8
0
 10
-0.5
 20
0.0
 30
0.0
  0
VERTEX
  5
F078
  8
0
 10
-0.25
 20
0.5
 30
0.0
  0
VERTEX
  5
F079
  8
0
 10
0.25
 20
0.5
 30
0.0
  0
VERTEX
  5
F07A
  8
0
 10
0.5
 20
0.0
 30
0.0
  0
VERTEX
  5
F07B
  8
0
 10
0.25
 20
-0.5
 30
0.0
  0
VERTEX
  5
F07C
  8
0
 10
-0.25
 20
-0.5
 30
0.0
  0
SEQEND
  5
F07D
  8
0
  0
ENDBLK
  5
59
  8
0
  0
BLOCK
  8
0
  2
FIGURE_OCT
 70
     0
 10
0.0
 20
0.0
 30
0.0
  3
FIGURE_OCT
  1

  0
POLYLINE
  5
5C
  8
0
 66
     1
 10
0.0
 20
0.0
 30
0.0
 70
     1
  0
VERTEX
  5
F07E
  8
0
 10
-0.5
 20
-0.2071
 30
0.0
  0
VERTEX
  5
F07F
  8
0
 10
-0.5
 20
0.2071
 30
0.0
  0
VERTEX
  5
F080
  8
0
 10
-0.2071
 20
0.5
 30
0.0
  0
VERTEX
  5
F081
  8
0
 10
0.2071
 20
0.5
 30
0.0
  0
VERTEX
  5
F082
  8
0
 10
0.5
 20
0.2071
 30
0.0
  0
VERTEX
  5
F083
  8
0
 10
0.5
 20
-0.2071
 30
0.0
  0
VERTEX
  5
F084
  8
0
 10
0.2071
 20
-0.5
 30
0.0
  0
VERTEX
  5
F085
  8
0
 10
-0.2071
 20
-0.5
 30
0.0
  0
SEQEND
  5
F086
  8
0
  0
ENDBLK
  5
66
  8
0
  0
BLOCK
  8
0
  2
FIGURE_OBLONG
 70
     0
 10
0.0
 20
0.0
 30
0.0
  3
FIGURE_OBLONG
  1

  0
POLYLINE
  5
69
  8
0
 66
     1
 10
0.0
 20
0.0
 30
0.0
 70
     1
  0
VERTEX
  5
F087
  8
0
 10
-0.5
 20
-0.125
 30
0.0
  0
VERTEX
  5
F088
  8
0
 10
-0.5
 20
0.125
 30
0.0
  0
VERTEX
  5
F089
  8
0
 10
-0.4160000000000001
 20
0.375
 30
0.0
  0
VERTEX
  5
F08A
  8
0
 10
-0.25
 20
0.5
 30
0.0
  0
VERTEX
  5
F08B
  8
0
 10
0.25
 20
0.5
 30
0.0
  0
VERTEX
  5
F08C
  8
0
 10
0.4160000000000001
 20
0.375
 30
0.0
  0
VERTEX
  5
F08D
  8
0
 10
0.5
 20
0.125
 30
0.0
  0
VERTEX
  5
F08E
  8
0
 10
0.5
 20
-0.125
 30
0.0
  0
VERTEX
  5
F08F
  8
0
 10
0.4160000000000001
 20
-0.375
 30
0.0
  0
VERTEX
  5
F090
  8
0
 10
0.25
 20
-0.5
 30
0.0
  0
VERTEX
  5
F091
  8
0
 10
-0.25
 20
-0.5
 30
0.0
  0
VERTEX
  5
F092
  8
0
 10
-0.4160000000000001
 20
-0.375
 30
0.0
  0
SEQEND
  5
F093
  8
0
  0
ENDBLK
  5
77
  8
0
  0
BLOCK
  8
0
  2
FIGURE_TRI
 70
     0
 10
0.0
 20
0.0
 30
0.0
  3
FIGURE_TRI
  1

  0
POLYLINE
  5
7A
  8
0
 66
     1
 10
0.0
 20
0.0
 30
0.0
 70
     1
  0
VERTEX
  5
F094
  8
0
 10
-0.5
 20
-0.5
 30
0.0
  0
VERTEX
  5
F095
  8
0
 10
0.0
 20
0.5
 30
0.0
  0
VERTEX
  5
F096
  8
0
 10
0.5
 20
-0.5
 30
0.0
  0
SEQEND
  5
F097
  8
0
  0
ENDBLK
  5
7F
  8
0
  0
BLOCK
  8
0
  2
FIGURE_CROSS
 70
     0
 10
0.0
 20
0.0
 30
0.0
  3
FIGURE_CROSS
  1

  0
POLYLINE
  5
82
  8
0
 66
     1
 10
0.0
 20
0.0
 30
0.0
  0
VERTEX
  5
F098
  8
0
 10
-0.5
 20
0.0
 30
0.0
  0
VERTEX
  5
F099
  8
0
 10
0.5
 20
0.0
 30
0.0
  0
SEQEND
  5
F09A
  8
0
  0
POLYLINE
  5
86
  8
0
 66
     1
 10
0.0
 20
0.0
 30
0.0
  0
VERTEX
  5
F09B
  8
0
 10
0.0
 20
0.5
 30
0.0
  0
VERTEX
  5
F09C
  8
0
 10
0.0
 20
-0.5
 30
0.0
  0
SEQEND
  5
F09D
  8
0
  0
ENDBLK
  5
8A
  8
0
  0
BLOCK
  8
0
  2
FIGURE_DIAMOND
 70
     0
 10
0.0
 20
0.0
 30
0.0
  3
FIGURE_DIAMOND
  1

  0
POLYLINE
  5
8D
  8
0
 66
     1
 10
0.0
 20
0.0
 30
0.0
 70
     1
  0
VERTEX
  5
F09E
  8
0
 10
-0.5
 20
0.0
 30
0.0
  0
VERTEX
  5
F09F
  8
0
 10
0.0
 20
0.5
 30
0.0
  0
VERTEX
  5
F0A0
  8
0
 10
0.5
 20
0.0
 30
0.0
  0
VERTEX
  5
F0A1
  8
0
 10
0.0
 20
-0.5
 30
0.0
  0
SEQEND
  5
F0A2
  8
0
  0
ENDBLK
  5
93
  8
0
  0
ENDSEC
  0
SECTION
  2
ENTITIES
  0
CIRCLE
  5
94
  8
PIN_TOP
 10
3.5999419999999991
 20
26.450036000000001
 30
0.0
 40
1.4096999999999991
  0
CIRCLE
  5
95
  8
PIN_TOP
 10
61.399928000000003
 20
3.5999419999999991
 30
0.0
 40
1.4096999999999991
  0
CIRCLE
  5
96
  8
PIN_TOP
 10
61.399928000000003
 20
26.500074000000001
 30
0.0
 40
1.4096999999999991
  0
CIRCLE
  5
97
  8
PIN_TOP
 10
3.5499040000000002
 20
3.5999419999999991
 30
0.0
 40
1.4096999999999991
  0
POLYLINE
  5
98
  8
PIN_TOP
 66
     1
 10
0.0
 20
0.0
 30
0.0
 70
     1
  0
VERTEX
  5
F0A3
  8
PIN_TOP
 10
5.016499999999998
 20
13.932662000000001
 30
0.0
  0
VERTEX
  5
F0A4
  8
PIN_TOP
 10
5.2196999999999987
 20
13.932662000000001
 30
0.0
  0
VERTEX
  5
F0A5
  8
PIN_TOP
 10
5.2196999999999987
 20
13.691362
 30
0.0
  0
VERTEX
  5
F0A6
  8
PIN_TOP
 10
5.016499999999998
 20
13.691362
 30
0.0
  0
SEQEND
  5
F0A7
  8
PIN_TOP
  0
POLYLINE
  5
9E
  8
PIN_TOP
 66
     1
 10
0.0
 20
0.0
 30
0.0
 70
     1
  0
VERTEX
  5
F0A8
  8
PIN_TOP
 10
5.016499999999998
 20
13.582649999999999
 30
0.0
  0
VERTEX
  5
F0A9
  8
PIN_TOP
 10
5.2196999999999987
 20
13.582649999999999
 30
0.0
  0
VERTEX
  5
F0AA
  8
PIN_TOP
 10
5.2196999999999987
 20
13.34135
 30
0.0
  0
VERTEX
  5
F0AB
  8
PIN_TOP
 10
5.016499999999998
 20
13.34135
 30
0.0
  0
SEQEND
  5
F0AC
  8
PIN_TOP
  0
POLYLINE
  5
A4
  8
PIN_TOP
 66
     1
 10
0.0
 20
0.0
 30
0.0
 70
     1
  0
VERTEX
  5
F0AD
  8
PIN_TOP
 10
5.016499999999998
 20
13.232638
 30
0.0
  0
VERTEX
  5
F0AE
  8
PIN_TOP
 10
5.2196999999999987
 20
13.232638
 30
0.0
  0
VERTEX
  5
F0AF
  8
PIN_TOP
 10
5.2196999999999987
 20
12.991338000000001
 30
0.0
  0
VERTEX
  5
F0B0
  8
PIN_TOP
 10
5.016499999999998
 20
12.991338000000001
 30
0.0
  0
SEQEND
  5
F0B1
  8
PIN_TOP
  0
POLYLINE
  5
AA
  8
PIN_TOP
 66
     1
 10
0.0
 20
0.0
 30
0.0
 70
     1
  0
VERTEX
  5
F0B2
  8
PIN_TOP
 10
4.2164000000000001
 20
13.232638
 30
0.0
  0
VERTEX
  5
F0B3
  8
PIN_TOP
 10
4.4195999999999991
 20
13.232638
 30
0.0
  0
VERTEX
  5
F0B4
  8
PIN_TOP
 10
4.4195999999999991
 20
12.991338000000001
 30
0.0
  0
VERTEX
  5
F0B5
  8
PIN_TOP
 10
4.2164000000000001
 20
12.991338000000001
 30
0.0
  0
SEQEND
  5
F0B6
  8
PIN_TOP
  0
POLYLINE
  5
B0
  8
PIN_TOP
 66
     1
 10
0.0
 20
0.0
 30
0.0
 70
     1
  0
VERTEX
  5
F0B7
  8
PIN_TOP
 10
4.2164000000000001
 20
13.582649999999999
 30
0.0
  0
VERTEX
  5
F0B8
  8
PIN_TOP
 10
4.4195999999999991
 20
13.582649999999999
 30
0.0
  0
VERTEX
  5
F0B9
  8
PIN_TOP
 10
4.4195999999999991
 20
13.34135
 30
0.0
  0
VERTEX
  5
F0BA
  8
PIN_TOP
 10
4.2164000000000001
 20
13.34135
 30
0.0
  0
SEQEND
  5
F0BB
  8
PIN_TOP
  0
POLYLINE
  5
B6
  8
PIN_TOP
 66
     1
 10
0.0
 20
0.0
 30
0.0
 70
     1
  0
VERTEX
  5
F0BC
  8
PIN_TOP
 10
4.2164000000000001
 20
13.932662000000001
 30
0.0
  0
VERTEX
  5
F0BD
  8
PIN_TOP
 10
4.4195999999999991
 20
13.932662000000001
 30
0.0
  0
VERTEX
  5
F0BE
  8
PIN_TOP
 10
4.4195999999999991
 20
13.691362
 30
0.0
  0
VERTEX
  5
F0BF
  8
PIN_TOP
 10
4.2164000000000001
 20
13.691362
 30
0.0
  0
SEQEND
  5
F0C0
  8
PIN_TOP
  0
POLYLINE
  5
BC
  8
PIN_TOP
 66
     1
 10
0.0
 20
0.0
 30
0.0
 70
     1
  0
VERTEX
  5
F0C1
  8
PIN_TOP
 10
4.678045
 20
13.961999
 30
0.0
  0
VERTEX
  5
F0C2
  8
PIN_TOP
 10
4.8281590000000003
 20
13.961999
 30
0.0
  0
VERTEX
  5
F0C3
  8
PIN_TOP
 10
4.8281590000000003
 20
12.962001000000001
 30
0.0
  0
VERTEX
  5
F0C4
  8
PIN_TOP
 10
4.678045
 20
12.962001000000001
 30
0.0
  0
SEQEND
  5
F0C5
  8
PIN_TOP
  0
POLYLINE
  5
C2
  8
PIN_TOP
 66
     1
 10
0.0
 20
0.0
 30
0.0
 70
     1
  0
VERTEX
  5
F0C6
  8
PIN_TOP
 10
4.3781980000000003
 20
13.552042999999999
 30
0.0
  0
VERTEX
  5
F0C7
  8
PIN_TOP
 10
4.8181260000000004
 20
13.552042999999999
 30
0.0
  0
VERTEX
  5
F0C8
  8
PIN_TOP
 10
4.8181260000000004
 20
13.371957
 30
0.0
  0
VERTEX
  5
F0C9
  8
PIN_TOP
 10
4.3781980000000003
 20
13.371957
 30
0.0
  0
SEQEND
  5
F0CA
  8
PIN_TOP
  0
POLYLINE
  5
C8
  8
PACKAGE_GEOMETRY_SILKSCREE
 66
     1
 10
0.0
 20
0.0
 30
0.0
 40
0.0254
 41
0.0254
  0
VERTEX
  5
F0CB
  8
PACKAGE_GEOMETRY_SILKSCREE
 10
4.1780460000000001
 20
13.964919999999999
 30
0.0
  0
VERTEX
  5
F0CC
  8
PACKAGE_GEOMETRY_SILKSCREE
 10
5.2580539999999987
 20
13.964919999999999
 30
0.0
  0
SEQEND
  5
F0CD
  8
PACKAGE_GEOMETRY_SILKSCREE
  0
POLYLINE
  5
CC
  8
PACKAGE_GEOMETRY_SILKSCREE
 66
     1
 10
0.0
 20
0.0
 30
0.0
 40
0.0254
 41
0.0254
  0
VERTEX
  5
F0CE
  8
PACKAGE_GEOMETRY_SILKSCREE
 10
5.2580539999999987
 20
12.959334
 30
0.0
  0
VERTEX
  5
F0CF
  8
PACKAGE_GEOMETRY_SILKSCREE
 10
4.1780460000000001
 20
12.959334
 30
0.0
  0
SEQEND
  5
F0D0
  8
PACKAGE_GEOMETRY_SILKSCREE
  0
POLYLINE
  5
D0
  8
PACKAGE_GEOMETRY_SILKSCREE
 66
     1
 10
0.0
 20
0.0
 30
0.0
 40
0.199898
 41
0.199898
  0
VERTEX
  5
F0D1
  8
PACKAGE_GEOMETRY_SILKSCREE
 10
4.028185999999998
 20
13.8049
 30
0.0
  0
VERTEX
  5
F0D2
  8
PACKAGE_GEOMETRY_SILKSCREE
 10
3.5283139999999991
 20
14.054836
 30
0.0
  0
VERTEX
  5
F0D3
  8
PACKAGE_GEOMETRY_SILKSCREE
 10
3.5283139999999991
 20
13.554964
 30
0.0
  0
VERTEX
  5
F0D4
  8
PACKAGE_GEOMETRY_SILKSCREE
 10
4.028185999999998
 20
13.8049
 30
0.0
  0
VERTEX
  5
F0D5
  8
PACKAGE_GEOMETRY_SILKSCREE
 10
3.628136
 20
13.8049
 30
0.0
  0
SEQEND
  5
F0D6
  8
PACKAGE_GEOMETRY_SILKSCREE
  0
POLYLINE
  5
D7
  8
PIN_TOP
 66
     1
 10
0.0
 20
0.0
 30
0.0
 70
     1
  0
VERTEX
  5
F0D7
  8
PIN_TOP
 10
1.463802
 20
21.968968
 30
0.0
  0
VERTEX
  5
F0D8
  8
PIN_TOP
 10
0.955802
 20
21.968968
 30
0.0
  0
VERTEX
  5
F0D9
  8
PIN_TOP
 10
0.955802
 20
22.476967999999999
 30
0.0
  0
VERTEX
  5
F0DA
  8
PIN_TOP
 10
1.463802
 20
22.476967999999999
 30
0.0
  0
SEQEND
  5
F0DB
  8
PIN_TOP
  0
POLYLINE
  5
DD
  8
PIN_TOP
 66
     1
 10
0.0
 20
0.0
 30
0.0
 70
     1
  0
VERTEX
  5
F0DC
  8
PIN_TOP
 10
2.5598119999999991
 20
20.668996
 30
0.0
  0
VERTEX
  5
F0DD
  8
PIN_TOP
 10
0.959612
 20
20.668996
 30
0.0
  0
VERTEX
  5
F0DE
  8
PIN_TOP
 10
0.959612
 20
21.176995999999999
 30
0.0
  0
VERTEX
  5
F0DF
  8
PIN_TOP
 10
2.5598119999999991
 20
21.176995999999999
 30
0.0
  0
SEQEND
  5
F0E0
  8
PIN_TOP
  0
POLYLINE
  5
E3
  8
PIN_TOP
 66
     1
 10
0.0
 20
0.0
 30
0.0
 70
     1
  0
VERTEX
  5
F0E1
  8
PIN_TOP
 10
2.5598119999999991
 20
17.569179999999999
 30
0.0
  0
VERTEX
  5
F0E2
  8
PIN_TOP
 10
0.959612
 20
17.569179999999999
 30
0.0
  0
VERTEX
  5
F0E3
  8
PIN_TOP
 10
0.959612
 20
18.077179999999998
 30
0.0
  0
VERTEX
  5
F0E4
  8
PIN_TOP
 10
2.5598119999999991
 20
18.077179999999998
 30
0.0
  0
SEQEND
  5
F0E5
  8
PIN_TOP
  0
POLYLINE
  5
E9
  8
PIN_TOP
 66
     1
 10
0.0
 20
0.0
 30
0.0
 70
     1
  0
VERTEX
  5
F0E6
  8
PIN_TOP
 10
1.963673999999999
 20
15.669006
 30
0.0
  0
VERTEX
  5
F0E7
  8
PIN_TOP
 10
1.455673999999999
 20
15.669006
 30
0.0
  0
VERTEX
  5
F0E8
  8
PIN_TOP
 10
1.455673999999999
 20
16.177005999999999
 30
0.0
  0
VERTEX
  5
F0E9
  8
PIN_TOP
 10
1.963673999999999
 20
16.177005999999999
 30
0.0
  0
SEQEND
  5
F0EA
  8
PIN_TOP
  0
POLYLINE
  5
EF
  8
PIN_TOP
 66
     1
 10
0.0
 20
0.0
 30
0.0
 70
     1
  0
VERTEX
  5
F0EB
  8
PIN_TOP
 10
4.0637460000000001
 20
15.769081999999999
 30
0.0
  0
VERTEX
  5
F0EC
  8
PIN_TOP
 10
3.5557460000000001
 20
15.769081999999999
 30
0.0
  0
VERTEX
  5
F0ED
  8
PIN_TOP
 10
3.5557460000000001
 20
16.277082
 30
0.0
  0
VERTEX
  5
F0EE
  8
PIN_TOP
 10
4.0637460000000001
 20
16.277082
 30
0.0
  0
SEQEND
  5
F0EF
  8
PIN_TOP
  0
POLYLINE
  5
F5
  8
PIN_TOP
 66
     1
 10
0.0
 20
0.0
 30
0.0
 70
     1
  0
VERTEX
  5
F0F0
  8
PIN_TOP
 10
5.063743999999998
 20
15.769081999999999
 30
0.0
  0
VERTEX
  5
F0F1
  8
PIN_TOP
 10
4.555743999999998
 20
15.769081999999999
 30
0.0
  0
VERTEX
  5
F0F2
  8
PIN_TOP
 10
4.555743999999998
 20
16.277082
 30
0.0
  0
VERTEX
  5
F0F3
  8
PIN_TOP
 10
5.063743999999998
 20
16.277082
 30
0.0
  0
SEQEND
  5
F0F4
  8
PIN_TOP
  0
POLYLINE
  5
FB
  8
PACKAGE_GEOMETRY_SILKSCREE
 66
     1
 10
0.0
 20
0.0
 30
0.0
 40
0.199898
 41
0.199898
  0
VERTEX
  5
F0F5
  8
PACKAGE_GEOMETRY_SILKSCREE
 10
5.3954680000000002
 20
15.565628
 30
0.0
  0
VERTEX
  5
F0F6
  8
PACKAGE_GEOMETRY_SILKSCREE
 10
5.5719979999999989
 20
15.03553
 30
0.0
  0
VERTEX
  5
F0F7
  8
PACKAGE_GEOMETRY_SILKSCREE
 10
5.925565999999999
 20
15.388844000000001
 30
0.0
  0
VERTEX
  5
F0F8
  8
PACKAGE_GEOMETRY_SILKSCREE
 10
5.3954680000000002
 20
15.565628
 30
0.0
  0
VERTEX
  5
F0F9
  8
PACKAGE_GEOMETRY_SILKSCREE
 10
5.6781699999999979
 20
15.282926
 30
0.0
  0
SEQEND
  5
F0FA
  8
PACKAGE_GEOMETRY_SILKSCREE
  0
CIRCLE
  5
112
  8
PIN_TOP
 10
59.1312
 20
29.905452
 30
0.0
 40
0.3048
  0
CIRCLE
  5
114
  8
PIN_TOP
 10
60.081159999999997
 20
29.905452
 30
0.0
 40
0.3048
  0
CIRCLE
  5
115
  8
PIN_TOP
 10
61.981080000000013
 20
29.905452
 30
0.0
 40
0.3048
  0
CIRCLE
  5
119
  8
PIN_TOP
 10
61.031119999999987
 20
29.905452
 30
0.0
 40
0.3048
  0
CIRCLE
  5
11A
  8
PIN_TOP
 10
6.7602099999999989
 20
29.905452
 30
0.0
 40
0.3048
  0
CIRCLE
  5
11E
  8
PIN_TOP
 10
7.7101699999999989
 20
29.905452
 30
0.0
 40
0.3048
  0
CIRCLE
  5
11F
  8
PIN_TOP
 10
5.810249999999999
 20
29.905452
 30
0.0
 40
0.3048
  0
CIRCLE
  5
121
  8
PIN_TOP
 10
4.8602899999999991
 20
29.905452
 30
0.0
 40
0.3048
  0
CIRCLE
  5
13A
  8
PIN_TOP
 10
59.1312
 20
0.100076
 30
0.0
 40
0.3048
  0
CIRCLE
  5
13B
  8
PIN_TOP
 10
60.081159999999997
 20
0.100076
 30
0.0
 40
0.3048
  0
CIRCLE
  5
13C
  8
PIN_TOP
 10
61.981080000000013
 20
0.100076
 30
0.0
 40
0.3048
  0
CIRCLE
  5
13D
  8
PIN_TOP
 10
61.031119999999987
 20
0.100076
 30
0.0
 40
0.3048
  0
CIRCLE
  5
13E
  8
PIN_TOP
 10
6.7602099999999989
 20
0.100076
 30
0.0
 40
0.3048
  0
CIRCLE
  5
13F
  8
PIN_TOP
 10
7.7101699999999989
 20
0.100076
 30
0.0
 40
0.3048
  0
CIRCLE
  5
140
  8
PIN_TOP
 10
5.810249999999999
 20
0.100076
 30
0.0
 40
0.3048
  0
CIRCLE
  5
141
  8
PIN_TOP
 10
4.8602899999999991
 20
0.100076
 30
0.0
 40
0.3048
  0
CIRCLE
  5
9E5
  8
PIN_TOP
 10
8.3200240000000001
 20
25.405080000000002
 30
0.0
 40
0.7493
  0
CIRCLE
  5
9E6
  8
PIN_TOP
 10
8.3200240000000001
 20
27.945080000000001
 30
0.0
 40
0.7493
  0
CIRCLE
  5
9E7
  8
PIN_TOP
 10
10.860023999999999
 20
25.405080000000002
 30
0.0
 40
0.7493
  0
CIRCLE
  5
9E8
  8
PIN_TOP
 10
10.860023999999999
 20
27.945080000000001
 30
0.0
 40
0.7493
  0
CIRCLE
  5
9E9
  8
PIN_TOP
 10
13.400024
 20
25.405080000000002
 30
0.0
 40
0.7493
  0
CIRCLE
  5
9EA
  8
PIN_TOP
 10
13.400024
 20
27.945080000000001
 30
0.0
 40
0.7493
  0
CIRCLE
  5
9EB
  8
PIN_TOP
 10
15.940023999999999
 20
25.405080000000002
 30
0.0
 40
0.7493
  0
CIRCLE
  5
9EC
  8
PIN_TOP
 10
15.940023999999999
 20
27.945080000000001
 30
0.0
 40
0.7493
  0
CIRCLE
  5
9ED
  8
PIN_TOP
 10
18.480024
 20
25.405080000000002
 30
0.0
 40
0.7493
  0
CIRCLE
  5
9EE
  8
PIN_TOP
 10
18.480024
 20
27.945080000000001
 30
0.0
 40
0.7493
  0
CIRCLE
  5
9EF
  8
PIN_TOP
 10
21.020023999999999
 20
25.405080000000002
 30
0.0
 40
0.7493
  0
CIRCLE
  5
9F0
  8
PIN_TOP
 10
21.020023999999999
 20
27.945080000000001
 30
0.0
 40
0.7493
  0
CIRCLE
  5
9F1
  8
PIN_TOP
 10
23.560023999999999
 20
25.405080000000002
 30
0.0
 40
0.7493
  0
CIRCLE
  5
9F2
  8
PIN_TOP
 10
23.560023999999999
 20
27.945080000000001
 30
0.0
 40
0.7493
  0
CIRCLE
  5
9F3
  8
PIN_TOP
 10
26.100024000000001
 20
25.405080000000002
 30
0.0
 40
0.7493
  0
CIRCLE
  5
9F4
  8
PIN_TOP
 10
26.100024000000001
 20
27.945080000000001
 30
0.0
 40
0.7493
  0
CIRCLE
  5
9F5
  8
PIN_TOP
 10
28.640024
 20
25.405080000000002
 30
0.0
 40
0.7493
  0
CIRCLE
  5
9F6
  8
PIN_TOP
 10
28.640024
 20
27.945080000000001
 30
0.0
 40
0.7493
  0
CIRCLE
  5
9F7
  8
PIN_TOP
 10
31.180024
 20
25.405080000000002
 30
0.0
 40
0.7493
  0
CIRCLE
  5
9F8
  8
PIN_TOP
 10
31.180024
 20
27.945080000000001
 30
0.0
 40
0.7493
  0
CIRCLE
  5
9F9
  8
PIN_TOP
 10
33.720024000000002
 20
25.405080000000002
 30
0.0
 40
0.7493
  0
CIRCLE
  5
9FA
  8
PIN_TOP
 10
33.720024000000002
 20
27.945080000000001
 30
0.0
 40
0.7493
  0
CIRCLE
  5
9FB
  8
PIN_TOP
 10
36.260024000000001
 20
25.405080000000002
 30
0.0
 40
0.7493
  0
CIRCLE
  5
9FC
  8
PIN_TOP
 10
36.260024000000001
 20
27.945080000000001
 30
0.0
 40
0.7493
  0
CIRCLE
  5
9FD
  8
PIN_TOP
 10
38.800024000000001
 20
25.405080000000002
 30
0.0
 40
0.7493
  0
CIRCLE
  5
9FE
  8
PIN_TOP
 10
38.800024000000001
 20
27.945080000000001
 30
0.0
 40
0.7493
  0
CIRCLE
  5
9FF
  8
PIN_TOP
 10
41.340023999999993
 20
25.405080000000002
 30
0.0
 40
0.7493
  0
CIRCLE
  5
A00
  8
PIN_TOP
 10
41.340023999999993
 20
27.945080000000001
 30
0.0
 40
0.7493
  0
CIRCLE
  5
A01
  8
PIN_TOP
 10
43.880023999999999
 20
25.405080000000002
 30
0.0
 40
0.7493
  0
CIRCLE
  5
A02
  8
PIN_TOP
 10
43.880023999999999
 20
27.945080000000001
 30
0.0
 40
0.7493
  0
CIRCLE
  5
A03
  8
PIN_TOP
 10
46.420023999999991
 20
25.405080000000002
 30
0.0
 40
0.7493
  0
CIRCLE
  5
A04
  8
PIN_TOP
 10
46.420023999999991
 20
27.945080000000001
 30
0.0
 40
0.7493
  0
CIRCLE
  5
A05
  8
PIN_TOP
 10
48.960023999999997
 20
25.405080000000002
 30
0.0
 40
0.7493
  0
CIRCLE
  5
A06
  8
PIN_TOP
 10
48.960023999999997
 20
27.945080000000001
 30
0.0
 40
0.7493
  0
CIRCLE
  5
A07
  8
PIN_TOP
 10
51.500023999999989
 20
25.405080000000002
 30
0.0
 40
0.7493
  0
CIRCLE
  5
A08
  8
PIN_TOP
 10
51.500023999999989
 20
27.945080000000001
 30
0.0
 40
0.7493
  0
CIRCLE
  5
A09
  8
PIN_TOP
 10
54.040024000000003
 20
25.405080000000002
 30
0.0
 40
0.7493
  0
CIRCLE
  5
A0A
  8
PIN_TOP
 10
54.040024000000003
 20
27.945080000000001
 30
0.0
 40
0.7493
  0
CIRCLE
  5
A0B
  8
PIN_TOP
 10
56.580024000000002
 20
25.405080000000002
 30
0.0
 40
0.7493
  0
CIRCLE
  5
A0C
  8
PIN_TOP
 10
56.580024000000002
 20
27.945080000000001
 30
0.0
 40
0.7493
  0
POLYLINE
  5
A0D
  8
PACKAGE_GEOMETRY_SILKSCREE
 66
     1
 10
0.0
 20
0.0
 30
0.0
 40
0.1524
 41
0.1524
  0
VERTEX
  5
F0FB
  8
PACKAGE_GEOMETRY_SILKSCREE
 10
8.2501740000000012
 20
22.973030000000001
 30
0.0
  0
VERTEX
  5
F0FC
  8
PACKAGE_GEOMETRY_SILKSCREE
 10
9.0502739999999982
 20
22.973030000000001
 30
0.0
  0
VERTEX
  5
F0FD
  8
PACKAGE_GEOMETRY_SILKSCREE
 10
8.6502239999999961
 20
23.773129999999998
 30
0.0
  0
VERTEX
  5
F0FE
  8
PACKAGE_GEOMETRY_SILKSCREE
 10
8.2501740000000012
 20
22.973030000000001
 30
0.0
  0
VERTEX
  5
F0FF
  8
PACKAGE_GEOMETRY_SILKSCREE
 10
8.6502239999999961
 20
23.572977999999999
 30
0.0
  0
VERTEX
  5
F100
  8
PACKAGE_GEOMETRY_SILKSCREE
 10
8.9501980000000003
 20
23.073105999999999
 30
0.0
  0
VERTEX
  5
F101
  8
PACKAGE_GEOMETRY_SILKSCREE
 10
8.4503259999999987
 20
23.073105999999999
 30
0.0
  0
VERTEX
  5
F102
  8
PACKAGE_GEOMETRY_SILKSCREE
 10
8.6502239999999961
 20
23.473155999999999
 30
0.0
  0
VERTEX
  5
F103
  8
PACKAGE_GEOMETRY_SILKSCREE
 10
8.8501220000000007
 20
23.173182000000001
 30
0.0
  0
VERTEX
  5
F104
  8
PACKAGE_GEOMETRY_SILKSCREE
 10
8.5501480000000001
 20
23.173182000000001
 30
0.0
  0
VERTEX
  5
F105
  8
PACKAGE_GEOMETRY_SILKSCREE
 10
8.7502999999999975
 20
23.373080000000002
 30
0.0
  0
SEQEND
  5
F106
  8
PACKAGE_GEOMETRY_SILKSCREE
  0
POLYLINE
  5
A1A
  8
PACKAGE_GEOMETRY_SILKSCREE
 66
     1
 10
0.0
 20
0.0
 30
0.0
 40
0.1524
 41
0.1524
  0
VERTEX
  5
F107
  8
PACKAGE_GEOMETRY_SILKSCREE
 10
7.0500239999999987
 20
29.21508
 30
0.0
  0
VERTEX
  5
F108
  8
PACKAGE_GEOMETRY_SILKSCREE
 10
57.850023999999991
 20
29.21508
 30
0.0
  0
VERTEX
  5
F109
  8
PACKAGE_GEOMETRY_SILKSCREE
 10
57.850023999999991
 20
24.135079999999999
 30
0.0
  0
VERTEX
  5
F10A
  8
PACKAGE_GEOMETRY_SILKSCREE
 10
7.0500239999999987
 20
24.135079999999999
 30
0.0
  0
VERTEX
  5
F10B
  8
PACKAGE_GEOMETRY_SILKSCREE
 10
7.0500239999999987
 20
29.21508
 30
0.0
  0
SEQEND
  5
F10C
  8
PACKAGE_GEOMETRY_SILKSCREE
  0
POLYLINE
  5
A21
  8
PIN_TOP
 66
     1
 10
0.0
 20
0.0
 30
0.0
 70
     1
  0
VERTEX
  5
F10D
  8
PIN_TOP
 10
59.425840000000001
 20
22.339300000000001
 30
0.0
  0
VERTEX
  5
F10E
  8
PIN_TOP
 10
59.425840000000001
 20
20.332699999999999
 30
0.0
  0
VERTEX
  5
F10F
  8
PIN_TOP
 10
58.816240000000001
 20
20.332699999999999
 30
0.0
  0
VERTEX
  5
F110
  8
PIN_TOP
 10
58.816240000000001
 20
22.339300000000001
 30
0.0
  0
SEQEND
  5
F111
  8
PIN_TOP
  0
POLYLINE
  5
A27
  8
PIN_TOP
 66
     1
 10
0.0
 20
0.0
 30
0.0
 70
     1
  0
VERTEX
  5
F112
  8
PIN_TOP
 10
61.325760000000002
 20
22.339300000000001
 30
0.0
  0
VERTEX
  5
F113
  8
PIN_TOP
 10
61.325760000000002
 20
20.332699999999999
 30
0.0
  0
VERTEX
  5
F114
  8
PIN_TOP
 10
60.716159999999981
 20
20.332699999999999
 30
0.0
  0
VERTEX
  5
F115
  8
PIN_TOP
 10
60.716159999999981
 20
22.339300000000001
 30
0.0
  0
SEQEND
  5
F116
  8
PIN_TOP
  0
POLYLINE
  5
A2D
  8
PACKAGE_GEOMETRY_SILKSCREE
 66
     1
 10
0.0
 20
0.0
 30
0.0
 40
0.1524
 41
0.1524
  0
VERTEX
  5
F117
  8
PACKAGE_GEOMETRY_SILKSCREE
 10
61.470286000000002
 20
20.186903999999998
 30
0.0
  0
VERTEX
  5
F118
  8
PACKAGE_GEOMETRY_SILKSCREE
 10
58.665872
 20
20.186903999999998
 30
0.0
  0
SEQEND
  5
F119
  8
PACKAGE_GEOMETRY_SILKSCREE
  0
POLYLINE
  5
A31
  8
PACKAGE_GEOMETRY_SILKSCREE
 66
     1
 10
0.0
 20
0.0
 30
0.0
 40
0.1524
 41
0.1524
  0
VERTEX
  5
F11A
  8
PACKAGE_GEOMETRY_SILKSCREE
 10
58.665872
 20
20.212304
 30
0.0
  0
VERTEX
  5
F11B
  8
PACKAGE_GEOMETRY_SILKSCREE
 10
58.665872
 20
22.463760000000001
 30
0.0
  0
SEQEND
  5
F11C
  8
PACKAGE_GEOMETRY_SILKSCREE
  0
POLYLINE
  5
A35
  8
PACKAGE_GEOMETRY_SILKSCREE
 66
     1
 10
0.0
 20
0.0
 30
0.0
 40
0.1524
 41
0.1524
  0
VERTEX
  5
F11D
  8
PACKAGE_GEOMETRY_SILKSCREE
 10
58.665872
 20
22.514559999999999
 30
0.0
  0
VERTEX
  5
F11E
  8
PACKAGE_GEOMETRY_SILKSCREE
 10
61.470286000000002
 20
22.514559999999999
 30
0.0
  0
SEQEND
  5
F11F
  8
PACKAGE_GEOMETRY_SILKSCREE
  0
POLYLINE
  5
A39
  8
PACKAGE_GEOMETRY_SILKSCREE
 66
     1
 10
0.0
 20
0.0
 30
0.0
 40
0.1524
 41
0.1524
  0
VERTEX
  5
F120
  8
PACKAGE_GEOMETRY_SILKSCREE
 10
61.470286000000002
 20
22.463760000000001
 30
0.0
  0
VERTEX
  5
F121
  8
PACKAGE_GEOMETRY_SILKSCREE
 10
61.470286000000002
 20
20.212304
 30
0.0
  0
SEQEND
  5
F122
  8
PACKAGE_GEOMETRY_SILKSCREE
  0
POLYLINE
  5
A3D
  8
PIN_TOP
 66
     1
 10
0.0
 20
0.0
 30
0.0
 70
     1
  0
VERTEX
  5
F123
  8
PIN_TOP
 10
57.416699999999999
 20
7.9908399999999977
 30
0.0
  0
VERTEX
  5
F124
  8
PIN_TOP
 10
59.423299999999998
 20
7.9908399999999977
 30
0.0
  0
VERTEX
  5
F125
  8
PIN_TOP
 10
59.423299999999998
 20
7.3812399999999982
 30
0.0
  0
VERTEX
  5
F126
  8
PIN_TOP
 10
57.416699999999999
 20
7.3812399999999982
 30
0.0
  0
SEQEND
  5
F127
  8
PIN_TOP
  0
POLYLINE
  5
A43
  8
PIN_TOP
 66
     1
 10
0.0
 20
0.0
 30
0.0
 70
     1
  0
VERTEX
  5
F128
  8
PIN_TOP
 10
57.416699999999999
 20
9.8907600000000002
 30
0.0
  0
VERTEX
  5
F129
  8
PIN_TOP
 10
59.423299999999998
 20
9.8907600000000002
 30
0.0
  0
VERTEX
  5
F12A
  8
PIN_TOP
 10
59.423299999999998
 20
9.2811600000000016
 30
0.0
  0
VERTEX
  5
F12B
  8
PIN_TOP
 10
57.416699999999999
 20
9.2811600000000016
 30
0.0
  0
SEQEND
  5
F12C
  8
PIN_TOP
  0
POLYLINE
  5
A49
  8
PACKAGE_GEOMETRY_SILKSCREE
 66
     1
 10
0.0
 20
0.0
 30
0.0
 40
0.1524
 41
0.1524
  0
VERTEX
  5
F12D
  8
PACKAGE_GEOMETRY_SILKSCREE
 10
59.569095999999988
 20
10.035285999999999
 30
0.0
  0
VERTEX
  5
F12E
  8
PACKAGE_GEOMETRY_SILKSCREE
 10
59.569095999999988
 20
7.2308719999999989
 30
0.0
  0
SEQEND
  5
F12F
  8
PACKAGE_GEOMETRY_SILKSCREE
  0
POLYLINE
  5
A4D
  8
PACKAGE_GEOMETRY_SILKSCREE
 66
     1
 10
0.0
 20
0.0
 30
0.0
 40
0.1524
 41
0.1524
  0
VERTEX
  5
F130
  8
PACKAGE_GEOMETRY_SILKSCREE
 10
59.54369599999999
 20
7.2308719999999989
 30
0.0
  0
VERTEX
  5
F131
  8
PACKAGE_GEOMETRY_SILKSCREE
 10
57.29224
 20
7.2308719999999989
 30
0.0
  0
SEQEND
  5
F132
  8
PACKAGE_GEOMETRY_SILKSCREE
  0
POLYLINE
  5
A51
  8
PACKAGE_GEOMETRY_SILKSCREE
 66
     1
 10
0.0
 20
0.0
 30
0.0
 40
0.1524
 41
0.1524
  0
VERTEX
  5
F133
  8
PACKAGE_GEOMETRY_SILKSCREE
 10
57.24143999999999
 20
7.2308719999999989
 30
0.0
  0
VERTEX
  5
F134
  8
PACKAGE_GEOMETRY_SILKSCREE
 10
57.24143999999999
 20
10.035285999999999
 30
0.0
  0
SEQEND
  5
F135
  8
PACKAGE_GEOMETRY_SILKSCREE
  0
POLYLINE
  5
A55
  8
PACKAGE_GEOMETRY_SILKSCREE
 66
     1
 10
0.0
 20
0.0
 30
0.0
 40
0.1524
 41
0.1524
  0
VERTEX
  5
F136
  8
PACKAGE_GEOMETRY_SILKSCREE
 10
57.29224
 20
10.035285999999999
 30
0.0
  0
VERTEX
  5
F137
  8
PACKAGE_GEOMETRY_SILKSCREE
 10
59.54369599999999
 20
10.035285999999999
 30
0.0
  0
SEQEND
  5
F138
  8
PACKAGE_GEOMETRY_SILKSCREE
  0
POLYLINE
  5
A59
  8
PIN_TOP
 66
     1
 10
0.0
 20
0.0
 30
0.0
 70
     1
  0
VERTEX
  5
F139
  8
PIN_TOP
 10
52.46116
 20
14.7447
 30
0.0
  0
VERTEX
  5
F13A
  8
PIN_TOP
 10
52.46116
 20
16.751300000000001
 30
0.0
  0
VERTEX
  5
F13B
  8
PIN_TOP
 10
53.07076
 20
16.751300000000001
 30
0.0
  0
VERTEX
  5
F13C
  8
PIN_TOP
 10
53.07076
 20
14.7447
 30
0.0
  0
SEQEND
  5
F13D
  8
PIN_TOP
  0
POLYLINE
  5
A5F
  8
PIN_TOP
 66
     1
 10
0.0
 20
0.0
 30
0.0
 70
     1
  0
VERTEX
  5
F13E
  8
PIN_TOP
 10
50.561239999999998
 20
14.7447
 30
0.0
  0
VERTEX
  5
F13F
  8
PIN_TOP
 10
50.561239999999998
 20
16.751300000000001
 30
0.0
  0
VERTEX
  5
F140
  8
PIN_TOP
 10
51.170840000000013
 20
16.751300000000001
 30
0.0
  0
VERTEX
  5
F141
  8
PIN_TOP
 10
51.170840000000013
 20
14.7447
 30
0.0
  0
SEQEND
  5
F142
  8
PIN_TOP
  0
POLYLINE
  5
A65
  8
PACKAGE_GEOMETRY_SILKSCREE
 66
     1
 10
0.0
 20
0.0
 30
0.0
 40
0.1524
 41
0.1524
  0
VERTEX
  5
F143
  8
PACKAGE_GEOMETRY_SILKSCREE
 10
50.416713999999999
 20
16.897096000000001
 30
0.0
  0
VERTEX
  5
F144
  8
PACKAGE_GEOMETRY_SILKSCREE
 10
53.221128
 20
16.897096000000001
 30
0.0
  0
SEQEND
  5
F145
  8
PACKAGE_GEOMETRY_SILKSCREE
  0
POLYLINE
  5
A69
  8
PACKAGE_GEOMETRY_SILKSCREE
 66
     1
 10
0.0
 20
0.0
 30
0.0
 40
0.1524
 41
0.1524
  0
VERTEX
  5
F146
  8
PACKAGE_GEOMETRY_SILKSCREE
 10
53.221128
 20
16.871696
 30
0.0
  0
VERTEX
  5
F147
  8
PACKAGE_GEOMETRY_SILKSCREE
 10
53.221128
 20
14.620240000000001
 30
0.0
  0
SEQEND
  5
F148
  8
PACKAGE_GEOMETRY_SILKSCREE
  0
POLYLINE
  5
A6D
  8
PACKAGE_GEOMETRY_SILKSCREE
 66
     1
 10
0.0
 20
0.0
 30
0.0
 40
0.1524
 41
0.1524
  0
VERTEX
  5
F149
  8
PACKAGE_GEOMETRY_SILKSCREE
 10
53.221128
 20
14.56944
 30
0.0
  0
VERTEX
  5
F14A
  8
PACKAGE_GEOMETRY_SILKSCREE
 10
50.416713999999999
 20
14.56944
 30
0.0
  0
SEQEND
  5
F14B
  8
PACKAGE_GEOMETRY_SILKSCREE
  0
POLYLINE
  5
A71
  8
PACKAGE_GEOMETRY_SILKSCREE
 66
     1
 10
0.0
 20
0.0
 30
0.0
 40
0.1524
 41
0.1524
  0
VERTEX
  5
F14C
  8
PACKAGE_GEOMETRY_SILKSCREE
 10
50.416713999999999
 20
14.620240000000001
 30
0.0
  0
VERTEX
  5
F14D
  8
PACKAGE_GEOMETRY_SILKSCREE
 10
50.416713999999999
 20
16.871696
 30
0.0
  0
SEQEND
  5
F14E
  8
PACKAGE_GEOMETRY_SILKSCREE
  0
POLYLINE
  5
A75
  8
PIN_TOP
 66
     1
 10
0.0
 20
0.0
 30
0.0
 70
     1
  0
VERTEX
  5
F14F
  8
PIN_TOP
 10
57.010300000000001
 20
22.260560000000002
 30
0.0
  0
VERTEX
  5
F150
  8
PIN_TOP
 10
55.003700000000002
 20
22.260560000000002
 30
0.0
  0
VERTEX
  5
F151
  8
PIN_TOP
 10
55.003700000000002
 20
22.870159999999998
 30
0.0
  0
VERTEX
  5
F152
  8
PIN_TOP
 10
57.010300000000001
 20
22.870159999999998
 30
0.0
  0
SEQEND
  5
F153
  8
PIN_TOP
  0
POLYLINE
  5
A7B
  8
PIN_TOP
 66
     1
 10
0.0
 20
0.0
 30
0.0
 70
     1
  0
VERTEX
  5
F154
  8
PIN_TOP
 10
57.010300000000001
 20
20.36064
 30
0.0
  0
VERTEX
  5
F155
  8
PIN_TOP
 10
55.003700000000002
 20
20.36064
 30
0.0
  0
VERTEX
  5
F156
  8
PIN_TOP
 10
55.003700000000002
 20
20.97024
 30
0.0
  0
VERTEX
  5
F157
  8
PIN_TOP
 10
57.010300000000001
 20
20.97024
 30
0.0
  0
SEQEND
  5
F158
  8
PIN_TOP
  0
POLYLINE
  5
A81
  8
PACKAGE_GEOMETRY_SILKSCREE
 66
     1
 10
0.0
 20
0.0
 30
0.0
 40
0.1524
 41
0.1524
  0
VERTEX
  5
F159
  8
PACKAGE_GEOMETRY_SILKSCREE
 10
54.857903999999991
 20
20.216114000000001
 30
0.0
  0
VERTEX
  5
F15A
  8
PACKAGE_GEOMETRY_SILKSCREE
 10
54.857903999999991
 20
23.020527999999999
 30
0.0
  0
SEQEND
  5
F15B
  8
PACKAGE_GEOMETRY_SILKSCREE
  0
POLYLINE
  5
A85
  8
PACKAGE_GEOMETRY_SILKSCREE
 66
     1
 10
0.0
 20
0.0
 30
0.0
 40
0.1524
 41
0.1524
  0
VERTEX
  5
F15C
  8
PACKAGE_GEOMETRY_SILKSCREE
 10
54.883304000000003
 20
23.020527999999999
 30
0.0
  0
VERTEX
  5
F15D
  8
PACKAGE_GEOMETRY_SILKSCREE
 10
57.134759999999993
 20
23.020527999999999
 30
0.0
  0
SEQEND
  5
F15E
  8
PACKAGE_GEOMETRY_SILKSCREE
  0
POLYLINE
  5
A89
  8
PACKAGE_GEOMETRY_SILKSCREE
 66
     1
 10
0.0
 20
0.0
 30
0.0
 40
0.1524
 41
0.1524
  0
VERTEX
  5
F15F
  8
PACKAGE_GEOMETRY_SILKSCREE
 10
57.185559999999988
 20
23.020527999999999
 30
0.0
  0
VERTEX
  5
F160
  8
PACKAGE_GEOMETRY_SILKSCREE
 10
57.185559999999988
 20
20.216114000000001
 30
0.0
  0
SEQEND
  5
F161
  8
PACKAGE_GEOMETRY_SILKSCREE
  0
POLYLINE
  5
A8D
  8
PACKAGE_GEOMETRY_SILKSCREE
 66
     1
 10
0.0
 20
0.0
 30
0.0
 40
0.1524
 41
0.1524
  0
VERTEX
  5
F162
  8
PACKAGE_GEOMETRY_SILKSCREE
 10
57.134759999999993
 20
20.216114000000001
 30
0.0
  0
VERTEX
  5
F163
  8
PACKAGE_GEOMETRY_SILKSCREE
 10
54.883304000000003
 20
20.216114000000001
 30
0.0
  0
SEQEND
  5
F164
  8
PACKAGE_GEOMETRY_SILKSCREE
  0
POLYLINE
  5
A91
  8
PIN_TOP
 66
     1
 10
0.0
 20
0.0
 30
0.0
 70
     1
  0
VERTEX
  5
F165
  8
PIN_TOP
 10
52.46116
 20
12.204700000000001
 30
0.0
  0
VERTEX
  5
F166
  8
PIN_TOP
 10
52.46116
 20
14.2113
 30
0.0
  0
VERTEX
  5
F167
  8
PIN_TOP
 10
53.07076
 20
14.2113
 30
0.0
  0
VERTEX
  5
F168
  8
PIN_TOP
 10
53.07076
 20
12.204700000000001
 30
0.0
  0
SEQEND
  5
F169
  8
PIN_TOP
  0
POLYLINE
  5
A97
  8
PIN_TOP
 66
     1
 10
0.0
 20
0.0
 30
0.0
 70
     1
  0
VERTEX
  5
F16A
  8
PIN_TOP
 10
50.561239999999998
 20
12.204700000000001
 30
0.0
  0
VERTEX
  5
F16B
  8
PIN_TOP
 10
50.561239999999998
 20
14.2113
 30
0.0
  0
VERTEX
  5
F16C
  8
PIN_TOP
 10
51.170840000000013
 20
14.2113
 30
0.0
  0
VERTEX
  5
F16D
  8
PIN_TOP
 10
51.170840000000013
 20
12.204700000000001
 30
0.0
  0
SEQEND
  5
F16E
  8
PIN_TOP
  0
POLYLINE
  5
A9D
  8
PACKAGE_GEOMETRY_SILKSCREE
 66
     1
 10
0.0
 20
0.0
 30
0.0
 40
0.1524
 41
0.1524
  0
VERTEX
  5
F16F
  8
PACKAGE_GEOMETRY_SILKSCREE
 10
50.416713999999999
 20
14.357096
 30
0.0
  0
VERTEX
  5
F170
  8
PACKAGE_GEOMETRY_SILKSCREE
 10
53.221128
 20
14.357096
 30
0.0
  0
SEQEND
  5
F171
  8
PACKAGE_GEOMETRY_SILKSCREE
  0
POLYLINE
  5
AA1
  8
PACKAGE_GEOMETRY_SILKSCREE
 66
     1
 10
0.0
 20
0.0
 30
0.0
 40
0.1524
 41
0.1524
  0
VERTEX
  5
F172
  8
PACKAGE_GEOMETRY_SILKSCREE
 10
53.221128
 20
14.331696000000001
 30
0.0
  0
VERTEX
  5
F173
  8
PACKAGE_GEOMETRY_SILKSCREE
 10
53.221128
 20
12.08024
 30
0.0
  0
SEQEND
  5
F174
  8
PACKAGE_GEOMETRY_SILKSCREE
  0
POLYLINE
  5
AA5
  8
PACKAGE_GEOMETRY_SILKSCREE
 66
     1
 10
0.0
 20
0.0
 30
0.0
 40
0.1524
 41
0.1524
  0
VERTEX
  5
F175
  8
PACKAGE_GEOMETRY_SILKSCREE
 10
53.221128
 20
12.029439999999999
 30
0.0
  0
VERTEX
  5
F176
  8
PACKAGE_GEOMETRY_SILKSCREE
 10
50.416713999999999
 20
12.029439999999999
 30
0.0
  0
SEQEND
  5
F177
  8
PACKAGE_GEOMETRY_SILKSCREE
  0
POLYLINE
  5
AA9
  8
PACKAGE_GEOMETRY_SILKSCREE
 66
     1
 10
0.0
 20
0.0
 30
0.0
 40
0.1524
 41
0.1524
  0
VERTEX
  5
F178
  8
PACKAGE_GEOMETRY_SILKSCREE
 10
50.416713999999999
 20
12.08024
 30
0.0
  0
VERTEX
  5
F179
  8
PACKAGE_GEOMETRY_SILKSCREE
 10
50.416713999999999
 20
14.331696000000001
 30
0.0
  0
SEQEND
  5
F17A
  8
PACKAGE_GEOMETRY_SILKSCREE
  0
POLYLINE
  5
AAD
  8
PIN_TOP
 66
     1
 10
0.0
 20
0.0
 30
0.0
 70
     1
  0
VERTEX
  5
F17B
  8
PIN_TOP
 10
17.007840000000002
 20
8.7502999999999975
 30
0.0
  0
VERTEX
  5
F17C
  8
PIN_TOP
 10
17.007840000000002
 20
6.7436999999999987
 30
0.0
  0
VERTEX
  5
F17D
  8
PIN_TOP
 10
16.398240000000001
 20
6.7436999999999987
 30
0.0
  0
VERTEX
  5
F17E
  8
PIN_TOP
 10
16.398240000000001
 20
8.7502999999999975
 30
0.0
  0
SEQEND
  5
F17F
  8
PIN_TOP
  0
POLYLINE
  5
AB3
  8
PIN_TOP
 66
     1
 10
0.0
 20
0.0
 30
0.0
 70
     1
  0
VERTEX
  5
F180
  8
PIN_TOP
 10
18.90776
 20
8.7502999999999975
 30
0.0
  0
VERTEX
  5
F181
  8
PIN_TOP
 10
18.90776
 20
6.7436999999999987
 30
0.0
  0
VERTEX
  5
F182
  8
PIN_TOP
 10
18.298159999999999
 20
6.7436999999999987
 30
0.0
  0
VERTEX
  5
F183
  8
PIN_TOP
 10
18.298159999999999
 20
8.7502999999999975
 30
0.0
  0
SEQEND
  5
F184
  8
PIN_TOP
  0
POLYLINE
  5
AB9
  8
PACKAGE_GEOMETRY_SILKSCREE
 66
     1
 10
0.0
 20
0.0
 30
0.0
 40
0.1524
 41
0.1524
  0
VERTEX
  5
F185
  8
PACKAGE_GEOMETRY_SILKSCREE
 10
19.052285999999999
 20
6.597903999999998
 30
0.0
  0
VERTEX
  5
F186
  8
PACKAGE_GEOMETRY_SILKSCREE
 10
16.247872000000001
 20
6.597903999999998
 30
0.0
  0
SEQEND
  5
F187
  8
PACKAGE_GEOMETRY_SILKSCREE
  0
POLYLINE
  5
ABD
  8
PACKAGE_GEOMETRY_SILKSCREE
 66
     1
 10
0.0
 20
0.0
 30
0.0
 40
0.1524
 41
0.1524
  0
VERTEX
  5
F188
  8
PACKAGE_GEOMETRY_SILKSCREE
 10
16.247872000000001
 20
6.6233039999999992
 30
0.0
  0
VERTEX
  5
F189
  8
PACKAGE_GEOMETRY_SILKSCREE
 10
16.247872000000001
 20
8.8747600000000002
 30
0.0
  0
SEQEND
  5
F18A
  8
PACKAGE_GEOMETRY_SILKSCREE
  0
POLYLINE
  5
AC1
  8
PACKAGE_GEOMETRY_SILKSCREE
 66
     1
 10
0.0
 20
0.0
 30
0.0
 40
0.1524
 41
0.1524
  0
VERTEX
  5
F18B
  8
PACKAGE_GEOMETRY_SILKSCREE
 10
16.247872000000001
 20
8.9255600000000008
 30
0.0
  0
VERTEX
  5
F18C
  8
PACKAGE_GEOMETRY_SILKSCREE
 10
19.052285999999999
 20
8.9255600000000008
 30
0.0
  0
SEQEND
  5
F18D
  8
PACKAGE_GEOMETRY_SILKSCREE
  0
POLYLINE
  5
AC5
  8
PACKAGE_GEOMETRY_SILKSCREE
 66
     1
 10
0.0
 20
0.0
 30
0.0
 40
0.1524
 41
0.1524
  0
VERTEX
  5
F18E
  8
PACKAGE_GEOMETRY_SILKSCREE
 10
19.052285999999999
 20
8.8747600000000002
 30
0.0
  0
VERTEX
  5
F18F
  8
PACKAGE_GEOMETRY_SILKSCREE
 10
19.052285999999999
 20
6.6233039999999992
 30
0.0
  0
SEQEND
  5
F190
  8
PACKAGE_GEOMETRY_SILKSCREE
  0
POLYLINE
  5
AC9
  8
PIN_TOP
 66
     1
 10
0.0
 20
0.0
 30
0.0
 70
     1
  0
VERTEX
  5
F191
  8
PIN_TOP
 10
62.610999999999983
 20
7.8549499999999988
 30
0.0
  0
VERTEX
  5
F192
  8
PIN_TOP
 10
62.103000000000002
 20
7.8549499999999988
 30
0.0
  0
VERTEX
  5
F193
  8
PIN_TOP
 10
62.103000000000002
 20
8.3629499999999979
 30
0.0
  0
VERTEX
  5
F194
  8
PIN_TOP
 10
62.610999999999983
 20
8.3629499999999979
 30
0.0
  0
SEQEND
  5
F195
  8
PIN_TOP
  0
POLYLINE
  5
ACF
  8
PIN_TOP
 66
     1
 10
0.0
 20
0.0
 30
0.0
 70
     1
  0
VERTEX
  5
F196
  8
PIN_TOP
 10
62.610999999999983
 20
8.6550499999999992
 30
0.0
  0
VERTEX
  5
F197
  8
PIN_TOP
 10
62.103000000000002
 20
8.6550499999999992
 30
0.0
  0
VERTEX
  5
F198
  8
PIN_TOP
 10
62.103000000000002
 20
9.1630500000000001
 30
0.0
  0
VERTEX
  5
F199
  8
PIN_TOP
 10
62.610999999999983
 20
9.1630500000000001
 30
0.0
  0
SEQEND
  5
F19A
  8
PIN_TOP
  0
POLYLINE
  5
AD5
  8
PACKAGE_GEOMETRY_SILKSCREE
 66
     1
 10
0.0
 20
0.0
 30
0.0
 40
0.1524
 41
0.1524
  0
VERTEX
  5
F19B
  8
PACKAGE_GEOMETRY_SILKSCREE
 10
61.956949999999999
 20
7.7088999999999981
 30
0.0
  0
VERTEX
  5
F19C
  8
PACKAGE_GEOMETRY_SILKSCREE
 10
61.956949999999999
 20
9.3091000000000008
 30
0.0
  0
SEQEND
  5
F19D
  8
PACKAGE_GEOMETRY_SILKSCREE
  0
POLYLINE
  5
AD9
  8
PACKAGE_GEOMETRY_SILKSCREE
 66
     1
 10
0.0
 20
0.0
 30
0.0
 40
0.1524
 41
0.1524
  0
VERTEX
  5
F19E
  8
PACKAGE_GEOMETRY_SILKSCREE
 10
61.956949999999999
 20
9.3091000000000008
 30
0.0
  0
VERTEX
  5
F19F
  8
PACKAGE_GEOMETRY_SILKSCREE
 10
62.75705
 20
9.3091000000000008
 30
0.0
  0
SEQEND
  5
F1A0
  8
PACKAGE_GEOMETRY_SILKSCREE
  0
POLYLINE
  5
ADD
  8
PACKAGE_GEOMETRY_SILKSCREE
 66
     1
 10
0.0
 20
0.0
 30
0.0
 40
0.1524
 41
0.1524
  0
VERTEX
  5
F1A1
  8
PACKAGE_GEOMETRY_SILKSCREE
 10
62.75705
 20
9.3091000000000008
 30
0.0
  0
VERTEX
  5
F1A2
  8
PACKAGE_GEOMETRY_SILKSCREE
 10
62.75705
 20
7.7088999999999981
 30
0.0
  0
SEQEND
  5
F1A3
  8
PACKAGE_GEOMETRY_SILKSCREE
  0
POLYLINE
  5
AE1
  8
PACKAGE_GEOMETRY_SILKSCREE
 66
     1
 10
0.0
 20
0.0
 30
0.0
 40
0.1524
 41
0.1524
  0
VERTEX
  5
F1A4
  8
PACKAGE_GEOMETRY_SILKSCREE
 10
62.75705
 20
7.7088999999999981
 30
0.0
  0
VERTEX
  5
F1A5
  8
PACKAGE_GEOMETRY_SILKSCREE
 10
61.956949999999999
 20
7.7088999999999981
 30
0.0
  0
SEQEND
  5
F1A6
  8
PACKAGE_GEOMETRY_SILKSCREE
  0
POLYLINE
  5
AE5
  8
PIN_TOP
 66
     1
 10
0.0
 20
0.0
 30
0.0
 70
     1
  0
VERTEX
  5
F1A7
  8
PIN_TOP
 10
49.744376000000003
 20
7.6835000000000004
 30
0.0
  0
VERTEX
  5
F1A8
  8
PIN_TOP
 10
49.744376000000003
 20
8.5724999999999998
 30
0.0
  0
VERTEX
  5
F1A9
  8
PIN_TOP
 10
50.455576000000001
 20
8.5724999999999998
 30
0.0
  0
VERTEX
  5
F1AA
  8
PIN_TOP
 10
50.455576000000001
 20
7.6835000000000004
 30
0.0
  0
SEQEND
  5
F1AB
  8
PIN_TOP
  0
POLYLINE
  5
AEB
  8
PIN_TOP
 66
     1
 10
0.0
 20
0.0
 30
0.0
 70
     1
  0
VERTEX
  5
F1AC
  8
PIN_TOP
 10
51.144424000000001
 20
7.6835000000000004
 30
0.0
  0
VERTEX
  5
F1AD
  8
PIN_TOP
 10
51.144424000000001
 20
8.5724999999999998
 30
0.0
  0
VERTEX
  5
F1AE
  8
PIN_TOP
 10
51.855623999999999
 20
8.5724999999999998
 30
0.0
  0
VERTEX
  5
F1AF
  8
PIN_TOP
 10
51.855623999999999
 20
7.6835000000000004
 30
0.0
  0
SEQEND
  5
F1B0
  8
PIN_TOP
  0
POLYLINE
  5
AF1
  8
PACKAGE_GEOMETRY_SILKSCREE
 66
     1
 10
0.0
 20
0.0
 30
0.0
 40
0.1524
 41
0.1524
  0
VERTEX
  5
F1B1
  8
PACKAGE_GEOMETRY_SILKSCREE
 10
49.60010399999998
 20
8.7279479999999978
 30
0.0
  0
VERTEX
  5
F1B2
  8
PACKAGE_GEOMETRY_SILKSCREE
 10
51.999896
 20
8.7279479999999978
 30
0.0
  0
SEQEND
  5
F1B3
  8
PACKAGE_GEOMETRY_SILKSCREE
  0
POLYLINE
  5
AF5
  8
PACKAGE_GEOMETRY_SILKSCREE
 66
     1
 10
0.0
 20
0.0
 30
0.0
 40
0.1524
 41
0.1524
  0
VERTEX
  5
F1B4
  8
PACKAGE_GEOMETRY_SILKSCREE
 10
51.999896
 20
8.7279479999999978
 30
0.0
  0
VERTEX
  5
F1B5
  8
PACKAGE_GEOMETRY_SILKSCREE
 10
51.999896
 20
7.5280519999999971
 30
0.0
  0
SEQEND
  5
F1B6
  8
PACKAGE_GEOMETRY_SILKSCREE
  0
POLYLINE
  5
AF9
  8
PACKAGE_GEOMETRY_SILKSCREE
 66
     1
 10
0.0
 20
0.0
 30
0.0
 40
0.1524
 41
0.1524
  0
VERTEX
  5
F1B7
  8
PACKAGE_GEOMETRY_SILKSCREE
 10
51.999896
 20
7.5280519999999971
 30
0.0
  0
VERTEX
  5
F1B8
  8
PACKAGE_GEOMETRY_SILKSCREE
 10
49.60010399999998
 20
7.5280519999999971
 30
0.0
  0
SEQEND
  5
F1B9
  8
PACKAGE_GEOMETRY_SILKSCREE
  0
POLYLINE
  5
AFD
  8
PACKAGE_GEOMETRY_SILKSCREE
 66
     1
 10
0.0
 20
0.0
 30
0.0
 40
0.1524
 41
0.1524
  0
VERTEX
  5
F1BA
  8
PACKAGE_GEOMETRY_SILKSCREE
 10
49.60010399999998
 20
7.5280519999999971
 30
0.0
  0
VERTEX
  5
F1BB
  8
PACKAGE_GEOMETRY_SILKSCREE
 10
49.60010399999998
 20
8.7279479999999978
 30
0.0
  0
SEQEND
  5
F1BC
  8
PACKAGE_GEOMETRY_SILKSCREE
  0
POLYLINE
  5
B01
  8
PIN_TOP
 66
     1
 10
0.0
 20
0.0
 30
0.0
 70
     1
  0
VERTEX
  5
F1BD
  8
PIN_TOP
 10
3.1353759999999991
 20
7.9375
 30
0.0
  0
VERTEX
  5
F1BE
  8
PIN_TOP
 10
3.1353759999999991
 20
8.8264999999999976
 30
0.0
  0
VERTEX
  5
F1BF
  8
PIN_TOP
 10
3.8465760000000002
 20
8.8264999999999976
 30
0.0
  0
VERTEX
  5
F1C0
  8
PIN_TOP
 10
3.8465760000000002
 20
7.9375
 30
0.0
  0
SEQEND
  5
F1C1
  8
PIN_TOP
  0
POLYLINE
  5
B07
  8
PIN_TOP
 66
     1
 10
0.0
 20
0.0
 30
0.0
 70
     1
  0
VERTEX
  5
F1C2
  8
PIN_TOP
 10
4.535423999999999
 20
7.9375
 30
0.0
  0
VERTEX
  5
F1C3
  8
PIN_TOP
 10
4.535423999999999
 20
8.8264999999999976
 30
0.0
  0
VERTEX
  5
F1C4
  8
PIN_TOP
 10
5.246623999999998
 20
8.8264999999999976
 30
0.0
  0
VERTEX
  5
F1C5
  8
PIN_TOP
 10
5.246623999999998
 20
7.9375
 30
0.0
  0
SEQEND
  5
F1C6
  8
PIN_TOP
  0
POLYLINE
  5
B0D
  8
PACKAGE_GEOMETRY_SILKSCREE
 66
     1
 10
0.0
 20
0.0
 30
0.0
 40
0.1524
 41
0.1524
  0
VERTEX
  5
F1C7
  8
PACKAGE_GEOMETRY_SILKSCREE
 10
2.9911039999999991
 20
8.9819479999999992
 30
0.0
  0
VERTEX
  5
F1C8
  8
PACKAGE_GEOMETRY_SILKSCREE
 10
5.3908959999999979
 20
8.9819479999999992
 30
0.0
  0
SEQEND
  5
F1C9
  8
PACKAGE_GEOMETRY_SILKSCREE
  0
POLYLINE
  5
B11
  8
PACKAGE_GEOMETRY_SILKSCREE
 66
     1
 10
0.0
 20
0.0
 30
0.0
 40
0.1524
 41
0.1524
  0
VERTEX
  5
F1CA
  8
PACKAGE_GEOMETRY_SILKSCREE
 10
5.3908959999999979
 20
8.9819479999999992
 30
0.0
  0
VERTEX
  5
F1CB
  8
PACKAGE_GEOMETRY_SILKSCREE
 10
5.3908959999999979
 20
7.7820520000000002
 30
0.0
  0
SEQEND
  5
F1CC
  8
PACKAGE_GEOMETRY_SILKSCREE
  0
POLYLINE
  5
B15
  8
PACKAGE_GEOMETRY_SILKSCREE
 66
     1
 10
0.0
 20
0.0
 30
0.0
 40
0.1524
 41
0.1524
  0
VERTEX
  5
F1CD
  8
PACKAGE_GEOMETRY_SILKSCREE
 10
5.3908959999999979
 20
7.7820520000000002
 30
0.0
  0
VERTEX
  5
F1CE
  8
PACKAGE_GEOMETRY_SILKSCREE
 10
2.9911039999999991
 20
7.7820520000000002
 30
0.0
  0
SEQEND
  5
F1CF
  8
PACKAGE_GEOMETRY_SILKSCREE
  0
POLYLINE
  5
B19
  8
PACKAGE_GEOMETRY_SILKSCREE
 66
     1
 10
0.0
 20
0.0
 30
0.0
 40
0.1524
 41
0.1524
  0
VERTEX
  5
F1D0
  8
PACKAGE_GEOMETRY_SILKSCREE
 10
2.9911039999999991
 20
7.7820520000000002
 30
0.0
  0
VERTEX
  5
F1D1
  8
PACKAGE_GEOMETRY_SILKSCREE
 10
2.9911039999999991
 20
8.9819479999999992
 30
0.0
  0
SEQEND
  5
F1D2
  8
PACKAGE_GEOMETRY_SILKSCREE
  0
POLYLINE
  5
B1D
  8
PIN_TOP
 66
     1
 10
0.0
 20
0.0
 30
0.0
 70
     1
  0
VERTEX
  5
F1D3
  8
PIN_TOP
 10
62.8523
 20
21.190204000000001
 30
0.0
  0
VERTEX
  5
F1D4
  8
PIN_TOP
 10
64.1477
 20
21.190204000000001
 30
0.0
  0
VERTEX
  5
F1D5
  8
PIN_TOP
 10
64.1477
 20
20.529803999999999
 30
0.0
  0
VERTEX
  5
F1D6
  8
PIN_TOP
 10
62.8523
 20
20.529803999999999
 30
0.0
  0
SEQEND
  5
F1D7
  8
PIN_TOP
  0
POLYLINE
  5
B23
  8
PIN_TOP
 66
     1
 10
0.0
 20
0.0
 30
0.0
 70
     1
  0
VERTEX
  5
F1D8
  8
PIN_TOP
 10
62.8523
 20
18.840195999999999
 30
0.0
  0
VERTEX
  5
F1D9
  8
PIN_TOP
 10
64.1477
 20
18.840195999999999
 30
0.0
  0
VERTEX
  5
F1DA
  8
PIN_TOP
 10
64.1477
 20
18.179796
 30
0.0
  0
VERTEX
  5
F1DB
  8
PIN_TOP
 10
62.8523
 20
18.179796
 30
0.0
  0
SEQEND
  5
F1DC
  8
PIN_TOP
  0
CIRCLE
  5
B29
  8
PIN_TOP
 10
63.5
 20
19.684999999999999
 30
0.0
 40
0.2794
  0
POLYLINE
  5
B2A
  8
PACKAGE_GEOMETRY_SILKSCREE
 66
     1
 10
0.0
 20
0.0
 30
0.0
 40
0.199898
 41
0.199898
  0
VERTEX
  5
F1DD
  8
PACKAGE_GEOMETRY_SILKSCREE
 10
63.525399999999998
 20
21.772625999999999
 30
0.0
  0
VERTEX
  5
F1DE
  8
PACKAGE_GEOMETRY_SILKSCREE
 10
63.775335999999989
 20
22.272497999999999
 30
0.0
  0
VERTEX
  5
F1DF
  8
PACKAGE_GEOMETRY_SILKSCREE
 10
63.275463999999999
 20
22.272497999999999
 30
0.0
  0
VERTEX
  5
F1E0
  8
PACKAGE_GEOMETRY_SILKSCREE
 10
63.525399999999998
 20
21.772625999999999
 30
0.0
  0
VERTEX
  5
F1E1
  8
PACKAGE_GEOMETRY_SILKSCREE
 10
63.525399999999998
 20
22.172675999999999
 30
0.0
  0
SEQEND
  5
F1E2
  8
PACKAGE_GEOMETRY_SILKSCREE
  0
POLYLINE
  5
B31
  8
PACKAGE_GEOMETRY_SILKSCREE
 66
     1
 10
0.0
 20
0.0
 30
0.0
 40
0.1524
 41
0.1524
  0
VERTEX
  5
F1E3
  8
PACKAGE_GEOMETRY_SILKSCREE
 10
64.3001
 20
21.459952000000001
 30
0.0
  0
VERTEX
  5
F1E4
  8
PACKAGE_GEOMETRY_SILKSCREE
 10
64.3001
 20
17.96008599999999
 30
0.0
  0
SEQEND
  5
F1E5
  8
PACKAGE_GEOMETRY_SILKSCREE
  0
POLYLINE
  5
B35
  8
PACKAGE_GEOMETRY_SILKSCREE
 66
     1
 10
0.0
 20
0.0
 30
0.0
 40
0.1524
 41
0.1524
  0
VERTEX
  5
F1E6
  8
PACKAGE_GEOMETRY_SILKSCREE
 10
64.3001
 20
17.96008599999999
 30
0.0
  0
VERTEX
  5
F1E7
  8
PACKAGE_GEOMETRY_SILKSCREE
 10
62.699899999999992
 20
17.96008599999999
 30
0.0
  0
SEQEND
  5
F1E8
  8
PACKAGE_GEOMETRY_SILKSCREE
  0
POLYLINE
  5
B39
  8
PACKAGE_GEOMETRY_SILKSCREE
 66
     1
 10
0.0
 20
0.0
 30
0.0
 40
0.1524
 41
0.1524
  0
VERTEX
  5
F1E9
  8
PACKAGE_GEOMETRY_SILKSCREE
 10
62.699899999999992
 20
17.96008599999999
 30
0.0
  0
VERTEX
  5
F1EA
  8
PACKAGE_GEOMETRY_SILKSCREE
 10
62.699899999999992
 20
21.459952000000001
 30
0.0
  0
SEQEND
  5
F1EB
  8
PACKAGE_GEOMETRY_SILKSCREE
  0
POLYLINE
  5
B3D
  8
PACKAGE_GEOMETRY_SILKSCREE
 66
     1
 10
0.0
 20
0.0
 30
0.0
 40
0.1524
 41
0.1524
  0
VERTEX
  5
F1EC
  8
PACKAGE_GEOMETRY_SILKSCREE
 10
62.699899999999992
 20
21.459952000000001
 30
0.0
  0
VERTEX
  5
F1ED
  8
PACKAGE_GEOMETRY_SILKSCREE
 10
64.3001
 20
21.459952000000001
 30
0.0
  0
SEQEND
  5
F1EE
  8
PACKAGE_GEOMETRY_SILKSCREE
  0
POLYLINE
  5
B41
  8
PIN_TOP
 66
     1
 10
0.0
 20
0.0
 30
0.0
 70
     1
  0
VERTEX
  5
F1EF
  8
PIN_TOP
 10
2.7111959999999979
 20
9.3583759999999998
 30
0.0
  0
VERTEX
  5
F1F0
  8
PIN_TOP
 10
0.501396
 20
9.3583759999999998
 30
0.0
  0
VERTEX
  5
F1F1
  8
PIN_TOP
 10
0.501396
 20
10.145776
 30
0.0
  0
VERTEX
  5
F1F2
  8
PIN_TOP
 10
2.7111959999999979
 20
10.145776
 30
0.0
  0
SEQEND
  5
F1F3
  8
PIN_TOP
  0
POLYLINE
  5
B47
  8
PIN_TOP
 66
     1
 10
0.0
 20
0.0
 30
0.0
 70
     1
  0
VERTEX
  5
F1F4
  8
PIN_TOP
 10
3.6271199999999988
 20
10.606786
 30
0.0
  0
VERTEX
  5
F1F5
  8
PIN_TOP
 10
2.5857199999999989
 20
10.606786
 30
0.0
  0
VERTEX
  5
F1F6
  8
PIN_TOP
 10
2.5857199999999989
 20
11.597386
 30
0.0
  0
VERTEX
  5
F1F7
  8
PIN_TOP
 10
3.6271199999999988
 20
11.597386
 30
0.0
  0
SEQEND
  5
F1F8
  8
PIN_TOP
  0
POLYLINE
  5
B4D
  8
PIN_TOP
 66
     1
 10
0.0
 20
0.0
 30
0.0
 70
     1
  0
VERTEX
  5
F1F9
  8
PIN_TOP
 10
2.7111959999999979
 20
12.058396
 30
0.0
  0
VERTEX
  5
F1FA
  8
PIN_TOP
 10
0.501396
 20
12.058396
 30
0.0
  0
VERTEX
  5
F1FB
  8
PIN_TOP
 10
0.501396
 20
12.845796
 30
0.0
  0
VERTEX
  5
F1FC
  8
PIN_TOP
 10
2.7111959999999979
 20
12.845796
 30
0.0
  0
SEQEND
  5
F1FD
  8
PIN_TOP
  0
POLYLINE
  5
B53
  8
PACKAGE_GEOMETRY_SILKSCREE
 66
     1
 10
0.0
 20
0.0
 30
0.0
 40
0.199898
 41
0.199898
  0
VERTEX
  5
F1FE
  8
PACKAGE_GEOMETRY_SILKSCREE
 10
1.593595999999998
 20
8.9382600000000014
 30
0.0
  0
VERTEX
  5
F1FF
  8
PACKAGE_GEOMETRY_SILKSCREE
 10
1.3436600000000001
 20
8.4383879999999998
 30
0.0
  0
VERTEX
  5
F200
  8
PACKAGE_GEOMETRY_SILKSCREE
 10
1.8435319999999991
 20
8.4383879999999998
 30
0.0
  0
VERTEX
  5
F201
  8
PACKAGE_GEOMETRY_SILKSCREE
 10
1.593595999999998
 20
8.9382600000000014
 30
0.0
  0
VERTEX
  5
F202
  8
PACKAGE_GEOMETRY_SILKSCREE
 10
1.593595999999998
 20
8.5382100000000012
 30
0.0
  0
SEQEND
  5
F203
  8
PACKAGE_GEOMETRY_SILKSCREE
  0
POLYLINE
  5
B5A
  8
PACKAGE_GEOMETRY_SILKSCREE
 66
     1
 10
0.0
 20
0.0
 30
0.0
 40
0.1524
 41
0.1524
  0
VERTEX
  5
F204
  8
PACKAGE_GEOMETRY_SILKSCREE
 10
2.9062679999999981
 20
9.8021139999999995
 30
0.0
  0
VERTEX
  5
F205
  8
PACKAGE_GEOMETRY_SILKSCREE
 10
2.9062679999999981
 20
10.451338
 30
0.0
  0
SEQEND
  5
F206
  8
PACKAGE_GEOMETRY_SILKSCREE
  0
POLYLINE
  5
B5E
  8
PACKAGE_GEOMETRY_SILKSCREE
 66
     1
 10
0.0
 20
0.0
 30
0.0
 40
0.1524
 41
0.1524
  0
VERTEX
  5
F207
  8
PACKAGE_GEOMETRY_SILKSCREE
 10
2.9062679999999981
 20
12.402058
 30
0.0
  0
VERTEX
  5
F208
  8
PACKAGE_GEOMETRY_SILKSCREE
 10
2.9062679999999981
 20
11.752072
 30
0.0
  0
SEQEND
  5
F209
  8
PACKAGE_GEOMETRY_SILKSCREE
  0
POLYLINE
  5
B62
  8
PACKAGE_GEOMETRY_SILKSCREE
 66
     1
 10
0.0
 20
0.0
 30
0.0
 40
0.1524
 41
0.1524
  0
VERTEX
  5
F20A
  8
PACKAGE_GEOMETRY_SILKSCREE
 10
2.9062679999999981
 20
12.402058
 30
0.0
  0
VERTEX
  5
F20B
  8
PACKAGE_GEOMETRY_SILKSCREE
 10
2.832354
 20
12.402058
 30
0.0
  0
SEQEND
  5
F20C
  8
PACKAGE_GEOMETRY_SILKSCREE
  0
POLYLINE
  5
B66
  8
PACKAGE_GEOMETRY_SILKSCREE
 66
     1
 10
0.0
 20
0.0
 30
0.0
 40
0.1524
 41
0.1524
  0
VERTEX
  5
F20D
  8
PACKAGE_GEOMETRY_SILKSCREE
 10
2.9062679999999981
 20
9.8021139999999995
 30
0.0
  0
VERTEX
  5
F20E
  8
PACKAGE_GEOMETRY_SILKSCREE
 10
2.832354
 20
9.8021139999999995
 30
0.0
  0
SEQEND
  5
F20F
  8
PACKAGE_GEOMETRY_SILKSCREE
  0
POLYLINE
  5
B6A
  8
PACKAGE_GEOMETRY_SILKSCREE
 66
     1
 10
0.0
 20
0.0
 30
0.0
 40
0.1524
 41
0.1524
  0
VERTEX
  5
F210
  8
PACKAGE_GEOMETRY_SILKSCREE
 10
0.306324
 20
12.402058
 30
0.0
  0
VERTEX
  5
F211
  8
PACKAGE_GEOMETRY_SILKSCREE
 10
0.38862
 20
12.402058
 30
0.0
  0
SEQEND
  5
F212
  8
PACKAGE_GEOMETRY_SILKSCREE
  0
POLYLINE
  5
B6E
  8
PACKAGE_GEOMETRY_SILKSCREE
 66
     1
 10
0.0
 20
0.0
 30
0.0
 40
0.1524
 41
0.1524
  0
VERTEX
  5
F213
  8
PACKAGE_GEOMETRY_SILKSCREE
 10
0.306324
 20
9.8021139999999995
 30
0.0
  0
VERTEX
  5
F214
  8
PACKAGE_GEOMETRY_SILKSCREE
 10
0.38862
 20
9.8021139999999995
 30
0.0
  0
SEQEND
  5
F215
  8
PACKAGE_GEOMETRY_SILKSCREE
  0
POLYLINE
  5
B72
  8
PACKAGE_GEOMETRY_SILKSCREE
 66
     1
 10
0.0
 20
0.0
 30
0.0
 40
0.1524
 41
0.1524
  0
VERTEX
  5
F216
  8
PACKAGE_GEOMETRY_SILKSCREE
 10
0.306324
 20
9.8021139999999995
 30
0.0
  0
VERTEX
  5
F217
  8
PACKAGE_GEOMETRY_SILKSCREE
 10
0.306324
 20
12.402058
 30
0.0
  0
SEQEND
  5
F218
  8
PACKAGE_GEOMETRY_SILKSCREE
  0
CIRCLE
  5
B76
  8
PIN_TOP
 10
7.247128
 20
8.8780619999999981
 30
0.0
 40
0.120015
  0
CIRCLE
  5
B77
  8
PIN_TOP
 10
7.7469999999999981
 20
8.8780619999999981
 30
0.0
 40
0.120015
  0
CIRCLE
  5
B78
  8
PIN_TOP
 10
8.2468719999999998
 20
8.8780619999999981
 30
0.0
 40
0.120015
  0
CIRCLE
  5
B79
  8
PIN_TOP
 10
7.247128
 20
8.377936
 30
0.0
 40
0.120015
  0
CIRCLE
  5
B7A
  8
PIN_TOP
 10
7.7469999999999981
 20
8.377936
 30
0.0
 40
0.120015
  0
CIRCLE
  5
B7B
  8
PIN_TOP
 10
8.2468719999999998
 20
8.377936
 30
0.0
 40
0.120015
  0
CIRCLE
  5
B7C
  8
PIN_TOP
 10
7.247128
 20
7.8780640000000002
 30
0.0
 40
0.120015
  0
CIRCLE
  5
B7D
  8
PIN_TOP
 10
7.7469999999999981
 20
7.8780640000000002
 30
0.0
 40
0.120015
  0
CIRCLE
  5
B7E
  8
PIN_TOP
 10
8.2468719999999998
 20
7.8780640000000002
 30
0.0
 40
0.120015
  0
CIRCLE
  5
B7F
  8
PIN_TOP
 10
7.247128
 20
7.3779380000000003
 30
0.0
 40
0.120015
  0
CIRCLE
  5
B80
  8
PIN_TOP
 10
7.7469999999999981
 20
7.3779380000000003
 30
0.0
 40
0.120015
  0
CIRCLE
  5
B81
  8
PIN_TOP
 10
8.2468719999999998
 20
7.3779380000000003
 30
0.0
 40
0.120015
  0
POLYLINE
  5
B82
  8
PACKAGE_GEOMETRY_SILKSCREE
 66
     1
 10
0.0
 20
0.0
 30
0.0
 40
0.1524
 41
0.1524
  0
VERTEX
  5
F219
  8
PACKAGE_GEOMETRY_SILKSCREE
 10
8.3566000000000003
 20
7.086599999999998
 30
0.0
  0
VERTEX
  5
F21A
  8
PACKAGE_GEOMETRY_SILKSCREE
 10
8.5090000000000003
 20
7.2644000000000002
 30
0.0
  0
SEQEND
  5
F21B
  8
PACKAGE_GEOMETRY_SILKSCREE
  0
POLYLINE
  5
B86
  8
PACKAGE_GEOMETRY_SILKSCREE
 66
     1
 10
0.0
 20
0.0
 30
0.0
 40
0.1524
 41
0.1524
  0
VERTEX
  5
F21C
  8
PACKAGE_GEOMETRY_SILKSCREE
 10
8.5153499999999998
 20
6.6710560000000001
 30
0.0
 42
0.99991
  0
VERTEX
  5
F21D
  8
PACKAGE_GEOMETRY_SILKSCREE
 10
8.1158079999999977
 20
6.6710560000000001
 30
0.0
 42
1.000089999999999
  0
VERTEX
  5
F21E
  8
PACKAGE_GEOMETRY_SILKSCREE
 10
8.5153499999999998
 20
6.6710560000000001
 30
0.0
  0
SEQEND
  5
F21F
  8
PACKAGE_GEOMETRY_SILKSCREE
  0
POLYLINE
  5
B8B
  8
PACKAGE_GEOMETRY_SILKSCREE
 66
     1
 10
0.0
 20
0.0
 30
0.0
 40
0.1524
 41
0.1524
  0
VERTEX
  5
F220
  8
PACKAGE_GEOMETRY_SILKSCREE
 10
6.9469000000000003
 20
9.1780360000000005
 30
0.0
  0
VERTEX
  5
F221
  8
PACKAGE_GEOMETRY_SILKSCREE
 10
8.5471000000000004
 20
9.1780360000000005
 30
0.0
  0
SEQEND
  5
F222
  8
PACKAGE_GEOMETRY_SILKSCREE
  0
POLYLINE
  5
B8F
  8
PACKAGE_GEOMETRY_SILKSCREE
 66
     1
 10
0.0
 20
0.0
 30
0.0
 40
0.1524
 41
0.1524
  0
VERTEX
  5
F223
  8
PACKAGE_GEOMETRY_SILKSCREE
 10
6.9469000000000003
 20
7.0779639999999979
 30
0.0
  0
VERTEX
  5
F224
  8
PACKAGE_GEOMETRY_SILKSCREE
 10
6.9469000000000003
 20
9.1780360000000005
 30
0.0
  0
SEQEND
  5
F225
  8
PACKAGE_GEOMETRY_SILKSCREE
  0
POLYLINE
  5
B93
  8
PACKAGE_GEOMETRY_SILKSCREE
 66
     1
 10
0.0
 20
0.0
 30
0.0
 40
0.1524
 41
0.1524
  0
VERTEX
  5
F226
  8
PACKAGE_GEOMETRY_SILKSCREE
 10
8.5443060000000006
 20
7.0779639999999979
 30
0.0
  0
VERTEX
  5
F227
  8
PACKAGE_GEOMETRY_SILKSCREE
 10
6.9469000000000003
 20
7.0779639999999979
 30
0.0
  0
SEQEND
  5
F228
  8
PACKAGE_GEOMETRY_SILKSCREE
  0
POLYLINE
  5
B97
  8
PACKAGE_GEOMETRY_SILKSCREE
 66
     1
 10
0.0
 20
0.0
 30
0.0
 40
0.1524
 41
0.1524
  0
VERTEX
  5
F229
  8
PACKAGE_GEOMETRY_SILKSCREE
 10
8.5471000000000004
 20
7.0807580000000003
 30
0.0
  0
VERTEX
  5
F22A
  8
PACKAGE_GEOMETRY_SILKSCREE
 10
8.5443060000000006
 20
7.0779639999999979
 30
0.0
  0
SEQEND
  5
F22B
  8
PACKAGE_GEOMETRY_SILKSCREE
  0
POLYLINE
  5
B9B
  8
PACKAGE_GEOMETRY_SILKSCREE
 66
     1
 10
0.0
 20
0.0
 30
0.0
 40
0.1524
 41
0.1524
  0
VERTEX
  5
F22C
  8
PACKAGE_GEOMETRY_SILKSCREE
 10
8.5471000000000004
 20
9.1780360000000005
 30
0.0
  0
VERTEX
  5
F22D
  8
PACKAGE_GEOMETRY_SILKSCREE
 10
8.5471000000000004
 20
7.0807580000000003
 30
0.0
  0
SEQEND
  5
F22E
  8
PACKAGE_GEOMETRY_SILKSCREE
  0
POLYLINE
  5
B9F
  8
PIN_TOP
 66
     1
 10
0.0
 20
0.0
 30
0.0
 70
     1
  0
VERTEX
  5
F22F
  8
PIN_TOP
 10
14.120113999999999
 20
5.8000899999999991
 30
0.0
  0
VERTEX
  5
F230
  8
PIN_TOP
 10
14.120113999999999
 20
6.6499740000000003
 30
0.0
  0
VERTEX
  5
F231
  8
PIN_TOP
 10
14.340078
 20
6.6499740000000003
 30
0.0
  0
VERTEX
  5
F232
  8
PIN_TOP
 10
14.340078
 20
5.8000899999999991
 30
0.0
  0
SEQEND
  5
F233
  8
PIN_TOP
  0
POLYLINE
  5
BA5
  8
PIN_TOP
 66
     1
 10
0.0
 20
0.0
 30
0.0
 70
     1
  0
VERTEX
  5
F234
  8
PIN_TOP
 10
13.919962
 20
4.4998639999999988
 30
0.0
  0
VERTEX
  5
F235
  8
PIN_TOP
 10
13.919962
 20
5.4998620000000003
 30
0.0
  0
VERTEX
  5
F236
  8
PIN_TOP
 10
14.139926000000001
 20
5.4998620000000003
 30
0.0
  0
VERTEX
  5
F237
  8
PIN_TOP
 10
14.139926000000001
 20
4.4998639999999988
 30
0.0
  0
SEQEND
  5
F238
  8
PIN_TOP
  0
POLYLINE
  5
BAB
  8
PIN_TOP
 66
     1
 10
0.0
 20
0.0
 30
0.0
 70
     1
  0
VERTEX
  5
F239
  8
PIN_TOP
 10
13.720064000000001
 20
5.8000899999999991
 30
0.0
  0
VERTEX
  5
F23A
  8
PIN_TOP
 10
13.720064000000001
 20
6.6499740000000003
 30
0.0
  0
VERTEX
  5
F23B
  8
PIN_TOP
 10
13.940028
 20
6.6499740000000003
 30
0.0
  0
VERTEX
  5
F23C
  8
PIN_TOP
 10
13.940028
 20
5.8000899999999991
 30
0.0
  0
SEQEND
  5
F23D
  8
PIN_TOP
  0
POLYLINE
  5
BB1
  8
PIN_TOP
 66
     1
 10
0.0
 20
0.0
 30
0.0
 70
     1
  0
VERTEX
  5
F23E
  8
PIN_TOP
 10
13.519912
 20
4.4998639999999988
 30
0.0
  0
VERTEX
  5
F23F
  8
PIN_TOP
 10
13.519912
 20
5.4998620000000003
 30
0.0
  0
VERTEX
  5
F240
  8
PIN_TOP
 10
13.739876000000001
 20
5.4998620000000003
 30
0.0
  0
VERTEX
  5
F241
  8
PIN_TOP
 10
13.739876000000001
 20
4.4998639999999988
 30
0.0
  0
SEQEND
  5
F242
  8
PIN_TOP
  0
POLYLINE
  5
BB7
  8
PIN_TOP
 66
     1
 10
0.0
 20
0.0
 30
0.0
 70
     1
  0
VERTEX
  5
F243
  8
PIN_TOP
 10
13.320014
 20
5.8000899999999991
 30
0.0
  0
VERTEX
  5
F244
  8
PIN_TOP
 10
13.320014
 20
6.6499740000000003
 30
0.0
  0
VERTEX
  5
F245
  8
PIN_TOP
 10
13.539978
 20
6.6499740000000003
 30
0.0
  0
VERTEX
  5
F246
  8
PIN_TOP
 10
13.539978
 20
5.8000899999999991
 30
0.0
  0
SEQEND
  5
F247
  8
PIN_TOP
  0
POLYLINE
  5
BBD
  8
PIN_TOP
 66
     1
 10
0.0
 20
0.0
 30
0.0
 70
     1
  0
VERTEX
  5
F248
  8
PIN_TOP
 10
13.120115999999999
 20
4.4998639999999988
 30
0.0
  0
VERTEX
  5
F249
  8
PIN_TOP
 10
13.120115999999999
 20
5.4998620000000003
 30
0.0
  0
VERTEX
  5
F24A
  8
PIN_TOP
 10
13.34008
 20
5.4998620000000003
 30
0.0
  0
VERTEX
  5
F24B
  8
PIN_TOP
 10
13.34008
 20
4.4998639999999988
 30
0.0
  0
SEQEND
  5
F24C
  8
PIN_TOP
  0
POLYLINE
  5
BC3
  8
PIN_TOP
 66
     1
 10
0.0
 20
0.0
 30
0.0
 70
     1
  0
VERTEX
  5
F24D
  8
PIN_TOP
 10
12.919964
 20
5.8000899999999991
 30
0.0
  0
VERTEX
  5
F24E
  8
PIN_TOP
 10
12.919964
 20
6.6499740000000003
 30
0.0
  0
VERTEX
  5
F24F
  8
PIN_TOP
 10
13.139927999999999
 20
6.6499740000000003
 30
0.0
  0
VERTEX
  5
F250
  8
PIN_TOP
 10
13.139927999999999
 20
5.8000899999999991
 30
0.0
  0
SEQEND
  5
F251
  8
PIN_TOP
  0
POLYLINE
  5
BC9
  8
PIN_TOP
 66
     1
 10
0.0
 20
0.0
 30
0.0
 70
     1
  0
VERTEX
  5
F252
  8
PIN_TOP
 10
12.720065999999999
 20
4.4998639999999988
 30
0.0
  0
VERTEX
  5
F253
  8
PIN_TOP
 10
12.720065999999999
 20
5.4998620000000003
 30
0.0
  0
VERTEX
  5
F254
  8
PIN_TOP
 10
12.94003
 20
5.4998620000000003
 30
0.0
  0
VERTEX
  5
F255
  8
PIN_TOP
 10
12.94003
 20
4.4998639999999988
 30
0.0
  0
SEQEND
  5
F256
  8
PIN_TOP
  0
POLYLINE
  5
BCF
  8
PIN_TOP
 66
     1
 10
0.0
 20
0.0
 30
0.0
 70
     1
  0
VERTEX
  5
F257
  8
PIN_TOP
 10
12.519914
 20
5.8000899999999991
 30
0.0
  0
VERTEX
  5
F258
  8
PIN_TOP
 10
12.519914
 20
6.6499740000000003
 30
0.0
  0
VERTEX
  5
F259
  8
PIN_TOP
 10
12.739877999999999
 20
6.6499740000000003
 30
0.0
  0
VERTEX
  5
F25A
  8
PIN_TOP
 10
12.739877999999999
 20
5.8000899999999991
 30
0.0
  0
SEQEND
  5
F25B
  8
PIN_TOP
  0
POLYLINE
  5
BD5
  8
PIN_TOP
 66
     1
 10
0.0
 20
0.0
 30
0.0
 70
     1
  0
VERTEX
  5
F25C
  8
PIN_TOP
 10
12.320016000000001
 20
4.4998639999999988
 30
0.0
  0
VERTEX
  5
F25D
  8
PIN_TOP
 10
12.320016000000001
 20
5.4998620000000003
 30
0.0
  0
VERTEX
  5
F25E
  8
PIN_TOP
 10
12.53998
 20
5.4998620000000003
 30
0.0
  0
VERTEX
  5
F25F
  8
PIN_TOP
 10
12.53998
 20
4.4998639999999988
 30
0.0
  0
SEQEND
  5
F260
  8
PIN_TOP
  0
POLYLINE
  5
BDB
  8
PIN_TOP
 66
     1
 10
0.0
 20
0.0
 30
0.0
 70
     1
  0
VERTEX
  5
F261
  8
PIN_TOP
 10
12.120118
 20
5.8000899999999991
 30
0.0
  0
VERTEX
  5
F262
  8
PIN_TOP
 10
12.120118
 20
6.6499740000000003
 30
0.0
  0
VERTEX
  5
F263
  8
PIN_TOP
 10
12.340082000000001
 20
6.6499740000000003
 30
0.0
  0
VERTEX
  5
F264
  8
PIN_TOP
 10
12.340082000000001
 20
5.8000899999999991
 30
0.0
  0
SEQEND
  5
F265
  8
PIN_TOP
  0
POLYLINE
  5
BE1
  8
PIN_TOP
 66
     1
 10
0.0
 20
0.0
 30
0.0
 70
     1
  0
VERTEX
  5
F266
  8
PIN_TOP
 10
11.919966000000001
 20
4.4998639999999988
 30
0.0
  0
VERTEX
  5
F267
  8
PIN_TOP
 10
11.919966000000001
 20
5.4998620000000003
 30
0.0
  0
VERTEX
  5
F268
  8
PIN_TOP
 10
12.13993
 20
5.4998620000000003
 30
0.0
  0
VERTEX
  5
F269
  8
PIN_TOP
 10
12.13993
 20
4.4998639999999988
 30
0.0
  0
SEQEND
  5
F26A
  8
PIN_TOP
  0
POLYLINE
  5
BE7
  8
PIN_TOP
 66
     1
 10
0.0
 20
0.0
 30
0.0
 70
     1
  0
VERTEX
  5
F26B
  8
PIN_TOP
 10
11.720067999999999
 20
5.8000899999999991
 30
0.0
  0
VERTEX
  5
F26C
  8
PIN_TOP
 10
11.720067999999999
 20
6.6499740000000003
 30
0.0
  0
VERTEX
  5
F26D
  8
PIN_TOP
 10
11.940032
 20
6.6499740000000003
 30
0.0
  0
VERTEX
  5
F26E
  8
PIN_TOP
 10
11.940032
 20
5.8000899999999991
 30
0.0
  0
SEQEND
  5
F26F
  8
PIN_TOP
  0
POLYLINE
  5
BED
  8
PIN_TOP
 66
     1
 10
0.0
 20
0.0
 30
0.0
 70
     1
  0
VERTEX
  5
F270
  8
PIN_TOP
 10
11.519916
 20
4.4998639999999988
 30
0.0
  0
VERTEX
  5
F271
  8
PIN_TOP
 10
11.519916
 20
5.4998620000000003
 30
0.0
  0
VERTEX
  5
F272
  8
PIN_TOP
 10
11.739879999999999
 20
5.4998620000000003
 30
0.0
  0
VERTEX
  5
F273
  8
PIN_TOP
 10
11.739879999999999
 20
4.4998639999999988
 30
0.0
  0
SEQEND
  5
F274
  8
PIN_TOP
  0
POLYLINE
  5
BF3
  8
PIN_TOP
 66
     1
 10
0.0
 20
0.0
 30
0.0
 70
     1
  0
VERTEX
  5
F275
  8
PIN_TOP
 10
11.320017999999999
 20
5.8000899999999991
 30
0.0
  0
VERTEX
  5
F276
  8
PIN_TOP
 10
11.320017999999999
 20
6.6499740000000003
 30
0.0
  0
VERTEX
  5
F277
  8
PIN_TOP
 10
11.539982
 20
6.6499740000000003
 30
0.0
  0
VERTEX
  5
F278
  8
PIN_TOP
 10
11.539982
 20
5.8000899999999991
 30
0.0
  0
SEQEND
  5
F279
  8
PIN_TOP
  0
POLYLINE
  5
BF9
  8
PIN_TOP
 66
     1
 10
0.0
 20
0.0
 30
0.0
 70
     1
  0
VERTEX
  5
F27A
  8
PIN_TOP
 10
11.12012
 20
4.4998639999999988
 30
0.0
  0
VERTEX
  5
F27B
  8
PIN_TOP
 10
11.12012
 20
5.4998620000000003
 30
0.0
  0
VERTEX
  5
F27C
  8
PIN_TOP
 10
11.340083999999999
 20
5.4998620000000003
 30
0.0
  0
VERTEX
  5
F27D
  8
PIN_TOP
 10
11.340083999999999
 20
4.4998639999999988
 30
0.0
  0
SEQEND
  5
F27E
  8
PIN_TOP
  0
POLYLINE
  5
BFF
  8
PIN_TOP
 66
     1
 10
0.0
 20
0.0
 30
0.0
 70
     1
  0
VERTEX
  5
F27F
  8
PIN_TOP
 10
10.919968000000001
 20
5.8000899999999991
 30
0.0
  0
VERTEX
  5
F280
  8
PIN_TOP
 10
10.919968000000001
 20
6.6499740000000003
 30
0.0
  0
VERTEX
  5
F281
  8
PIN_TOP
 10
11.139932
 20
6.6499740000000003
 30
0.0
  0
VERTEX
  5
F282
  8
PIN_TOP
 10
11.139932
 20
5.8000899999999991
 30
0.0
  0
SEQEND
  5
F283
  8
PIN_TOP
  0
POLYLINE
  5
C05
  8
PIN_TOP
 66
     1
 10
0.0
 20
0.0
 30
0.0
 70
     1
  0
VERTEX
  5
F284
  8
PIN_TOP
 10
10.72007
 20
4.4998639999999988
 30
0.0
  0
VERTEX
  5
F285
  8
PIN_TOP
 10
10.72007
 20
5.4998620000000003
 30
0.0
  0
VERTEX
  5
F286
  8
PIN_TOP
 10
10.940034000000001
 20
5.4998620000000003
 30
0.0
  0
VERTEX
  5
F287
  8
PIN_TOP
 10
10.940034000000001
 20
4.4998639999999988
 30
0.0
  0
SEQEND
  5
F288
  8
PIN_TOP
  0
POLYLINE
  5
C0B
  8
PIN_TOP
 66
     1
 10
0.0
 20
0.0
 30
0.0
 70
     1
  0
VERTEX
  5
F289
  8
PIN_TOP
 10
10.519918000000001
 20
5.8000899999999991
 30
0.0
  0
VERTEX
  5
F28A
  8
PIN_TOP
 10
10.519918000000001
 20
6.6499740000000003
 30
0.0
  0
VERTEX
  5
F28B
  8
PIN_TOP
 10
10.739882
 20
6.6499740000000003
 30
0.0
  0
VERTEX
  5
F28C
  8
PIN_TOP
 10
10.739882
 20
5.8000899999999991
 30
0.0
  0
SEQEND
  5
F28D
  8
PIN_TOP
  0
POLYLINE
  5
C11
  8
PIN_TOP
 66
     1
 10
0.0
 20
0.0
 30
0.0
 70
     1
  0
VERTEX
  5
F28E
  8
PIN_TOP
 10
10.091927999999999
 20
2.0088859999999991
 30
0.0
  0
VERTEX
  5
F28F
  8
PIN_TOP
 10
10.091927999999999
 20
0.891286
 30
0.0
 42
-1.0
  0
VERTEX
  5
F290
  8
PIN_TOP
 10
8.5679280000000002
 20
0.891286
 30
0.0
  0
VERTEX
  5
F291
  8
PIN_TOP
 10
8.5679280000000002
 20
2.0088859999999991
 30
0.0
 42
-1.0
  0
SEQEND
  5
F292
  8
PIN_TOP
  0
POLYLINE
  5
C17
  8
PIN_TOP
 66
     1
 10
0.0
 20
0.0
 30
0.0
 70
     1
  0
VERTEX
  5
F293
  8
PIN_TOP
 10
16.292068
 20
5.378703999999999
 30
0.0
  0
VERTEX
  5
F294
  8
PIN_TOP
 10
16.292068
 20
4.2611039999999987
 30
0.0
 42
-1.0
  0
VERTEX
  5
F295
  8
PIN_TOP
 10
14.768068
 20
4.2611039999999987
 30
0.0
  0
VERTEX
  5
F296
  8
PIN_TOP
 10
14.768068
 20
5.378703999999999
 30
0.0
 42
-1.0
  0
SEQEND
  5
F297
  8
PIN_TOP
  0
POLYLINE
  5
C1D
  8
PIN_TOP
 66
     1
 10
0.0
 20
0.0
 30
0.0
 70
     1
  0
VERTEX
  5
F298
  8
PIN_TOP
 10
16.292068
 20
2.0088859999999991
 30
0.0
  0
VERTEX
  5
F299
  8
PIN_TOP
 10
16.292068
 20
0.891286
 30
0.0
 42
-1.0
  0
VERTEX
  5
F29A
  8
PIN_TOP
 10
14.768068
 20
0.891286
 30
0.0
  0
VERTEX
  5
F29B
  8
PIN_TOP
 10
14.768068
 20
2.0088859999999991
 30
0.0
 42
-1.0
  0
SEQEND
  5
F29C
  8
PIN_TOP
  0
POLYLINE
  5
C23
  8
PIN_TOP
 66
     1
 10
0.0
 20
0.0
 30
0.0
 70
     1
  0
VERTEX
  5
F29D
  8
PIN_TOP
 10
10.091927999999999
 20
5.378703999999999
 30
0.0
  0
VERTEX
  5
F29E
  8
PIN_TOP
 10
10.091927999999999
 20
4.2611039999999987
 30
0.0
 42
-1.0
  0
VERTEX
  5
F29F
  8
PIN_TOP
 10
8.5679280000000002
 20
4.2611039999999987
 30
0.0
  0
VERTEX
  5
F2A0
  8
PIN_TOP
 10
8.5679280000000002
 20
5.378703999999999
 30
0.0
 42
-1.0
  0
SEQEND
  5
F2A1
  8
PIN_TOP
  0
POLYLINE
  5
C29
  8
PACKAGE_GEOMETRY_SILKSCREE
 66
     1
 10
0.0
 20
0.0
 30
0.0
 40
0.199898
 41
0.199898
  0
VERTEX
  5
F2A2
  8
PACKAGE_GEOMETRY_SILKSCREE
 10
13.863066
 20
6.9949060000000003
 30
0.0
  0
VERTEX
  5
F2A3
  8
PACKAGE_GEOMETRY_SILKSCREE
 10
13.686282
 20
7.5250039999999982
 30
0.0
  0
VERTEX
  5
F2A4
  8
PACKAGE_GEOMETRY_SILKSCREE
 10
13.332967999999999
 20
7.171689999999999
 30
0.0
  0
VERTEX
  5
F2A5
  8
PACKAGE_GEOMETRY_SILKSCREE
 10
13.863066
 20
6.9949060000000003
 30
0.0
  0
VERTEX
  5
F2A6
  8
PACKAGE_GEOMETRY_SILKSCREE
 10
13.580109999999999
 20
7.2778619999999989
 30
0.0
  0
SEQEND
  5
F2A7
  8
PACKAGE_GEOMETRY_SILKSCREE
  0
POLYLINE
  5
C30
  8
PACKAGE_GEOMETRY_SILKSCREE
 66
     1
 10
0.0
 20
0.0
 30
0.0
 40
0.1524
 41
0.1524
  0
VERTEX
  5
F2A8
  8
PACKAGE_GEOMETRY_SILKSCREE
 10
9.2549979999999987
 20
6.3400939999999988
 30
0.0
  0
VERTEX
  5
F2A9
  8
PACKAGE_GEOMETRY_SILKSCREE
 10
10.325608000000001
 20
6.3400939999999988
 30
0.0
  0
SEQEND
  5
F2AA
  8
PACKAGE_GEOMETRY_SILKSCREE
  0
POLYLINE
  5
C34
  8
PACKAGE_GEOMETRY_SILKSCREE
 66
     1
 10
0.0
 20
0.0
 30
0.0
 40
0.1524
 41
0.1524
  0
VERTEX
  5
F2AB
  8
PACKAGE_GEOMETRY_SILKSCREE
 10
15.731998000000001
 20
6.3400939999999988
 30
0.0
  0
VERTEX
  5
F2AC
  8
PACKAGE_GEOMETRY_SILKSCREE
 10
14.497558
 20
6.3400939999999988
 30
0.0
  0
SEQEND
  5
F2AD
  8
PACKAGE_GEOMETRY_SILKSCREE
  0
POLYLINE
  5
C38
  8
PACKAGE_GEOMETRY_SILKSCREE
 66
     1
 10
0.0
 20
0.0
 30
0.0
 40
0.1524
 41
0.1524
  0
VERTEX
  5
F2AE
  8
PACKAGE_GEOMETRY_SILKSCREE
 10
15.683992
 20
6.5498979999999989
 30
0.0
  0
VERTEX
  5
F2AF
  8
PACKAGE_GEOMETRY_SILKSCREE
 10
14.497558
 20
6.5498979999999989
 30
0.0
  0
SEQEND
  5
F2B0
  8
PACKAGE_GEOMETRY_SILKSCREE
  0
POLYLINE
  5
C3C
  8
PACKAGE_GEOMETRY_SILKSCREE
 66
     1
 10
0.0
 20
0.0
 30
0.0
 40
0.1524
 41
0.1524
  0
VERTEX
  5
F2B1
  8
PACKAGE_GEOMETRY_SILKSCREE
 10
9.1821000000000002
 20
6.5498979999999989
 30
0.0
  0
VERTEX
  5
F2B2
  8
PACKAGE_GEOMETRY_SILKSCREE
 10
10.325608000000001
 20
6.5498979999999989
 30
0.0
  0
SEQEND
  5
F2B3
  8
PACKAGE_GEOMETRY_SILKSCREE
  0
POLYLINE
  5
C40
  8
PACKAGE_GEOMETRY_SILKSCREE
 66
     1
 10
0.0
 20
0.0
 30
0.0
 40
0.1524
 41
0.1524
  0
VERTEX
  5
F2B4
  8
PACKAGE_GEOMETRY_SILKSCREE
 10
9.2549979999999987
 20
-0.9690100000000002
 30
0.0
  0
VERTEX
  5
F2B5
  8
PACKAGE_GEOMETRY_SILKSCREE
 10
15.731998000000001
 20
-0.9690100000000002
 30
0.0
  0
SEQEND
  5
F2B6
  8
PACKAGE_GEOMETRY_SILKSCREE
  0
POLYLINE
  5
C44
  8
PACKAGE_GEOMETRY_SILKSCREE
 66
     1
 10
0.0
 20
0.0
 30
0.0
 40
0.1524
 41
0.1524
  0
VERTEX
  5
F2B7
  8
PACKAGE_GEOMETRY_SILKSCREE
 10
15.731998000000001
 20
-0.9690100000000002
 30
0.0
  0
VERTEX
  5
F2B8
  8
PACKAGE_GEOMETRY_SILKSCREE
 10
15.731998000000001
 20
6.3400939999999988
 30
0.0
  0
SEQEND
  5
F2B9
  8
PACKAGE_GEOMETRY_SILKSCREE
  0
POLYLINE
  5
C48
  8
PACKAGE_GEOMETRY_SILKSCREE
 66
     1
 10
0.0
 20
0.0
 30
0.0
 40
0.1524
 41
0.1524
  0
VERTEX
  5
F2BA
  8
PACKAGE_GEOMETRY_SILKSCREE
 10
9.2549979999999987
 20
6.3400939999999988
 30
0.0
  0
VERTEX
  5
F2BB
  8
PACKAGE_GEOMETRY_SILKSCREE
 10
9.2549979999999987
 20
-0.9690100000000002
 30
0.0
  0
SEQEND
  5
F2BC
  8
PACKAGE_GEOMETRY_SILKSCREE
  0
POLYLINE
  5
C4C
  8
PACKAGE_GEOMETRY_SILKSCREE
 66
     1
 10
0.0
 20
0.0
 30
0.0
 40
0.1524
 41
0.1524
  0
VERTEX
  5
F2BD
  8
PACKAGE_GEOMETRY_SILKSCREE
 10
9.1800679999999986
 20
6.5430400000000004
 30
0.0
  0
VERTEX
  5
F2BE
  8
PACKAGE_GEOMETRY_SILKSCREE
 10
9.1800679999999986
 20
-0.948944
 30
0.0
  0
SEQEND
  5
F2BF
  8
PACKAGE_GEOMETRY_SILKSCREE
  0
POLYLINE
  5
C50
  8
PACKAGE_GEOMETRY_SILKSCREE
 66
     1
 10
0.0
 20
0.0
 30
0.0
 40
0.1524
 41
0.1524
  0
VERTEX
  5
F2C0
  8
PACKAGE_GEOMETRY_SILKSCREE
 10
15.679928
 20
6.5420239999999987
 30
0.0
  0
VERTEX
  5
F2C1
  8
PACKAGE_GEOMETRY_SILKSCREE
 10
15.679928
 20
-0.9530079999999999
 30
0.0
  0
SEQEND
  5
F2C2
  8
PACKAGE_GEOMETRY_SILKSCREE
  0
POLYLINE
  5
C54
  8
PACKAGE_GEOMETRY_SILKSCREE
 66
     1
 10
0.0
 20
0.0
 30
0.0
 40
0.1524
 41
0.1524
  0
VERTEX
  5
F2C3
  8
PACKAGE_GEOMETRY_SILKSCREE
 10
9.1810840000000002
 20
-0.94996
 30
0.0
  0
VERTEX
  5
F2C4
  8
PACKAGE_GEOMETRY_SILKSCREE
 10
15.682976
 20
-0.94996
 30
0.0
  0
SEQEND
  5
F2C5
  8
PACKAGE_GEOMETRY_SILKSCREE
  0
POLYLINE
  5
C58
  8
PACKAGE_GEOMETRY_SILKSCREE
 66
     1
 10
0.0
 20
0.0
 30
0.0
 40
0.1524
 41
0.1524
  0
VERTEX
  5
F2C6
  8
PACKAGE_GEOMETRY_SILKSCREE
 10
9.1831160000000001
 20
-0.249936
 30
0.0
  0
VERTEX
  5
F2C7
  8
PACKAGE_GEOMETRY_SILKSCREE
 10
15.680944
 20
-0.249936
 30
0.0
  0
SEQEND
  5
F2C8
  8
PACKAGE_GEOMETRY_SILKSCREE
  0
POLYLINE
  5
C5C
  8
PIN_TOP
 66
     1
 10
0.0
 20
0.0
 30
0.0
 70
     1
  0
VERTEX
  5
F2C9
  8
PIN_TOP
 10
37.855651999999999
 20
1.997709999999999
 30
0.0
  0
VERTEX
  5
F2CA
  8
PIN_TOP
 10
37.855651999999999
 20
0.70231
 30
0.0
 42
-1.0
  0
VERTEX
  5
F2CB
  8
PIN_TOP
 10
36.484051999999998
 20
0.70231
 30
0.0
  0
VERTEX
  5
F2CC
  8
PIN_TOP
 10
36.484051999999998
 20
1.997709999999999
 30
0.0
 42
-1.0
  0
SEQEND
  5
F2CD
  8
PIN_TOP
  0
POLYLINE
  5
C62
  8
PIN_TOP
 66
     1
 10
0.0
 20
0.0
 30
0.0
 70
     1
  0
VERTEX
  5
F2CE
  8
PIN_TOP
 10
46.415706
 20
1.997709999999999
 30
0.0
  0
VERTEX
  5
F2CF
  8
PIN_TOP
 10
46.415706
 20
0.70231
 30
0.0
 42
-1.0
  0
VERTEX
  5
F2D0
  8
PIN_TOP
 10
45.044105999999992
 20
0.70231
 30
0.0
  0
VERTEX
  5
F2D1
  8
PIN_TOP
 10
45.044105999999992
 20
1.997709999999999
 30
0.0
 42
-1.0
  0
SEQEND
  5
F2D2
  8
PIN_TOP
  0
POLYLINE
  5
C68
  8
PIN_TOP
 66
     1
 10
0.0
 20
0.0
 30
0.0
 70
     1
  0
VERTEX
  5
F2D3
  8
PIN_TOP
 10
37.665151999999999
 20
6.3571119999999981
 30
0.0
  0
VERTEX
  5
F2D4
  8
PIN_TOP
 10
37.665151999999999
 20
5.4427120000000002
 30
0.0
 42
-1.0
  0
VERTEX
  5
F2D5
  8
PIN_TOP
 10
36.674551999999998
 20
5.4427120000000002
 30
0.0
  0
VERTEX
  5
F2D6
  8
PIN_TOP
 10
36.674551999999998
 20
6.3571119999999981
 30
0.0
 42
-1.0
  0
SEQEND
  5
F2D7
  8
PIN_TOP
  0
POLYLINE
  5
C6E
  8
PIN_TOP
 66
     1
 10
0.0
 20
0.0
 30
0.0
 70
     1
  0
VERTEX
  5
F2D8
  8
PIN_TOP
 10
46.225206
 20
6.3571119999999981
 30
0.0
  0
VERTEX
  5
F2D9
  8
PIN_TOP
 10
46.225206
 20
5.4427120000000002
 30
0.0
 42
-1.0
  0
VERTEX
  5
F2DA
  8
PIN_TOP
 10
45.234605999999992
 20
5.4427120000000002
 30
0.0
  0
VERTEX
  5
F2DB
  8
PIN_TOP
 10
45.234605999999992
 20
6.3571119999999981
 30
0.0
 42
-1.0
  0
SEQEND
  5
F2DC
  8
PIN_TOP
  0
CIRCLE
  5
C74
  8
PIN_TOP
 10
38.019736000000002
 20
4.5499019999999986
 30
0.0
 40
0.254
  0
CIRCLE
  5
C75
  8
PIN_TOP
 10
44.879767999999999
 20
4.5499019999999986
 30
0.0
 40
0.254
  0
POLYLINE
  5
C76
  8
PIN_TOP
 66
     1
 10
0.0
 20
0.0
 30
0.0
 70
     1
  0
VERTEX
  5
F2DD
  8
PIN_TOP
 10
38.627558000000001
 20
6.1701680000000003
 30
0.0
  0
VERTEX
  5
F2DE
  8
PIN_TOP
 10
38.627558000000001
 20
7.1099680000000003
 30
0.0
  0
VERTEX
  5
F2DF
  8
PIN_TOP
 10
38.932358000000001
 20
7.1099680000000003
 30
0.0
  0
VERTEX
  5
F2E0
  8
PIN_TOP
 10
38.932358000000001
 20
6.1701680000000003
 30
0.0
  0
SEQEND
  5
F2E1
  8
PIN_TOP
  0
POLYLINE
  5
C7C
  8
PIN_TOP
 66
     1
 10
0.0
 20
0.0
 30
0.0
 70
     1
  0
VERTEX
  5
F2E2
  8
PIN_TOP
 10
38.377367999999997
 20
4.8701959999999991
 30
0.0
  0
VERTEX
  5
F2E3
  8
PIN_TOP
 10
38.377367999999997
 20
5.8099959999999991
 30
0.0
  0
VERTEX
  5
F2E4
  8
PIN_TOP
 10
38.682167999999997
 20
5.8099959999999991
 30
0.0
  0
VERTEX
  5
F2E5
  8
PIN_TOP
 10
38.682167999999997
 20
4.8701959999999991
 30
0.0
  0
SEQEND
  5
F2E6
  8
PIN_TOP
  0
POLYLINE
  5
C82
  8
PIN_TOP
 66
     1
 10
0.0
 20
0.0
 30
0.0
 70
     1
  0
VERTEX
  5
F2E7
  8
PIN_TOP
 10
38.877493999999999
 20
4.8701959999999991
 30
0.0
  0
VERTEX
  5
F2E8
  8
PIN_TOP
 10
38.877493999999999
 20
5.8099959999999991
 30
0.0
  0
VERTEX
  5
F2E9
  8
PIN_TOP
 10
39.182293999999999
 20
5.8099959999999991
 30
0.0
  0
VERTEX
  5
F2EA
  8
PIN_TOP
 10
39.182293999999999
 20
4.8701959999999991
 30
0.0
  0
SEQEND
  5
F2EB
  8
PIN_TOP
  0
POLYLINE
  5
C88
  8
PIN_TOP
 66
     1
 10
0.0
 20
0.0
 30
0.0
 70
     1
  0
VERTEX
  5
F2EC
  8
PIN_TOP
 10
39.377366000000002
 20
4.8701959999999991
 30
0.0
  0
VERTEX
  5
F2ED
  8
PIN_TOP
 10
39.377366000000002
 20
5.8099959999999991
 30
0.0
  0
VERTEX
  5
F2EE
  8
PIN_TOP
 10
39.682166000000002
 20
5.8099959999999991
 30
0.0
  0
VERTEX
  5
F2EF
  8
PIN_TOP
 10
39.682166000000002
 20
4.8701959999999991
 30
0.0
  0
SEQEND
  5
F2F0
  8
PIN_TOP
  0
POLYLINE
  5
C8E
  8
PIN_TOP
 66
     1
 10
0.0
 20
0.0
 30
0.0
 70
     1
  0
VERTEX
  5
F2F1
  8
PIN_TOP
 10
39.877491999999997
 20
4.8701959999999991
 30
0.0
  0
VERTEX
  5
F2F2
  8
PIN_TOP
 10
39.877491999999997
 20
5.8099959999999991
 30
0.0
  0
VERTEX
  5
F2F3
  8
PIN_TOP
 10
40.18229199999999
 20
5.8099959999999991
 30
0.0
  0
VERTEX
  5
F2F4
  8
PIN_TOP
 10
40.18229199999999
 20
4.8701959999999991
 30
0.0
  0
SEQEND
  5
F2F5
  8
PIN_TOP
  0
POLYLINE
  5
C94
  8
PIN_TOP
 66
     1
 10
0.0
 20
0.0
 30
0.0
 70
     1
  0
VERTEX
  5
F2F6
  8
PIN_TOP
 10
40.377364
 20
4.8701959999999991
 30
0.0
  0
VERTEX
  5
F2F7
  8
PIN_TOP
 10
40.377364
 20
5.8099959999999991
 30
0.0
  0
VERTEX
  5
F2F8
  8
PIN_TOP
 10
40.682163999999993
 20
5.8099959999999991
 30
0.0
  0
VERTEX
  5
F2F9
  8
PIN_TOP
 10
40.682163999999993
 20
4.8701959999999991
 30
0.0
  0
SEQEND
  5
F2FA
  8
PIN_TOP
  0
POLYLINE
  5
C9A
  8
PIN_TOP
 66
     1
 10
0.0
 20
0.0
 30
0.0
 70
     1
  0
VERTEX
  5
F2FB
  8
PIN_TOP
 10
40.877490000000002
 20
4.8701959999999991
 30
0.0
  0
VERTEX
  5
F2FC
  8
PIN_TOP
 10
40.877490000000002
 20
5.8099959999999991
 30
0.0
  0
VERTEX
  5
F2FD
  8
PIN_TOP
 10
41.182290000000002
 20
5.8099959999999991
 30
0.0
  0
VERTEX
  5
F2FE
  8
PIN_TOP
 10
41.182290000000002
 20
4.8701959999999991
 30
0.0
  0
SEQEND
  5
F2FF
  8
PIN_TOP
  0
POLYLINE
  5
CA0
  8
PIN_TOP
 66
     1
 10
0.0
 20
0.0
 30
0.0
 70
     1
  0
VERTEX
  5
F300
  8
PIN_TOP
 10
41.377361999999991
 20
4.8701959999999991
 30
0.0
  0
VERTEX
  5
F301
  8
PIN_TOP
 10
41.377361999999991
 20
5.8099959999999991
 30
0.0
  0
VERTEX
  5
F302
  8
PIN_TOP
 10
41.682161999999977
 20
5.8099959999999991
 30
0.0
  0
VERTEX
  5
F303
  8
PIN_TOP
 10
41.682161999999977
 20
4.8701959999999991
 30
0.0
  0
SEQEND
  5
F304
  8
PIN_TOP
  0
POLYLINE
  5
CA6
  8
PIN_TOP
 66
     1
 10
0.0
 20
0.0
 30
0.0
 70
     1
  0
VERTEX
  5
F305
  8
PIN_TOP
 10
41.877488
 20
4.8701959999999991
 30
0.0
  0
VERTEX
  5
F306
  8
PIN_TOP
 10
41.877488
 20
5.8099959999999991
 30
0.0
  0
VERTEX
  5
F307
  8
PIN_TOP
 10
42.182288
 20
5.8099959999999991
 30
0.0
  0
VERTEX
  5
F308
  8
PIN_TOP
 10
42.182288
 20
4.8701959999999991
 30
0.0
  0
SEQEND
  5
F309
  8
PIN_TOP
  0
POLYLINE
  5
CAC
  8
PIN_TOP
 66
     1
 10
0.0
 20
0.0
 30
0.0
 70
     1
  0
VERTEX
  5
F30A
  8
PIN_TOP
 10
42.377359999999989
 20
4.8701959999999991
 30
0.0
  0
VERTEX
  5
F30B
  8
PIN_TOP
 10
42.377359999999989
 20
5.8099959999999991
 30
0.0
  0
VERTEX
  5
F30C
  8
PIN_TOP
 10
42.682159999999982
 20
5.8099959999999991
 30
0.0
  0
VERTEX
  5
F30D
  8
PIN_TOP
 10
42.682159999999982
 20
4.8701959999999991
 30
0.0
  0
SEQEND
  5
F30E
  8
PIN_TOP
  0
POLYLINE
  5
CB2
  8
PIN_TOP
 66
     1
 10
0.0
 20
0.0
 30
0.0
 70
     1
  0
VERTEX
  5
F30F
  8
PIN_TOP
 10
42.87748599999999
 20
4.8701959999999991
 30
0.0
  0
VERTEX
  5
F310
  8
PIN_TOP
 10
42.87748599999999
 20
5.8099959999999991
 30
0.0
  0
VERTEX
  5
F311
  8
PIN_TOP
 10
43.182285999999998
 20
5.8099959999999991
 30
0.0
  0
VERTEX
  5
F312
  8
PIN_TOP
 10
43.182285999999998
 20
4.8701959999999991
 30
0.0
  0
SEQEND
  5
F313
  8
PIN_TOP
  0
POLYLINE
  5
CB8
  8
PIN_TOP
 66
     1
 10
0.0
 20
0.0
 30
0.0
 70
     1
  0
VERTEX
  5
F314
  8
PIN_TOP
 10
43.377357999999987
 20
4.8701959999999991
 30
0.0
  0
VERTEX
  5
F315
  8
PIN_TOP
 10
43.377357999999987
 20
5.8099959999999991
 30
0.0
  0
VERTEX
  5
F316
  8
PIN_TOP
 10
43.682158000000001
 20
5.8099959999999991
 30
0.0
  0
VERTEX
  5
F317
  8
PIN_TOP
 10
43.682158000000001
 20
4.8701959999999991
 30
0.0
  0
SEQEND
  5
F318
  8
PIN_TOP
  0
POLYLINE
  5
CBE
  8
PIN_TOP
 66
     1
 10
0.0
 20
0.0
 30
0.0
 70
     1
  0
VERTEX
  5
F319
  8
PIN_TOP
 10
43.877484000000003
 20
4.8701959999999991
 30
0.0
  0
VERTEX
  5
F31A
  8
PIN_TOP
 10
43.877484000000003
 20
5.8099959999999991
 30
0.0
  0
VERTEX
  5
F31B
  8
PIN_TOP
 10
44.182284000000003
 20
5.8099959999999991
 30
0.0
  0
VERTEX
  5
F31C
  8
PIN_TOP
 10
44.182284000000003
 20
4.8701959999999991
 30
0.0
  0
SEQEND
  5
F31D
  8
PIN_TOP
  0
POLYLINE
  5
CC4
  8
PIN_TOP
 66
     1
 10
0.0
 20
0.0
 30
0.0
 70
     1
  0
VERTEX
  5
F31E
  8
PIN_TOP
 10
39.127429999999997
 20
6.1701680000000003
 30
0.0
  0
VERTEX
  5
F31F
  8
PIN_TOP
 10
39.127429999999997
 20
7.1099680000000003
 30
0.0
  0
VERTEX
  5
F320
  8
PIN_TOP
 10
39.432229999999997
 20
7.1099680000000003
 30
0.0
  0
VERTEX
  5
F321
  8
PIN_TOP
 10
39.432229999999997
 20
6.1701680000000003
 30
0.0
  0
SEQEND
  5
F322
  8
PIN_TOP
  0
POLYLINE
  5
CCA
  8
PIN_TOP
 66
     1
 10
0.0
 20
0.0
 30
0.0
 70
     1
  0
VERTEX
  5
F323
  8
PIN_TOP
 10
39.627555999999998
 20
6.1701680000000003
 30
0.0
  0
VERTEX
  5
F324
  8
PIN_TOP
 10
39.627555999999998
 20
7.1099680000000003
 30
0.0
  0
VERTEX
  5
F325
  8
PIN_TOP
 10
39.932355999999999
 20
7.1099680000000003
 30
0.0
  0
VERTEX
  5
F326
  8
PIN_TOP
 10
39.932355999999999
 20
6.1701680000000003
 30
0.0
  0
SEQEND
  5
F327
  8
PIN_TOP
  0
POLYLINE
  5
CD0
  8
PIN_TOP
 66
     1
 10
0.0
 20
0.0
 30
0.0
 70
     1
  0
VERTEX
  5
F328
  8
PIN_TOP
 10
40.127428000000002
 20
6.1701680000000003
 30
0.0
  0
VERTEX
  5
F329
  8
PIN_TOP
 10
40.127428000000002
 20
7.1099680000000003
 30
0.0
  0
VERTEX
  5
F32A
  8
PIN_TOP
 10
40.432228000000002
 20
7.1099680000000003
 30
0.0
  0
VERTEX
  5
F32B
  8
PIN_TOP
 10
40.432228000000002
 20
6.1701680000000003
 30
0.0
  0
SEQEND
  5
F32C
  8
PIN_TOP
  0
POLYLINE
  5
CD6
  8
PIN_TOP
 66
     1
 10
0.0
 20
0.0
 30
0.0
 70
     1
  0
VERTEX
  5
F32D
  8
PIN_TOP
 10
40.627553999999989
 20
6.1701680000000003
 30
0.0
  0
VERTEX
  5
F32E
  8
PIN_TOP
 10
40.627553999999989
 20
7.1099680000000003
 30
0.0
  0
VERTEX
  5
F32F
  8
PIN_TOP
 10
40.932353999999997
 20
7.1099680000000003
 30
0.0
  0
VERTEX
  5
F330
  8
PIN_TOP
 10
40.932353999999997
 20
6.1701680000000003
 30
0.0
  0
SEQEND
  5
F331
  8
PIN_TOP
  0
POLYLINE
  5
CDC
  8
PIN_TOP
 66
     1
 10
0.0
 20
0.0
 30
0.0
 70
     1
  0
VERTEX
  5
F332
  8
PIN_TOP
 10
41.127425999999993
 20
6.1701680000000003
 30
0.0
  0
VERTEX
  5
F333
  8
PIN_TOP
 10
41.127425999999993
 20
7.1099680000000003
 30
0.0
  0
VERTEX
  5
F334
  8
PIN_TOP
 10
41.432226
 20
7.1099680000000003
 30
0.0
  0
VERTEX
  5
F335
  8
PIN_TOP
 10
41.432226
 20
6.1701680000000003
 30
0.0
  0
SEQEND
  5
F336
  8
PIN_TOP
  0
POLYLINE
  5
CE2
  8
PIN_TOP
 66
     1
 10
0.0
 20
0.0
 30
0.0
 70
     1
  0
VERTEX
  5
F337
  8
PIN_TOP
 10
41.627552000000001
 20
6.1701680000000003
 30
0.0
  0
VERTEX
  5
F338
  8
PIN_TOP
 10
41.627552000000001
 20
7.1099680000000003
 30
0.0
  0
VERTEX
  5
F339
  8
PIN_TOP
 10
41.932352000000002
 20
7.1099680000000003
 30
0.0
  0
VERTEX
  5
F33A
  8
PIN_TOP
 10
41.932352000000002
 20
6.1701680000000003
 30
0.0
  0
SEQEND
  5
F33B
  8
PIN_TOP
  0
POLYLINE
  5
CE8
  8
PIN_TOP
 66
     1
 10
0.0
 20
0.0
 30
0.0
 70
     1
  0
VERTEX
  5
F33C
  8
PIN_TOP
 10
42.127423999999984
 20
6.1701680000000003
 30
0.0
  0
VERTEX
  5
F33D
  8
PIN_TOP
 10
42.127423999999984
 20
7.1099680000000003
 30
0.0
  0
VERTEX
  5
F33E
  8
PIN_TOP
 10
42.432223999999991
 20
7.1099680000000003
 30
0.0
  0
VERTEX
  5
F33F
  8
PIN_TOP
 10
42.432223999999991
 20
6.1701680000000003
 30
0.0
  0
SEQEND
  5
F340
  8
PIN_TOP
  0
POLYLINE
  5
CEE
  8
PIN_TOP
 66
     1
 10
0.0
 20
0.0
 30
0.0
 70
     1
  0
VERTEX
  5
F341
  8
PIN_TOP
 10
42.627549999999999
 20
6.1701680000000003
 30
0.0
  0
VERTEX
  5
F342
  8
PIN_TOP
 10
42.627549999999999
 20
7.1099680000000003
 30
0.0
  0
VERTEX
  5
F343
  8
PIN_TOP
 10
42.93235
 20
7.1099680000000003
 30
0.0
  0
VERTEX
  5
F344
  8
PIN_TOP
 10
42.93235
 20
6.1701680000000003
 30
0.0
  0
SEQEND
  5
F345
  8
PIN_TOP
  0
POLYLINE
  5
CF4
  8
PIN_TOP
 66
     1
 10
0.0
 20
0.0
 30
0.0
 70
     1
  0
VERTEX
  5
F346
  8
PIN_TOP
 10
43.127421999999981
 20
6.1701680000000003
 30
0.0
  0
VERTEX
  5
F347
  8
PIN_TOP
 10
43.127421999999981
 20
7.1099680000000003
 30
0.0
  0
VERTEX
  5
F348
  8
PIN_TOP
 10
43.432221999999982
 20
7.1099680000000003
 30
0.0
  0
VERTEX
  5
F349
  8
PIN_TOP
 10
43.432221999999982
 20
6.1701680000000003
 30
0.0
  0
SEQEND
  5
F34A
  8
PIN_TOP
  0
POLYLINE
  5
CFA
  8
PIN_TOP
 66
     1
 10
0.0
 20
0.0
 30
0.0
 70
     1
  0
VERTEX
  5
F34B
  8
PIN_TOP
 10
43.627547999999997
 20
6.1701680000000003
 30
0.0
  0
VERTEX
  5
F34C
  8
PIN_TOP
 10
43.627547999999997
 20
7.1099680000000003
 30
0.0
  0
VERTEX
  5
F34D
  8
PIN_TOP
 10
43.932347999999998
 20
7.1099680000000003
 30
0.0
  0
VERTEX
  5
F34E
  8
PIN_TOP
 10
43.932347999999998
 20
6.1701680000000003
 30
0.0
  0
SEQEND
  5
F34F
  8
PIN_TOP
  0
POLYLINE
  5
D00
  8
PIN_TOP
 66
     1
 10
0.0
 20
0.0
 30
0.0
 70
     1
  0
VERTEX
  5
F350
  8
PIN_TOP
 10
44.127420000000001
 20
6.1701680000000003
 30
0.0
  0
VERTEX
  5
F351
  8
PIN_TOP
 10
44.127420000000001
 20
7.1099680000000003
 30
0.0
  0
VERTEX
  5
F352
  8
PIN_TOP
 10
44.432220000000001
 20
7.1099680000000003
 30
0.0
  0
VERTEX
  5
F353
  8
PIN_TOP
 10
44.432220000000001
 20
6.1701680000000003
 30
0.0
  0
SEQEND
  5
F354
  8
PIN_TOP
  0
POLYLINE
  5
D06
  8
PIN_TOP
 66
     1
 10
0.0
 20
0.0
 30
0.0
 70
     1
  0
VERTEX
  5
F355
  8
PIN_TOP
 10
37.583109999999998
 20
4.8948339999999986
 30
0.0
  0
VERTEX
  5
F356
  8
PIN_TOP
 10
37.17671
 20
4.8948339999999986
 30
0.0
 42
-1.0
  0
VERTEX
  5
F357
  8
PIN_TOP
 10
37.17671
 20
5.8854340000000001
 30
0.0
  0
VERTEX
  5
F358
  8
PIN_TOP
 10
37.583109999999998
 20
5.8854340000000001
 30
0.0
 42
-1.0
  0
SEQEND
  5
F359
  8
PIN_TOP
  0
POLYLINE
  5
D0C
  8
PIN_TOP
 66
     1
 10
0.0
 20
0.0
 30
0.0
 70
     1
  0
VERTEX
  5
F35A
  8
PIN_TOP
 10
45.753019999999992
 20
4.8948339999999986
 30
0.0
  0
VERTEX
  5
F35B
  8
PIN_TOP
 10
45.346619999999987
 20
4.8948339999999986
 30
0.0
 42
-1.0
  0
VERTEX
  5
F35C
  8
PIN_TOP
 10
45.346619999999987
 20
5.8854340000000001
 30
0.0
  0
VERTEX
  5
F35D
  8
PIN_TOP
 10
45.753019999999992
 20
5.8854340000000001
 30
0.0
 42
-1.0
  0
SEQEND
  5
F35E
  8
PIN_TOP
  0
POLYLINE
  5
D12
  8
PACKAGE_GEOMETRY_SILKSCREE
 66
     1
 10
0.0
 20
0.0
 30
0.0
 40
0.1524
 41
0.1524
  0
VERTEX
  5
F35F
  8
PACKAGE_GEOMETRY_SILKSCREE
 10
46.039785999999999
 20
4.8033939999999991
 30
0.0
  0
VERTEX
  5
F360
  8
PACKAGE_GEOMETRY_SILKSCREE
 10
46.039785999999999
 20
2.800857999999999
 30
0.0
  0
SEQEND
  5
F361
  8
PACKAGE_GEOMETRY_SILKSCREE
  0
POLYLINE
  5
D16
  8
PACKAGE_GEOMETRY_SILKSCREE
 66
     1
 10
0.0
 20
0.0
 30
0.0
 40
0.1524
 41
0.1524
  0
VERTEX
  5
F362
  8
PACKAGE_GEOMETRY_SILKSCREE
 10
46.039785999999999
 20
-0.9999979999999998
 30
0.0
  0
VERTEX
  5
F363
  8
PACKAGE_GEOMETRY_SILKSCREE
 10
46.039785999999999
 20
-0.146812
 30
0.0
  0
SEQEND
  5
F364
  8
PACKAGE_GEOMETRY_SILKSCREE
  0
POLYLINE
  5
D1A
  8
PACKAGE_GEOMETRY_SILKSCREE
 66
     1
 10
0.0
 20
0.0
 30
0.0
 40
0.1524
 41
0.1524
  0
VERTEX
  5
F365
  8
PACKAGE_GEOMETRY_SILKSCREE
 10
36.929821999999987
 20
4.7797720000000004
 30
0.0
  0
VERTEX
  5
F366
  8
PACKAGE_GEOMETRY_SILKSCREE
 10
36.929821999999987
 20
2.800857999999999
 30
0.0
  0
SEQEND
  5
F367
  8
PACKAGE_GEOMETRY_SILKSCREE
  0
POLYLINE
  5
D1E
  8
PACKAGE_GEOMETRY_SILKSCREE
 66
     1
 10
0.0
 20
0.0
 30
0.0
 40
0.1524
 41
0.1524
  0
VERTEX
  5
F368
  8
PACKAGE_GEOMETRY_SILKSCREE
 10
36.929821999999987
 20
-0.9999979999999998
 30
0.0
  0
VERTEX
  5
F369
  8
PACKAGE_GEOMETRY_SILKSCREE
 10
36.929821999999987
 20
-0.146812
 30
0.0
  0
SEQEND
  5
F36A
  8
PACKAGE_GEOMETRY_SILKSCREE
  0
POLYLINE
  5
D22
  8
PACKAGE_GEOMETRY_SILKSCREE
 66
     1
 10
0.0
 20
0.0
 30
0.0
 40
0.1524
 41
0.1524
  0
VERTEX
  5
F36B
  8
PACKAGE_GEOMETRY_SILKSCREE
 10
44.616115999999998
 20
6.8999100000000002
 30
0.0
  0
VERTEX
  5
F36C
  8
PACKAGE_GEOMETRY_SILKSCREE
 10
45.356017999999999
 20
6.8999100000000002
 30
0.0
  0
SEQEND
  5
F36D
  8
PACKAGE_GEOMETRY_SILKSCREE
  0
POLYLINE
  5
D26
  8
PACKAGE_GEOMETRY_SILKSCREE
 66
     1
 10
0.0
 20
0.0
 30
0.0
 40
0.1524
 41
0.1524
  0
VERTEX
  5
F36E
  8
PACKAGE_GEOMETRY_SILKSCREE
 10
37.604953999999999
 20
6.8999100000000002
 30
0.0
  0
VERTEX
  5
F36F
  8
PACKAGE_GEOMETRY_SILKSCREE
 10
38.462204
 20
6.8999100000000002
 30
0.0
  0
SEQEND
  5
F370
  8
PACKAGE_GEOMETRY_SILKSCREE
  0
POLYLINE
  5
D2A
  8
PACKAGE_GEOMETRY_SILKSCREE
 66
     1
 10
0.0
 20
0.0
 30
0.0
 40
0.1524
 41
0.1524
  0
VERTEX
  5
F371
  8
PACKAGE_GEOMETRY_SILKSCREE
 10
46.039785999999999
 20
-0.9999979999999998
 30
0.0
  0
VERTEX
  5
F372
  8
PACKAGE_GEOMETRY_SILKSCREE
 10
36.929821999999987
 20
-0.9999979999999998
 30
0.0
  0
SEQEND
  5
F373
  8
PACKAGE_GEOMETRY_SILKSCREE
  0
POLYLINE
  5
D2E
  8
PIN_TOP
 66
     1
 10
0.0
 20
0.0
 30
0.0
 70
     1
  0
VERTEX
  5
F374
  8
PIN_TOP
 10
7.038339999999998
 20
20.502880000000001
 30
0.0
  0
VERTEX
  5
F375
  8
PIN_TOP
 10
7.038339999999998
 20
21.01088
 30
0.0
  0
VERTEX
  5
F376
  8
PIN_TOP
 10
8.2321399999999976
 20
21.01088
 30
0.0
  0
VERTEX
  5
F377
  8
PIN_TOP
 10
8.2321399999999976
 20
20.502880000000001
 30
0.0
  0
SEQEND
  5
F378
  8
PIN_TOP
  0
POLYLINE
  5
D34
  8
PIN_TOP
 66
     1
 10
0.0
 20
0.0
 30
0.0
 70
     1
  0
VERTEX
  5
F379
  8
PIN_TOP
 10
7.038339999999998
 20
19.601179999999999
 30
0.0
  0
VERTEX
  5
F37A
  8
PIN_TOP
 10
7.038339999999998
 20
20.109179999999999
 30
0.0
  0
VERTEX
  5
F37B
  8
PIN_TOP
 10
8.2321399999999976
 20
20.109179999999999
 30
0.0
  0
VERTEX
  5
F37C
  8
PIN_TOP
 10
8.2321399999999976
 20
19.601179999999999
 30
0.0
  0
SEQEND
  5
F37D
  8
PIN_TOP
  0
POLYLINE
  5
D3A
  8
PIN_TOP
 66
     1
 10
0.0
 20
0.0
 30
0.0
 70
     1
  0
VERTEX
  5
F37E
  8
PIN_TOP
 10
7.038339999999998
 20
18.702020000000001
 30
0.0
  0
VERTEX
  5
F37F
  8
PIN_TOP
 10
7.038339999999998
 20
19.21002
 30
0.0
  0
VERTEX
  5
F380
  8
PIN_TOP
 10
8.2321399999999976
 20
19.21002
 30
0.0
  0
VERTEX
  5
F381
  8
PIN_TOP
 10
8.2321399999999976
 20
18.702020000000001
 30
0.0
  0
SEQEND
  5
F382
  8
PIN_TOP
  0
POLYLINE
  5
D40
  8
PIN_TOP
 66
     1
 10
0.0
 20
0.0
 30
0.0
 70
     1
  0
VERTEX
  5
F383
  8
PIN_TOP
 10
7.038339999999998
 20
17.802859999999999
 30
0.0
  0
VERTEX
  5
F384
  8
PIN_TOP
 10
7.038339999999998
 20
18.310860000000002
 30
0.0
  0
VERTEX
  5
F385
  8
PIN_TOP
 10
8.2321399999999976
 20
18.310860000000002
 30
0.0
  0
VERTEX
  5
F386
  8
PIN_TOP
 10
8.2321399999999976
 20
17.802859999999999
 30
0.0
  0
SEQEND
  5
F387
  8
PIN_TOP
  0
POLYLINE
  5
D46
  8
PIN_TOP
 66
     1
 10
0.0
 20
0.0
 30
0.0
 70
     1
  0
VERTEX
  5
F388
  8
PIN_TOP
 10
7.038339999999998
 20
16.901160000000001
 30
0.0
  0
VERTEX
  5
F389
  8
PIN_TOP
 10
7.038339999999998
 20
17.40916
 30
0.0
  0
VERTEX
  5
F38A
  8
PIN_TOP
 10
8.2321399999999976
 20
17.40916
 30
0.0
  0
VERTEX
  5
F38B
  8
PIN_TOP
 10
8.2321399999999976
 20
16.901160000000001
 30
0.0
  0
SEQEND
  5
F38C
  8
PIN_TOP
  0
POLYLINE
  5
D4C
  8
PIN_TOP
 66
     1
 10
0.0
 20
0.0
 30
0.0
 70
     1
  0
VERTEX
  5
F38D
  8
PIN_TOP
 10
7.038339999999998
 20
16.001999999999999
 30
0.0
  0
VERTEX
  5
F38E
  8
PIN_TOP
 10
7.038339999999998
 20
16.510000000000002
 30
0.0
  0
VERTEX
  5
F38F
  8
PIN_TOP
 10
8.2321399999999976
 20
16.510000000000002
 30
0.0
  0
VERTEX
  5
F390
  8
PIN_TOP
 10
8.2321399999999976
 20
16.001999999999999
 30
0.0
  0
SEQEND
  5
F391
  8
PIN_TOP
  0
POLYLINE
  5
D52
  8
PIN_TOP
 66
     1
 10
0.0
 20
0.0
 30
0.0
 70
     1
  0
VERTEX
  5
F392
  8
PIN_TOP
 10
7.038339999999998
 20
15.10284
 30
0.0
  0
VERTEX
  5
F393
  8
PIN_TOP
 10
7.038339999999998
 20
15.61084
 30
0.0
  0
VERTEX
  5
F394
  8
PIN_TOP
 10
8.2321399999999976
 20
15.61084
 30
0.0
  0
VERTEX
  5
F395
  8
PIN_TOP
 10
8.2321399999999976
 20
15.10284
 30
0.0
  0
SEQEND
  5
F396
  8
PIN_TOP
  0
POLYLINE
  5
D58
  8
PIN_TOP
 66
     1
 10
0.0
 20
0.0
 30
0.0
 70
     1
  0
VERTEX
  5
F397
  8
PIN_TOP
 10
7.038339999999998
 20
14.201140000000001
 30
0.0
  0
VERTEX
  5
F398
  8
PIN_TOP
 10
7.038339999999998
 20
14.70914
 30
0.0
  0
VERTEX
  5
F399
  8
PIN_TOP
 10
8.2321399999999976
 20
14.70914
 30
0.0
  0
VERTEX
  5
F39A
  8
PIN_TOP
 10
8.2321399999999976
 20
14.201140000000001
 30
0.0
  0
SEQEND
  5
F39B
  8
PIN_TOP
  0
POLYLINE
  5
D5E
  8
PIN_TOP
 66
     1
 10
0.0
 20
0.0
 30
0.0
 70
     1
  0
VERTEX
  5
F39C
  8
PIN_TOP
 10
7.038339999999998
 20
13.30198
 30
0.0
  0
VERTEX
  5
F39D
  8
PIN_TOP
 10
7.038339999999998
 20
13.809979999999999
 30
0.0
  0
VERTEX
  5
F39E
  8
PIN_TOP
 10
8.2321399999999976
 20
13.809979999999999
 30
0.0
  0
VERTEX
  5
F39F
  8
PIN_TOP
 10
8.2321399999999976
 20
13.30198
 30
0.0
  0
SEQEND
  5
F3A0
  8
PIN_TOP
  0
POLYLINE
  5
D64
  8
PIN_TOP
 66
     1
 10
0.0
 20
0.0
 30
0.0
 70
     1
  0
VERTEX
  5
F3A1
  8
PIN_TOP
 10
7.038339999999998
 20
12.40282
 30
0.0
  0
VERTEX
  5
F3A2
  8
PIN_TOP
 10
7.038339999999998
 20
12.910819999999999
 30
0.0
  0
VERTEX
  5
F3A3
  8
PIN_TOP
 10
8.2321399999999976
 20
12.910819999999999
 30
0.0
  0
VERTEX
  5
F3A4
  8
PIN_TOP
 10
8.2321399999999976
 20
12.40282
 30
0.0
  0
SEQEND
  5
F3A5
  8
PIN_TOP
  0
POLYLINE
  5
D6A
  8
PIN_TOP
 66
     1
 10
0.0
 20
0.0
 30
0.0
 70
     1
  0
VERTEX
  5
F3A6
  8
PIN_TOP
 10
7.038339999999998
 20
11.50112
 30
0.0
  0
VERTEX
  5
F3A7
  8
PIN_TOP
 10
7.038339999999998
 20
12.009119999999999
 30
0.0
  0
VERTEX
  5
F3A8
  8
PIN_TOP
 10
8.2321399999999976
 20
12.009119999999999
 30
0.0
  0
VERTEX
  5
F3A9
  8
PIN_TOP
 10
8.2321399999999976
 20
11.50112
 30
0.0
  0
SEQEND
  5
F3AA
  8
PIN_TOP
  0
POLYLINE
  5
D70
  8
PIN_TOP
 66
     1
 10
0.0
 20
0.0
 30
0.0
 70
     1
  0
VERTEX
  5
F3AB
  8
PIN_TOP
 10
8.5801199999999991
 20
9.9593399999999992
 30
0.0
  0
VERTEX
  5
F3AC
  8
PIN_TOP
 10
8.5801199999999991
 20
11.15314
 30
0.0
  0
VERTEX
  5
F3AD
  8
PIN_TOP
 10
9.0881199999999982
 20
11.15314
 30
0.0
  0
VERTEX
  5
F3AE
  8
PIN_TOP
 10
9.0881199999999982
 20
9.9593399999999992
 30
0.0
  0
SEQEND
  5
F3AF
  8
PIN_TOP
  0
POLYLINE
  5
D76
  8
PIN_TOP
 66
     1
 10
0.0
 20
0.0
 30
0.0
 70
     1
  0
VERTEX
  5
F3B0
  8
PIN_TOP
 10
9.4818200000000008
 20
9.9593399999999992
 30
0.0
  0
VERTEX
  5
F3B1
  8
PIN_TOP
 10
9.4818200000000008
 20
11.15314
 30
0.0
  0
VERTEX
  5
F3B2
  8
PIN_TOP
 10
9.9898199999999981
 20
11.15314
 30
0.0
  0
VERTEX
  5
F3B3
  8
PIN_TOP
 10
9.9898199999999981
 20
9.9593399999999992
 30
0.0
  0
SEQEND
  5
F3B4
  8
PIN_TOP
  0
POLYLINE
  5
D7C
  8
PIN_TOP
 66
     1
 10
0.0
 20
0.0
 30
0.0
 70
     1
  0
VERTEX
  5
F3B5
  8
PIN_TOP
 10
10.380979999999999
 20
9.9593399999999992
 30
0.0
  0
VERTEX
  5
F3B6
  8
PIN_TOP
 10
10.380979999999999
 20
11.15314
 30
0.0
  0
VERTEX
  5
F3B7
  8
PIN_TOP
 10
10.88898
 20
11.15314
 30
0.0
  0
VERTEX
  5
F3B8
  8
PIN_TOP
 10
10.88898
 20
9.9593399999999992
 30
0.0
  0
SEQEND
  5
F3B9
  8
PIN_TOP
  0
POLYLINE
  5
D82
  8
PIN_TOP
 66
     1
 10
0.0
 20
0.0
 30
0.0
 70
     1
  0
VERTEX
  5
F3BA
  8
PIN_TOP
 10
11.280139999999999
 20
9.9593399999999992
 30
0.0
  0
VERTEX
  5
F3BB
  8
PIN_TOP
 10
11.280139999999999
 20
11.15314
 30
0.0
  0
VERTEX
  5
F3BC
  8
PIN_TOP
 10
11.78814
 20
11.15314
 30
0.0
  0
VERTEX
  5
F3BD
  8
PIN_TOP
 10
11.78814
 20
9.9593399999999992
 30
0.0
  0
SEQEND
  5
F3BE
  8
PIN_TOP
  0
POLYLINE
  5
D88
  8
PIN_TOP
 66
     1
 10
0.0
 20
0.0
 30
0.0
 70
     1
  0
VERTEX
  5
F3BF
  8
PIN_TOP
 10
12.181839999999999
 20
9.9593399999999992
 30
0.0
  0
VERTEX
  5
F3C0
  8
PIN_TOP
 10
12.181839999999999
 20
11.15314
 30
0.0
  0
VERTEX
  5
F3C1
  8
PIN_TOP
 10
12.68984
 20
11.15314
 30
0.0
  0
VERTEX
  5
F3C2
  8
PIN_TOP
 10
12.68984
 20
9.9593399999999992
 30
0.0
  0
SEQEND
  5
F3C3
  8
PIN_TOP
  0
POLYLINE
  5
D8E
  8
PIN_TOP
 66
     1
 10
0.0
 20
0.0
 30
0.0
 70
     1
  0
VERTEX
  5
F3C4
  8
PIN_TOP
 10
13.081
 20
9.9593399999999992
 30
0.0
  0
VERTEX
  5
F3C5
  8
PIN_TOP
 10
13.081
 20
11.15314
 30
0.0
  0
VERTEX
  5
F3C6
  8
PIN_TOP
 10
13.589
 20
11.15314
 30
0.0
  0
VERTEX
  5
F3C7
  8
PIN_TOP
 10
13.589
 20
9.9593399999999992
 30
0.0
  0
SEQEND
  5
F3C8
  8
PIN_TOP
  0
POLYLINE
  5
D94
  8
PIN_TOP
 66
     1
 10
0.0
 20
0.0
 30
0.0
 70
     1
  0
VERTEX
  5
F3C9
  8
PIN_TOP
 10
13.98016
 20
9.9593399999999992
 30
0.0
  0
VERTEX
  5
F3CA
  8
PIN_TOP
 10
13.98016
 20
11.15314
 30
0.0
  0
VERTEX
  5
F3CB
  8
PIN_TOP
 10
14.488160000000001
 20
11.15314
 30
0.0
  0
VERTEX
  5
F3CC
  8
PIN_TOP
 10
14.488160000000001
 20
9.9593399999999992
 30
0.0
  0
SEQEND
  5
F3CD
  8
PIN_TOP
  0
POLYLINE
  5
D9A
  8
PIN_TOP
 66
     1
 10
0.0
 20
0.0
 30
0.0
 70
     1
  0
VERTEX
  5
F3CE
  8
PIN_TOP
 10
14.88186
 20
9.9593399999999992
 30
0.0
  0
VERTEX
  5
F3CF
  8
PIN_TOP
 10
14.88186
 20
11.15314
 30
0.0
  0
VERTEX
  5
F3D0
  8
PIN_TOP
 10
15.389860000000001
 20
11.15314
 30
0.0
  0
VERTEX
  5
F3D1
  8
PIN_TOP
 10
15.389860000000001
 20
9.9593399999999992
 30
0.0
  0
SEQEND
  5
F3D2
  8
PIN_TOP
  0
POLYLINE
  5
DA0
  8
PIN_TOP
 66
     1
 10
0.0
 20
0.0
 30
0.0
 70
     1
  0
VERTEX
  5
F3D3
  8
PIN_TOP
 10
15.78102
 20
9.9593399999999992
 30
0.0
  0
VERTEX
  5
F3D4
  8
PIN_TOP
 10
15.78102
 20
11.15314
 30
0.0
  0
VERTEX
  5
F3D5
  8
PIN_TOP
 10
16.289020000000001
 20
11.15314
 30
0.0
  0
VERTEX
  5
F3D6
  8
PIN_TOP
 10
16.289020000000001
 20
9.9593399999999992
 30
0.0
  0
SEQEND
  5
F3D7
  8
PIN_TOP
  0
POLYLINE
  5
DA6
  8
PIN_TOP
 66
     1
 10
0.0
 20
0.0
 30
0.0
 70
     1
  0
VERTEX
  5
F3D8
  8
PIN_TOP
 10
16.68018
 20
9.9593399999999992
 30
0.0
  0
VERTEX
  5
F3D9
  8
PIN_TOP
 10
16.68018
 20
11.15314
 30
0.0
  0
VERTEX
  5
F3DA
  8
PIN_TOP
 10
17.188179999999999
 20
11.15314
 30
0.0
  0
VERTEX
  5
F3DB
  8
PIN_TOP
 10
17.188179999999999
 20
9.9593399999999992
 30
0.0
  0
SEQEND
  5
F3DC
  8
PIN_TOP
  0
POLYLINE
  5
DAC
  8
PIN_TOP
 66
     1
 10
0.0
 20
0.0
 30
0.0
 70
     1
  0
VERTEX
  5
F3DD
  8
PIN_TOP
 10
17.581880000000002
 20
9.9593399999999992
 30
0.0
  0
VERTEX
  5
F3DE
  8
PIN_TOP
 10
17.581880000000002
 20
11.15314
 30
0.0
  0
VERTEX
  5
F3DF
  8
PIN_TOP
 10
18.089880000000001
 20
11.15314
 30
0.0
  0
VERTEX
  5
F3E0
  8
PIN_TOP
 10
18.089880000000001
 20
9.9593399999999992
 30
0.0
  0
SEQEND
  5
F3E1
  8
PIN_TOP
  0
POLYLINE
  5
DB2
  8
PIN_TOP
 66
     1
 10
0.0
 20
0.0
 30
0.0
 70
     1
  0
VERTEX
  5
F3E2
  8
PIN_TOP
 10
18.437860000000001
 20
11.50112
 30
0.0
  0
VERTEX
  5
F3E3
  8
PIN_TOP
 10
18.437860000000001
 20
12.009119999999999
 30
0.0
  0
VERTEX
  5
F3E4
  8
PIN_TOP
 10
19.63166
 20
12.009119999999999
 30
0.0
  0
VERTEX
  5
F3E5
  8
PIN_TOP
 10
19.63166
 20
11.50112
 30
0.0
  0
SEQEND
  5
F3E6
  8
PIN_TOP
  0
POLYLINE
  5
DB8
  8
PIN_TOP
 66
     1
 10
0.0
 20
0.0
 30
0.0
 70
     1
  0
VERTEX
  5
F3E7
  8
PIN_TOP
 10
18.437860000000001
 20
12.40282
 30
0.0
  0
VERTEX
  5
F3E8
  8
PIN_TOP
 10
18.437860000000001
 20
12.910819999999999
 30
0.0
  0
VERTEX
  5
F3E9
  8
PIN_TOP
 10
19.63166
 20
12.910819999999999
 30
0.0
  0
VERTEX
  5
F3EA
  8
PIN_TOP
 10
19.63166
 20
12.40282
 30
0.0
  0
SEQEND
  5
F3EB
  8
PIN_TOP
  0
POLYLINE
  5
DBE
  8
PIN_TOP
 66
     1
 10
0.0
 20
0.0
 30
0.0
 70
     1
  0
VERTEX
  5
F3EC
  8
PIN_TOP
 10
18.437860000000001
 20
13.30198
 30
0.0
  0
VERTEX
  5
F3ED
  8
PIN_TOP
 10
18.437860000000001
 20
13.809979999999999
 30
0.0
  0
VERTEX
  5
F3EE
  8
PIN_TOP
 10
19.63166
 20
13.809979999999999
 30
0.0
  0
VERTEX
  5
F3EF
  8
PIN_TOP
 10
19.63166
 20
13.30198
 30
0.0
  0
SEQEND
  5
F3F0
  8
PIN_TOP
  0
POLYLINE
  5
DC4
  8
PIN_TOP
 66
     1
 10
0.0
 20
0.0
 30
0.0
 70
     1
  0
VERTEX
  5
F3F1
  8
PIN_TOP
 10
18.437860000000001
 20
14.201140000000001
 30
0.0
  0
VERTEX
  5
F3F2
  8
PIN_TOP
 10
18.437860000000001
 20
14.70914
 30
0.0
  0
VERTEX
  5
F3F3
  8
PIN_TOP
 10
19.63166
 20
14.70914
 30
0.0
  0
VERTEX
  5
F3F4
  8
PIN_TOP
 10
19.63166
 20
14.201140000000001
 30
0.0
  0
SEQEND
  5
F3F5
  8
PIN_TOP
  0
POLYLINE
  5
DCA
  8
PIN_TOP
 66
     1
 10
0.0
 20
0.0
 30
0.0
 70
     1
  0
VERTEX
  5
F3F6
  8
PIN_TOP
 10
18.437860000000001
 20
15.10284
 30
0.0
  0
VERTEX
  5
F3F7
  8
PIN_TOP
 10
18.437860000000001
 20
15.61084
 30
0.0
  0
VERTEX
  5
F3F8
  8
PIN_TOP
 10
19.63166
 20
15.61084
 30
0.0
  0
VERTEX
  5
F3F9
  8
PIN_TOP
 10
19.63166
 20
15.10284
 30
0.0
  0
SEQEND
  5
F3FA
  8
PIN_TOP
  0
POLYLINE
  5
DD0
  8
PIN_TOP
 66
     1
 10
0.0
 20
0.0
 30
0.0
 70
     1
  0
VERTEX
  5
F3FB
  8
PIN_TOP
 10
18.437860000000001
 20
16.001999999999999
 30
0.0
  0
VERTEX
  5
F3FC
  8
PIN_TOP
 10
18.437860000000001
 20
16.510000000000002
 30
0.0
  0
VERTEX
  5
F3FD
  8
PIN_TOP
 10
19.63166
 20
16.510000000000002
 30
0.0
  0
VERTEX
  5
F3FE
  8
PIN_TOP
 10
19.63166
 20
16.001999999999999
 30
0.0
  0
SEQEND
  5
F3FF
  8
PIN_TOP
  0
POLYLINE
  5
DD6
  8
PIN_TOP
 66
     1
 10
0.0
 20
0.0
 30
0.0
 70
     1
  0
VERTEX
  5
F400
  8
PIN_TOP
 10
18.437860000000001
 20
16.901160000000001
 30
0.0
  0
VERTEX
  5
F401
  8
PIN_TOP
 10
18.437860000000001
 20
17.40916
 30
0.0
  0
VERTEX
  5
F402
  8
PIN_TOP
 10
19.63166
 20
17.40916
 30
0.0
  0
VERTEX
  5
F403
  8
PIN_TOP
 10
19.63166
 20
16.901160000000001
 30
0.0
  0
SEQEND
  5
F404
  8
PIN_TOP
  0
POLYLINE
  5
DDC
  8
PIN_TOP
 66
     1
 10
0.0
 20
0.0
 30
0.0
 70
     1
  0
VERTEX
  5
F405
  8
PIN_TOP
 10
18.437860000000001
 20
17.802859999999999
 30
0.0
  0
VERTEX
  5
F406
  8
PIN_TOP
 10
18.437860000000001
 20
18.310860000000002
 30
0.0
  0
VERTEX
  5
F407
  8
PIN_TOP
 10
19.63166
 20
18.310860000000002
 30
0.0
  0
VERTEX
  5
F408
  8
PIN_TOP
 10
19.63166
 20
17.802859999999999
 30
0.0
  0
SEQEND
  5
F409
  8
PIN_TOP
  0
POLYLINE
  5
DE2
  8
PIN_TOP
 66
     1
 10
0.0
 20
0.0
 30
0.0
 70
     1
  0
VERTEX
  5
F40A
  8
PIN_TOP
 10
18.437860000000001
 20
18.702020000000001
 30
0.0
  0
VERTEX
  5
F40B
  8
PIN_TOP
 10
18.437860000000001
 20
19.21002
 30
0.0
  0
VERTEX
  5
F40C
  8
PIN_TOP
 10
19.63166
 20
19.21002
 30
0.0
  0
VERTEX
  5
F40D
  8
PIN_TOP
 10
19.63166
 20
18.702020000000001
 30
0.0
  0
SEQEND
  5
F40E
  8
PIN_TOP
  0
POLYLINE
  5
DE8
  8
PIN_TOP
 66
     1
 10
0.0
 20
0.0
 30
0.0
 70
     1
  0
VERTEX
  5
F40F
  8
PIN_TOP
 10
18.437860000000001
 20
19.601179999999999
 30
0.0
  0
VERTEX
  5
F410
  8
PIN_TOP
 10
18.437860000000001
 20
20.109179999999999
 30
0.0
  0
VERTEX
  5
F411
  8
PIN_TOP
 10
19.63166
 20
20.109179999999999
 30
0.0
  0
VERTEX
  5
F412
  8
PIN_TOP
 10
19.63166
 20
19.601179999999999
 30
0.0
  0
SEQEND
  5
F413
  8
PIN_TOP
  0
POLYLINE
  5
DEE
  8
PIN_TOP
 66
     1
 10
0.0
 20
0.0
 30
0.0
 70
     1
  0
VERTEX
  5
F414
  8
PIN_TOP
 10
18.437860000000001
 20
20.502880000000001
 30
0.0
  0
VERTEX
  5
F415
  8
PIN_TOP
 10
18.437860000000001
 20
21.01088
 30
0.0
  0
VERTEX
  5
F416
  8
PIN_TOP
 10
19.63166
 20
21.01088
 30
0.0
  0
VERTEX
  5
F417
  8
PIN_TOP
 10
19.63166
 20
20.502880000000001
 30
0.0
  0
SEQEND
  5
F418
  8
PIN_TOP
  0
POLYLINE
  5
DF4
  8
PIN_TOP
 66
     1
 10
0.0
 20
0.0
 30
0.0
 70
     1
  0
VERTEX
  5
F419
  8
PIN_TOP
 10
17.581880000000002
 20
21.35886
 30
0.0
  0
VERTEX
  5
F41A
  8
PIN_TOP
 10
17.581880000000002
 20
22.552659999999999
 30
0.0
  0
VERTEX
  5
F41B
  8
PIN_TOP
 10
18.089880000000001
 20
22.552659999999999
 30
0.0
  0
VERTEX
  5
F41C
  8
PIN_TOP
 10
18.089880000000001
 20
21.35886
 30
0.0
  0
SEQEND
  5
F41D
  8
PIN_TOP
  0
POLYLINE
  5
DFA
  8
PIN_TOP
 66
     1
 10
0.0
 20
0.0
 30
0.0
 70
     1
  0
VERTEX
  5
F41E
  8
PIN_TOP
 10
16.68018
 20
21.35886
 30
0.0
  0
VERTEX
  5
F41F
  8
PIN_TOP
 10
16.68018
 20
22.552659999999999
 30
0.0
  0
VERTEX
  5
F420
  8
PIN_TOP
 10
17.188179999999999
 20
22.552659999999999
 30
0.0
  0
VERTEX
  5
F421
  8
PIN_TOP
 10
17.188179999999999
 20
21.35886
 30
0.0
  0
SEQEND
  5
F422
  8
PIN_TOP
  0
POLYLINE
  5
E00
  8
PIN_TOP
 66
     1
 10
0.0
 20
0.0
 30
0.0
 70
     1
  0
VERTEX
  5
F423
  8
PIN_TOP
 10
15.78102
 20
21.35886
 30
0.0
  0
VERTEX
  5
F424
  8
PIN_TOP
 10
15.78102
 20
22.552659999999999
 30
0.0
  0
VERTEX
  5
F425
  8
PIN_TOP
 10
16.289020000000001
 20
22.552659999999999
 30
0.0
  0
VERTEX
  5
F426
  8
PIN_TOP
 10
16.289020000000001
 20
21.35886
 30
0.0
  0
SEQEND
  5
F427
  8
PIN_TOP
  0
POLYLINE
  5
E06
  8
PIN_TOP
 66
     1
 10
0.0
 20
0.0
 30
0.0
 70
     1
  0
VERTEX
  5
F428
  8
PIN_TOP
 10
14.88186
 20
21.35886
 30
0.0
  0
VERTEX
  5
F429
  8
PIN_TOP
 10
14.88186
 20
22.552659999999999
 30
0.0
  0
VERTEX
  5
F42A
  8
PIN_TOP
 10
15.389860000000001
 20
22.552659999999999
 30
0.0
  0
VERTEX
  5
F42B
  8
PIN_TOP
 10
15.389860000000001
 20
21.35886
 30
0.0
  0
SEQEND
  5
F42C
  8
PIN_TOP
  0
POLYLINE
  5
E0C
  8
PIN_TOP
 66
     1
 10
0.0
 20
0.0
 30
0.0
 70
     1
  0
VERTEX
  5
F42D
  8
PIN_TOP
 10
13.98016
 20
21.35886
 30
0.0
  0
VERTEX
  5
F42E
  8
PIN_TOP
 10
13.98016
 20
22.552659999999999
 30
0.0
  0
VERTEX
  5
F42F
  8
PIN_TOP
 10
14.488160000000001
 20
22.552659999999999
 30
0.0
  0
VERTEX
  5
F430
  8
PIN_TOP
 10
14.488160000000001
 20
21.35886
 30
0.0
  0
SEQEND
  5
F431
  8
PIN_TOP
  0
POLYLINE
  5
E12
  8
PIN_TOP
 66
     1
 10
0.0
 20
0.0
 30
0.0
 70
     1
  0
VERTEX
  5
F432
  8
PIN_TOP
 10
13.081
 20
21.35886
 30
0.0
  0
VERTEX
  5
F433
  8
PIN_TOP
 10
13.081
 20
22.552659999999999
 30
0.0
  0
VERTEX
  5
F434
  8
PIN_TOP
 10
13.589
 20
22.552659999999999
 30
0.0
  0
VERTEX
  5
F435
  8
PIN_TOP
 10
13.589
 20
21.35886
 30
0.0
  0
SEQEND
  5
F436
  8
PIN_TOP
  0
POLYLINE
  5
E18
  8
PIN_TOP
 66
     1
 10
0.0
 20
0.0
 30
0.0
 70
     1
  0
VERTEX
  5
F437
  8
PIN_TOP
 10
12.181839999999999
 20
21.35886
 30
0.0
  0
VERTEX
  5
F438
  8
PIN_TOP
 10
12.181839999999999
 20
22.552659999999999
 30
0.0
  0
VERTEX
  5
F439
  8
PIN_TOP
 10
12.68984
 20
22.552659999999999
 30
0.0
  0
VERTEX
  5
F43A
  8
PIN_TOP
 10
12.68984
 20
21.35886
 30
0.0
  0
SEQEND
  5
F43B
  8
PIN_TOP
  0
POLYLINE
  5
E1E
  8
PIN_TOP
 66
     1
 10
0.0
 20
0.0
 30
0.0
 70
     1
  0
VERTEX
  5
F43C
  8
PIN_TOP
 10
11.280139999999999
 20
21.35886
 30
0.0
  0
VERTEX
  5
F43D
  8
PIN_TOP
 10
11.280139999999999
 20
22.552659999999999
 30
0.0
  0
VERTEX
  5
F43E
  8
PIN_TOP
 10
11.78814
 20
22.552659999999999
 30
0.0
  0
VERTEX
  5
F43F
  8
PIN_TOP
 10
11.78814
 20
21.35886
 30
0.0
  0
SEQEND
  5
F440
  8
PIN_TOP
  0
POLYLINE
  5
E24
  8
PIN_TOP
 66
     1
 10
0.0
 20
0.0
 30
0.0
 70
     1
  0
VERTEX
  5
F441
  8
PIN_TOP
 10
10.380979999999999
 20
21.35886
 30
0.0
  0
VERTEX
  5
F442
  8
PIN_TOP
 10
10.380979999999999
 20
22.552659999999999
 30
0.0
  0
VERTEX
  5
F443
  8
PIN_TOP
 10
10.88898
 20
22.552659999999999
 30
0.0
  0
VERTEX
  5
F444
  8
PIN_TOP
 10
10.88898
 20
21.35886
 30
0.0
  0
SEQEND
  5
F445
  8
PIN_TOP
  0
POLYLINE
  5
E2A
  8
PIN_TOP
 66
     1
 10
0.0
 20
0.0
 30
0.0
 70
     1
  0
VERTEX
  5
F446
  8
PIN_TOP
 10
9.4818200000000008
 20
21.35886
 30
0.0
  0
VERTEX
  5
F447
  8
PIN_TOP
 10
9.4818200000000008
 20
22.552659999999999
 30
0.0
  0
VERTEX
  5
F448
  8
PIN_TOP
 10
9.9898199999999981
 20
22.552659999999999
 30
0.0
  0
VERTEX
  5
F449
  8
PIN_TOP
 10
9.9898199999999981
 20
21.35886
 30
0.0
  0
SEQEND
  5
F44A
  8
PIN_TOP
  0
POLYLINE
  5
E30
  8
PIN_TOP
 66
     1
 10
0.0
 20
0.0
 30
0.0
 70
     1
  0
VERTEX
  5
F44B
  8
PIN_TOP
 10
8.5801199999999991
 20
21.35886
 30
0.0
  0
VERTEX
  5
F44C
  8
PIN_TOP
 10
8.5801199999999991
 20
22.552659999999999
 30
0.0
  0
VERTEX
  5
F44D
  8
PIN_TOP
 10
9.0881199999999982
 20
22.552659999999999
 30
0.0
  0
VERTEX
  5
F44E
  8
PIN_TOP
 10
9.0881199999999982
 20
21.35886
 30
0.0
  0
SEQEND
  5
F44F
  8
PIN_TOP
  0
CIRCLE
  5
E36
  8
PIN_TOP
 10
10.634980000000001
 20
19.855180000000001
 30
0.0
 40
0.3048
  0
CIRCLE
  5
E37
  8
PIN_TOP
 10
12.435840000000001
 20
19.855180000000001
 30
0.0
 40
0.3048
  0
CIRCLE
  5
E38
  8
PIN_TOP
 10
14.234159999999999
 20
19.855180000000001
 30
0.0
 40
0.3048
  0
POLYLINE
  5
E39
  8
PACKAGE_GEOMETRY_SILKSCREE
 66
     1
 10
0.0
 20
0.0
 30
0.0
 40
0.1524
 41
0.1524
  0
VERTEX
  5
F450
  8
PACKAGE_GEOMETRY_SILKSCREE
 10
5.9245499999999991
 20
21.235924000000001
 30
0.0
  0
VERTEX
  5
F451
  8
PACKAGE_GEOMETRY_SILKSCREE
 10
5.9245499999999991
 20
20.435824
 30
0.0
  0
VERTEX
  5
F452
  8
PACKAGE_GEOMETRY_SILKSCREE
 10
6.7246499999999987
 20
20.835874
 30
0.0
  0
VERTEX
  5
F453
  8
PACKAGE_GEOMETRY_SILKSCREE
 10
5.9245499999999991
 20
21.235924000000001
 30
0.0
  0
VERTEX
  5
F454
  8
PACKAGE_GEOMETRY_SILKSCREE
 10
6.5244980000000004
 20
20.835874
 30
0.0
  0
VERTEX
  5
F455
  8
PACKAGE_GEOMETRY_SILKSCREE
 10
6.0246259999999987
 20
20.535900000000002
 30
0.0
  0
VERTEX
  5
F456
  8
PACKAGE_GEOMETRY_SILKSCREE
 10
6.0246259999999987
 20
21.035772000000001
 30
0.0
  0
VERTEX
  5
F457
  8
PACKAGE_GEOMETRY_SILKSCREE
 10
6.4246759999999981
 20
20.835874
 30
0.0
  0
VERTEX
  5
F458
  8
PACKAGE_GEOMETRY_SILKSCREE
 10
6.1247020000000001
 20
20.635722000000001
 30
0.0
  0
VERTEX
  5
F459
  8
PACKAGE_GEOMETRY_SILKSCREE
 10
6.1247020000000001
 20
20.935696
 30
0.0
  0
VERTEX
  5
F45A
  8
PACKAGE_GEOMETRY_SILKSCREE
 10
6.3246000000000002
 20
20.735797999999999
 30
0.0
  0
SEQEND
  5
F45B
  8
PACKAGE_GEOMETRY_SILKSCREE
  0
POLYLINE
  5
E46
  8
PACKAGE_GEOMETRY_SILKSCREE
 66
     1
 10
0.0
 20
0.0
 30
0.0
 40
0.1524
 41
0.1524
  0
VERTEX
  5
F45C
  8
PACKAGE_GEOMETRY_SILKSCREE
 10
7.0891399999999987
 20
21.59
 30
0.0
 42
1.0
  0
VERTEX
  5
F45D
  8
PACKAGE_GEOMETRY_SILKSCREE
 10
6.3728600000000002
 20
21.59
 30
0.0
 42
1.0
  0
VERTEX
  5
F45E
  8
PACKAGE_GEOMETRY_SILKSCREE
 10
7.0891399999999987
 20
21.59
 30
0.0
  0
SEQEND
  5
F45F
  8
PACKAGE_GEOMETRY_SILKSCREE
  0
POLYLINE
  5
E4B
  8
PACKAGE_GEOMETRY_SILKSCREE
 66
     1
 10
0.0
 20
0.0
 30
0.0
 40
0.1524
 41
0.1524
  0
VERTEX
  5
F460
  8
PACKAGE_GEOMETRY_SILKSCREE
 10
19.334479999999999
 20
22.255479999999999
 30
0.0
  0
VERTEX
  5
F461
  8
PACKAGE_GEOMETRY_SILKSCREE
 10
19.334479999999999
 20
21.254719999999999
 30
0.0
  0
SEQEND
  5
F462
  8
PACKAGE_GEOMETRY_SILKSCREE
  0
POLYLINE
  5
E4F
  8
PACKAGE_GEOMETRY_SILKSCREE
 66
     1
 10
0.0
 20
0.0
 30
0.0
 40
0.1524
 41
0.1524
  0
VERTEX
  5
F463
  8
PACKAGE_GEOMETRY_SILKSCREE
 10
18.33372
 20
22.255479999999999
 30
0.0
  0
VERTEX
  5
F464
  8
PACKAGE_GEOMETRY_SILKSCREE
 10
19.334479999999999
 20
22.255479999999999
 30
0.0
  0
SEQEND
  5
F465
  8
PACKAGE_GEOMETRY_SILKSCREE
  0
POLYLINE
  5
E53
  8
PACKAGE_GEOMETRY_SILKSCREE
 66
     1
 10
0.0
 20
0.0
 30
0.0
 40
0.1524
 41
0.1524
  0
VERTEX
  5
F466
  8
PACKAGE_GEOMETRY_SILKSCREE
 10
7.3355199999999989
 20
21.254719999999999
 30
0.0
  0
VERTEX
  5
F467
  8
PACKAGE_GEOMETRY_SILKSCREE
 10
7.3355199999999989
 20
22.255479999999999
 30
0.0
  0
SEQEND
  5
F468
  8
PACKAGE_GEOMETRY_SILKSCREE
  0
POLYLINE
  5
E57
  8
PACKAGE_GEOMETRY_SILKSCREE
 66
     1
 10
0.0
 20
0.0
 30
0.0
 40
0.1524
 41
0.1524
  0
VERTEX
  5
F469
  8
PACKAGE_GEOMETRY_SILKSCREE
 10
7.3355199999999989
 20
22.255479999999999
 30
0.0
  0
VERTEX
  5
F46A
  8
PACKAGE_GEOMETRY_SILKSCREE
 10
8.3362800000000004
 20
22.255479999999999
 30
0.0
  0
SEQEND
  5
F46B
  8
PACKAGE_GEOMETRY_SILKSCREE
  0
POLYLINE
  5
E5B
  8
PACKAGE_GEOMETRY_SILKSCREE
 66
     1
 10
0.0
 20
0.0
 30
0.0
 40
0.1524
 41
0.1524
  0
VERTEX
  5
F46C
  8
PACKAGE_GEOMETRY_SILKSCREE
 10
7.3355199999999989
 20
11.25728
 30
0.0
  0
VERTEX
  5
F46D
  8
PACKAGE_GEOMETRY_SILKSCREE
 10
7.3355199999999989
 20
10.25652
 30
0.0
  0
SEQEND
  5
F46E
  8
PACKAGE_GEOMETRY_SILKSCREE
  0
POLYLINE
  5
E5F
  8
PACKAGE_GEOMETRY_SILKSCREE
 66
     1
 10
0.0
 20
0.0
 30
0.0
 40
0.1524
 41
0.1524
  0
VERTEX
  5
F46F
  8
PACKAGE_GEOMETRY_SILKSCREE
 10
7.3355199999999989
 20
10.25652
 30
0.0
  0
VERTEX
  5
F470
  8
PACKAGE_GEOMETRY_SILKSCREE
 10
8.3362800000000004
 20
10.25652
 30
0.0
  0
SEQEND
  5
F471
  8
PACKAGE_GEOMETRY_SILKSCREE
  0
POLYLINE
  5
E63
  8
PACKAGE_GEOMETRY_SILKSCREE
 66
     1
 10
0.0
 20
0.0
 30
0.0
 40
0.1524
 41
0.1524
  0
VERTEX
  5
F472
  8
PACKAGE_GEOMETRY_SILKSCREE
 10
19.334479999999999
 20
10.25652
 30
0.0
  0
VERTEX
  5
F473
  8
PACKAGE_GEOMETRY_SILKSCREE
 10
19.334479999999999
 20
11.25728
 30
0.0
  0
SEQEND
  5
F474
  8
PACKAGE_GEOMETRY_SILKSCREE
  0
POLYLINE
  5
E67
  8
PACKAGE_GEOMETRY_SILKSCREE
 66
     1
 10
0.0
 20
0.0
 30
0.0
 40
0.1524
 41
0.1524
  0
VERTEX
  5
F475
  8
PACKAGE_GEOMETRY_SILKSCREE
 10
18.33372
 20
10.25652
 30
0.0
  0
VERTEX
  5
F476
  8
PACKAGE_GEOMETRY_SILKSCREE
 10
19.334479999999999
 20
10.25652
 30
0.0
  0
SEQEND
  5
F477
  8
PACKAGE_GEOMETRY_SILKSCREE
  0
POLYLINE
  5
E6B
  8
PIN_TOP
 66
     1
 10
0.0
 20
0.0
 30
0.0
 70
     1
  0
VERTEX
  5
F478
  8
PIN_TOP
 10
50.177700000000002
 20
1.8770599999999991
 30
0.0
  0
VERTEX
  5
F479
  8
PIN_TOP
 10
50.177700000000002
 20
0.9626599999999999
 30
0.0
 42
-1.0
  0
VERTEX
  5
F47A
  8
PIN_TOP
 10
49.16170000000001
 20
0.9626599999999999
 30
0.0
  0
VERTEX
  5
F47B
  8
PIN_TOP
 10
49.16170000000001
 20
1.8770599999999991
 30
0.0
 42
-1.0
  0
SEQEND
  5
F47C
  8
PIN_TOP
  0
POLYLINE
  5
E71
  8
PIN_TOP
 66
     1
 10
0.0
 20
0.0
 30
0.0
 70
     1
  0
VERTEX
  5
F47D
  8
PIN_TOP
 10
58.81776399999999
 20
1.8770599999999991
 30
0.0
  0
VERTEX
  5
F47E
  8
PIN_TOP
 10
58.81776399999999
 20
0.9626599999999999
 30
0.0
 42
-1.0
  0
VERTEX
  5
F47F
  8
PIN_TOP
 10
57.801763999999999
 20
0.9626599999999999
 30
0.0
  0
VERTEX
  5
F480
  8
PIN_TOP
 10
57.801763999999999
 20
1.8770599999999991
 30
0.0
 42
-1.0
  0
SEQEND
  5
F481
  8
PIN_TOP
  0
POLYLINE
  5
E77
  8
PIN_TOP
 66
     1
 10
0.0
 20
0.0
 30
0.0
 70
     1
  0
VERTEX
  5
F482
  8
PIN_TOP
 10
50.177700000000002
 20
6.0144659999999988
 30
0.0
  0
VERTEX
  5
F483
  8
PIN_TOP
 10
50.177700000000002
 20
5.1254660000000003
 30
0.0
 42
-1.0
  0
VERTEX
  5
F484
  8
PIN_TOP
 10
49.16170000000001
 20
5.1254660000000003
 30
0.0
  0
VERTEX
  5
F485
  8
PIN_TOP
 10
49.16170000000001
 20
6.0144659999999988
 30
0.0
 42
-1.0
  0
SEQEND
  5
F486
  8
PIN_TOP
  0
POLYLINE
  5
E7D
  8
PIN_TOP
 66
     1
 10
0.0
 20
0.0
 30
0.0
 70
     1
  0
VERTEX
  5
F487
  8
PIN_TOP
 10
58.81776399999999
 20
6.0144659999999988
 30
0.0
  0
VERTEX
  5
F488
  8
PIN_TOP
 10
58.81776399999999
 20
5.1254660000000003
 30
0.0
 42
-1.0
  0
VERTEX
  5
F489
  8
PIN_TOP
 10
57.801763999999999
 20
5.1254660000000003
 30
0.0
  0
VERTEX
  5
F48A
  8
PIN_TOP
 10
57.801763999999999
 20
6.0144659999999988
 30
0.0
 42
-1.0
  0
SEQEND
  5
F48B
  8
PIN_TOP
  0
POLYLINE
  5
E83
  8
PIN_TOP
 66
     1
 10
0.0
 20
0.0
 30
0.0
 70
     1
  0
VERTEX
  5
F48C
  8
PIN_TOP
 10
51.44490600000001
 20
5.0985420000000001
 30
0.0
  0
VERTEX
  5
F48D
  8
PIN_TOP
 10
51.44490600000001
 20
4.6413419999999981
 30
0.0
 42
-1.0
  0
VERTEX
  5
F48E
  8
PIN_TOP
 10
50.784506
 20
4.6413419999999981
 30
0.0
  0
VERTEX
  5
F48F
  8
PIN_TOP
 10
50.784506
 20
5.0985420000000001
 30
0.0
 42
-1.0
  0
SEQEND
  5
F490
  8
PIN_TOP
  0
POLYLINE
  5
E89
  8
PIN_TOP
 66
     1
 10
0.0
 20
0.0
 30
0.0
 70
     1
  0
VERTEX
  5
F491
  8
PIN_TOP
 10
57.194957999999993
 20
5.0985420000000001
 30
0.0
  0
VERTEX
  5
F492
  8
PIN_TOP
 10
57.194957999999993
 20
4.6413419999999981
 30
0.0
 42
-1.0
  0
VERTEX
  5
F493
  8
PIN_TOP
 10
56.53455799999999
 20
4.6413419999999981
 30
0.0
  0
VERTEX
  5
F494
  8
PIN_TOP
 10
56.53455799999999
 20
5.0985420000000001
 30
0.0
 42
-1.0
  0
SEQEND
  5
F495
  8
PIN_TOP
  0
POLYLINE
  5
E8F
  8
PIN_TOP
 66
     1
 10
0.0
 20
0.0
 30
0.0
 70
     1
  0
VERTEX
  5
F496
  8
PIN_TOP
 10
50.485040000000012
 20
5.598414
 30
0.0
  0
VERTEX
  5
F497
  8
PIN_TOP
 10
50.485040000000012
 20
6.741413999999998
 30
0.0
  0
VERTEX
  5
F498
  8
PIN_TOP
 10
51.094639999999998
 20
6.741413999999998
 30
0.0
  0
VERTEX
  5
F499
  8
PIN_TOP
 10
51.094639999999998
 20
5.598414
 30
0.0
  0
SEQEND
  5
F49A
  8
PIN_TOP
  0
POLYLINE
  5
E95
  8
PIN_TOP
 66
     1
 10
0.0
 20
0.0
 30
0.0
 70
     1
  0
VERTEX
  5
F49B
  8
PIN_TOP
 10
50.485040000000012
 20
5.598414
 30
0.0
  0
VERTEX
  5
F49C
  8
PIN_TOP
 10
50.485040000000012
 20
6.741413999999998
 30
0.0
  0
VERTEX
  5
F49D
  8
PIN_TOP
 10
51.094639999999998
 20
6.741413999999998
 30
0.0
  0
VERTEX
  5
F49E
  8
PIN_TOP
 10
51.094639999999998
 20
5.598414
 30
0.0
  0
SEQEND
  5
F49F
  8
PIN_TOP
  0
POLYLINE
  5
E9B
  8
PIN_TOP
 66
     1
 10
0.0
 20
0.0
 30
0.0
 70
     1
  0
VERTEX
  5
F4A0
  8
PIN_TOP
 10
51.284886
 20
5.598414
 30
0.0
  0
VERTEX
  5
F4A1
  8
PIN_TOP
 10
51.284886
 20
6.741413999999998
 30
0.0
  0
VERTEX
  5
F4A2
  8
PIN_TOP
 10
51.894486000000001
 20
6.741413999999998
 30
0.0
  0
VERTEX
  5
F4A3
  8
PIN_TOP
 10
51.894486000000001
 20
5.598414
 30
0.0
  0
SEQEND
  5
F4A4
  8
PIN_TOP
  0
POLYLINE
  5
EA1
  8
PIN_TOP
 66
     1
 10
0.0
 20
0.0
 30
0.0
 70
     1
  0
VERTEX
  5
F4A5
  8
PIN_TOP
 10
51.284886
 20
5.598414
 30
0.0
  0
VERTEX
  5
F4A6
  8
PIN_TOP
 10
51.284886
 20
6.741413999999998
 30
0.0
  0
VERTEX
  5
F4A7
  8
PIN_TOP
 10
51.894486000000001
 20
6.741413999999998
 30
0.0
  0
VERTEX
  5
F4A8
  8
PIN_TOP
 10
51.894486000000001
 20
5.598414
 30
0.0
  0
SEQEND
  5
F4A9
  8
PIN_TOP
  0
POLYLINE
  5
EA7
  8
PIN_TOP
 66
     1
 10
0.0
 20
0.0
 30
0.0
 70
     1
  0
VERTEX
  5
F4AA
  8
PIN_TOP
 10
56.884824000000002
 20
5.598414
 30
0.0
  0
VERTEX
  5
F4AB
  8
PIN_TOP
 10
56.884824000000002
 20
6.741413999999998
 30
0.0
  0
VERTEX
  5
F4AC
  8
PIN_TOP
 10
57.494424000000002
 20
6.741413999999998
 30
0.0
  0
VERTEX
  5
F4AD
  8
PIN_TOP
 10
57.494424000000002
 20
5.598414
 30
0.0
  0
SEQEND
  5
F4AE
  8
PIN_TOP
  0
POLYLINE
  5
EAD
  8
PIN_TOP
 66
     1
 10
0.0
 20
0.0
 30
0.0
 70
     1
  0
VERTEX
  5
F4AF
  8
PIN_TOP
 10
56.884824000000002
 20
5.598414
 30
0.0
  0
VERTEX
  5
F4B0
  8
PIN_TOP
 10
56.884824000000002
 20
6.741413999999998
 30
0.0
  0
VERTEX
  5
F4B1
  8
PIN_TOP
 10
57.494424000000002
 20
6.741413999999998
 30
0.0
  0
VERTEX
  5
F4B2
  8
PIN_TOP
 10
57.494424000000002
 20
5.598414
 30
0.0
  0
SEQEND
  5
F4B3
  8
PIN_TOP
  0
POLYLINE
  5
EB3
  8
PIN_TOP
 66
     1
 10
0.0
 20
0.0
 30
0.0
 70
     1
  0
VERTEX
  5
F4B4
  8
PIN_TOP
 10
56.084978
 20
5.598414
 30
0.0
  0
VERTEX
  5
F4B5
  8
PIN_TOP
 10
56.084978
 20
6.741413999999998
 30
0.0
  0
VERTEX
  5
F4B6
  8
PIN_TOP
 10
56.694577999999993
 20
6.741413999999998
 30
0.0
  0
VERTEX
  5
F4B7
  8
PIN_TOP
 10
56.694577999999993
 20
5.598414
 30
0.0
  0
SEQEND
  5
F4B8
  8
PIN_TOP
  0
POLYLINE
  5
EB9
  8
PIN_TOP
 66
     1
 10
0.0
 20
0.0
 30
0.0
 70
     1
  0
VERTEX
  5
F4B9
  8
PIN_TOP
 10
56.084978
 20
5.598414
 30
0.0
  0
VERTEX
  5
F4BA
  8
PIN_TOP
 10
56.084978
 20
6.741413999999998
 30
0.0
  0
VERTEX
  5
F4BB
  8
PIN_TOP
 10
56.694577999999993
 20
6.741413999999998
 30
0.0
  0
VERTEX
  5
F4BC
  8
PIN_TOP
 10
56.694577999999993
 20
5.598414
 30
0.0
  0
SEQEND
  5
F4BD
  8
PIN_TOP
  0
POLYLINE
  5
EBF
  8
PIN_TOP
 66
     1
 10
0.0
 20
0.0
 30
0.0
 70
     1
  0
VERTEX
  5
F4BE
  8
PIN_TOP
 10
53.587395999999991
 20
5.598414
 30
0.0
  0
VERTEX
  5
F4BF
  8
PIN_TOP
 10
53.587395999999991
 20
6.741413999999998
 30
0.0
  0
VERTEX
  5
F4C0
  8
PIN_TOP
 10
53.892195999999998
 20
6.741413999999998
 30
0.0
  0
VERTEX
  5
F4C1
  8
PIN_TOP
 10
53.892195999999998
 20
5.598414
 30
0.0
  0
SEQEND
  5
F4C2
  8
PIN_TOP
  0
POLYLINE
  5
EC5
  8
PIN_TOP
 66
     1
 10
0.0
 20
0.0
 30
0.0
 70
     1
  0
VERTEX
  5
F4C3
  8
PIN_TOP
 10
53.087269999999997
 20
5.598414
 30
0.0
  0
VERTEX
  5
F4C4
  8
PIN_TOP
 10
53.087269999999997
 20
6.741413999999998
 30
0.0
  0
VERTEX
  5
F4C5
  8
PIN_TOP
 10
53.392069999999997
 20
6.741413999999998
 30
0.0
  0
VERTEX
  5
F4C6
  8
PIN_TOP
 10
53.392069999999997
 20
5.598414
 30
0.0
  0
SEQEND
  5
F4C7
  8
PIN_TOP
  0
POLYLINE
  5
ECB
  8
PIN_TOP
 66
     1
 10
0.0
 20
0.0
 30
0.0
 70
     1
  0
VERTEX
  5
F4C8
  8
PIN_TOP
 10
52.587398
 20
5.598414
 30
0.0
  0
VERTEX
  5
F4C9
  8
PIN_TOP
 10
52.587398
 20
6.741413999999998
 30
0.0
  0
VERTEX
  5
F4CA
  8
PIN_TOP
 10
52.892198
 20
6.741413999999998
 30
0.0
  0
VERTEX
  5
F4CB
  8
PIN_TOP
 10
52.892198
 20
5.598414
 30
0.0
  0
SEQEND
  5
F4CC
  8
PIN_TOP
  0
POLYLINE
  5
ED1
  8
PIN_TOP
 66
     1
 10
0.0
 20
0.0
 30
0.0
 70
     1
  0
VERTEX
  5
F4CD
  8
PIN_TOP
 10
52.087271999999999
 20
5.598414
 30
0.0
  0
VERTEX
  5
F4CE
  8
PIN_TOP
 10
52.087271999999999
 20
6.741413999999998
 30
0.0
  0
VERTEX
  5
F4CF
  8
PIN_TOP
 10
52.392071999999999
 20
6.741413999999998
 30
0.0
  0
VERTEX
  5
F4D0
  8
PIN_TOP
 10
52.392071999999999
 20
5.598414
 30
0.0
  0
SEQEND
  5
F4D1
  8
PIN_TOP
  0
POLYLINE
  5
ED7
  8
PIN_TOP
 66
     1
 10
0.0
 20
0.0
 30
0.0
 70
     1
  0
VERTEX
  5
F4D2
  8
PIN_TOP
 10
54.087268000000002
 20
5.598414
 30
0.0
  0
VERTEX
  5
F4D3
  8
PIN_TOP
 10
54.087268000000002
 20
6.741413999999998
 30
0.0
  0
VERTEX
  5
F4D4
  8
PIN_TOP
 10
54.392068000000002
 20
6.741413999999998
 30
0.0
  0
VERTEX
  5
F4D5
  8
PIN_TOP
 10
54.392068000000002
 20
5.598414
 30
0.0
  0
SEQEND
  5
F4D6
  8
PIN_TOP
  0
POLYLINE
  5
EDD
  8
PIN_TOP
 66
     1
 10
0.0
 20
0.0
 30
0.0
 70
     1
  0
VERTEX
  5
F4D7
  8
PIN_TOP
 10
54.587393999999982
 20
5.598414
 30
0.0
  0
VERTEX
  5
F4D8
  8
PIN_TOP
 10
54.587393999999982
 20
6.741413999999998
 30
0.0
  0
VERTEX
  5
F4D9
  8
PIN_TOP
 10
54.892193999999989
 20
6.741413999999998
 30
0.0
  0
VERTEX
  5
F4DA
  8
PIN_TOP
 10
54.892193999999989
 20
5.598414
 30
0.0
  0
SEQEND
  5
F4DB
  8
PIN_TOP
  0
POLYLINE
  5
EE3
  8
PIN_TOP
 66
     1
 10
0.0
 20
0.0
 30
0.0
 70
     1
  0
VERTEX
  5
F4DC
  8
PIN_TOP
 10
55.087266000000007
 20
5.598414
 30
0.0
  0
VERTEX
  5
F4DD
  8
PIN_TOP
 10
55.087266000000007
 20
6.741413999999998
 30
0.0
  0
VERTEX
  5
F4DE
  8
PIN_TOP
 10
55.392065999999993
 20
6.741413999999998
 30
0.0
  0
VERTEX
  5
F4DF
  8
PIN_TOP
 10
55.392065999999993
 20
5.598414
 30
0.0
  0
SEQEND
  5
F4E0
  8
PIN_TOP
  0
POLYLINE
  5
EE9
  8
PIN_TOP
 66
     1
 10
0.0
 20
0.0
 30
0.0
 70
     1
  0
VERTEX
  5
F4E1
  8
PIN_TOP
 10
55.587392000000001
 20
5.598414
 30
0.0
  0
VERTEX
  5
F4E2
  8
PIN_TOP
 10
55.587392000000001
 20
6.741413999999998
 30
0.0
  0
VERTEX
  5
F4E3
  8
PIN_TOP
 10
55.892192000000001
 20
6.741413999999998
 30
0.0
  0
VERTEX
  5
F4E4
  8
PIN_TOP
 10
55.892192000000001
 20
5.598414
 30
0.0
  0
SEQEND
  5
F4E5
  8
PIN_TOP
  0
POLYLINE
  5
EEF
  8
PACKAGE_GEOMETRY_SILKSCREE
 66
     1
 10
0.0
 20
0.0
 30
0.0
 40
0.1524
 41
0.1524
  0
VERTEX
  5
F4E6
  8
PACKAGE_GEOMETRY_SILKSCREE
 10
58.499755999999998
 20
4.4663360000000001
 30
0.0
  0
VERTEX
  5
F4E7
  8
PACKAGE_GEOMETRY_SILKSCREE
 10
58.499755999999998
 20
2.537205999999999
 30
0.0
  0
SEQEND
  5
F4E8
  8
PACKAGE_GEOMETRY_SILKSCREE
  0
POLYLINE
  5
EF3
  8
PACKAGE_GEOMETRY_SILKSCREE
 66
     1
 10
0.0
 20
0.0
 30
0.0
 40
0.1524
 41
0.1524
  0
VERTEX
  5
F4E9
  8
PACKAGE_GEOMETRY_SILKSCREE
 10
58.499755999999998
 20
-1.150112
 30
0.0
  0
VERTEX
  5
F4EA
  8
PACKAGE_GEOMETRY_SILKSCREE
 10
58.499755999999998
 20
0.2524760000000001
 30
0.0
  0
SEQEND
  5
F4EB
  8
PACKAGE_GEOMETRY_SILKSCREE
  0
POLYLINE
  5
EF7
  8
PACKAGE_GEOMETRY_SILKSCREE
 66
     1
 10
0.0
 20
0.0
 30
0.0
 40
0.1524
 41
0.1524
  0
VERTEX
  5
F4EC
  8
PACKAGE_GEOMETRY_SILKSCREE
 10
49.509679999999989
 20
4.4495719999999981
 30
0.0
  0
VERTEX
  5
F4ED
  8
PACKAGE_GEOMETRY_SILKSCREE
 10
49.509679999999989
 20
2.537205999999999
 30
0.0
  0
SEQEND
  5
F4EE
  8
PACKAGE_GEOMETRY_SILKSCREE
  0
POLYLINE
  5
EFB
  8
PACKAGE_GEOMETRY_SILKSCREE
 66
     1
 10
0.0
 20
0.0
 30
0.0
 40
0.1524
 41
0.1524
  0
VERTEX
  5
F4EF
  8
PACKAGE_GEOMETRY_SILKSCREE
 10
49.509679999999989
 20
-1.150112
 30
0.0
  0
VERTEX
  5
F4F0
  8
PACKAGE_GEOMETRY_SILKSCREE
 10
49.509679999999989
 20
0.2524760000000001
 30
0.0
  0
SEQEND
  5
F4F1
  8
PACKAGE_GEOMETRY_SILKSCREE
  0
POLYLINE
  5
EFF
  8
PACKAGE_GEOMETRY_SILKSCREE
 66
     1
 10
0.0
 20
0.0
 30
0.0
 40
0.1524
 41
0.1524
  0
VERTEX
  5
F4F2
  8
PACKAGE_GEOMETRY_SILKSCREE
 10
58.499755999999998
 20
-1.150112
 30
0.0
  0
VERTEX
  5
F4F3
  8
PACKAGE_GEOMETRY_SILKSCREE
 10
49.509679999999989
 20
-1.150112
 30
0.0
  0
SEQEND
  5
F4F4
  8
PACKAGE_GEOMETRY_SILKSCREE
  0
CIRCLE
  5
F03
  8
PIN_TOP
 10
22.66899200000001
 20
6.5250060000000003
 30
0.0
 40
0.127
  0
CIRCLE
  5
F04
  8
PIN_TOP
 10
22.66899200000001
 20
7.1749919999999987
 30
0.0
 40
0.127
  0
CIRCLE
  5
F05
  8
PIN_TOP
 10
22.66899200000001
 20
7.8249779999999989
 30
0.0
 40
0.127
  0
CIRCLE
  5
F06
  8
PIN_TOP
 10
22.66899200000001
 20
8.4749639999999982
 30
0.0
 40
0.127
  0
CIRCLE
  5
F07
  8
PIN_TOP
 10
22.66899200000001
 20
9.1249500000000001
 30
0.0
 40
0.127
  0
CIRCLE
  5
F08
  8
PIN_TOP
 10
22.66899200000001
 20
9.7749360000000003
 30
0.0
 40
0.127
  0
CIRCLE
  5
F09
  8
PIN_TOP
 10
22.66899200000001
 20
11.074908000000001
 30
0.0
 40
0.127
  0
CIRCLE
  5
F0A
  8
PIN_TOP
 10
22.66899200000001
 20
11.724894000000001
 30
0.0
 40
0.127
  0
CIRCLE
  5
F0B
  8
PIN_TOP
 10
22.66899200000001
 20
12.374879999999999
 30
0.0
 40
0.127
  0
CIRCLE
  5
F0C
  8
PIN_TOP
 10
22.66899200000001
 20
13.675106
 30
0.0
 40
0.127
  0
CIRCLE
  5
F0D
  8
PIN_TOP
 10
22.66899200000001
 20
14.325092
 30
0.0
 40
0.127
  0
CIRCLE
  5
F0E
  8
PIN_TOP
 10
22.66899200000001
 20
14.975078
 30
0.0
 40
0.127
  0
CIRCLE
  5
F0F
  8
PIN_TOP
 10
22.66899200000001
 20
15.625064
 30
0.0
 40
0.127
  0
CIRCLE
  5
F10
  8
PIN_TOP
 10
22.66899200000001
 20
16.27505
 30
0.0
 40
0.127
  0
CIRCLE
  5
F11
  8
PIN_TOP
 10
22.66899200000001
 20
16.925035999999999
 30
0.0
 40
0.127
  0
CIRCLE
  5
F12
  8
PIN_TOP
 10
22.66899200000001
 20
17.575022000000001
 30
0.0
 40
0.127
  0
CIRCLE
  5
F13
  8
PIN_TOP
 10
22.66899200000001
 20
18.225007999999999
 30
0.0
 40
0.127
  0
CIRCLE
  5
F14
  8
PIN_TOP
 10
23.318978000000001
 20
6.5250060000000003
 30
0.0
 40
0.127
  0
CIRCLE
  5
F15
  8
PIN_TOP
 10
23.318978000000001
 20
7.1749919999999987
 30
0.0
 40
0.127
  0
CIRCLE
  5
F16
  8
PIN_TOP
 10
23.318978000000001
 20
7.8249779999999989
 30
0.0
 40
0.127
  0
CIRCLE
  5
F17
  8
PIN_TOP
 10
23.318978000000001
 20
8.4749639999999982
 30
0.0
 40
0.127
  0
CIRCLE
  5
F18
  8
PIN_TOP
 10
23.318978000000001
 20
9.1249500000000001
 30
0.0
 40
0.127
  0
CIRCLE
  5
F19
  8
PIN_TOP
 10
23.318978000000001
 20
9.7749360000000003
 30
0.0
 40
0.127
  0
CIRCLE
  5
F1A
  8
PIN_TOP
 10
23.318978000000001
 20
11.074908000000001
 30
0.0
 40
0.127
  0
CIRCLE
  5
F1B
  8
PIN_TOP
 10
23.318978000000001
 20
11.724894000000001
 30
0.0
 40
0.127
  0
CIRCLE
  5
F1C
  8
PIN_TOP
 10
23.318978000000001
 20
12.374879999999999
 30
0.0
 40
0.127
  0
CIRCLE
  5
F1D
  8
PIN_TOP
 10
23.318978000000001
 20
13.675106
 30
0.0
 40
0.127
  0
CIRCLE
  5
F1E
  8
PIN_TOP
 10
23.318978000000001
 20
14.325092
 30
0.0
 40
0.127
  0
CIRCLE
  5
F1F
  8
PIN_TOP
 10
23.318978000000001
 20
14.975078
 30
0.0
 40
0.127
  0
CIRCLE
  5
F20
  8
PIN_TOP
 10
23.318978000000001
 20
15.625064
 30
0.0
 40
0.127
  0
CIRCLE
  5
F21
  8
PIN_TOP
 10
23.318978000000001
 20
16.27505
 30
0.0
 40
0.127
  0
CIRCLE
  5
F22
  8
PIN_TOP
 10
23.318978000000001
 20
16.925035999999999
 30
0.0
 40
0.127
  0
CIRCLE
  5
F23
  8
PIN_TOP
 10
23.318978000000001
 20
17.575022000000001
 30
0.0
 40
0.127
  0
CIRCLE
  5
F24
  8
PIN_TOP
 10
23.318978000000001
 20
18.225007999999999
 30
0.0
 40
0.127
  0
CIRCLE
  5
F25
  8
PIN_TOP
 10
23.968964
 20
6.5250060000000003
 30
0.0
 40
0.127
  0
CIRCLE
  5
F26
  8
PIN_TOP
 10
23.968964
 20
7.1749919999999987
 30
0.0
 40
0.127
  0
CIRCLE
  5
F27
  8
PIN_TOP
 10
23.968964
 20
7.8249779999999989
 30
0.0
 40
0.127
  0
CIRCLE
  5
F28
  8
PIN_TOP
 10
23.968964
 20
8.4749639999999982
 30
0.0
 40
0.127
  0
CIRCLE
  5
F29
  8
PIN_TOP
 10
23.968964
 20
9.1249500000000001
 30
0.0
 40
0.127
  0
CIRCLE
  5
F2A
  8
PIN_TOP
 10
23.968964
 20
9.7749360000000003
 30
0.0
 40
0.127
  0
CIRCLE
  5
F2B
  8
PIN_TOP
 10
23.968964
 20
10.424922
 30
0.0
 40
0.127
  0
CIRCLE
  5
F2C
  8
PIN_TOP
 10
23.968964
 20
11.074908000000001
 30
0.0
 40
0.127
  0
CIRCLE
  5
F2D
  8
PIN_TOP
 10
23.968964
 20
11.724894000000001
 30
0.0
 40
0.127
  0
CIRCLE
  5
F2E
  8
PIN_TOP
 10
23.968964
 20
12.374879999999999
 30
0.0
 40
0.127
  0
CIRCLE
  5
F2F
  8
PIN_TOP
 10
23.968964
 20
13.025119999999999
 30
0.0
 40
0.127
  0
CIRCLE
  5
F30
  8
PIN_TOP
 10
23.968964
 20
13.675106
 30
0.0
 40
0.127
  0
CIRCLE
  5
F31
  8
PIN_TOP
 10
23.968964
 20
14.325092
 30
0.0
 40
0.127
  0
CIRCLE
  5
F32
  8
PIN_TOP
 10
23.968964
 20
14.975078
 30
0.0
 40
0.127
  0
CIRCLE
  5
F33
  8
PIN_TOP
 10
23.968964
 20
15.625064
 30
0.0
 40
0.127
  0
CIRCLE
  5
F34
  8
PIN_TOP
 10
23.968964
 20
16.27505
 30
0.0
 40
0.127
  0
CIRCLE
  5
F35
  8
PIN_TOP
 10
23.968964
 20
16.925035999999999
 30
0.0
 40
0.127
  0
CIRCLE
  5
F36
  8
PIN_TOP
 10
23.968964
 20
17.575022000000001
 30
0.0
 40
0.127
  0
CIRCLE
  5
F37
  8
PIN_TOP
 10
23.968964
 20
18.225007999999999
 30
0.0
 40
0.127
  0
CIRCLE
  5
F38
  8
PIN_TOP
 10
24.618950000000002
 20
6.5250060000000003
 30
0.0
 40
0.127
  0
CIRCLE
  5
F39
  8
PIN_TOP
 10
24.618950000000002
 20
7.1749919999999987
 30
0.0
 40
0.127
  0
CIRCLE
  5
F3A
  8
PIN_TOP
 10
24.618950000000002
 20
7.8249779999999989
 30
0.0
 40
0.127
  0
CIRCLE
  5
F3B
  8
PIN_TOP
 10
24.618950000000002
 20
8.4749639999999982
 30
0.0
 40
0.127
  0
CIRCLE
  5
F3C
  8
PIN_TOP
 10
24.618950000000002
 20
9.1249500000000001
 30
0.0
 40
0.127
  0
CIRCLE
  5
F3D
  8
PIN_TOP
 10
24.618950000000002
 20
9.7749360000000003
 30
0.0
 40
0.127
  0
CIRCLE
  5
F3E
  8
PIN_TOP
 10
24.618950000000002
 20
10.424922
 30
0.0
 40
0.127
  0
CIRCLE
  5
F3F
  8
PIN_TOP
 10
24.618950000000002
 20
11.074908000000001
 30
0.0
 40
0.127
  0
CIRCLE
  5
F40
  8
PIN_TOP
 10
24.618950000000002
 20
11.724894000000001
 30
0.0
 40
0.127
  0
CIRCLE
  5
F41
  8
PIN_TOP
 10
24.618950000000002
 20
12.374879999999999
 30
0.0
 40
0.127
  0
CIRCLE
  5
F42
  8
PIN_TOP
 10
24.618950000000002
 20
13.025119999999999
 30
0.0
 40
0.127
  0
CIRCLE
  5
F43
  8
PIN_TOP
 10
24.618950000000002
 20
13.675106
 30
0.0
 40
0.127
  0
CIRCLE
  5
F44
  8
PIN_TOP
 10
24.618950000000002
 20
14.325092
 30
0.0
 40
0.127
  0
CIRCLE
  5
F45
  8
PIN_TOP
 10
24.618950000000002
 20
14.975078
 30
0.0
 40
0.127
  0
CIRCLE
  5
F46
  8
PIN_TOP
 10
24.618950000000002
 20
15.625064
 30
0.0
 40
0.127
  0
CIRCLE
  5
F47
  8
PIN_TOP
 10
24.618950000000002
 20
16.27505
 30
0.0
 40
0.127
  0
CIRCLE
  5
F48
  8
PIN_TOP
 10
24.618950000000002
 20
16.925035999999999
 30
0.0
 40
0.127
  0
CIRCLE
  5
F49
  8
PIN_TOP
 10
24.618950000000002
 20
17.575022000000001
 30
0.0
 40
0.127
  0
CIRCLE
  5
F4A
  8
PIN_TOP
 10
24.618950000000002
 20
18.225007999999999
 30
0.0
 40
0.127
  0
CIRCLE
  5
F4B
  8
PIN_TOP
 10
25.268936
 20
6.5250060000000003
 30
0.0
 40
0.127
  0
CIRCLE
  5
F4C
  8
PIN_TOP
 10
25.268936
 20
7.1749919999999987
 30
0.0
 40
0.127
  0
CIRCLE
  5
F4D
  8
PIN_TOP
 10
25.268936
 20
7.8249779999999989
 30
0.0
 40
0.127
  0
CIRCLE
  5
F4E
  8
PIN_TOP
 10
25.268936
 20
8.4749639999999982
 30
0.0
 40
0.127
  0
CIRCLE
  5
F4F
  8
PIN_TOP
 10
25.268936
 20
9.1249500000000001
 30
0.0
 40
0.127
  0
CIRCLE
  5
F50
  8
PIN_TOP
 10
25.268936
 20
9.7749360000000003
 30
0.0
 40
0.127
  0
CIRCLE
  5
F51
  8
PIN_TOP
 10
25.268936
 20
10.424922
 30
0.0
 40
0.127
  0
CIRCLE
  5
F52
  8
PIN_TOP
 10
25.268936
 20
11.074908000000001
 30
0.0
 40
0.127
  0
CIRCLE
  5
F53
  8
PIN_TOP
 10
25.268936
 20
11.724894000000001
 30
0.0
 40
0.127
  0
CIRCLE
  5
F54
  8
PIN_TOP
 10
25.268936
 20
12.374879999999999
 30
0.0
 40
0.127
  0
CIRCLE
  5
F55
  8
PIN_TOP
 10
25.268936
 20
13.025119999999999
 30
0.0
 40
0.127
  0
CIRCLE
  5
F56
  8
PIN_TOP
 10
25.268936
 20
13.675106
 30
0.0
 40
0.127
  0
CIRCLE
  5
F57
  8
PIN_TOP
 10
25.268936
 20
14.325092
 30
0.0
 40
0.127
  0
CIRCLE
  5
F58
  8
PIN_TOP
 10
25.268936
 20
14.975078
 30
0.0
 40
0.127
  0
CIRCLE
  5
F59
  8
PIN_TOP
 10
25.268936
 20
15.625064
 30
0.0
 40
0.127
  0
CIRCLE
  5
F5A
  8
PIN_TOP
 10
25.268936
 20
16.27505
 30
0.0
 40
0.127
  0
CIRCLE
  5
F5B
  8
PIN_TOP
 10
25.268936
 20
16.925035999999999
 30
0.0
 40
0.127
  0
CIRCLE
  5
F5C
  8
PIN_TOP
 10
25.268936
 20
17.575022000000001
 30
0.0
 40
0.127
  0
CIRCLE
  5
F5D
  8
PIN_TOP
 10
25.268936
 20
18.225007999999999
 30
0.0
 40
0.127
  0
CIRCLE
  5
F5E
  8
PIN_TOP
 10
25.918921999999998
 20
6.5250060000000003
 30
0.0
 40
0.127
  0
CIRCLE
  5
F5F
  8
PIN_TOP
 10
25.918921999999998
 20
7.1749919999999987
 30
0.0
 40
0.127
  0
CIRCLE
  5
F60
  8
PIN_TOP
 10
25.918921999999998
 20
7.8249779999999989
 30
0.0
 40
0.127
  0
CIRCLE
  5
F61
  8
PIN_TOP
 10
25.918921999999998
 20
8.4749639999999982
 30
0.0
 40
0.127
  0
CIRCLE
  5
F62
  8
PIN_TOP
 10
25.918921999999998
 20
9.1249500000000001
 30
0.0
 40
0.127
  0
CIRCLE
  5
F63
  8
PIN_TOP
 10
25.918921999999998
 20
9.7749360000000003
 30
0.0
 40
0.127
  0
CIRCLE
  5
F64
  8
PIN_TOP
 10
25.918921999999998
 20
10.424922
 30
0.0
 40
0.127
  0
CIRCLE
  5
F65
  8
PIN_TOP
 10
25.918921999999998
 20
11.074908000000001
 30
0.0
 40
0.127
  0
CIRCLE
  5
F66
  8
PIN_TOP
 10
25.918921999999998
 20
11.724894000000001
 30
0.0
 40
0.127
  0
CIRCLE
  5
F67
  8
PIN_TOP
 10
25.918921999999998
 20
12.374879999999999
 30
0.0
 40
0.127
  0
CIRCLE
  5
F68
  8
PIN_TOP
 10
25.918921999999998
 20
13.025119999999999
 30
0.0
 40
0.127
  0
CIRCLE
  5
F69
  8
PIN_TOP
 10
25.918921999999998
 20
13.675106
 30
0.0
 40
0.127
  0
CIRCLE
  5
F6A
  8
PIN_TOP
 10
25.918921999999998
 20
14.325092
 30
0.0
 40
0.127
  0
CIRCLE
  5
F6B
  8
PIN_TOP
 10
25.918921999999998
 20
14.975078
 30
0.0
 40
0.127
  0
CIRCLE
  5
F6C
  8
PIN_TOP
 10
25.918921999999998
 20
15.625064
 30
0.0
 40
0.127
  0
CIRCLE
  5
F6D
  8
PIN_TOP
 10
25.918921999999998
 20
16.27505
 30
0.0
 40
0.127
  0
CIRCLE
  5
F6E
  8
PIN_TOP
 10
25.918921999999998
 20
16.925035999999999
 30
0.0
 40
0.127
  0
CIRCLE
  5
F6F
  8
PIN_TOP
 10
25.918921999999998
 20
17.575022000000001
 30
0.0
 40
0.127
  0
CIRCLE
  5
F70
  8
PIN_TOP
 10
25.918921999999998
 20
18.225007999999999
 30
0.0
 40
0.127
  0
CIRCLE
  5
F71
  8
PIN_TOP
 10
26.568908
 20
6.5250060000000003
 30
0.0
 40
0.127
  0
CIRCLE
  5
F72
  8
PIN_TOP
 10
26.568908
 20
7.1749919999999987
 30
0.0
 40
0.127
  0
CIRCLE
  5
F73
  8
PIN_TOP
 10
26.568908
 20
7.8249779999999989
 30
0.0
 40
0.127
  0
CIRCLE
  5
F74
  8
PIN_TOP
 10
26.568908
 20
8.4749639999999982
 30
0.0
 40
0.127
  0
CIRCLE
  5
F75
  8
PIN_TOP
 10
26.568908
 20
9.1249500000000001
 30
0.0
 40
0.127
  0
CIRCLE
  5
F76
  8
PIN_TOP
 10
26.568908
 20
9.7749360000000003
 30
0.0
 40
0.127
  0
CIRCLE
  5
F77
  8
PIN_TOP
 10
26.568908
 20
10.424922
 30
0.0
 40
0.127
  0
CIRCLE
  5
F78
  8
PIN_TOP
 10
26.568908
 20
11.074908000000001
 30
0.0
 40
0.127
  0
CIRCLE
  5
F79
  8
PIN_TOP
 10
26.568908
 20
11.724894000000001
 30
0.0
 40
0.127
  0
CIRCLE
  5
F7A
  8
PIN_TOP
 10
26.568908
 20
12.374879999999999
 30
0.0
 40
0.127
  0
CIRCLE
  5
F7B
  8
PIN_TOP
 10
26.568908
 20
13.025119999999999
 30
0.0
 40
0.127
  0
CIRCLE
  5
F7C
  8
PIN_TOP
 10
26.568908
 20
13.675106
 30
0.0
 40
0.127
  0
CIRCLE
  5
F7D
  8
PIN_TOP
 10
26.568908
 20
14.325092
 30
0.0
 40
0.127
  0
CIRCLE
  5
F7E
  8
PIN_TOP
 10
26.568908
 20
14.975078
 30
0.0
 40
0.127
  0
CIRCLE
  5
F7F
  8
PIN_TOP
 10
26.568908
 20
15.625064
 30
0.0
 40
0.127
  0
CIRCLE
  5
F80
  8
PIN_TOP
 10
26.568908
 20
16.27505
 30
0.0
 40
0.127
  0
CIRCLE
  5
F81
  8
PIN_TOP
 10
26.568908
 20
16.925035999999999
 30
0.0
 40
0.127
  0
CIRCLE
  5
F82
  8
PIN_TOP
 10
26.568908
 20
17.575022000000001
 30
0.0
 40
0.127
  0
CIRCLE
  5
F83
  8
PIN_TOP
 10
27.218893999999999
 20
7.1749919999999987
 30
0.0
 40
0.127
  0
CIRCLE
  5
F84
  8
PIN_TOP
 10
27.218893999999999
 20
9.7749360000000003
 30
0.0
 40
0.127
  0
CIRCLE
  5
F85
  8
PIN_TOP
 10
27.218893999999999
 20
10.424922
 30
0.0
 40
0.127
  0
CIRCLE
  5
F86
  8
PIN_TOP
 10
27.218893999999999
 20
11.074908000000001
 30
0.0
 40
0.127
  0
CIRCLE
  5
F87
  8
PIN_TOP
 10
27.218893999999999
 20
11.724894000000001
 30
0.0
 40
0.127
  0
CIRCLE
  5
F88
  8
PIN_TOP
 10
27.218893999999999
 20
12.374879999999999
 30
0.0
 40
0.127
  0
CIRCLE
  5
F89
  8
PIN_TOP
 10
27.218893999999999
 20
13.025119999999999
 30
0.0
 40
0.127
  0
CIRCLE
  5
F8A
  8
PIN_TOP
 10
27.218893999999999
 20
13.675106
 30
0.0
 40
0.127
  0
CIRCLE
  5
F8B
  8
PIN_TOP
 10
27.218893999999999
 20
14.325092
 30
0.0
 40
0.127
  0
CIRCLE
  5
F8C
  8
PIN_TOP
 10
27.218893999999999
 20
14.975078
 30
0.0
 40
0.127
  0
CIRCLE
  5
F8D
  8
PIN_TOP
 10
27.218893999999999
 20
15.625064
 30
0.0
 40
0.127
  0
CIRCLE
  5
F8E
  8
PIN_TOP
 10
27.218893999999999
 20
16.27505
 30
0.0
 40
0.127
  0
CIRCLE
  5
F8F
  8
PIN_TOP
 10
27.218893999999999
 20
16.925035999999999
 30
0.0
 40
0.127
  0
CIRCLE
  5
F90
  8
PIN_TOP
 10
27.218893999999999
 20
17.575022000000001
 30
0.0
 40
0.127
  0
CIRCLE
  5
F91
  8
PIN_TOP
 10
27.218893999999999
 20
18.225007999999999
 30
0.0
 40
0.127
  0
CIRCLE
  5
F92
  8
PIN_TOP
 10
27.868880000000001
 20
6.5250060000000003
 30
0.0
 40
0.127
  0
CIRCLE
  5
F93
  8
PIN_TOP
 10
27.868880000000001
 20
7.1749919999999987
 30
0.0
 40
0.127
  0
CIRCLE
  5
F94
  8
PIN_TOP
 10
27.868880000000001
 20
7.8249779999999989
 30
0.0
 40
0.127
  0
CIRCLE
  5
F95
  8
PIN_TOP
 10
27.868880000000001
 20
8.4749639999999982
 30
0.0
 40
0.127
  0
CIRCLE
  5
F96
  8
PIN_TOP
 10
27.868880000000001
 20
9.1249500000000001
 30
0.0
 40
0.127
  0
CIRCLE
  5
F97
  8
PIN_TOP
 10
27.868880000000001
 20
9.7749360000000003
 30
0.0
 40
0.127
  0
CIRCLE
  5
F98
  8
PIN_TOP
 10
27.868880000000001
 20
10.424922
 30
0.0
 40
0.127
  0
CIRCLE
  5
F99
  8
PIN_TOP
 10
27.868880000000001
 20
11.074908000000001
 30
0.0
 40
0.127
  0
CIRCLE
  5
F9A
  8
PIN_TOP
 10
27.868880000000001
 20
11.724894000000001
 30
0.0
 40
0.127
  0
CIRCLE
  5
F9B
  8
PIN_TOP
 10
27.868880000000001
 20
12.374879999999999
 30
0.0
 40
0.127
  0
CIRCLE
  5
F9C
  8
PIN_TOP
 10
27.868880000000001
 20
13.025119999999999
 30
0.0
 40
0.127
  0
CIRCLE
  5
F9D
  8
PIN_TOP
 10
27.868880000000001
 20
13.675106
 30
0.0
 40
0.127
  0
CIRCLE
  5
F9E
  8
PIN_TOP
 10
27.868880000000001
 20
14.325092
 30
0.0
 40
0.127
  0
CIRCLE
  5
F9F
  8
PIN_TOP
 10
27.868880000000001
 20
14.975078
 30
0.0
 40
0.127
  0
CIRCLE
  5
FA0
  8
PIN_TOP
 10
27.868880000000001
 20
15.625064
 30
0.0
 40
0.127
  0
CIRCLE
  5
FA1
  8
PIN_TOP
 10
27.868880000000001
 20
16.27505
 30
0.0
 40
0.127
  0
CIRCLE
  5
FA2
  8
PIN_TOP
 10
27.868880000000001
 20
16.925035999999999
 30
0.0
 40
0.127
  0
CIRCLE
  5
FA3
  8
PIN_TOP
 10
27.868880000000001
 20
17.575022000000001
 30
0.0
 40
0.127
  0
CIRCLE
  5
FA4
  8
PIN_TOP
 10
27.868880000000001
 20
18.225007999999999
 30
0.0
 40
0.127
  0
CIRCLE
  5
FA5
  8
PIN_TOP
 10
28.519120000000001
 20
6.5250060000000003
 30
0.0
 40
0.127
  0
CIRCLE
  5
FA6
  8
PIN_TOP
 10
28.519120000000001
 20
7.1749919999999987
 30
0.0
 40
0.127
  0
CIRCLE
  5
FA7
  8
PIN_TOP
 10
28.519120000000001
 20
7.8249779999999989
 30
0.0
 40
0.127
  0
CIRCLE
  5
FA8
  8
PIN_TOP
 10
28.519120000000001
 20
8.4749639999999982
 30
0.0
 40
0.127
  0
CIRCLE
  5
FA9
  8
PIN_TOP
 10
28.519120000000001
 20
9.1249500000000001
 30
0.0
 40
0.127
  0
CIRCLE
  5
FAA
  8
PIN_TOP
 10
28.519120000000001
 20
9.7749360000000003
 30
0.0
 40
0.127
  0
CIRCLE
  5
FAB
  8
PIN_TOP
 10
28.519120000000001
 20
10.424922
 30
0.0
 40
0.127
  0
CIRCLE
  5
FAC
  8
PIN_TOP
 10
28.519120000000001
 20
11.074908000000001
 30
0.0
 40
0.127
  0
CIRCLE
  5
FAD
  8
PIN_TOP
 10
28.519120000000001
 20
11.724894000000001
 30
0.0
 40
0.127
  0
CIRCLE
  5
FAE
  8
PIN_TOP
 10
28.519120000000001
 20
12.374879999999999
 30
0.0
 40
0.127
  0
CIRCLE
  5
FAF
  8
PIN_TOP
 10
28.519120000000001
 20
13.025119999999999
 30
0.0
 40
0.127
  0
CIRCLE
  5
FB0
  8
PIN_TOP
 10
28.519120000000001
 20
13.675106
 30
0.0
 40
0.127
  0
CIRCLE
  5
FB1
  8
PIN_TOP
 10
28.519120000000001
 20
14.325092
 30
0.0
 40
0.127
  0
CIRCLE
  5
FB2
  8
PIN_TOP
 10
28.519120000000001
 20
14.975078
 30
0.0
 40
0.127
  0
CIRCLE
  5
FB3
  8
PIN_TOP
 10
28.519120000000001
 20
15.625064
 30
0.0
 40
0.127
  0
CIRCLE
  5
FB4
  8
PIN_TOP
 10
28.519120000000001
 20
16.27505
 30
0.0
 40
0.127
  0
CIRCLE
  5
FB5
  8
PIN_TOP
 10
28.519120000000001
 20
16.925035999999999
 30
0.0
 40
0.127
  0
CIRCLE
  5
FB6
  8
PIN_TOP
 10
28.519120000000001
 20
17.575022000000001
 30
0.0
 40
0.127
  0
CIRCLE
  5
FB7
  8
PIN_TOP
 10
28.519120000000001
 20
18.225007999999999
 30
0.0
 40
0.127
  0
CIRCLE
  5
FB8
  8
PIN_TOP
 10
29.169105999999999
 20
6.5250060000000003
 30
0.0
 40
0.127
  0
CIRCLE
  5
FB9
  8
PIN_TOP
 10
29.169105999999999
 20
7.1749919999999987
 30
0.0
 40
0.127
  0
CIRCLE
  5
FBA
  8
PIN_TOP
 10
29.169105999999999
 20
7.8249779999999989
 30
0.0
 40
0.127
  0
CIRCLE
  5
FBB
  8
PIN_TOP
 10
29.169105999999999
 20
8.4749639999999982
 30
0.0
 40
0.127
  0
CIRCLE
  5
FBC
  8
PIN_TOP
 10
29.169105999999999
 20
9.1249500000000001
 30
0.0
 40
0.127
  0
CIRCLE
  5
FBD
  8
PIN_TOP
 10
29.169105999999999
 20
9.7749360000000003
 30
0.0
 40
0.127
  0
CIRCLE
  5
FBE
  8
PIN_TOP
 10
29.169105999999999
 20
10.424922
 30
0.0
 40
0.127
  0
CIRCLE
  5
FBF
  8
PIN_TOP
 10
29.169105999999999
 20
11.074908000000001
 30
0.0
 40
0.127
  0
CIRCLE
  5
FC0
  8
PIN_TOP
 10
29.169105999999999
 20
11.724894000000001
 30
0.0
 40
0.127
  0
CIRCLE
  5
FC1
  8
PIN_TOP
 10
29.169105999999999
 20
12.374879999999999
 30
0.0
 40
0.127
  0
CIRCLE
  5
FC2
  8
PIN_TOP
 10
29.169105999999999
 20
13.025119999999999
 30
0.0
 40
0.127
  0
CIRCLE
  5
FC3
  8
PIN_TOP
 10
29.169105999999999
 20
13.675106
 30
0.0
 40
0.127
  0
CIRCLE
  5
FC4
  8
PIN_TOP
 10
29.169105999999999
 20
14.325092
 30
0.0
 40
0.127
  0
CIRCLE
  5
FC5
  8
PIN_TOP
 10
29.169105999999999
 20
14.975078
 30
0.0
 40
0.127
  0
CIRCLE
  5
FC6
  8
PIN_TOP
 10
29.169105999999999
 20
15.625064
 30
0.0
 40
0.127
  0
CIRCLE
  5
FC7
  8
PIN_TOP
 10
29.169105999999999
 20
16.27505
 30
0.0
 40
0.127
  0
CIRCLE
  5
FC8
  8
PIN_TOP
 10
29.169105999999999
 20
16.925035999999999
 30
0.0
 40
0.127
  0
CIRCLE
  5
FC9
  8
PIN_TOP
 10
29.169105999999999
 20
17.575022000000001
 30
0.0
 40
0.127
  0
CIRCLE
  5
FCA
  8
PIN_TOP
 10
29.169105999999999
 20
18.225007999999999
 30
0.0
 40
0.127
  0
CIRCLE
  5
FCB
  8
PIN_TOP
 10
29.819092000000001
 20
6.5250060000000003
 30
0.0
 40
0.127
  0
CIRCLE
  5
FCC
  8
PIN_TOP
 10
29.819092000000001
 20
7.1749919999999987
 30
0.0
 40
0.127
  0
CIRCLE
  5
FCD
  8
PIN_TOP
 10
29.819092000000001
 20
7.8249779999999989
 30
0.0
 40
0.127
  0
CIRCLE
  5
FCE
  8
PIN_TOP
 10
29.819092000000001
 20
8.4749639999999982
 30
0.0
 40
0.127
  0
CIRCLE
  5
FCF
  8
PIN_TOP
 10
29.819092000000001
 20
9.1249500000000001
 30
0.0
 40
0.127
  0
CIRCLE
  5
FD0
  8
PIN_TOP
 10
29.819092000000001
 20
9.7749360000000003
 30
0.0
 40
0.127
  0
CIRCLE
  5
FD1
  8
PIN_TOP
 10
29.819092000000001
 20
10.424922
 30
0.0
 40
0.127
  0
CIRCLE
  5
FD2
  8
PIN_TOP
 10
29.819092000000001
 20
11.074908000000001
 30
0.0
 40
0.127
  0
CIRCLE
  5
FD3
  8
PIN_TOP
 10
29.819092000000001
 20
11.724894000000001
 30
0.0
 40
0.127
  0
CIRCLE
  5
FD4
  8
PIN_TOP
 10
29.819092000000001
 20
12.374879999999999
 30
0.0
 40
0.127
  0
CIRCLE
  5
FD5
  8
PIN_TOP
 10
29.819092000000001
 20
13.025119999999999
 30
0.0
 40
0.127
  0
CIRCLE
  5
FD6
  8
PIN_TOP
 10
29.819092000000001
 20
13.675106
 30
0.0
 40
0.127
  0
CIRCLE
  5
FD7
  8
PIN_TOP
 10
29.819092000000001
 20
14.325092
 30
0.0
 40
0.127
  0
CIRCLE
  5
FD8
  8
PIN_TOP
 10
29.819092000000001
 20
14.975078
 30
0.0
 40
0.127
  0
CIRCLE
  5
FD9
  8
PIN_TOP
 10
29.819092000000001
 20
15.625064
 30
0.0
 40
0.127
  0
CIRCLE
  5
FDA
  8
PIN_TOP
 10
29.819092000000001
 20
16.27505
 30
0.0
 40
0.127
  0
CIRCLE
  5
FDB
  8
PIN_TOP
 10
29.819092000000001
 20
16.925035999999999
 30
0.0
 40
0.127
  0
CIRCLE
  5
FDC
  8
PIN_TOP
 10
29.819092000000001
 20
17.575022000000001
 30
0.0
 40
0.127
  0
CIRCLE
  5
FDD
  8
PIN_TOP
 10
29.819092000000001
 20
18.225007999999999
 30
0.0
 40
0.127
  0
CIRCLE
  5
FDE
  8
PIN_TOP
 10
30.469078
 20
6.5250060000000003
 30
0.0
 40
0.127
  0
CIRCLE
  5
FDF
  8
PIN_TOP
 10
30.469078
 20
7.1749919999999987
 30
0.0
 40
0.127
  0
CIRCLE
  5
FE0
  8
PIN_TOP
 10
30.469078
 20
7.8249779999999989
 30
0.0
 40
0.127
  0
CIRCLE
  5
FE1
  8
PIN_TOP
 10
30.469078
 20
8.4749639999999982
 30
0.0
 40
0.127
  0
CIRCLE
  5
FE2
  8
PIN_TOP
 10
30.469078
 20
9.1249500000000001
 30
0.0
 40
0.127
  0
CIRCLE
  5
FE3
  8
PIN_TOP
 10
30.469078
 20
9.7749360000000003
 30
0.0
 40
0.127
  0
CIRCLE
  5
FE4
  8
PIN_TOP
 10
30.469078
 20
10.424922
 30
0.0
 40
0.127
  0
CIRCLE
  5
FE5
  8
PIN_TOP
 10
30.469078
 20
11.074908000000001
 30
0.0
 40
0.127
  0
CIRCLE
  5
FE6
  8
PIN_TOP
 10
30.469078
 20
11.724894000000001
 30
0.0
 40
0.127
  0
CIRCLE
  5
FE7
  8
PIN_TOP
 10
30.469078
 20
12.374879999999999
 30
0.0
 40
0.127
  0
CIRCLE
  5
FE8
  8
PIN_TOP
 10
30.469078
 20
13.025119999999999
 30
0.0
 40
0.127
  0
CIRCLE
  5
FE9
  8
PIN_TOP
 10
30.469078
 20
13.675106
 30
0.0
 40
0.127
  0
CIRCLE
  5
FEA
  8
PIN_TOP
 10
30.469078
 20
14.325092
 30
0.0
 40
0.127
  0
CIRCLE
  5
FEB
  8
PIN_TOP
 10
30.469078
 20
14.975078
 30
0.0
 40
0.127
  0
CIRCLE
  5
FEC
  8
PIN_TOP
 10
30.469078
 20
15.625064
 30
0.0
 40
0.127
  0
CIRCLE
  5
FED
  8
PIN_TOP
 10
30.469078
 20
16.27505
 30
0.0
 40
0.127
  0
CIRCLE
  5
FEE
  8
PIN_TOP
 10
30.469078
 20
16.925035999999999
 30
0.0
 40
0.127
  0
CIRCLE
  5
FEF
  8
PIN_TOP
 10
30.469078
 20
17.575022000000001
 30
0.0
 40
0.127
  0
CIRCLE
  5
FF0
  8
PIN_TOP
 10
30.469078
 20
18.225007999999999
 30
0.0
 40
0.127
  0
CIRCLE
  5
FF1
  8
PIN_TOP
 10
31.119064000000002
 20
6.5250060000000003
 30
0.0
 40
0.127
  0
CIRCLE
  5
FF2
  8
PIN_TOP
 10
31.119064000000002
 20
7.1749919999999987
 30
0.0
 40
0.127
  0
CIRCLE
  5
FF3
  8
PIN_TOP
 10
31.119064000000002
 20
7.8249779999999989
 30
0.0
 40
0.127
  0
CIRCLE
  5
FF4
  8
PIN_TOP
 10
31.119064000000002
 20
8.4749639999999982
 30
0.0
 40
0.127
  0
CIRCLE
  5
FF5
  8
PIN_TOP
 10
31.119064000000002
 20
9.1249500000000001
 30
0.0
 40
0.127
  0
CIRCLE
  5
FF6
  8
PIN_TOP
 10
31.119064000000002
 20
9.7749360000000003
 30
0.0
 40
0.127
  0
CIRCLE
  5
FF7
  8
PIN_TOP
 10
31.119064000000002
 20
10.424922
 30
0.0
 40
0.127
  0
CIRCLE
  5
FF8
  8
PIN_TOP
 10
31.119064000000002
 20
11.074908000000001
 30
0.0
 40
0.127
  0
CIRCLE
  5
FF9
  8
PIN_TOP
 10
31.119064000000002
 20
11.724894000000001
 30
0.0
 40
0.127
  0
CIRCLE
  5
FFA
  8
PIN_TOP
 10
31.119064000000002
 20
12.374879999999999
 30
0.0
 40
0.127
  0
CIRCLE
  5
FFB
  8
PIN_TOP
 10
31.119064000000002
 20
13.025119999999999
 30
0.0
 40
0.127
  0
CIRCLE
  5
FFC
  8
PIN_TOP
 10
31.119064000000002
 20
13.675106
 30
0.0
 40
0.127
  0
CIRCLE
  5
FFD
  8
PIN_TOP
 10
31.119064000000002
 20
14.325092
 30
0.0
 40
0.127
  0
CIRCLE
  5
FFE
  8
PIN_TOP
 10
31.119064000000002
 20
14.975078
 30
0.0
 40
0.127
  0
CIRCLE
  5
FFF
  8
PIN_TOP
 10
31.119064000000002
 20
15.625064
 30
0.0
 40
0.127
  0
CIRCLE
  5
1000
  8
PIN_TOP
 10
31.119064000000002
 20
16.925035999999999
 30
0.0
 40
0.127
  0
CIRCLE
  5
1001
  8
PIN_TOP
 10
31.119064000000002
 20
17.575022000000001
 30
0.0
 40
0.127
  0
CIRCLE
  5
1002
  8
PIN_TOP
 10
31.119064000000002
 20
18.225007999999999
 30
0.0
 40
0.127
  0
CIRCLE
  5
1003
  8
PIN_TOP
 10
31.76905
 20
6.5250060000000003
 30
0.0
 40
0.127
  0
CIRCLE
  5
1004
  8
PIN_TOP
 10
31.76905
 20
7.1749919999999987
 30
0.0
 40
0.127
  0
CIRCLE
  5
1005
  8
PIN_TOP
 10
31.76905
 20
7.8249779999999989
 30
0.0
 40
0.127
  0
CIRCLE
  5
1006
  8
PIN_TOP
 10
31.76905
 20
8.4749639999999982
 30
0.0
 40
0.127
  0
CIRCLE
  5
1007
  8
PIN_TOP
 10
31.76905
 20
9.1249500000000001
 30
0.0
 40
0.127
  0
CIRCLE
  5
1008
  8
PIN_TOP
 10
31.76905
 20
9.7749360000000003
 30
0.0
 40
0.127
  0
CIRCLE
  5
1009
  8
PIN_TOP
 10
31.76905
 20
10.424922
 30
0.0
 40
0.127
  0
CIRCLE
  5
100A
  8
PIN_TOP
 10
31.76905
 20
11.074908000000001
 30
0.0
 40
0.127
  0
CIRCLE
  5
100B
  8
PIN_TOP
 10
31.76905
 20
11.724894000000001
 30
0.0
 40
0.127
  0
CIRCLE
  5
100C
  8
PIN_TOP
 10
31.76905
 20
12.374879999999999
 30
0.0
 40
0.127
  0
CIRCLE
  5
100D
  8
PIN_TOP
 10
31.76905
 20
13.025119999999999
 30
0.0
 40
0.127
  0
CIRCLE
  5
100E
  8
PIN_TOP
 10
31.76905
 20
13.675106
 30
0.0
 40
0.127
  0
CIRCLE
  5
100F
  8
PIN_TOP
 10
31.76905
 20
14.325092
 30
0.0
 40
0.127
  0
CIRCLE
  5
1010
  8
PIN_TOP
 10
31.76905
 20
14.975078
 30
0.0
 40
0.127
  0
CIRCLE
  5
1011
  8
PIN_TOP
 10
31.76905
 20
15.625064
 30
0.0
 40
0.127
  0
CIRCLE
  5
1012
  8
PIN_TOP
 10
31.76905
 20
16.27505
 30
0.0
 40
0.127
  0
CIRCLE
  5
1013
  8
PIN_TOP
 10
31.76905
 20
16.925035999999999
 30
0.0
 40
0.127
  0
CIRCLE
  5
1014
  8
PIN_TOP
 10
31.76905
 20
17.575022000000001
 30
0.0
 40
0.127
  0
CIRCLE
  5
1015
  8
PIN_TOP
 10
31.76905
 20
18.225007999999999
 30
0.0
 40
0.127
  0
CIRCLE
  5
1016
  8
PIN_TOP
 10
32.419035999999998
 20
6.5250060000000003
 30
0.0
 40
0.127
  0
CIRCLE
  5
1017
  8
PIN_TOP
 10
32.419035999999998
 20
7.1749919999999987
 30
0.0
 40
0.127
  0
CIRCLE
  5
1018
  8
PIN_TOP
 10
32.419035999999998
 20
7.8249779999999989
 30
0.0
 40
0.127
  0
CIRCLE
  5
1019
  8
PIN_TOP
 10
32.419035999999998
 20
8.4749639999999982
 30
0.0
 40
0.127
  0
CIRCLE
  5
101A
  8
PIN_TOP
 10
32.419035999999998
 20
9.1249500000000001
 30
0.0
 40
0.127
  0
CIRCLE
  5
101B
  8
PIN_TOP
 10
32.419035999999998
 20
9.7749360000000003
 30
0.0
 40
0.127
  0
CIRCLE
  5
101C
  8
PIN_TOP
 10
32.419035999999998
 20
10.424922
 30
0.0
 40
0.127
  0
CIRCLE
  5
101D
  8
PIN_TOP
 10
32.419035999999998
 20
11.074908000000001
 30
0.0
 40
0.127
  0
CIRCLE
  5
101E
  8
PIN_TOP
 10
32.419035999999998
 20
11.724894000000001
 30
0.0
 40
0.127
  0
CIRCLE
  5
101F
  8
PIN_TOP
 10
32.419035999999998
 20
13.025119999999999
 30
0.0
 40
0.127
  0
CIRCLE
  5
1020
  8
PIN_TOP
 10
32.419035999999998
 20
13.675106
 30
0.0
 40
0.127
  0
CIRCLE
  5
1021
  8
PIN_TOP
 10
32.419035999999998
 20
14.325092
 30
0.0
 40
0.127
  0
CIRCLE
  5
1022
  8
PIN_TOP
 10
32.419035999999998
 20
14.975078
 30
0.0
 40
0.127
  0
CIRCLE
  5
1023
  8
PIN_TOP
 10
32.419035999999998
 20
15.625064
 30
0.0
 40
0.127
  0
CIRCLE
  5
1024
  8
PIN_TOP
 10
32.419035999999998
 20
16.27505
 30
0.0
 40
0.127
  0
CIRCLE
  5
1025
  8
PIN_TOP
 10
32.419035999999998
 20
16.925035999999999
 30
0.0
 40
0.127
  0
CIRCLE
  5
1026
  8
PIN_TOP
 10
32.419035999999998
 20
17.575022000000001
 30
0.0
 40
0.127
  0
CIRCLE
  5
1027
  8
PIN_TOP
 10
32.419035999999998
 20
18.225007999999999
 30
0.0
 40
0.127
  0
CIRCLE
  5
1028
  8
PIN_TOP
 10
33.069021999999997
 20
6.5250060000000003
 30
0.0
 40
0.127
  0
CIRCLE
  5
1029
  8
PIN_TOP
 10
33.069021999999997
 20
7.1749919999999987
 30
0.0
 40
0.127
  0
CIRCLE
  5
102A
  8
PIN_TOP
 10
33.069021999999997
 20
7.8249779999999989
 30
0.0
 40
0.127
  0
CIRCLE
  5
102B
  8
PIN_TOP
 10
33.069021999999997
 20
8.4749639999999982
 30
0.0
 40
0.127
  0
CIRCLE
  5
102C
  8
PIN_TOP
 10
33.069021999999997
 20
9.1249500000000001
 30
0.0
 40
0.127
  0
CIRCLE
  5
102D
  8
PIN_TOP
 10
33.069021999999997
 20
9.7749360000000003
 30
0.0
 40
0.127
  0
CIRCLE
  5
102E
  8
PIN_TOP
 10
33.069021999999997
 20
10.424922
 30
0.0
 40
0.127
  0
CIRCLE
  5
102F
  8
PIN_TOP
 10
33.069021999999997
 20
11.074908000000001
 30
0.0
 40
0.127
  0
CIRCLE
  5
1030
  8
PIN_TOP
 10
33.069021999999997
 20
12.374879999999999
 30
0.0
 40
0.127
  0
CIRCLE
  5
1031
  8
PIN_TOP
 10
33.069021999999997
 20
13.025119999999999
 30
0.0
 40
0.127
  0
CIRCLE
  5
1032
  8
PIN_TOP
 10
33.069021999999997
 20
13.675106
 30
0.0
 40
0.127
  0
CIRCLE
  5
1033
  8
PIN_TOP
 10
33.069021999999997
 20
14.325092
 30
0.0
 40
0.127
  0
CIRCLE
  5
1034
  8
PIN_TOP
 10
33.069021999999997
 20
14.975078
 30
0.0
 40
0.127
  0
CIRCLE
  5
1035
  8
PIN_TOP
 10
33.069021999999997
 20
15.625064
 30
0.0
 40
0.127
  0
CIRCLE
  5
1036
  8
PIN_TOP
 10
33.069021999999997
 20
16.27505
 30
0.0
 40
0.127
  0
CIRCLE
  5
1037
  8
PIN_TOP
 10
33.069021999999997
 20
17.575022000000001
 30
0.0
 40
0.127
  0
CIRCLE
  5
1038
  8
PIN_TOP
 10
22.66899200000001
 20
18.874994000000001
 30
0.0
 40
0.127
  0
CIRCLE
  5
1039
  8
PIN_TOP
 10
23.318978000000001
 20
18.874994000000001
 30
0.0
 40
0.127
  0
CIRCLE
  5
103A
  8
PIN_TOP
 10
23.968964
 20
18.874994000000001
 30
0.0
 40
0.127
  0
CIRCLE
  5
103B
  8
PIN_TOP
 10
24.618950000000002
 20
18.874994000000001
 30
0.0
 40
0.127
  0
CIRCLE
  5
103C
  8
PIN_TOP
 10
25.268936
 20
18.874994000000001
 30
0.0
 40
0.127
  0
CIRCLE
  5
103D
  8
PIN_TOP
 10
25.918921999999998
 20
18.874994000000001
 30
0.0
 40
0.127
  0
CIRCLE
  5
103E
  8
PIN_TOP
 10
27.218893999999999
 20
18.874994000000001
 30
0.0
 40
0.127
  0
CIRCLE
  5
103F
  8
PIN_TOP
 10
28.519120000000001
 20
18.874994000000001
 30
0.0
 40
0.127
  0
CIRCLE
  5
1040
  8
PIN_TOP
 10
29.169105999999999
 20
18.874994000000001
 30
0.0
 40
0.127
  0
CIRCLE
  5
1041
  8
PIN_TOP
 10
29.819092000000001
 20
18.874994000000001
 30
0.0
 40
0.127
  0
CIRCLE
  5
1042
  8
PIN_TOP
 10
30.469078
 20
18.874994000000001
 30
0.0
 40
0.127
  0
CIRCLE
  5
1043
  8
PIN_TOP
 10
31.119064000000002
 20
18.874994000000001
 30
0.0
 40
0.127
  0
CIRCLE
  5
1044
  8
PIN_TOP
 10
31.76905
 20
18.874994000000001
 30
0.0
 40
0.127
  0
CIRCLE
  5
1045
  8
PIN_TOP
 10
32.419035999999998
 20
18.874994000000001
 30
0.0
 40
0.127
  0
CIRCLE
  5
1046
  8
PIN_TOP
 10
33.069021999999997
 20
18.874994000000001
 30
0.0
 40
0.127
  0
CIRCLE
  5
1047
  8
PIN_TOP
 10
33.719008000000009
 20
6.5250060000000003
 30
0.0
 40
0.127
  0
CIRCLE
  5
1048
  8
PIN_TOP
 10
33.719008000000009
 20
7.1749919999999987
 30
0.0
 40
0.127
  0
CIRCLE
  5
1049
  8
PIN_TOP
 10
33.719008000000009
 20
7.8249779999999989
 30
0.0
 40
0.127
  0
CIRCLE
  5
104A
  8
PIN_TOP
 10
33.719008000000009
 20
8.4749639999999982
 30
0.0
 40
0.127
  0
CIRCLE
  5
104B
  8
PIN_TOP
 10
33.719008000000009
 20
9.1249500000000001
 30
0.0
 40
0.127
  0
CIRCLE
  5
104C
  8
PIN_TOP
 10
33.719008000000009
 20
9.7749360000000003
 30
0.0
 40
0.127
  0
CIRCLE
  5
104D
  8
PIN_TOP
 10
33.719008000000009
 20
10.424922
 30
0.0
 40
0.127
  0
CIRCLE
  5
104E
  8
PIN_TOP
 10
33.719008000000009
 20
11.074908000000001
 30
0.0
 40
0.127
  0
CIRCLE
  5
104F
  8
PIN_TOP
 10
33.719008000000009
 20
12.374879999999999
 30
0.0
 40
0.127
  0
CIRCLE
  5
1050
  8
PIN_TOP
 10
33.719008000000009
 20
13.025119999999999
 30
0.0
 40
0.127
  0
CIRCLE
  5
1051
  8
PIN_TOP
 10
33.719008000000009
 20
13.675106
 30
0.0
 40
0.127
  0
CIRCLE
  5
1052
  8
PIN_TOP
 10
33.719008000000009
 20
14.325092
 30
0.0
 40
0.127
  0
CIRCLE
  5
1053
  8
PIN_TOP
 10
33.719008000000009
 20
14.975078
 30
0.0
 40
0.127
  0
CIRCLE
  5
1054
  8
PIN_TOP
 10
33.719008000000009
 20
15.625064
 30
0.0
 40
0.127
  0
CIRCLE
  5
1055
  8
PIN_TOP
 10
33.719008000000009
 20
16.27505
 30
0.0
 40
0.127
  0
CIRCLE
  5
1056
  8
PIN_TOP
 10
33.719008000000009
 20
16.925035999999999
 30
0.0
 40
0.127
  0
CIRCLE
  5
1057
  8
PIN_TOP
 10
33.719008000000009
 20
17.575022000000001
 30
0.0
 40
0.127
  0
CIRCLE
  5
1058
  8
PIN_TOP
 10
33.719008000000009
 20
18.225007999999999
 30
0.0
 40
0.127
  0
CIRCLE
  5
1059
  8
PIN_TOP
 10
33.719008000000009
 20
18.874994000000001
 30
0.0
 40
0.127
  0
CIRCLE
  5
105A
  8
PIN_TOP
 10
21.393912
 20
5.2999640000000001
 30
0.0
 40
0.127
  0
CIRCLE
  5
105B
  8
PIN_TOP
 10
21.393912
 20
6.1000639999999979
 30
0.0
 40
0.127
  0
CIRCLE
  5
105C
  8
PIN_TOP
 10
21.393912
 20
6.5001139999999991
 30
0.0
 40
0.127
  0
CIRCLE
  5
105D
  8
PIN_TOP
 10
21.393912
 20
7.2999599999999978
 30
0.0
 40
0.127
  0
CIRCLE
  5
105E
  8
PIN_TOP
 10
21.393912
 20
7.7000099999999989
 30
0.0
 40
0.127
  0
CIRCLE
  5
105F
  8
PIN_TOP
 10
21.393912
 20
8.5001100000000012
 30
0.0
 40
0.127
  0
CIRCLE
  5
1060
  8
PIN_TOP
 10
21.393912
 20
8.8999059999999979
 30
0.0
 40
0.127
  0
CIRCLE
  5
1061
  8
PIN_TOP
 10
21.393912
 20
9.7000060000000001
 30
0.0
 40
0.127
  0
CIRCLE
  5
1062
  8
PIN_TOP
 10
21.393912
 20
10.100056
 30
0.0
 40
0.127
  0
CIRCLE
  5
1063
  8
PIN_TOP
 10
21.393912
 20
10.899902000000001
 30
0.0
 40
0.127
  0
CIRCLE
  5
1064
  8
PIN_TOP
 10
21.393912
 20
11.299951999999999
 30
0.0
 40
0.127
  0
CIRCLE
  5
1065
  8
PIN_TOP
 10
21.393912
 20
12.100052
 30
0.0
 40
0.127
  0
CIRCLE
  5
1066
  8
PIN_TOP
 10
21.393912
 20
12.500102
 30
0.0
 40
0.127
  0
CIRCLE
  5
1067
  8
PIN_TOP
 10
21.393912
 20
13.299948000000001
 30
0.0
 40
0.127
  0
CIRCLE
  5
1068
  8
PIN_TOP
 10
21.393912
 20
13.699998000000001
 30
0.0
 40
0.127
  0
CIRCLE
  5
1069
  8
PIN_TOP
 10
21.393912
 20
14.500097999999999
 30
0.0
 40
0.127
  0
CIRCLE
  5
106A
  8
PIN_TOP
 10
21.393912
 20
14.899894
 30
0.0
 40
0.127
  0
CIRCLE
  5
106B
  8
PIN_TOP
 10
21.393912
 20
15.699994
 30
0.0
 40
0.127
  0
CIRCLE
  5
106C
  8
PIN_TOP
 10
21.393912
 20
16.500094000000001
 30
0.0
 40
0.127
  0
CIRCLE
  5
106D
  8
PIN_TOP
 10
21.393912
 20
16.899889999999999
 30
0.0
 40
0.127
  0
CIRCLE
  5
106E
  8
PIN_TOP
 10
21.393912
 20
17.69999
 30
0.0
 40
0.127
  0
CIRCLE
  5
106F
  8
PIN_TOP
 10
21.393912
 20
18.10004
 30
0.0
 40
0.127
  0
CIRCLE
  5
1070
  8
PIN_TOP
 10
21.393912
 20
18.899885999999999
 30
0.0
 40
0.127
  0
CIRCLE
  5
1071
  8
PIN_TOP
 10
21.393912
 20
19.699985999999999
 30
0.0
 40
0.127
  0
CIRCLE
  5
1072
  8
PIN_TOP
 10
21.793962000000001
 20
5.7000140000000004
 30
0.0
 40
0.127
  0
CIRCLE
  5
1073
  8
PIN_TOP
 10
21.793962000000001
 20
6.1000639999999979
 30
0.0
 40
0.127
  0
CIRCLE
  5
1074
  8
PIN_TOP
 10
21.793962000000001
 20
6.5001139999999991
 30
0.0
 40
0.127
  0
CIRCLE
  5
1075
  8
PIN_TOP
 10
21.793962000000001
 20
6.8999100000000002
 30
0.0
 40
0.127
  0
CIRCLE
  5
1076
  8
PIN_TOP
 10
21.793962000000001
 20
7.2999599999999978
 30
0.0
 40
0.127
  0
CIRCLE
  5
1077
  8
PIN_TOP
 10
21.793962000000001
 20
7.7000099999999989
 30
0.0
 40
0.127
  0
CIRCLE
  5
1078
  8
PIN_TOP
 10
21.793962000000001
 20
8.1000599999999991
 30
0.0
 40
0.127
  0
CIRCLE
  5
1079
  8
PIN_TOP
 10
21.793962000000001
 20
8.5001100000000012
 30
0.0
 40
0.127
  0
CIRCLE
  5
107A
  8
PIN_TOP
 10
21.793962000000001
 20
8.8999059999999979
 30
0.0
 40
0.127
  0
CIRCLE
  5
107B
  8
PIN_TOP
 10
21.793962000000001
 20
9.2999559999999981
 30
0.0
 40
0.127
  0
CIRCLE
  5
107C
  8
PIN_TOP
 10
21.793962000000001
 20
9.7000060000000001
 30
0.0
 40
0.127
  0
CIRCLE
  5
107D
  8
PIN_TOP
 10
21.793962000000001
 20
10.100056
 30
0.0
 40
0.127
  0
CIRCLE
  5
107E
  8
PIN_TOP
 10
21.793962000000001
 20
10.500106000000001
 30
0.0
 40
0.127
  0
CIRCLE
  5
107F
  8
PIN_TOP
 10
21.793962000000001
 20
10.899902000000001
 30
0.0
 40
0.127
  0
CIRCLE
  5
1080
  8
PIN_TOP
 10
21.793962000000001
 20
11.299951999999999
 30
0.0
 40
0.127
  0
CIRCLE
  5
1081
  8
PIN_TOP
 10
21.793962000000001
 20
11.700002
 30
0.0
 40
0.127
  0
CIRCLE
  5
1082
  8
PIN_TOP
 10
21.793962000000001
 20
12.100052
 30
0.0
 40
0.127
  0
CIRCLE
  5
1083
  8
PIN_TOP
 10
21.793962000000001
 20
12.500102
 30
0.0
 40
0.127
  0
CIRCLE
  5
1084
  8
PIN_TOP
 10
21.793962000000001
 20
12.899898
 30
0.0
 40
0.127
  0
CIRCLE
  5
1085
  8
PIN_TOP
 10
21.793962000000001
 20
13.299948000000001
 30
0.0
 40
0.127
  0
CIRCLE
  5
1086
  8
PIN_TOP
 10
21.793962000000001
 20
13.699998000000001
 30
0.0
 40
0.127
  0
CIRCLE
  5
1087
  8
PIN_TOP
 10
21.793962000000001
 20
14.100047999999999
 30
0.0
 40
0.127
  0
CIRCLE
  5
1088
  8
PIN_TOP
 10
21.793962000000001
 20
14.500097999999999
 30
0.0
 40
0.127
  0
CIRCLE
  5
1089
  8
PIN_TOP
 10
21.793962000000001
 20
14.899894
 30
0.0
 40
0.127
  0
CIRCLE
  5
108A
  8
PIN_TOP
 10
21.793962000000001
 20
15.299944
 30
0.0
 40
0.127
  0
CIRCLE
  5
108B
  8
PIN_TOP
 10
21.793962000000001
 20
15.699994
 30
0.0
 40
0.127
  0
CIRCLE
  5
108C
  8
PIN_TOP
 10
21.793962000000001
 20
16.100044
 30
0.0
 40
0.127
  0
CIRCLE
  5
108D
  8
PIN_TOP
 10
21.793962000000001
 20
16.500094000000001
 30
0.0
 40
0.127
  0
CIRCLE
  5
108E
  8
PIN_TOP
 10
21.793962000000001
 20
16.899889999999999
 30
0.0
 40
0.127
  0
CIRCLE
  5
108F
  8
PIN_TOP
 10
21.793962000000001
 20
17.299939999999999
 30
0.0
 40
0.127
  0
CIRCLE
  5
1090
  8
PIN_TOP
 10
21.793962000000001
 20
17.69999
 30
0.0
 40
0.127
  0
CIRCLE
  5
1091
  8
PIN_TOP
 10
21.793962000000001
 20
18.10004
 30
0.0
 40
0.127
  0
CIRCLE
  5
1092
  8
PIN_TOP
 10
21.793962000000001
 20
18.50009
 30
0.0
 40
0.127
  0
CIRCLE
  5
1093
  8
PIN_TOP
 10
21.793962000000001
 20
18.899885999999999
 30
0.0
 40
0.127
  0
CIRCLE
  5
1094
  8
PIN_TOP
 10
21.793962000000001
 20
19.299935999999999
 30
0.0
 40
0.127
  0
CIRCLE
  5
1095
  8
PIN_TOP
 10
21.793962000000001
 20
19.699985999999999
 30
0.0
 40
0.127
  0
CIRCLE
  5
1096
  8
PIN_TOP
 10
22.194012000000001
 20
5.2999640000000001
 30
0.0
 40
0.127
  0
CIRCLE
  5
1097
  8
PIN_TOP
 10
22.194012000000001
 20
5.7000140000000004
 30
0.0
 40
0.127
  0
CIRCLE
  5
1098
  8
PIN_TOP
 10
22.194012000000001
 20
19.699985999999999
 30
0.0
 40
0.127
  0
CIRCLE
  5
1099
  8
PIN_TOP
 10
22.594062000000001
 20
5.2999640000000001
 30
0.0
 40
0.127
  0
CIRCLE
  5
109A
  8
PIN_TOP
 10
22.594062000000001
 20
5.7000140000000004
 30
0.0
 40
0.127
  0
CIRCLE
  5
109B
  8
PIN_TOP
 10
22.594062000000001
 20
19.699985999999999
 30
0.0
 40
0.127
  0
CIRCLE
  5
109C
  8
PIN_TOP
 10
22.994112000000001
 20
5.7000140000000004
 30
0.0
 40
0.127
  0
CIRCLE
  5
109D
  8
PIN_TOP
 10
22.994112000000001
 20
19.699985999999999
 30
0.0
 40
0.127
  0
CIRCLE
  5
109E
  8
PIN_TOP
 10
23.393908
 20
5.2999640000000001
 30
0.0
 40
0.127
  0
CIRCLE
  5
109F
  8
PIN_TOP
 10
23.393908
 20
5.7000140000000004
 30
0.0
 40
0.127
  0
CIRCLE
  5
10A0
  8
PIN_TOP
 10
23.393908
 20
19.699985999999999
 30
0.0
 40
0.127
  0
CIRCLE
  5
10A1
  8
PIN_TOP
 10
23.793958
 20
5.2999640000000001
 30
0.0
 40
0.127
  0
CIRCLE
  5
10A2
  8
PIN_TOP
 10
23.793958
 20
5.7000140000000004
 30
0.0
 40
0.127
  0
CIRCLE
  5
10A3
  8
PIN_TOP
 10
23.793958
 20
19.699985999999999
 30
0.0
 40
0.127
  0
CIRCLE
  5
10A4
  8
PIN_TOP
 10
24.194008
 20
5.7000140000000004
 30
0.0
 40
0.127
  0
CIRCLE
  5
10A5
  8
PIN_TOP
 10
24.194008
 20
19.699985999999999
 30
0.0
 40
0.127
  0
CIRCLE
  5
10A6
  8
PIN_TOP
 10
24.594058
 20
5.2999640000000001
 30
0.0
 40
0.127
  0
CIRCLE
  5
10A7
  8
PIN_TOP
 10
24.594058
 20
5.7000140000000004
 30
0.0
 40
0.127
  0
CIRCLE
  5
10A8
  8
PIN_TOP
 10
24.594058
 20
19.699985999999999
 30
0.0
 40
0.127
  0
CIRCLE
  5
10A9
  8
PIN_TOP
 10
24.994108000000001
 20
5.2999640000000001
 30
0.0
 40
0.127
  0
CIRCLE
  5
10AA
  8
PIN_TOP
 10
24.994108000000001
 20
5.7000140000000004
 30
0.0
 40
0.127
  0
CIRCLE
  5
10AB
  8
PIN_TOP
 10
24.994108000000001
 20
19.699985999999999
 30
0.0
 40
0.127
  0
CIRCLE
  5
10AC
  8
PIN_TOP
 10
25.393903999999999
 20
5.7000140000000004
 30
0.0
 40
0.127
  0
CIRCLE
  5
10AD
  8
PIN_TOP
 10
25.393903999999999
 20
19.699985999999999
 30
0.0
 40
0.127
  0
CIRCLE
  5
10AE
  8
PIN_TOP
 10
25.793953999999999
 20
5.2999640000000001
 30
0.0
 40
0.127
  0
CIRCLE
  5
10AF
  8
PIN_TOP
 10
25.793953999999999
 20
5.7000140000000004
 30
0.0
 40
0.127
  0
CIRCLE
  5
10B0
  8
PIN_TOP
 10
25.793953999999999
 20
19.699985999999999
 30
0.0
 40
0.127
  0
CIRCLE
  5
10B1
  8
PIN_TOP
 10
26.194004
 20
5.7000140000000004
 30
0.0
 40
0.127
  0
CIRCLE
  5
10B2
  8
PIN_TOP
 10
26.194004
 20
19.699985999999999
 30
0.0
 40
0.127
  0
CIRCLE
  5
10B3
  8
PIN_TOP
 10
26.594054
 20
5.2999640000000001
 30
0.0
 40
0.127
  0
CIRCLE
  5
10B4
  8
PIN_TOP
 10
26.594054
 20
5.7000140000000004
 30
0.0
 40
0.127
  0
CIRCLE
  5
10B5
  8
PIN_TOP
 10
26.594054
 20
19.699985999999999
 30
0.0
 40
0.127
  0
CIRCLE
  5
10B6
  8
PIN_TOP
 10
26.994104
 20
5.2999640000000001
 30
0.0
 40
0.127
  0
CIRCLE
  5
10B7
  8
PIN_TOP
 10
26.994104
 20
5.7000140000000004
 30
0.0
 40
0.127
  0
CIRCLE
  5
10B8
  8
PIN_TOP
 10
26.994104
 20
19.699985999999999
 30
0.0
 40
0.127
  0
CIRCLE
  5
10B9
  8
PIN_TOP
 10
27.393899999999999
 20
5.7000140000000004
 30
0.0
 40
0.127
  0
CIRCLE
  5
10BA
  8
PIN_TOP
 10
27.393899999999999
 20
19.699985999999999
 30
0.0
 40
0.127
  0
CIRCLE
  5
10BB
  8
PIN_TOP
 10
27.793949999999999
 20
5.2999640000000001
 30
0.0
 40
0.127
  0
CIRCLE
  5
10BC
  8
PIN_TOP
 10
27.793949999999999
 20
5.7000140000000004
 30
0.0
 40
0.127
  0
CIRCLE
  5
10BD
  8
PIN_TOP
 10
27.793949999999999
 20
19.699985999999999
 30
0.0
 40
0.127
  0
CIRCLE
  5
10BE
  8
PIN_TOP
 10
28.193999999999999
 20
5.2999640000000001
 30
0.0
 40
0.127
  0
CIRCLE
  5
10BF
  8
PIN_TOP
 10
28.193999999999999
 20
5.7000140000000004
 30
0.0
 40
0.127
  0
CIRCLE
  5
10C0
  8
PIN_TOP
 10
28.193999999999999
 20
19.699985999999999
 30
0.0
 40
0.127
  0
CIRCLE
  5
10C1
  8
PIN_TOP
 10
28.594049999999999
 20
5.7000140000000004
 30
0.0
 40
0.127
  0
CIRCLE
  5
10C2
  8
PIN_TOP
 10
28.594049999999999
 20
19.699985999999999
 30
0.0
 40
0.127
  0
CIRCLE
  5
10C3
  8
PIN_TOP
 10
28.9941
 20
5.2999640000000001
 30
0.0
 40
0.127
  0
CIRCLE
  5
10C4
  8
PIN_TOP
 10
28.9941
 20
5.7000140000000004
 30
0.0
 40
0.127
  0
CIRCLE
  5
10C5
  8
PIN_TOP
 10
28.9941
 20
19.699985999999999
 30
0.0
 40
0.127
  0
CIRCLE
  5
10C6
  8
PIN_TOP
 10
29.393896000000002
 20
5.2999640000000001
 30
0.0
 40
0.127
  0
CIRCLE
  5
10C7
  8
PIN_TOP
 10
29.393896000000002
 20
5.7000140000000004
 30
0.0
 40
0.127
  0
CIRCLE
  5
10C8
  8
PIN_TOP
 10
29.393896000000002
 20
19.699985999999999
 30
0.0
 40
0.127
  0
CIRCLE
  5
10C9
  8
PIN_TOP
 10
29.793945999999998
 20
5.7000140000000004
 30
0.0
 40
0.127
  0
CIRCLE
  5
10CA
  8
PIN_TOP
 10
29.793945999999998
 20
19.699985999999999
 30
0.0
 40
0.127
  0
CIRCLE
  5
10CB
  8
PIN_TOP
 10
30.193995999999999
 20
5.2999640000000001
 30
0.0
 40
0.127
  0
CIRCLE
  5
10CC
  8
PIN_TOP
 10
30.193995999999999
 20
5.7000140000000004
 30
0.0
 40
0.127
  0
CIRCLE
  5
10CD
  8
PIN_TOP
 10
30.193995999999999
 20
19.699985999999999
 30
0.0
 40
0.127
  0
CIRCLE
  5
10CE
  8
PIN_TOP
 10
30.594046000000009
 20
5.2999640000000001
 30
0.0
 40
0.127
  0
CIRCLE
  5
10CF
  8
PIN_TOP
 10
30.594046000000009
 20
5.7000140000000004
 30
0.0
 40
0.127
  0
CIRCLE
  5
10D0
  8
PIN_TOP
 10
30.594046000000009
 20
19.699985999999999
 30
0.0
 40
0.127
  0
CIRCLE
  5
10D1
  8
PIN_TOP
 10
30.994095999999999
 20
5.7000140000000004
 30
0.0
 40
0.127
  0
CIRCLE
  5
10D2
  8
PIN_TOP
 10
30.994095999999999
 20
19.699985999999999
 30
0.0
 40
0.127
  0
CIRCLE
  5
10D3
  8
PIN_TOP
 10
31.393892000000001
 20
5.2999640000000001
 30
0.0
 40
0.127
  0
CIRCLE
  5
10D4
  8
PIN_TOP
 10
31.393892000000001
 20
5.7000140000000004
 30
0.0
 40
0.127
  0
CIRCLE
  5
10D5
  8
PIN_TOP
 10
31.393892000000001
 20
19.699985999999999
 30
0.0
 40
0.127
  0
CIRCLE
  5
10D6
  8
PIN_TOP
 10
31.793942000000001
 20
5.2999640000000001
 30
0.0
 40
0.127
  0
CIRCLE
  5
10D7
  8
PIN_TOP
 10
31.793942000000001
 20
5.7000140000000004
 30
0.0
 40
0.127
  0
CIRCLE
  5
10D8
  8
PIN_TOP
 10
31.793942000000001
 20
19.699985999999999
 30
0.0
 40
0.127
  0
CIRCLE
  5
10D9
  8
PIN_TOP
 10
32.193992000000001
 20
5.7000140000000004
 30
0.0
 40
0.127
  0
CIRCLE
  5
10DA
  8
PIN_TOP
 10
32.193992000000001
 20
19.699985999999999
 30
0.0
 40
0.127
  0
CIRCLE
  5
10DB
  8
PIN_TOP
 10
32.594042000000002
 20
5.2999640000000001
 30
0.0
 40
0.127
  0
CIRCLE
  5
10DC
  8
PIN_TOP
 10
32.594042000000002
 20
5.7000140000000004
 30
0.0
 40
0.127
  0
CIRCLE
  5
10DD
  8
PIN_TOP
 10
32.594042000000002
 20
19.699985999999999
 30
0.0
 40
0.127
  0
CIRCLE
  5
10DE
  8
PIN_TOP
 10
32.994091999999988
 20
5.2999640000000001
 30
0.0
 40
0.127
  0
CIRCLE
  5
10DF
  8
PIN_TOP
 10
32.994091999999988
 20
5.7000140000000004
 30
0.0
 40
0.127
  0
CIRCLE
  5
10E0
  8
PIN_TOP
 10
32.994091999999988
 20
19.699985999999999
 30
0.0
 40
0.127
  0
CIRCLE
  5
10E1
  8
PIN_TOP
 10
33.393887999999997
 20
5.7000140000000004
 30
0.0
 40
0.127
  0
CIRCLE
  5
10E2
  8
PIN_TOP
 10
33.393887999999997
 20
19.699985999999999
 30
0.0
 40
0.127
  0
CIRCLE
  5
10E3
  8
PIN_TOP
 10
33.793937999999997
 20
5.2999640000000001
 30
0.0
 40
0.127
  0
CIRCLE
  5
10E4
  8
PIN_TOP
 10
33.793937999999997
 20
5.7000140000000004
 30
0.0
 40
0.127
  0
CIRCLE
  5
10E5
  8
PIN_TOP
 10
33.793937999999997
 20
19.699985999999999
 30
0.0
 40
0.127
  0
CIRCLE
  5
10E6
  8
PIN_TOP
 10
34.193987999999997
 20
5.7000140000000004
 30
0.0
 40
0.127
  0
CIRCLE
  5
10E7
  8
PIN_TOP
 10
34.193987999999997
 20
19.699985999999999
 30
0.0
 40
0.127
  0
CIRCLE
  5
10E8
  8
PIN_TOP
 10
34.594037999999998
 20
5.2999640000000001
 30
0.0
 40
0.127
  0
CIRCLE
  5
10E9
  8
PIN_TOP
 10
34.594037999999998
 20
5.7000140000000004
 30
0.0
 40
0.127
  0
CIRCLE
  5
10EA
  8
PIN_TOP
 10
34.594037999999998
 20
6.1000639999999979
 30
0.0
 40
0.127
  0
CIRCLE
  5
10EB
  8
PIN_TOP
 10
34.594037999999998
 20
6.5001139999999991
 30
0.0
 40
0.127
  0
CIRCLE
  5
10EC
  8
PIN_TOP
 10
34.594037999999998
 20
6.8999100000000002
 30
0.0
 40
0.127
  0
CIRCLE
  5
10ED
  8
PIN_TOP
 10
34.594037999999998
 20
7.2999599999999978
 30
0.0
 40
0.127
  0
CIRCLE
  5
10EE
  8
PIN_TOP
 10
34.594037999999998
 20
7.7000099999999989
 30
0.0
 40
0.127
  0
CIRCLE
  5
10EF
  8
PIN_TOP
 10
34.594037999999998
 20
8.1000599999999991
 30
0.0
 40
0.127
  0
CIRCLE
  5
10F0
  8
PIN_TOP
 10
34.594037999999998
 20
8.5001100000000012
 30
0.0
 40
0.127
  0
CIRCLE
  5
10F1
  8
PIN_TOP
 10
34.594037999999998
 20
8.8999059999999979
 30
0.0
 40
0.127
  0
CIRCLE
  5
10F2
  8
PIN_TOP
 10
34.594037999999998
 20
9.2999559999999981
 30
0.0
 40
0.127
  0
CIRCLE
  5
10F3
  8
PIN_TOP
 10
34.594037999999998
 20
9.7000060000000001
 30
0.0
 40
0.127
  0
CIRCLE
  5
10F4
  8
PIN_TOP
 10
34.594037999999998
 20
10.100056
 30
0.0
 40
0.127
  0
CIRCLE
  5
10F5
  8
PIN_TOP
 10
34.594037999999998
 20
10.500106000000001
 30
0.0
 40
0.127
  0
CIRCLE
  5
10F6
  8
PIN_TOP
 10
34.594037999999998
 20
10.899902000000001
 30
0.0
 40
0.127
  0
CIRCLE
  5
10F7
  8
PIN_TOP
 10
34.594037999999998
 20
11.299951999999999
 30
0.0
 40
0.127
  0
CIRCLE
  5
10F8
  8
PIN_TOP
 10
34.594037999999998
 20
11.700002
 30
0.0
 40
0.127
  0
CIRCLE
  5
10F9
  8
PIN_TOP
 10
34.594037999999998
 20
12.100052
 30
0.0
 40
0.127
  0
CIRCLE
  5
10FA
  8
PIN_TOP
 10
34.594037999999998
 20
12.500102
 30
0.0
 40
0.127
  0
CIRCLE
  5
10FB
  8
PIN_TOP
 10
34.594037999999998
 20
12.899898
 30
0.0
 40
0.127
  0
CIRCLE
  5
10FC
  8
PIN_TOP
 10
34.594037999999998
 20
13.299948000000001
 30
0.0
 40
0.127
  0
CIRCLE
  5
10FD
  8
PIN_TOP
 10
34.594037999999998
 20
13.699998000000001
 30
0.0
 40
0.127
  0
CIRCLE
  5
10FE
  8
PIN_TOP
 10
34.594037999999998
 20
14.100047999999999
 30
0.0
 40
0.127
  0
CIRCLE
  5
10FF
  8
PIN_TOP
 10
34.594037999999998
 20
14.500097999999999
 30
0.0
 40
0.127
  0
CIRCLE
  5
1100
  8
PIN_TOP
 10
34.594037999999998
 20
14.899894
 30
0.0
 40
0.127
  0
CIRCLE
  5
1101
  8
PIN_TOP
 10
34.594037999999998
 20
15.299944
 30
0.0
 40
0.127
  0
CIRCLE
  5
1102
  8
PIN_TOP
 10
34.594037999999998
 20
15.699994
 30
0.0
 40
0.127
  0
CIRCLE
  5
1103
  8
PIN_TOP
 10
34.594037999999998
 20
16.100044
 30
0.0
 40
0.127
  0
CIRCLE
  5
1104
  8
PIN_TOP
 10
34.594037999999998
 20
16.500094000000001
 30
0.0
 40
0.127
  0
CIRCLE
  5
1105
  8
PIN_TOP
 10
34.594037999999998
 20
16.899889999999999
 30
0.0
 40
0.127
  0
CIRCLE
  5
1106
  8
PIN_TOP
 10
34.594037999999998
 20
17.299939999999999
 30
0.0
 40
0.127
  0
CIRCLE
  5
1107
  8
PIN_TOP
 10
34.594037999999998
 20
17.69999
 30
0.0
 40
0.127
  0
CIRCLE
  5
1108
  8
PIN_TOP
 10
34.594037999999998
 20
18.10004
 30
0.0
 40
0.127
  0
CIRCLE
  5
1109
  8
PIN_TOP
 10
34.594037999999998
 20
18.50009
 30
0.0
 40
0.127
  0
CIRCLE
  5
110A
  8
PIN_TOP
 10
34.594037999999998
 20
18.899885999999999
 30
0.0
 40
0.127
  0
CIRCLE
  5
110B
  8
PIN_TOP
 10
34.594037999999998
 20
19.299935999999999
 30
0.0
 40
0.127
  0
CIRCLE
  5
110C
  8
PIN_TOP
 10
34.594037999999998
 20
19.699985999999999
 30
0.0
 40
0.127
  0
CIRCLE
  5
110D
  8
PIN_TOP
 10
34.994087999999998
 20
5.2999640000000001
 30
0.0
 40
0.127
  0
CIRCLE
  5
110E
  8
PIN_TOP
 10
34.994087999999998
 20
5.7000140000000004
 30
0.0
 40
0.127
  0
CIRCLE
  5
110F
  8
PIN_TOP
 10
34.994087999999998
 20
6.5001139999999991
 30
0.0
 40
0.127
  0
CIRCLE
  5
1110
  8
PIN_TOP
 10
34.994087999999998
 20
7.2999599999999978
 30
0.0
 40
0.127
  0
CIRCLE
  5
1111
  8
PIN_TOP
 10
34.994087999999998
 20
7.7000099999999989
 30
0.0
 40
0.127
  0
CIRCLE
  5
1112
  8
PIN_TOP
 10
34.994087999999998
 20
8.5001100000000012
 30
0.0
 40
0.127
  0
CIRCLE
  5
1113
  8
PIN_TOP
 10
34.994087999999998
 20
8.8999059999999979
 30
0.0
 40
0.127
  0
CIRCLE
  5
1114
  8
PIN_TOP
 10
34.994087999999998
 20
9.7000060000000001
 30
0.0
 40
0.127
  0
CIRCLE
  5
1115
  8
PIN_TOP
 10
34.994087999999998
 20
10.100056
 30
0.0
 40
0.127
  0
CIRCLE
  5
1116
  8
PIN_TOP
 10
34.994087999999998
 20
11.299951999999999
 30
0.0
 40
0.127
  0
CIRCLE
  5
1117
  8
PIN_TOP
 10
34.994087999999998
 20
11.700002
 30
0.0
 40
0.127
  0
CIRCLE
  5
1118
  8
PIN_TOP
 10
34.994087999999998
 20
12.500102
 30
0.0
 40
0.127
  0
CIRCLE
  5
1119
  8
PIN_TOP
 10
34.994087999999998
 20
12.899898
 30
0.0
 40
0.127
  0
CIRCLE
  5
111A
  8
PIN_TOP
 10
34.994087999999998
 20
13.699998000000001
 30
0.0
 40
0.127
  0
CIRCLE
  5
111B
  8
PIN_TOP
 10
34.994087999999998
 20
14.500097999999999
 30
0.0
 40
0.127
  0
CIRCLE
  5
111C
  8
PIN_TOP
 10
34.994087999999998
 20
15.299944
 30
0.0
 40
0.127
  0
CIRCLE
  5
111D
  8
PIN_TOP
 10
34.994087999999998
 20
15.699994
 30
0.0
 40
0.127
  0
CIRCLE
  5
111E
  8
PIN_TOP
 10
34.994087999999998
 20
16.500094000000001
 30
0.0
 40
0.127
  0
CIRCLE
  5
111F
  8
PIN_TOP
 10
34.994087999999998
 20
16.899889999999999
 30
0.0
 40
0.127
  0
CIRCLE
  5
1120
  8
PIN_TOP
 10
34.994087999999998
 20
17.69999
 30
0.0
 40
0.127
  0
CIRCLE
  5
1121
  8
PIN_TOP
 10
34.994087999999998
 20
18.50009
 30
0.0
 40
0.127
  0
CIRCLE
  5
1122
  8
PIN_TOP
 10
34.994087999999998
 20
19.299935999999999
 30
0.0
 40
0.127
  0
CIRCLE
  5
1123
  8
PIN_TOP
 10
34.994087999999998
 20
19.699985999999999
 30
0.0
 40
0.127
  0
CIRCLE
  5
1124
  8
PIN_TOP
 10
21.393912
 20
20.100035999999999
 30
0.0
 40
0.127
  0
CIRCLE
  5
1125
  8
PIN_TOP
 10
21.793962000000001
 20
20.100035999999999
 30
0.0
 40
0.127
  0
CIRCLE
  5
1126
  8
PIN_TOP
 10
22.594062000000001
 20
20.100035999999999
 30
0.0
 40
0.127
  0
CIRCLE
  5
1127
  8
PIN_TOP
 10
22.994112000000001
 20
20.100035999999999
 30
0.0
 40
0.127
  0
CIRCLE
  5
1128
  8
PIN_TOP
 10
23.793958
 20
20.100035999999999
 30
0.0
 40
0.127
  0
CIRCLE
  5
1129
  8
PIN_TOP
 10
24.994108000000001
 20
20.100035999999999
 30
0.0
 40
0.127
  0
CIRCLE
  5
112A
  8
PIN_TOP
 10
25.793953999999999
 20
20.100035999999999
 30
0.0
 40
0.127
  0
CIRCLE
  5
112B
  8
PIN_TOP
 10
26.594054
 20
20.100035999999999
 30
0.0
 40
0.127
  0
CIRCLE
  5
112C
  8
PIN_TOP
 10
27.393899999999999
 20
20.100035999999999
 30
0.0
 40
0.127
  0
CIRCLE
  5
112D
  8
PIN_TOP
 10
28.193999999999999
 20
20.100035999999999
 30
0.0
 40
0.127
  0
CIRCLE
  5
112E
  8
PIN_TOP
 10
29.393896000000002
 20
20.100035999999999
 30
0.0
 40
0.127
  0
CIRCLE
  5
112F
  8
PIN_TOP
 10
30.193995999999999
 20
20.100035999999999
 30
0.0
 40
0.127
  0
CIRCLE
  5
1130
  8
PIN_TOP
 10
30.594046000000009
 20
20.100035999999999
 30
0.0
 40
0.127
  0
CIRCLE
  5
1131
  8
PIN_TOP
 10
31.393892000000001
 20
20.100035999999999
 30
0.0
 40
0.127
  0
CIRCLE
  5
1132
  8
PIN_TOP
 10
32.193992000000001
 20
20.100035999999999
 30
0.0
 40
0.127
  0
CIRCLE
  5
1133
  8
PIN_TOP
 10
32.994091999999988
 20
20.100035999999999
 30
0.0
 40
0.127
  0
CIRCLE
  5
1134
  8
PIN_TOP
 10
33.393887999999997
 20
20.100035999999999
 30
0.0
 40
0.127
  0
CIRCLE
  5
1135
  8
PIN_TOP
 10
34.193987999999997
 20
20.100035999999999
 30
0.0
 40
0.127
  0
CIRCLE
  5
1136
  8
PIN_TOP
 10
34.594037999999998
 20
20.100035999999999
 30
0.0
 40
0.127
  0
CIRCLE
  5
1137
  8
PIN_TOP
 10
34.994087999999998
 20
20.100035999999999
 30
0.0
 40
0.127
  0
POLYLINE
  5
1138
  8
PACKAGE_GEOMETRY_SILKSCREE
 66
     1
 10
0.0
 20
0.0
 30
0.0
 40
0.350012
 41
0.350012
  0
VERTEX
  5
F4F5
  8
PACKAGE_GEOMETRY_SILKSCREE
 10
34.711385999999997
 20
20.849589999999999
 30
0.0
  0
VERTEX
  5
F4F6
  8
PACKAGE_GEOMETRY_SILKSCREE
 10
34.394647999999997
 20
21.166328
 30
0.0
  0
SEQEND
  5
F4F7
  8
PACKAGE_GEOMETRY_SILKSCREE
  0
POLYLINE
  5
113C
  8
PACKAGE_GEOMETRY_SILKSCREE
 66
     1
 10
0.0
 20
0.0
 30
0.0
 40
0.350012
 41
0.350012
  0
VERTEX
  5
F4F8
  8
PACKAGE_GEOMETRY_SILKSCREE
 10
35.028377999999996
 20
21.166328
 30
0.0
  0
VERTEX
  5
F4F9
  8
PACKAGE_GEOMETRY_SILKSCREE
 10
34.711385999999997
 20
20.849589999999999
 30
0.0
  0
SEQEND
  5
F4FA
  8
PACKAGE_GEOMETRY_SILKSCREE
  0
POLYLINE
  5
1140
  8
PACKAGE_GEOMETRY_SILKSCREE
 66
     1
 10
0.0
 20
0.0
 30
0.0
 40
0.350012
 41
0.350012
  0
VERTEX
  5
F4FB
  8
PACKAGE_GEOMETRY_SILKSCREE
 10
34.394647999999997
 20
21.166328
 30
0.0
  0
VERTEX
  5
F4FC
  8
PACKAGE_GEOMETRY_SILKSCREE
 10
35.028377999999996
 20
21.166328
 30
0.0
  0
SEQEND
  5
F4FD
  8
PACKAGE_GEOMETRY_SILKSCREE
  0
POLYLINE
  5
1144
  8
PACKAGE_GEOMETRY_SILKSCREE
 66
     1
 10
0.0
 20
0.0
 30
0.0
 40
0.1524
 41
0.1524
  0
VERTEX
  5
F4FE
  8
PACKAGE_GEOMETRY_SILKSCREE
 10
20.994116000000002
 20
20.450047999999999
 30
0.0
  0
VERTEX
  5
F4FF
  8
PACKAGE_GEOMETRY_SILKSCREE
 10
35.043872
 20
20.450047999999999
 30
0.0
  0
SEQEND
  5
F500
  8
PACKAGE_GEOMETRY_SILKSCREE
  0
POLYLINE
  5
1148
  8
PACKAGE_GEOMETRY_SILKSCREE
 66
     1
 10
0.0
 20
0.0
 30
0.0
 40
0.1524
 41
0.1524
  0
VERTEX
  5
F501
  8
PACKAGE_GEOMETRY_SILKSCREE
 10
20.994116000000002
 20
4.9499519999999979
 30
0.0
  0
VERTEX
  5
F502
  8
PACKAGE_GEOMETRY_SILKSCREE
 10
20.994116000000002
 20
20.450047999999999
 30
0.0
  0
SEQEND
  5
F503
  8
PACKAGE_GEOMETRY_SILKSCREE
  0
POLYLINE
  5
114C
  8
PACKAGE_GEOMETRY_SILKSCREE
 66
     1
 10
0.0
 20
0.0
 30
0.0
 40
0.1524
 41
0.1524
  0
VERTEX
  5
F504
  8
PACKAGE_GEOMETRY_SILKSCREE
 10
35.393884
 20
4.9499519999999979
 30
0.0
  0
VERTEX
  5
F505
  8
PACKAGE_GEOMETRY_SILKSCREE
 10
20.994116000000002
 20
4.9499519999999979
 30
0.0
  0
SEQEND
  5
F506
  8
PACKAGE_GEOMETRY_SILKSCREE
  0
POLYLINE
  5
1150
  8
PACKAGE_GEOMETRY_SILKSCREE
 66
     1
 10
0.0
 20
0.0
 30
0.0
 40
0.1524
 41
0.1524
  0
VERTEX
  5
F507
  8
PACKAGE_GEOMETRY_SILKSCREE
 10
35.393884
 20
20.100035999999999
 30
0.0
  0
VERTEX
  5
F508
  8
PACKAGE_GEOMETRY_SILKSCREE
 10
35.393884
 20
4.9499519999999979
 30
0.0
  0
SEQEND
  5
F509
  8
PACKAGE_GEOMETRY_SILKSCREE
  0
POLYLINE
  5
1154
  8
PACKAGE_GEOMETRY_SILKSCREE
 66
     1
 10
0.0
 20
0.0
 30
0.0
 40
0.1524
 41
0.1524
  0
VERTEX
  5
F50A
  8
PACKAGE_GEOMETRY_SILKSCREE
 10
35.043872
 20
20.450047999999999
 30
0.0
  0
VERTEX
  5
F50B
  8
PACKAGE_GEOMETRY_SILKSCREE
 10
35.393884
 20
20.100035999999999
 30
0.0
  0
SEQEND
  5
F50C
  8
PACKAGE_GEOMETRY_SILKSCREE
  0
TEXT
  5
1158
  8
PACKAGE_GEOMETRY_SILKSCREE
 10
35.102800000000002
 20
20.446999999999999
 30
0.0
 40
0.635
  1
1
 41
1.004
  0
POLYLINE
  5
1159
  8
PIN_TOP
 66
     1
 10
0.0
 20
0.0
 30
0.0
 70
     1
  0
VERTEX
  5
F50D
  8
PIN_TOP
 10
63.597535999999998
 20
16.738600000000002
 30
0.0
  0
VERTEX
  5
F50E
  8
PIN_TOP
 10
63.597535999999998
 20
17.043399999999998
 30
0.0
  0
VERTEX
  5
F50F
  8
PIN_TOP
 10
63.902335999999998
 20
17.043399999999998
 30
0.0
  0
VERTEX
  5
F510
  8
PIN_TOP
 10
63.902335999999998
 20
16.738600000000002
 30
0.0
  0
SEQEND
  5
F511
  8
PIN_TOP
  0
POLYLINE
  5
115F
  8
PIN_TOP
 66
     1
 10
0.0
 20
0.0
 30
0.0
 70
     1
  0
VERTEX
  5
F512
  8
PIN_TOP
 10
63.097664000000002
 20
16.738600000000002
 30
0.0
  0
VERTEX
  5
F513
  8
PIN_TOP
 10
63.097664000000002
 20
17.043399999999998
 30
0.0
  0
VERTEX
  5
F514
  8
PIN_TOP
 10
63.402464000000002
 20
17.043399999999998
 30
0.0
  0
VERTEX
  5
F515
  8
PIN_TOP
 10
63.402464000000002
 20
16.738600000000002
 30
0.0
  0
SEQEND
  5
F516
  8
PIN_TOP
  0
POLYLINE
  5
1165
  8
PACKAGE_GEOMETRY_SILKSCREE
 66
     1
 10
0.0
 20
0.0
 30
0.0
 40
0.1524
 41
0.1524
  0
VERTEX
  5
F517
  8
PACKAGE_GEOMETRY_SILKSCREE
 10
63.999871999999989
 20
16.641064
 30
0.0
  0
VERTEX
  5
F518
  8
PACKAGE_GEOMETRY_SILKSCREE
 10
63.600076000000001
 20
16.641064
 30
0.0
  0
SEQEND
  5
F519
  8
PACKAGE_GEOMETRY_SILKSCREE
  0
POLYLINE
  5
1169
  8
PACKAGE_GEOMETRY_SILKSCREE
 66
     1
 10
0.0
 20
0.0
 30
0.0
 40
0.1524
 41
0.1524
  0
VERTEX
  5
F51A
  8
PACKAGE_GEOMETRY_SILKSCREE
 10
63.999871999999989
 20
17.140936
 30
0.0
  0
VERTEX
  5
F51B
  8
PACKAGE_GEOMETRY_SILKSCREE
 10
63.999871999999989
 20
16.641064
 30
0.0
  0
SEQEND
  5
F51C
  8
PACKAGE_GEOMETRY_SILKSCREE
  0
POLYLINE
  5
116D
  8
PACKAGE_GEOMETRY_SILKSCREE
 66
     1
 10
0.0
 20
0.0
 30
0.0
 40
0.1524
 41
0.1524
  0
VERTEX
  5
F51D
  8
PACKAGE_GEOMETRY_SILKSCREE
 10
63.600076000000001
 20
17.140936
 30
0.0
  0
VERTEX
  5
F51E
  8
PACKAGE_GEOMETRY_SILKSCREE
 10
63.999871999999989
 20
17.140936
 30
0.0
  0
SEQEND
  5
F51F
  8
PACKAGE_GEOMETRY_SILKSCREE
  0
POLYLINE
  5
1171
  8
PACKAGE_GEOMETRY_SILKSCREE
 66
     1
 10
0.0
 20
0.0
 30
0.0
 40
0.1524
 41
0.1524
  0
VERTEX
  5
F520
  8
PACKAGE_GEOMETRY_SILKSCREE
 10
63.000128000000011
 20
16.641064
 30
0.0
  0
VERTEX
  5
F521
  8
PACKAGE_GEOMETRY_SILKSCREE
 10
63.399923999999992
 20
16.641064
 30
0.0
  0
SEQEND
  5
F522
  8
PACKAGE_GEOMETRY_SILKSCREE
  0
POLYLINE
  5
1175
  8
PACKAGE_GEOMETRY_SILKSCREE
 66
     1
 10
0.0
 20
0.0
 30
0.0
 40
0.1524
 41
0.1524
  0
VERTEX
  5
F523
  8
PACKAGE_GEOMETRY_SILKSCREE
 10
63.000128000000011
 20
17.140936
 30
0.0
  0
VERTEX
  5
F524
  8
PACKAGE_GEOMETRY_SILKSCREE
 10
63.000128000000011
 20
16.641064
 30
0.0
  0
SEQEND
  5
F525
  8
PACKAGE_GEOMETRY_SILKSCREE
  0
POLYLINE
  5
1179
  8
PACKAGE_GEOMETRY_SILKSCREE
 66
     1
 10
0.0
 20
0.0
 30
0.0
 40
0.1524
 41
0.1524
  0
VERTEX
  5
F526
  8
PACKAGE_GEOMETRY_SILKSCREE
 10
63.399923999999992
 20
17.140936
 30
0.0
  0
VERTEX
  5
F527
  8
PACKAGE_GEOMETRY_SILKSCREE
 10
63.000128000000011
 20
17.140936
 30
0.0
  0
SEQEND
  5
F528
  8
PACKAGE_GEOMETRY_SILKSCREE
  0
POLYLINE
  5
117D
  8
PIN_TOP
 66
     1
 10
0.0
 20
0.0
 30
0.0
 70
     1
  0
VERTEX
  5
F529
  8
PIN_TOP
 10
49.682400000000001
 20
22.957536000000001
 30
0.0
  0
VERTEX
  5
F52A
  8
PIN_TOP
 10
49.377600000000001
 20
22.957536000000001
 30
0.0
  0
VERTEX
  5
F52B
  8
PIN_TOP
 10
49.377600000000001
 20
23.262336000000001
 30
0.0
  0
VERTEX
  5
F52C
  8
PIN_TOP
 10
49.682400000000001
 20
23.262336000000001
 30
0.0
  0
SEQEND
  5
F52D
  8
PIN_TOP
  0
POLYLINE
  5
1183
  8
PIN_TOP
 66
     1
 10
0.0
 20
0.0
 30
0.0
 70
     1
  0
VERTEX
  5
F52E
  8
PIN_TOP
 10
49.682400000000001
 20
22.457664000000001
 30
0.0
  0
VERTEX
  5
F52F
  8
PIN_TOP
 10
49.377600000000001
 20
22.457664000000001
 30
0.0
  0
VERTEX
  5
F530
  8
PIN_TOP
 10
49.377600000000001
 20
22.762464000000001
 30
0.0
  0
VERTEX
  5
F531
  8
PIN_TOP
 10
49.682400000000001
 20
22.762464000000001
 30
0.0
  0
SEQEND
  5
F532
  8
PIN_TOP
  0
POLYLINE
  5
1189
  8
PACKAGE_GEOMETRY_SILKSCREE
 66
     1
 10
0.0
 20
0.0
 30
0.0
 40
0.1524
 41
0.1524
  0
VERTEX
  5
F533
  8
PACKAGE_GEOMETRY_SILKSCREE
 10
49.779935999999999
 20
23.359871999999999
 30
0.0
  0
VERTEX
  5
F534
  8
PACKAGE_GEOMETRY_SILKSCREE
 10
49.779935999999999
 20
22.960076000000001
 30
0.0
  0
SEQEND
  5
F535
  8
PACKAGE_GEOMETRY_SILKSCREE
  0
POLYLINE
  5
118D
  8
PACKAGE_GEOMETRY_SILKSCREE
 66
     1
 10
0.0
 20
0.0
 30
0.0
 40
0.1524
 41
0.1524
  0
VERTEX
  5
F536
  8
PACKAGE_GEOMETRY_SILKSCREE
 10
49.28006400000001
 20
23.359871999999999
 30
0.0
  0
VERTEX
  5
F537
  8
PACKAGE_GEOMETRY_SILKSCREE
 10
49.779935999999999
 20
23.359871999999999
 30
0.0
  0
SEQEND
  5
F538
  8
PACKAGE_GEOMETRY_SILKSCREE
  0
POLYLINE
  5
1191
  8
PACKAGE_GEOMETRY_SILKSCREE
 66
     1
 10
0.0
 20
0.0
 30
0.0
 40
0.1524
 41
0.1524
  0
VERTEX
  5
F539
  8
PACKAGE_GEOMETRY_SILKSCREE
 10
49.28006400000001
 20
22.960076000000001
 30
0.0
  0
VERTEX
  5
F53A
  8
PACKAGE_GEOMETRY_SILKSCREE
 10
49.28006400000001
 20
23.359871999999999
 30
0.0
  0
SEQEND
  5
F53B
  8
PACKAGE_GEOMETRY_SILKSCREE
  0
POLYLINE
  5
1195
  8
PACKAGE_GEOMETRY_SILKSCREE
 66
     1
 10
0.0
 20
0.0
 30
0.0
 40
0.1524
 41
0.1524
  0
VERTEX
  5
F53C
  8
PACKAGE_GEOMETRY_SILKSCREE
 10
49.779935999999999
 20
22.360128
 30
0.0
  0
VERTEX
  5
F53D
  8
PACKAGE_GEOMETRY_SILKSCREE
 10
49.779935999999999
 20
22.759924000000002
 30
0.0
  0
SEQEND
  5
F53E
  8
PACKAGE_GEOMETRY_SILKSCREE
  0
POLYLINE
  5
1199
  8
PACKAGE_GEOMETRY_SILKSCREE
 66
     1
 10
0.0
 20
0.0
 30
0.0
 40
0.1524
 41
0.1524
  0
VERTEX
  5
F53F
  8
PACKAGE_GEOMETRY_SILKSCREE
 10
49.28006400000001
 20
22.360128
 30
0.0
  0
VERTEX
  5
F540
  8
PACKAGE_GEOMETRY_SILKSCREE
 10
49.779935999999999
 20
22.360128
 30
0.0
  0
SEQEND
  5
F541
  8
PACKAGE_GEOMETRY_SILKSCREE
  0
POLYLINE
  5
119D
  8
PACKAGE_GEOMETRY_SILKSCREE
 66
     1
 10
0.0
 20
0.0
 30
0.0
 40
0.1524
 41
0.1524
  0
VERTEX
  5
F542
  8
PACKAGE_GEOMETRY_SILKSCREE
 10
49.28006400000001
 20
22.759924000000002
 30
0.0
  0
VERTEX
  5
F543
  8
PACKAGE_GEOMETRY_SILKSCREE
 10
49.28006400000001
 20
22.360128
 30
0.0
  0
SEQEND
  5
F544
  8
PACKAGE_GEOMETRY_SILKSCREE
  0
POLYLINE
  5
11A1
  8
PIN_TOP
 66
     1
 10
0.0
 20
0.0
 30
0.0
 70
     1
  0
VERTEX
  5
F545
  8
PIN_TOP
 10
56.743600000000001
 20
9.8084640000000007
 30
0.0
  0
VERTEX
  5
F546
  8
PIN_TOP
 10
57.048400000000001
 20
9.8084640000000007
 30
0.0
  0
VERTEX
  5
F547
  8
PIN_TOP
 10
57.048400000000001
 20
9.5036640000000006
 30
0.0
  0
VERTEX
  5
F548
  8
PIN_TOP
 10
56.743600000000001
 20
9.5036640000000006
 30
0.0
  0
SEQEND
  5
F549
  8
PIN_TOP
  0
POLYLINE
  5
11A7
  8
PIN_TOP
 66
     1
 10
0.0
 20
0.0
 30
0.0
 70
     1
  0
VERTEX
  5
F54A
  8
PIN_TOP
 10
56.743600000000001
 20
10.308336000000001
 30
0.0
  0
VERTEX
  5
F54B
  8
PIN_TOP
 10
57.048400000000001
 20
10.308336000000001
 30
0.0
  0
VERTEX
  5
F54C
  8
PIN_TOP
 10
57.048400000000001
 20
10.003536
 30
0.0
  0
VERTEX
  5
F54D
  8
PIN_TOP
 10
56.743600000000001
 20
10.003536
 30
0.0
  0
SEQEND
  5
F54E
  8
PIN_TOP
  0
POLYLINE
  5
11AD
  8
PACKAGE_GEOMETRY_SILKSCREE
 66
     1
 10
0.0
 20
0.0
 30
0.0
 40
0.1524
 41
0.1524
  0
VERTEX
  5
F54F
  8
PACKAGE_GEOMETRY_SILKSCREE
 10
56.646064000000003
 20
9.4061280000000007
 30
0.0
  0
VERTEX
  5
F550
  8
PACKAGE_GEOMETRY_SILKSCREE
 10
56.646064000000003
 20
9.8059239999999992
 30
0.0
  0
SEQEND
  5
F551
  8
PACKAGE_GEOMETRY_SILKSCREE
  0
POLYLINE
  5
11B1
  8
PACKAGE_GEOMETRY_SILKSCREE
 66
     1
 10
0.0
 20
0.0
 30
0.0
 40
0.1524
 41
0.1524
  0
VERTEX
  5
F552
  8
PACKAGE_GEOMETRY_SILKSCREE
 10
57.145935999999999
 20
9.4061280000000007
 30
0.0
  0
VERTEX
  5
F553
  8
PACKAGE_GEOMETRY_SILKSCREE
 10
56.646064000000003
 20
9.4061280000000007
 30
0.0
  0
SEQEND
  5
F554
  8
PACKAGE_GEOMETRY_SILKSCREE
  0
POLYLINE
  5
11B5
  8
PACKAGE_GEOMETRY_SILKSCREE
 66
     1
 10
0.0
 20
0.0
 30
0.0
 40
0.1524
 41
0.1524
  0
VERTEX
  5
F555
  8
PACKAGE_GEOMETRY_SILKSCREE
 10
57.145935999999999
 20
9.8059239999999992
 30
0.0
  0
VERTEX
  5
F556
  8
PACKAGE_GEOMETRY_SILKSCREE
 10
57.145935999999999
 20
9.4061280000000007
 30
0.0
  0
SEQEND
  5
F557
  8
PACKAGE_GEOMETRY_SILKSCREE
  0
POLYLINE
  5
11B9
  8
PACKAGE_GEOMETRY_SILKSCREE
 66
     1
 10
0.0
 20
0.0
 30
0.0
 40
0.1524
 41
0.1524
  0
VERTEX
  5
F558
  8
PACKAGE_GEOMETRY_SILKSCREE
 10
56.646064000000003
 20
10.405872
 30
0.0
  0
VERTEX
  5
F559
  8
PACKAGE_GEOMETRY_SILKSCREE
 10
56.646064000000003
 20
10.006076
 30
0.0
  0
SEQEND
  5
F55A
  8
PACKAGE_GEOMETRY_SILKSCREE
  0
POLYLINE
  5
11BD
  8
PACKAGE_GEOMETRY_SILKSCREE
 66
     1
 10
0.0
 20
0.0
 30
0.0
 40
0.1524
 41
0.1524
  0
VERTEX
  5
F55B
  8
PACKAGE_GEOMETRY_SILKSCREE
 10
57.145935999999999
 20
10.405872
 30
0.0
  0
VERTEX
  5
F55C
  8
PACKAGE_GEOMETRY_SILKSCREE
 10
56.646064000000003
 20
10.405872
 30
0.0
  0
SEQEND
  5
F55D
  8
PACKAGE_GEOMETRY_SILKSCREE
  0
POLYLINE
  5
11C1
  8
PACKAGE_GEOMETRY_SILKSCREE
 66
     1
 10
0.0
 20
0.0
 30
0.0
 40
0.1524
 41
0.1524
  0
VERTEX
  5
F55E
  8
PACKAGE_GEOMETRY_SILKSCREE
 10
57.145935999999999
 20
10.006076
 30
0.0
  0
VERTEX
  5
F55F
  8
PACKAGE_GEOMETRY_SILKSCREE
 10
57.145935999999999
 20
10.405872
 30
0.0
  0
SEQEND
  5
F560
  8
PACKAGE_GEOMETRY_SILKSCREE
  0
POLYLINE
  5
11C5
  8
PIN_TOP
 66
     1
 10
0.0
 20
0.0
 30
0.0
 70
     1
  0
VERTEX
  5
F561
  8
PIN_TOP
 10
62.382399999999997
 20
20.925536000000001
 30
0.0
  0
VERTEX
  5
F562
  8
PIN_TOP
 10
62.077599999999997
 20
20.925536000000001
 30
0.0
  0
VERTEX
  5
F563
  8
PIN_TOP
 10
62.077599999999997
 20
21.230336000000001
 30
0.0
  0
VERTEX
  5
F564
  8
PIN_TOP
 10
62.382399999999997
 20
21.230336000000001
 30
0.0
  0
SEQEND
  5
F565
  8
PIN_TOP
  0
POLYLINE
  5
11CB
  8
PIN_TOP
 66
     1
 10
0.0
 20
0.0
 30
0.0
 70
     1
  0
VERTEX
  5
F566
  8
PIN_TOP
 10
62.382399999999997
 20
20.425664000000001
 30
0.0
  0
VERTEX
  5
F567
  8
PIN_TOP
 10
62.077599999999997
 20
20.425664000000001
 30
0.0
  0
VERTEX
  5
F568
  8
PIN_TOP
 10
62.077599999999997
 20
20.730464000000001
 30
0.0
  0
VERTEX
  5
F569
  8
PIN_TOP
 10
62.382399999999997
 20
20.730464000000001
 30
0.0
  0
SEQEND
  5
F56A
  8
PIN_TOP
  0
POLYLINE
  5
11D1
  8
PACKAGE_GEOMETRY_SILKSCREE
 66
     1
 10
0.0
 20
0.0
 30
0.0
 40
0.1524
 41
0.1524
  0
VERTEX
  5
F56B
  8
PACKAGE_GEOMETRY_SILKSCREE
 10
62.479936000000002
 20
21.327871999999999
 30
0.0
  0
VERTEX
  5
F56C
  8
PACKAGE_GEOMETRY_SILKSCREE
 10
62.479936000000002
 20
20.928076000000001
 30
0.0
  0
SEQEND
  5
F56D
  8
PACKAGE_GEOMETRY_SILKSCREE
  0
POLYLINE
  5
11D5
  8
PACKAGE_GEOMETRY_SILKSCREE
 66
     1
 10
0.0
 20
0.0
 30
0.0
 40
0.1524
 41
0.1524
  0
VERTEX
  5
F56E
  8
PACKAGE_GEOMETRY_SILKSCREE
 10
61.980063999999999
 20
21.327871999999999
 30
0.0
  0
VERTEX
  5
F56F
  8
PACKAGE_GEOMETRY_SILKSCREE
 10
62.479936000000002
 20
21.327871999999999
 30
0.0
  0
SEQEND
  5
F570
  8
PACKAGE_GEOMETRY_SILKSCREE
  0
POLYLINE
  5
11D9
  8
PACKAGE_GEOMETRY_SILKSCREE
 66
     1
 10
0.0
 20
0.0
 30
0.0
 40
0.1524
 41
0.1524
  0
VERTEX
  5
F571
  8
PACKAGE_GEOMETRY_SILKSCREE
 10
61.980063999999999
 20
20.928076000000001
 30
0.0
  0
VERTEX
  5
F572
  8
PACKAGE_GEOMETRY_SILKSCREE
 10
61.980063999999999
 20
21.327871999999999
 30
0.0
  0
SEQEND
  5
F573
  8
PACKAGE_GEOMETRY_SILKSCREE
  0
POLYLINE
  5
11DD
  8
PACKAGE_GEOMETRY_SILKSCREE
 66
     1
 10
0.0
 20
0.0
 30
0.0
 40
0.1524
 41
0.1524
  0
VERTEX
  5
F574
  8
PACKAGE_GEOMETRY_SILKSCREE
 10
62.479936000000002
 20
20.328128
 30
0.0
  0
VERTEX
  5
F575
  8
PACKAGE_GEOMETRY_SILKSCREE
 10
62.479936000000002
 20
20.727924000000002
 30
0.0
  0
SEQEND
  5
F576
  8
PACKAGE_GEOMETRY_SILKSCREE
  0
POLYLINE
  5
11E1
  8
PACKAGE_GEOMETRY_SILKSCREE
 66
     1
 10
0.0
 20
0.0
 30
0.0
 40
0.1524
 41
0.1524
  0
VERTEX
  5
F577
  8
PACKAGE_GEOMETRY_SILKSCREE
 10
61.980063999999999
 20
20.328128
 30
0.0
  0
VERTEX
  5
F578
  8
PACKAGE_GEOMETRY_SILKSCREE
 10
62.479936000000002
 20
20.328128
 30
0.0
  0
SEQEND
  5
F579
  8
PACKAGE_GEOMETRY_SILKSCREE
  0
POLYLINE
  5
11E5
  8
PACKAGE_GEOMETRY_SILKSCREE
 66
     1
 10
0.0
 20
0.0
 30
0.0
 40
0.1524
 41
0.1524
  0
VERTEX
  5
F57A
  8
PACKAGE_GEOMETRY_SILKSCREE
 10
61.980063999999999
 20
20.727924000000002
 30
0.0
  0
VERTEX
  5
F57B
  8
PACKAGE_GEOMETRY_SILKSCREE
 10
61.980063999999999
 20
20.328128
 30
0.0
  0
SEQEND
  5
F57C
  8
PACKAGE_GEOMETRY_SILKSCREE
  0
POLYLINE
  5
11E9
  8
PIN_TOP
 66
     1
 10
0.0
 20
0.0
 30
0.0
 70
     1
  0
VERTEX
  5
F57D
  8
PIN_TOP
 10
63.597535999999998
 20
17.3736
 30
0.0
  0
VERTEX
  5
F57E
  8
PIN_TOP
 10
63.597535999999998
 20
17.6784
 30
0.0
  0
VERTEX
  5
F57F
  8
PIN_TOP
 10
63.902335999999998
 20
17.6784
 30
0.0
  0
VERTEX
  5
F580
  8
PIN_TOP
 10
63.902335999999998
 20
17.3736
 30
0.0
  0
SEQEND
  5
F581
  8
PIN_TOP
  0
POLYLINE
  5
11EF
  8
PIN_TOP
 66
     1
 10
0.0
 20
0.0
 30
0.0
 70
     1
  0
VERTEX
  5
F582
  8
PIN_TOP
 10
63.097664000000002
 20
17.3736
 30
0.0
  0
VERTEX
  5
F583
  8
PIN_TOP
 10
63.097664000000002
 20
17.6784
 30
0.0
  0
VERTEX
  5
F584
  8
PIN_TOP
 10
63.402464000000002
 20
17.6784
 30
0.0
  0
VERTEX
  5
F585
  8
PIN_TOP
 10
63.402464000000002
 20
17.3736
 30
0.0
  0
SEQEND
  5
F586
  8
PIN_TOP
  0
POLYLINE
  5
11F5
  8
PACKAGE_GEOMETRY_SILKSCREE
 66
     1
 10
0.0
 20
0.0
 30
0.0
 40
0.1524
 41
0.1524
  0
VERTEX
  5
F587
  8
PACKAGE_GEOMETRY_SILKSCREE
 10
63.999871999999989
 20
17.276064000000002
 30
0.0
  0
VERTEX
  5
F588
  8
PACKAGE_GEOMETRY_SILKSCREE
 10
63.600076000000001
 20
17.276064000000002
 30
0.0
  0
SEQEND
  5
F589
  8
PACKAGE_GEOMETRY_SILKSCREE
  0
POLYLINE
  5
11F9
  8
PACKAGE_GEOMETRY_SILKSCREE
 66
     1
 10
0.0
 20
0.0
 30
0.0
 40
0.1524
 41
0.1524
  0
VERTEX
  5
F58A
  8
PACKAGE_GEOMETRY_SILKSCREE
 10
63.999871999999989
 20
17.775936000000002
 30
0.0
  0
VERTEX
  5
F58B
  8
PACKAGE_GEOMETRY_SILKSCREE
 10
63.999871999999989
 20
17.276064000000002
 30
0.0
  0
SEQEND
  5
F58C
  8
PACKAGE_GEOMETRY_SILKSCREE
  0
POLYLINE
  5
11FD
  8
PACKAGE_GEOMETRY_SILKSCREE
 66
     1
 10
0.0
 20
0.0
 30
0.0
 40
0.1524
 41
0.1524
  0
VERTEX
  5
F58D
  8
PACKAGE_GEOMETRY_SILKSCREE
 10
63.600076000000001
 20
17.775936000000002
 30
0.0
  0
VERTEX
  5
F58E
  8
PACKAGE_GEOMETRY_SILKSCREE
 10
63.999871999999989
 20
17.775936000000002
 30
0.0
  0
SEQEND
  5
F58F
  8
PACKAGE_GEOMETRY_SILKSCREE
  0
POLYLINE
  5
1201
  8
PACKAGE_GEOMETRY_SILKSCREE
 66
     1
 10
0.0
 20
0.0
 30
0.0
 40
0.1524
 41
0.1524
  0
VERTEX
  5
F590
  8
PACKAGE_GEOMETRY_SILKSCREE
 10
63.000128000000011
 20
17.276064000000002
 30
0.0
  0
VERTEX
  5
F591
  8
PACKAGE_GEOMETRY_SILKSCREE
 10
63.399923999999992
 20
17.276064000000002
 30
0.0
  0
SEQEND
  5
F592
  8
PACKAGE_GEOMETRY_SILKSCREE
  0
POLYLINE
  5
1205
  8
PACKAGE_GEOMETRY_SILKSCREE
 66
     1
 10
0.0
 20
0.0
 30
0.0
 40
0.1524
 41
0.1524
  0
VERTEX
  5
F593
  8
PACKAGE_GEOMETRY_SILKSCREE
 10
63.000128000000011
 20
17.775936000000002
 30
0.0
  0
VERTEX
  5
F594
  8
PACKAGE_GEOMETRY_SILKSCREE
 10
63.000128000000011
 20
17.276064000000002
 30
0.0
  0
SEQEND
  5
F595
  8
PACKAGE_GEOMETRY_SILKSCREE
  0
POLYLINE
  5
1209
  8
PACKAGE_GEOMETRY_SILKSCREE
 66
     1
 10
0.0
 20
0.0
 30
0.0
 40
0.1524
 41
0.1524
  0
VERTEX
  5
F596
  8
PACKAGE_GEOMETRY_SILKSCREE
 10
63.399923999999992
 20
17.775936000000002
 30
0.0
  0
VERTEX
  5
F597
  8
PACKAGE_GEOMETRY_SILKSCREE
 10
63.000128000000011
 20
17.775936000000002
 30
0.0
  0
SEQEND
  5
F598
  8
PACKAGE_GEOMETRY_SILKSCREE
  0
POLYLINE
  5
120D
  8
PIN_TOP
 66
     1
 10
0.0
 20
0.0
 30
0.0
 70
     1
  0
VERTEX
  5
F599
  8
PIN_TOP
 10
4.1656000000000004
 20
12.094464
 30
0.0
  0
VERTEX
  5
F59A
  8
PIN_TOP
 10
4.4703999999999979
 20
12.094464
 30
0.0
  0
VERTEX
  5
F59B
  8
PIN_TOP
 10
4.4703999999999979
 20
11.789664
 30
0.0
  0
VERTEX
  5
F59C
  8
PIN_TOP
 10
4.1656000000000004
 20
11.789664
 30
0.0
  0
SEQEND
  5
F59D
  8
PIN_TOP
  0
POLYLINE
  5
1213
  8
PIN_TOP
 66
     1
 10
0.0
 20
0.0
 30
0.0
 70
     1
  0
VERTEX
  5
F59E
  8
PIN_TOP
 10
4.1656000000000004
 20
12.594336
 30
0.0
  0
VERTEX
  5
F59F
  8
PIN_TOP
 10
4.4703999999999979
 20
12.594336
 30
0.0
  0
VERTEX
  5
F5A0
  8
PIN_TOP
 10
4.4703999999999979
 20
12.289536
 30
0.0
  0
VERTEX
  5
F5A1
  8
PIN_TOP
 10
4.1656000000000004
 20
12.289536
 30
0.0
  0
SEQEND
  5
F5A2
  8
PIN_TOP
  0
POLYLINE
  5
1219
  8
PACKAGE_GEOMETRY_SILKSCREE
 66
     1
 10
0.0
 20
0.0
 30
0.0
 40
0.1524
 41
0.1524
  0
VERTEX
  5
F5A3
  8
PACKAGE_GEOMETRY_SILKSCREE
 10
4.0680639999999979
 20
11.692128
 30
0.0
  0
VERTEX
  5
F5A4
  8
PACKAGE_GEOMETRY_SILKSCREE
 10
4.0680639999999979
 20
12.091924000000001
 30
0.0
  0
SEQEND
  5
F5A5
  8
PACKAGE_GEOMETRY_SILKSCREE
  0
POLYLINE
  5
121D
  8
PACKAGE_GEOMETRY_SILKSCREE
 66
     1
 10
0.0
 20
0.0
 30
0.0
 40
0.1524
 41
0.1524
  0
VERTEX
  5
F5A6
  8
PACKAGE_GEOMETRY_SILKSCREE
 10
4.5679360000000004
 20
11.692128
 30
0.0
  0
VERTEX
  5
F5A7
  8
PACKAGE_GEOMETRY_SILKSCREE
 10
4.0680639999999979
 20
11.692128
 30
0.0
  0
SEQEND
  5
F5A8
  8
PACKAGE_GEOMETRY_SILKSCREE
  0
POLYLINE
  5
1221
  8
PACKAGE_GEOMETRY_SILKSCREE
 66
     1
 10
0.0
 20
0.0
 30
0.0
 40
0.1524
 41
0.1524
  0
VERTEX
  5
F5A9
  8
PACKAGE_GEOMETRY_SILKSCREE
 10
4.5679360000000004
 20
12.091924000000001
 30
0.0
  0
VERTEX
  5
F5AA
  8
PACKAGE_GEOMETRY_SILKSCREE
 10
4.5679360000000004
 20
11.692128
 30
0.0
  0
SEQEND
  5
F5AB
  8
PACKAGE_GEOMETRY_SILKSCREE
  0
POLYLINE
  5
1225
  8
PACKAGE_GEOMETRY_SILKSCREE
 66
     1
 10
0.0
 20
0.0
 30
0.0
 40
0.1524
 41
0.1524
  0
VERTEX
  5
F5AC
  8
PACKAGE_GEOMETRY_SILKSCREE
 10
4.0680639999999979
 20
12.691872
 30
0.0
  0
VERTEX
  5
F5AD
  8
PACKAGE_GEOMETRY_SILKSCREE
 10
4.0680639999999979
 20
12.292076
 30
0.0
  0
SEQEND
  5
F5AE
  8
PACKAGE_GEOMETRY_SILKSCREE
  0
POLYLINE
  5
1229
  8
PACKAGE_GEOMETRY_SILKSCREE
 66
     1
 10
0.0
 20
0.0
 30
0.0
 40
0.1524
 41
0.1524
  0
VERTEX
  5
F5AF
  8
PACKAGE_GEOMETRY_SILKSCREE
 10
4.5679360000000004
 20
12.691872
 30
0.0
  0
VERTEX
  5
F5B0
  8
PACKAGE_GEOMETRY_SILKSCREE
 10
4.0680639999999979
 20
12.691872
 30
0.0
  0
SEQEND
  5
F5B1
  8
PACKAGE_GEOMETRY_SILKSCREE
  0
POLYLINE
  5
122D
  8
PACKAGE_GEOMETRY_SILKSCREE
 66
     1
 10
0.0
 20
0.0
 30
0.0
 40
0.1524
 41
0.1524
  0
VERTEX
  5
F5B2
  8
PACKAGE_GEOMETRY_SILKSCREE
 10
4.5679360000000004
 20
12.292076
 30
0.0
  0
VERTEX
  5
F5B3
  8
PACKAGE_GEOMETRY_SILKSCREE
 10
4.5679360000000004
 20
12.691872
 30
0.0
  0
SEQEND
  5
F5B4
  8
PACKAGE_GEOMETRY_SILKSCREE
  0
POLYLINE
  5
1231
  8
PIN_TOP
 66
     1
 10
0.0
 20
0.0
 30
0.0
 70
     1
  0
VERTEX
  5
F5B5
  8
PIN_TOP
 10
3.6573459999999991
 20
15.574009999999999
 30
0.0
  0
VERTEX
  5
F5B6
  8
PIN_TOP
 10
3.9621459999999988
 20
15.574009999999999
 30
0.0
  0
VERTEX
  5
F5B7
  8
PIN_TOP
 10
3.9621459999999988
 20
15.269209999999999
 30
0.0
  0
VERTEX
  5
F5B8
  8
PIN_TOP
 10
3.6573459999999991
 20
15.269209999999999
 30
0.0
  0
SEQEND
  5
F5B9
  8
PIN_TOP
  0
POLYLINE
  5
1237
  8
PIN_TOP
 66
     1
 10
0.0
 20
0.0
 30
0.0
 70
     1
  0
VERTEX
  5
F5BA
  8
PIN_TOP
 10
3.6573459999999991
 20
16.073882000000001
 30
0.0
  0
VERTEX
  5
F5BB
  8
PIN_TOP
 10
3.9621459999999988
 20
16.073882000000001
 30
0.0
  0
VERTEX
  5
F5BC
  8
PIN_TOP
 10
3.9621459999999988
 20
15.769081999999999
 30
0.0
  0
VERTEX
  5
F5BD
  8
PIN_TOP
 10
3.6573459999999991
 20
15.769081999999999
 30
0.0
  0
SEQEND
  5
F5BE
  8
PIN_TOP
  0
POLYLINE
  5
123D
  8
PACKAGE_GEOMETRY_SILKSCREE
 66
     1
 10
0.0
 20
0.0
 30
0.0
 40
0.1524
 41
0.1524
  0
VERTEX
  5
F5BF
  8
PACKAGE_GEOMETRY_SILKSCREE
 10
3.5598099999999979
 20
15.171673999999999
 30
0.0
  0
VERTEX
  5
F5C0
  8
PACKAGE_GEOMETRY_SILKSCREE
 10
3.5598099999999979
 20
15.57147
 30
0.0
  0
SEQEND
  5
F5C1
  8
PACKAGE_GEOMETRY_SILKSCREE
  0
POLYLINE
  5
1241
  8
PACKAGE_GEOMETRY_SILKSCREE
 66
     1
 10
0.0
 20
0.0
 30
0.0
 40
0.1524
 41
0.1524
  0
VERTEX
  5
F5C2
  8
PACKAGE_GEOMETRY_SILKSCREE
 10
4.0596819999999987
 20
15.171673999999999
 30
0.0
  0
VERTEX
  5
F5C3
  8
PACKAGE_GEOMETRY_SILKSCREE
 10
3.5598099999999979
 20
15.171673999999999
 30
0.0
  0
SEQEND
  5
F5C4
  8
PACKAGE_GEOMETRY_SILKSCREE
  0
POLYLINE
  5
1245
  8
PACKAGE_GEOMETRY_SILKSCREE
 66
     1
 10
0.0
 20
0.0
 30
0.0
 40
0.1524
 41
0.1524
  0
VERTEX
  5
F5C5
  8
PACKAGE_GEOMETRY_SILKSCREE
 10
4.0596819999999987
 20
15.57147
 30
0.0
  0
VERTEX
  5
F5C6
  8
PACKAGE_GEOMETRY_SILKSCREE
 10
4.0596819999999987
 20
15.171673999999999
 30
0.0
  0
SEQEND
  5
F5C7
  8
PACKAGE_GEOMETRY_SILKSCREE
  0
POLYLINE
  5
1249
  8
PACKAGE_GEOMETRY_SILKSCREE
 66
     1
 10
0.0
 20
0.0
 30
0.0
 40
0.1524
 41
0.1524
  0
VERTEX
  5
F5C8
  8
PACKAGE_GEOMETRY_SILKSCREE
 10
3.5598099999999979
 20
16.171417999999999
 30
0.0
  0
VERTEX
  5
F5C9
  8
PACKAGE_GEOMETRY_SILKSCREE
 10
3.5598099999999979
 20
15.771622000000001
 30
0.0
  0
SEQEND
  5
F5CA
  8
PACKAGE_GEOMETRY_SILKSCREE
  0
POLYLINE
  5
124D
  8
PACKAGE_GEOMETRY_SILKSCREE
 66
     1
 10
0.0
 20
0.0
 30
0.0
 40
0.1524
 41
0.1524
  0
VERTEX
  5
F5CB
  8
PACKAGE_GEOMETRY_SILKSCREE
 10
4.0596819999999987
 20
16.171417999999999
 30
0.0
  0
VERTEX
  5
F5CC
  8
PACKAGE_GEOMETRY_SILKSCREE
 10
3.5598099999999979
 20
16.171417999999999
 30
0.0
  0
SEQEND
  5
F5CD
  8
PACKAGE_GEOMETRY_SILKSCREE
  0
POLYLINE
  5
1251
  8
PACKAGE_GEOMETRY_SILKSCREE
 66
     1
 10
0.0
 20
0.0
 30
0.0
 40
0.1524
 41
0.1524
  0
VERTEX
  5
F5CE
  8
PACKAGE_GEOMETRY_SILKSCREE
 10
4.0596819999999987
 20
15.771622000000001
 30
0.0
  0
VERTEX
  5
F5CF
  8
PACKAGE_GEOMETRY_SILKSCREE
 10
4.0596819999999987
 20
16.171417999999999
 30
0.0
  0
SEQEND
  5
F5D0
  8
PACKAGE_GEOMETRY_SILKSCREE
  0
POLYLINE
  5
1255
  8
PIN_TOP
 66
     1
 10
0.0
 20
0.0
 30
0.0
 70
     1
  0
VERTEX
  5
F5D1
  8
PIN_TOP
 10
2.3875999999999991
 20
8.1574639999999992
 30
0.0
  0
VERTEX
  5
F5D2
  8
PIN_TOP
 10
2.6924000000000001
 20
8.1574639999999992
 30
0.0
  0
VERTEX
  5
F5D3
  8
PIN_TOP
 10
2.6924000000000001
 20
7.8526639999999981
 30
0.0
  0
VERTEX
  5
F5D4
  8
PIN_TOP
 10
2.3875999999999991
 20
7.8526639999999981
 30
0.0
  0
SEQEND
  5
F5D5
  8
PIN_TOP
  0
POLYLINE
  5
125B
  8
PIN_TOP
 66
     1
 10
0.0
 20
0.0
 30
0.0
 70
     1
  0
VERTEX
  5
F5D6
  8
PIN_TOP
 10
2.3875999999999991
 20
8.6573360000000008
 30
0.0
  0
VERTEX
  5
F5D7
  8
PIN_TOP
 10
2.6924000000000001
 20
8.6573360000000008
 30
0.0
  0
VERTEX
  5
F5D8
  8
PIN_TOP
 10
2.6924000000000001
 20
8.3525360000000006
 30
0.0
  0
VERTEX
  5
F5D9
  8
PIN_TOP
 10
2.3875999999999991
 20
8.3525360000000006
 30
0.0
  0
SEQEND
  5
F5DA
  8
PIN_TOP
  0
POLYLINE
  5
1261
  8
PACKAGE_GEOMETRY_SILKSCREE
 66
     1
 10
0.0
 20
0.0
 30
0.0
 40
0.1524
 41
0.1524
  0
VERTEX
  5
F5DB
  8
PACKAGE_GEOMETRY_SILKSCREE
 10
2.2900640000000001
 20
7.755128
 30
0.0
  0
VERTEX
  5
F5DC
  8
PACKAGE_GEOMETRY_SILKSCREE
 10
2.2900640000000001
 20
8.1549240000000012
 30
0.0
  0
SEQEND
  5
F5DD
  8
PACKAGE_GEOMETRY_SILKSCREE
  0
POLYLINE
  5
1265
  8
PACKAGE_GEOMETRY_SILKSCREE
 66
     1
 10
0.0
 20
0.0
 30
0.0
 40
0.1524
 41
0.1524
  0
VERTEX
  5
F5DE
  8
PACKAGE_GEOMETRY_SILKSCREE
 10
2.7899359999999991
 20
7.755128
 30
0.0
  0
VERTEX
  5
F5DF
  8
PACKAGE_GEOMETRY_SILKSCREE
 10
2.2900640000000001
 20
7.755128
 30
0.0
  0
SEQEND
  5
F5E0
  8
PACKAGE_GEOMETRY_SILKSCREE
  0
POLYLINE
  5
1269
  8
PACKAGE_GEOMETRY_SILKSCREE
 66
     1
 10
0.0
 20
0.0
 30
0.0
 40
0.1524
 41
0.1524
  0
VERTEX
  5
F5E1
  8
PACKAGE_GEOMETRY_SILKSCREE
 10
2.7899359999999991
 20
8.1549240000000012
 30
0.0
  0
VERTEX
  5
F5E2
  8
PACKAGE_GEOMETRY_SILKSCREE
 10
2.7899359999999991
 20
7.755128
 30
0.0
  0
SEQEND
  5
F5E3
  8
PACKAGE_GEOMETRY_SILKSCREE
  0
POLYLINE
  5
126D
  8
PACKAGE_GEOMETRY_SILKSCREE
 66
     1
 10
0.0
 20
0.0
 30
0.0
 40
0.1524
 41
0.1524
  0
VERTEX
  5
F5E4
  8
PACKAGE_GEOMETRY_SILKSCREE
 10
2.2900640000000001
 20
8.7548720000000007
 30
0.0
  0
VERTEX
  5
F5E5
  8
PACKAGE_GEOMETRY_SILKSCREE
 10
2.2900640000000001
 20
8.3550759999999986
 30
0.0
  0
SEQEND
  5
F5E6
  8
PACKAGE_GEOMETRY_SILKSCREE
  0
POLYLINE
  5
1271
  8
PACKAGE_GEOMETRY_SILKSCREE
 66
     1
 10
0.0
 20
0.0
 30
0.0
 40
0.1524
 41
0.1524
  0
VERTEX
  5
F5E7
  8
PACKAGE_GEOMETRY_SILKSCREE
 10
2.7899359999999991
 20
8.7548720000000007
 30
0.0
  0
VERTEX
  5
F5E8
  8
PACKAGE_GEOMETRY_SILKSCREE
 10
2.2900640000000001
 20
8.7548720000000007
 30
0.0
  0
SEQEND
  5
F5E9
  8
PACKAGE_GEOMETRY_SILKSCREE
  0
POLYLINE
  5
1275
  8
PACKAGE_GEOMETRY_SILKSCREE
 66
     1
 10
0.0
 20
0.0
 30
0.0
 40
0.1524
 41
0.1524
  0
VERTEX
  5
F5EA
  8
PACKAGE_GEOMETRY_SILKSCREE
 10
2.7899359999999991
 20
8.3550759999999986
 30
0.0
  0
VERTEX
  5
F5EB
  8
PACKAGE_GEOMETRY_SILKSCREE
 10
2.7899359999999991
 20
8.7548720000000007
 30
0.0
  0
SEQEND
  5
F5EC
  8
PACKAGE_GEOMETRY_SILKSCREE
  0
POLYLINE
  5
1279
  8
PIN_TOP
 66
     1
 10
0.0
 20
0.0
 30
0.0
 70
     1
  0
VERTEX
  5
F5ED
  8
PIN_TOP
 10
9.4955359999999995
 20
7.086599999999998
 30
0.0
  0
VERTEX
  5
F5EE
  8
PIN_TOP
 10
9.4955359999999995
 20
7.3913999999999982
 30
0.0
  0
VERTEX
  5
F5EF
  8
PIN_TOP
 10
9.8003359999999997
 20
7.3913999999999982
 30
0.0
  0
VERTEX
  5
F5F0
  8
PIN_TOP
 10
9.8003359999999997
 20
7.086599999999998
 30
0.0
  0
SEQEND
  5
F5F1
  8
PIN_TOP
  0
POLYLINE
  5
127F
  8
PIN_TOP
 66
     1
 10
0.0
 20
0.0
 30
0.0
 70
     1
  0
VERTEX
  5
F5F2
  8
PIN_TOP
 10
8.9956639999999979
 20
7.086599999999998
 30
0.0
  0
VERTEX
  5
F5F3
  8
PIN_TOP
 10
8.9956639999999979
 20
7.3913999999999982
 30
0.0
  0
VERTEX
  5
F5F4
  8
PIN_TOP
 10
9.3004639999999998
 20
7.3913999999999982
 30
0.0
  0
VERTEX
  5
F5F5
  8
PIN_TOP
 10
9.3004639999999998
 20
7.086599999999998
 30
0.0
  0
SEQEND
  5
F5F6
  8
PIN_TOP
  0
POLYLINE
  5
1285
  8
PACKAGE_GEOMETRY_SILKSCREE
 66
     1
 10
0.0
 20
0.0
 30
0.0
 40
0.1524
 41
0.1524
  0
VERTEX
  5
F5F7
  8
PACKAGE_GEOMETRY_SILKSCREE
 10
9.8978719999999996
 20
6.9890639999999991
 30
0.0
  0
VERTEX
  5
F5F8
  8
PACKAGE_GEOMETRY_SILKSCREE
 10
9.4980759999999993
 20
6.9890639999999991
 30
0.0
  0
SEQEND
  5
F5F9
  8
PACKAGE_GEOMETRY_SILKSCREE
  0
POLYLINE
  5
1289
  8
PACKAGE_GEOMETRY_SILKSCREE
 66
     1
 10
0.0
 20
0.0
 30
0.0
 40
0.1524
 41
0.1524
  0
VERTEX
  5
F5FA
  8
PACKAGE_GEOMETRY_SILKSCREE
 10
9.8978719999999996
 20
7.4889359999999989
 30
0.0
  0
VERTEX
  5
F5FB
  8
PACKAGE_GEOMETRY_SILKSCREE
 10
9.8978719999999996
 20
6.9890639999999991
 30
0.0
  0
SEQEND
  5
F5FC
  8
PACKAGE_GEOMETRY_SILKSCREE
  0
POLYLINE
  5
128D
  8
PACKAGE_GEOMETRY_SILKSCREE
 66
     1
 10
0.0
 20
0.0
 30
0.0
 40
0.1524
 41
0.1524
  0
VERTEX
  5
F5FD
  8
PACKAGE_GEOMETRY_SILKSCREE
 10
9.4980759999999993
 20
7.4889359999999989
 30
0.0
  0
VERTEX
  5
F5FE
  8
PACKAGE_GEOMETRY_SILKSCREE
 10
9.8978719999999996
 20
7.4889359999999989
 30
0.0
  0
SEQEND
  5
F5FF
  8
PACKAGE_GEOMETRY_SILKSCREE
  0
POLYLINE
  5
1291
  8
PACKAGE_GEOMETRY_SILKSCREE
 66
     1
 10
0.0
 20
0.0
 30
0.0
 40
0.1524
 41
0.1524
  0
VERTEX
  5
F600
  8
PACKAGE_GEOMETRY_SILKSCREE
 10
8.8981279999999998
 20
6.9890639999999991
 30
0.0
  0
VERTEX
  5
F601
  8
PACKAGE_GEOMETRY_SILKSCREE
 10
9.2979240000000001
 20
6.9890639999999991
 30
0.0
  0
SEQEND
  5
F602
  8
PACKAGE_GEOMETRY_SILKSCREE
  0
POLYLINE
  5
1295
  8
PACKAGE_GEOMETRY_SILKSCREE
 66
     1
 10
0.0
 20
0.0
 30
0.0
 40
0.1524
 41
0.1524
  0
VERTEX
  5
F603
  8
PACKAGE_GEOMETRY_SILKSCREE
 10
8.8981279999999998
 20
7.4889359999999989
 30
0.0
  0
VERTEX
  5
F604
  8
PACKAGE_GEOMETRY_SILKSCREE
 10
8.8981279999999998
 20
6.9890639999999991
 30
0.0
  0
SEQEND
  5
F605
  8
PACKAGE_GEOMETRY_SILKSCREE
  0
POLYLINE
  5
1299
  8
PACKAGE_GEOMETRY_SILKSCREE
 66
     1
 10
0.0
 20
0.0
 30
0.0
 40
0.1524
 41
0.1524
  0
VERTEX
  5
F606
  8
PACKAGE_GEOMETRY_SILKSCREE
 10
9.2979240000000001
 20
7.4889359999999989
 30
0.0
  0
VERTEX
  5
F607
  8
PACKAGE_GEOMETRY_SILKSCREE
 10
8.8981279999999998
 20
7.4889359999999989
 30
0.0
  0
SEQEND
  5
F608
  8
PACKAGE_GEOMETRY_SILKSCREE
  0
POLYLINE
  5
129D
  8
PIN_TOP
 66
     1
 10
0.0
 20
0.0
 30
0.0
 70
     1
  0
VERTEX
  5
F609
  8
PIN_TOP
 10
57.048400000000001
 20
8.4795359999999977
 30
0.0
  0
VERTEX
  5
F60A
  8
PIN_TOP
 10
56.743600000000001
 20
8.4795359999999977
 30
0.0
  0
VERTEX
  5
F60B
  8
PIN_TOP
 10
56.743600000000001
 20
8.7843359999999961
 30
0.0
  0
VERTEX
  5
F60C
  8
PIN_TOP
 10
57.048400000000001
 20
8.7843359999999961
 30
0.0
  0
SEQEND
  5
F60D
  8
PIN_TOP
  0
POLYLINE
  5
12A3
  8
PIN_TOP
 66
     1
 10
0.0
 20
0.0
 30
0.0
 70
     1
  0
VERTEX
  5
F60E
  8
PIN_TOP
 10
57.048400000000001
 20
7.9796639999999988
 30
0.0
  0
VERTEX
  5
F60F
  8
PIN_TOP
 10
56.743600000000001
 20
7.9796639999999988
 30
0.0
  0
VERTEX
  5
F610
  8
PIN_TOP
 10
56.743600000000001
 20
8.2844639999999998
 30
0.0
  0
VERTEX
  5
F611
  8
PIN_TOP
 10
57.048400000000001
 20
8.2844639999999998
 30
0.0
  0
SEQEND
  5
F612
  8
PIN_TOP
  0
POLYLINE
  5
12A9
  8
PACKAGE_GEOMETRY_SILKSCREE
 66
     1
 10
0.0
 20
0.0
 30
0.0
 40
0.1524
 41
0.1524
  0
VERTEX
  5
F613
  8
PACKAGE_GEOMETRY_SILKSCREE
 10
57.145935999999999
 20
8.8818719999999978
 30
0.0
  0
VERTEX
  5
F614
  8
PACKAGE_GEOMETRY_SILKSCREE
 10
57.145935999999999
 20
8.4820759999999993
 30
0.0
  0
SEQEND
  5
F615
  8
PACKAGE_GEOMETRY_SILKSCREE
  0
POLYLINE
  5
12AD
  8
PACKAGE_GEOMETRY_SILKSCREE
 66
     1
 10
0.0
 20
0.0
 30
0.0
 40
0.1524
 41
0.1524
  0
VERTEX
  5
F616
  8
PACKAGE_GEOMETRY_SILKSCREE
 10
56.646064000000003
 20
8.8818719999999978
 30
0.0
  0
VERTEX
  5
F617
  8
PACKAGE_GEOMETRY_SILKSCREE
 10
57.145935999999999
 20
8.8818719999999978
 30
0.0
  0
SEQEND
  5
F618
  8
PACKAGE_GEOMETRY_SILKSCREE
  0
POLYLINE
  5
12B1
  8
PACKAGE_GEOMETRY_SILKSCREE
 66
     1
 10
0.0
 20
0.0
 30
0.0
 40
0.1524
 41
0.1524
  0
VERTEX
  5
F619
  8
PACKAGE_GEOMETRY_SILKSCREE
 10
56.646064000000003
 20
8.4820759999999993
 30
0.0
  0
VERTEX
  5
F61A
  8
PACKAGE_GEOMETRY_SILKSCREE
 10
56.646064000000003
 20
8.8818719999999978
 30
0.0
  0
SEQEND
  5
F61B
  8
PACKAGE_GEOMETRY_SILKSCREE
  0
POLYLINE
  5
12B5
  8
PACKAGE_GEOMETRY_SILKSCREE
 66
     1
 10
0.0
 20
0.0
 30
0.0
 40
0.1524
 41
0.1524
  0
VERTEX
  5
F61C
  8
PACKAGE_GEOMETRY_SILKSCREE
 10
57.145935999999999
 20
7.8821279999999989
 30
0.0
  0
VERTEX
  5
F61D
  8
PACKAGE_GEOMETRY_SILKSCREE
 10
57.145935999999999
 20
8.2819240000000001
 30
0.0
  0
SEQEND
  5
F61E
  8
PACKAGE_GEOMETRY_SILKSCREE
  0
POLYLINE
  5
12B9
  8
PACKAGE_GEOMETRY_SILKSCREE
 66
     1
 10
0.0
 20
0.0
 30
0.0
 40
0.1524
 41
0.1524
  0
VERTEX
  5
F61F
  8
PACKAGE_GEOMETRY_SILKSCREE
 10
56.646064000000003
 20
7.8821279999999989
 30
0.0
  0
VERTEX
  5
F620
  8
PACKAGE_GEOMETRY_SILKSCREE
 10
57.145935999999999
 20
7.8821279999999989
 30
0.0
  0
SEQEND
  5
F621
  8
PACKAGE_GEOMETRY_SILKSCREE
  0
POLYLINE
  5
12BD
  8
PACKAGE_GEOMETRY_SILKSCREE
 66
     1
 10
0.0
 20
0.0
 30
0.0
 40
0.1524
 41
0.1524
  0
VERTEX
  5
F622
  8
PACKAGE_GEOMETRY_SILKSCREE
 10
56.646064000000003
 20
8.2819240000000001
 30
0.0
  0
VERTEX
  5
F623
  8
PACKAGE_GEOMETRY_SILKSCREE
 10
56.646064000000003
 20
7.8821279999999989
 30
0.0
  0
SEQEND
  5
F624
  8
PACKAGE_GEOMETRY_SILKSCREE
  0
POLYLINE
  5
12C1
  8
PIN_TOP
 66
     1
 10
0.0
 20
0.0
 30
0.0
 70
     1
  0
VERTEX
  5
F625
  8
PIN_TOP
 10
63.597535999999998
 20
15.214600000000001
 30
0.0
  0
VERTEX
  5
F626
  8
PIN_TOP
 10
63.597535999999998
 20
15.519399999999999
 30
0.0
  0
VERTEX
  5
F627
  8
PIN_TOP
 10
63.902335999999998
 20
15.519399999999999
 30
0.0
  0
VERTEX
  5
F628
  8
PIN_TOP
 10
63.902335999999998
 20
15.214600000000001
 30
0.0
  0
SEQEND
  5
F629
  8
PIN_TOP
  0
POLYLINE
  5
12C7
  8
PIN_TOP
 66
     1
 10
0.0
 20
0.0
 30
0.0
 70
     1
  0
VERTEX
  5
F62A
  8
PIN_TOP
 10
63.097664000000002
 20
15.214600000000001
 30
0.0
  0
VERTEX
  5
F62B
  8
PIN_TOP
 10
63.097664000000002
 20
15.519399999999999
 30
0.0
  0
VERTEX
  5
F62C
  8
PIN_TOP
 10
63.402464000000002
 20
15.519399999999999
 30
0.0
  0
VERTEX
  5
F62D
  8
PIN_TOP
 10
63.402464000000002
 20
15.214600000000001
 30
0.0
  0
SEQEND
  5
F62E
  8
PIN_TOP
  0
POLYLINE
  5
12CD
  8
PACKAGE_GEOMETRY_SILKSCREE
 66
     1
 10
0.0
 20
0.0
 30
0.0
 40
0.1524
 41
0.1524
  0
VERTEX
  5
F62F
  8
PACKAGE_GEOMETRY_SILKSCREE
 10
63.999871999999989
 20
15.117063999999999
 30
0.0
  0
VERTEX
  5
F630
  8
PACKAGE_GEOMETRY_SILKSCREE
 10
63.600076000000001
 20
15.117063999999999
 30
0.0
  0
SEQEND
  5
F631
  8
PACKAGE_GEOMETRY_SILKSCREE
  0
POLYLINE
  5
12D1
  8
PACKAGE_GEOMETRY_SILKSCREE
 66
     1
 10
0.0
 20
0.0
 30
0.0
 40
0.1524
 41
0.1524
  0
VERTEX
  5
F632
  8
PACKAGE_GEOMETRY_SILKSCREE
 10
63.999871999999989
 20
15.616936000000001
 30
0.0
  0
VERTEX
  5
F633
  8
PACKAGE_GEOMETRY_SILKSCREE
 10
63.999871999999989
 20
15.117063999999999
 30
0.0
  0
SEQEND
  5
F634
  8
PACKAGE_GEOMETRY_SILKSCREE
  0
POLYLINE
  5
12D5
  8
PACKAGE_GEOMETRY_SILKSCREE
 66
     1
 10
0.0
 20
0.0
 30
0.0
 40
0.1524
 41
0.1524
  0
VERTEX
  5
F635
  8
PACKAGE_GEOMETRY_SILKSCREE
 10
63.600076000000001
 20
15.616936000000001
 30
0.0
  0
VERTEX
  5
F636
  8
PACKAGE_GEOMETRY_SILKSCREE
 10
63.999871999999989
 20
15.616936000000001
 30
0.0
  0
SEQEND
  5
F637
  8
PACKAGE_GEOMETRY_SILKSCREE
  0
POLYLINE
  5
12D9
  8
PACKAGE_GEOMETRY_SILKSCREE
 66
     1
 10
0.0
 20
0.0
 30
0.0
 40
0.1524
 41
0.1524
  0
VERTEX
  5
F638
  8
PACKAGE_GEOMETRY_SILKSCREE
 10
63.000128000000011
 20
15.117063999999999
 30
0.0
  0
VERTEX
  5
F639
  8
PACKAGE_GEOMETRY_SILKSCREE
 10
63.399923999999992
 20
15.117063999999999
 30
0.0
  0
SEQEND
  5
F63A
  8
PACKAGE_GEOMETRY_SILKSCREE
  0
POLYLINE
  5
12DD
  8
PACKAGE_GEOMETRY_SILKSCREE
 66
     1
 10
0.0
 20
0.0
 30
0.0
 40
0.1524
 41
0.1524
  0
VERTEX
  5
F63B
  8
PACKAGE_GEOMETRY_SILKSCREE
 10
63.000128000000011
 20
15.616936000000001
 30
0.0
  0
VERTEX
  5
F63C
  8
PACKAGE_GEOMETRY_SILKSCREE
 10
63.000128000000011
 20
15.117063999999999
 30
0.0
  0
SEQEND
  5
F63D
  8
PACKAGE_GEOMETRY_SILKSCREE
  0
POLYLINE
  5
12E1
  8
PACKAGE_GEOMETRY_SILKSCREE
 66
     1
 10
0.0
 20
0.0
 30
0.0
 40
0.1524
 41
0.1524
  0
VERTEX
  5
F63E
  8
PACKAGE_GEOMETRY_SILKSCREE
 10
63.399923999999992
 20
15.616936000000001
 30
0.0
  0
VERTEX
  5
F63F
  8
PACKAGE_GEOMETRY_SILKSCREE
 10
63.000128000000011
 20
15.616936000000001
 30
0.0
  0
SEQEND
  5
F640
  8
PACKAGE_GEOMETRY_SILKSCREE
  0
POLYLINE
  5
12E5
  8
PIN_TOP
 66
     1
 10
0.0
 20
0.0
 30
0.0
 70
     1
  0
VERTEX
  5
F641
  8
PIN_TOP
 10
63.597535999999998
 20
15.7226
 30
0.0
  0
VERTEX
  5
F642
  8
PIN_TOP
 10
63.597535999999998
 20
16.0274
 30
0.0
  0
VERTEX
  5
F643
  8
PIN_TOP
 10
63.902335999999998
 20
16.0274
 30
0.0
  0
VERTEX
  5
F644
  8
PIN_TOP
 10
63.902335999999998
 20
15.7226
 30
0.0
  0
SEQEND
  5
F645
  8
PIN_TOP
  0
POLYLINE
  5
12EB
  8
PIN_TOP
 66
     1
 10
0.0
 20
0.0
 30
0.0
 70
     1
  0
VERTEX
  5
F646
  8
PIN_TOP
 10
63.097664000000002
 20
15.7226
 30
0.0
  0
VERTEX
  5
F647
  8
PIN_TOP
 10
63.097664000000002
 20
16.0274
 30
0.0
  0
VERTEX
  5
F648
  8
PIN_TOP
 10
63.402464000000002
 20
16.0274
 30
0.0
  0
VERTEX
  5
F649
  8
PIN_TOP
 10
63.402464000000002
 20
15.7226
 30
0.0
  0
SEQEND
  5
F64A
  8
PIN_TOP
  0
POLYLINE
  5
12F1
  8
PACKAGE_GEOMETRY_SILKSCREE
 66
     1
 10
0.0
 20
0.0
 30
0.0
 40
0.1524
 41
0.1524
  0
VERTEX
  5
F64B
  8
PACKAGE_GEOMETRY_SILKSCREE
 10
63.999871999999989
 20
15.625064
 30
0.0
  0
VERTEX
  5
F64C
  8
PACKAGE_GEOMETRY_SILKSCREE
 10
63.600076000000001
 20
15.625064
 30
0.0
  0
SEQEND
  5
F64D
  8
PACKAGE_GEOMETRY_SILKSCREE
  0
POLYLINE
  5
12F5
  8
PACKAGE_GEOMETRY_SILKSCREE
 66
     1
 10
0.0
 20
0.0
 30
0.0
 40
0.1524
 41
0.1524
  0
VERTEX
  5
F64E
  8
PACKAGE_GEOMETRY_SILKSCREE
 10
63.999871999999989
 20
16.124936000000002
 30
0.0
  0
VERTEX
  5
F64F
  8
PACKAGE_GEOMETRY_SILKSCREE
 10
63.999871999999989
 20
15.625064
 30
0.0
  0
SEQEND
  5
F650
  8
PACKAGE_GEOMETRY_SILKSCREE
  0
POLYLINE
  5
12F9
  8
PACKAGE_GEOMETRY_SILKSCREE
 66
     1
 10
0.0
 20
0.0
 30
0.0
 40
0.1524
 41
0.1524
  0
VERTEX
  5
F651
  8
PACKAGE_GEOMETRY_SILKSCREE
 10
63.600076000000001
 20
16.124936000000002
 30
0.0
  0
VERTEX
  5
F652
  8
PACKAGE_GEOMETRY_SILKSCREE
 10
63.999871999999989
 20
16.124936000000002
 30
0.0
  0
SEQEND
  5
F653
  8
PACKAGE_GEOMETRY_SILKSCREE
  0
POLYLINE
  5
12FD
  8
PACKAGE_GEOMETRY_SILKSCREE
 66
     1
 10
0.0
 20
0.0
 30
0.0
 40
0.1524
 41
0.1524
  0
VERTEX
  5
F654
  8
PACKAGE_GEOMETRY_SILKSCREE
 10
63.000128000000011
 20
15.625064
 30
0.0
  0
VERTEX
  5
F655
  8
PACKAGE_GEOMETRY_SILKSCREE
 10
63.399923999999992
 20
15.625064
 30
0.0
  0
SEQEND
  5
F656
  8
PACKAGE_GEOMETRY_SILKSCREE
  0
POLYLINE
  5
1301
  8
PACKAGE_GEOMETRY_SILKSCREE
 66
     1
 10
0.0
 20
0.0
 30
0.0
 40
0.1524
 41
0.1524
  0
VERTEX
  5
F657
  8
PACKAGE_GEOMETRY_SILKSCREE
 10
63.000128000000011
 20
16.124936000000002
 30
0.0
  0
VERTEX
  5
F658
  8
PACKAGE_GEOMETRY_SILKSCREE
 10
63.000128000000011
 20
15.625064
 30
0.0
  0
SEQEND
  5
F659
  8
PACKAGE_GEOMETRY_SILKSCREE
  0
POLYLINE
  5
1305
  8
PACKAGE_GEOMETRY_SILKSCREE
 66
     1
 10
0.0
 20
0.0
 30
0.0
 40
0.1524
 41
0.1524
  0
VERTEX
  5
F65A
  8
PACKAGE_GEOMETRY_SILKSCREE
 10
63.399923999999992
 20
16.124936000000002
 30
0.0
  0
VERTEX
  5
F65B
  8
PACKAGE_GEOMETRY_SILKSCREE
 10
63.000128000000011
 20
16.124936000000002
 30
0.0
  0
SEQEND
  5
F65C
  8
PACKAGE_GEOMETRY_SILKSCREE
  0
POLYLINE
  5
1309
  8
PIN_TOP
 66
     1
 10
0.0
 20
0.0
 30
0.0
 70
     1
  0
VERTEX
  5
F65D
  8
PIN_TOP
 10
63.597535999999998
 20
16.230599999999999
 30
0.0
  0
VERTEX
  5
F65E
  8
PIN_TOP
 10
63.597535999999998
 20
16.535399999999999
 30
0.0
  0
VERTEX
  5
F65F
  8
PIN_TOP
 10
63.902335999999998
 20
16.535399999999999
 30
0.0
  0
VERTEX
  5
F660
  8
PIN_TOP
 10
63.902335999999998
 20
16.230599999999999
 30
0.0
  0
SEQEND
  5
F661
  8
PIN_TOP
  0
POLYLINE
  5
130F
  8
PIN_TOP
 66
     1
 10
0.0
 20
0.0
 30
0.0
 70
     1
  0
VERTEX
  5
F662
  8
PIN_TOP
 10
63.097664000000002
 20
16.230599999999999
 30
0.0
  0
VERTEX
  5
F663
  8
PIN_TOP
 10
63.097664000000002
 20
16.535399999999999
 30
0.0
  0
VERTEX
  5
F664
  8
PIN_TOP
 10
63.402464000000002
 20
16.535399999999999
 30
0.0
  0
VERTEX
  5
F665
  8
PIN_TOP
 10
63.402464000000002
 20
16.230599999999999
 30
0.0
  0
SEQEND
  5
F666
  8
PIN_TOP
  0
POLYLINE
  5
1315
  8
PACKAGE_GEOMETRY_SILKSCREE
 66
     1
 10
0.0
 20
0.0
 30
0.0
 40
0.1524
 41
0.1524
  0
VERTEX
  5
F667
  8
PACKAGE_GEOMETRY_SILKSCREE
 10
63.999871999999989
 20
16.133064000000001
 30
0.0
  0
VERTEX
  5
F668
  8
PACKAGE_GEOMETRY_SILKSCREE
 10
63.600076000000001
 20
16.133064000000001
 30
0.0
  0
SEQEND
  5
F669
  8
PACKAGE_GEOMETRY_SILKSCREE
  0
POLYLINE
  5
1319
  8
PACKAGE_GEOMETRY_SILKSCREE
 66
     1
 10
0.0
 20
0.0
 30
0.0
 40
0.1524
 41
0.1524
  0
VERTEX
  5
F66A
  8
PACKAGE_GEOMETRY_SILKSCREE
 10
63.999871999999989
 20
16.632936000000001
 30
0.0
  0
VERTEX
  5
F66B
  8
PACKAGE_GEOMETRY_SILKSCREE
 10
63.999871999999989
 20
16.133064000000001
 30
0.0
  0
SEQEND
  5
F66C
  8
PACKAGE_GEOMETRY_SILKSCREE
  0
POLYLINE
  5
131D
  8
PACKAGE_GEOMETRY_SILKSCREE
 66
     1
 10
0.0
 20
0.0
 30
0.0
 40
0.1524
 41
0.1524
  0
VERTEX
  5
F66D
  8
PACKAGE_GEOMETRY_SILKSCREE
 10
63.600076000000001
 20
16.632936000000001
 30
0.0
  0
VERTEX
  5
F66E
  8
PACKAGE_GEOMETRY_SILKSCREE
 10
63.999871999999989
 20
16.632936000000001
 30
0.0
  0
SEQEND
  5
F66F
  8
PACKAGE_GEOMETRY_SILKSCREE
  0
POLYLINE
  5
1321
  8
PACKAGE_GEOMETRY_SILKSCREE
 66
     1
 10
0.0
 20
0.0
 30
0.0
 40
0.1524
 41
0.1524
  0
VERTEX
  5
F670
  8
PACKAGE_GEOMETRY_SILKSCREE
 10
63.000128000000011
 20
16.133064000000001
 30
0.0
  0
VERTEX
  5
F671
  8
PACKAGE_GEOMETRY_SILKSCREE
 10
63.399923999999992
 20
16.133064000000001
 30
0.0
  0
SEQEND
  5
F672
  8
PACKAGE_GEOMETRY_SILKSCREE
  0
POLYLINE
  5
1325
  8
PACKAGE_GEOMETRY_SILKSCREE
 66
     1
 10
0.0
 20
0.0
 30
0.0
 40
0.1524
 41
0.1524
  0
VERTEX
  5
F673
  8
PACKAGE_GEOMETRY_SILKSCREE
 10
63.000128000000011
 20
16.632936000000001
 30
0.0
  0
VERTEX
  5
F674
  8
PACKAGE_GEOMETRY_SILKSCREE
 10
63.000128000000011
 20
16.133064000000001
 30
0.0
  0
SEQEND
  5
F675
  8
PACKAGE_GEOMETRY_SILKSCREE
  0
POLYLINE
  5
1329
  8
PACKAGE_GEOMETRY_SILKSCREE
 66
     1
 10
0.0
 20
0.0
 30
0.0
 40
0.1524
 41
0.1524
  0
VERTEX
  5
F676
  8
PACKAGE_GEOMETRY_SILKSCREE
 10
63.399923999999992
 20
16.632936000000001
 30
0.0
  0
VERTEX
  5
F677
  8
PACKAGE_GEOMETRY_SILKSCREE
 10
63.000128000000011
 20
16.632936000000001
 30
0.0
  0
SEQEND
  5
F678
  8
PACKAGE_GEOMETRY_SILKSCREE
  0
POLYLINE
  5
132D
  8
PIN_TOP
 66
     1
 10
0.0
 20
0.0
 30
0.0
 70
     1
  0
VERTEX
  5
F679
  8
PIN_TOP
 10
63.597535999999998
 20
14.7066
 30
0.0
  0
VERTEX
  5
F67A
  8
PIN_TOP
 10
63.597535999999998
 20
15.0114
 30
0.0
  0
VERTEX
  5
F67B
  8
PIN_TOP
 10
63.902335999999998
 20
15.0114
 30
0.0
  0
VERTEX
  5
F67C
  8
PIN_TOP
 10
63.902335999999998
 20
14.7066
 30
0.0
  0
SEQEND
  5
F67D
  8
PIN_TOP
  0
POLYLINE
  5
1333
  8
PIN_TOP
 66
     1
 10
0.0
 20
0.0
 30
0.0
 70
     1
  0
VERTEX
  5
F67E
  8
PIN_TOP
 10
63.097664000000002
 20
14.7066
 30
0.0
  0
VERTEX
  5
F67F
  8
PIN_TOP
 10
63.097664000000002
 20
15.0114
 30
0.0
  0
VERTEX
  5
F680
  8
PIN_TOP
 10
63.402464000000002
 20
15.0114
 30
0.0
  0
VERTEX
  5
F681
  8
PIN_TOP
 10
63.402464000000002
 20
14.7066
 30
0.0
  0
SEQEND
  5
F682
  8
PIN_TOP
  0
POLYLINE
  5
1339
  8
PACKAGE_GEOMETRY_SILKSCREE
 66
     1
 10
0.0
 20
0.0
 30
0.0
 40
0.1524
 41
0.1524
  0
VERTEX
  5
F683
  8
PACKAGE_GEOMETRY_SILKSCREE
 10
63.999871999999989
 20
14.609064
 30
0.0
  0
VERTEX
  5
F684
  8
PACKAGE_GEOMETRY_SILKSCREE
 10
63.600076000000001
 20
14.609064
 30
0.0
  0
SEQEND
  5
F685
  8
PACKAGE_GEOMETRY_SILKSCREE
  0
POLYLINE
  5
133D
  8
PACKAGE_GEOMETRY_SILKSCREE
 66
     1
 10
0.0
 20
0.0
 30
0.0
 40
0.1524
 41
0.1524
  0
VERTEX
  5
F686
  8
PACKAGE_GEOMETRY_SILKSCREE
 10
63.999871999999989
 20
15.108936
 30
0.0
  0
VERTEX
  5
F687
  8
PACKAGE_GEOMETRY_SILKSCREE
 10
63.999871999999989
 20
14.609064
 30
0.0
  0
SEQEND
  5
F688
  8
PACKAGE_GEOMETRY_SILKSCREE
  0
POLYLINE
  5
1341
  8
PACKAGE_GEOMETRY_SILKSCREE
 66
     1
 10
0.0
 20
0.0
 30
0.0
 40
0.1524
 41
0.1524
  0
VERTEX
  5
F689
  8
PACKAGE_GEOMETRY_SILKSCREE
 10
63.600076000000001
 20
15.108936
 30
0.0
  0
VERTEX
  5
F68A
  8
PACKAGE_GEOMETRY_SILKSCREE
 10
63.999871999999989
 20
15.108936
 30
0.0
  0
SEQEND
  5
F68B
  8
PACKAGE_GEOMETRY_SILKSCREE
  0
POLYLINE
  5
1345
  8
PACKAGE_GEOMETRY_SILKSCREE
 66
     1
 10
0.0
 20
0.0
 30
0.0
 40
0.1524
 41
0.1524
  0
VERTEX
  5
F68C
  8
PACKAGE_GEOMETRY_SILKSCREE
 10
63.000128000000011
 20
14.609064
 30
0.0
  0
VERTEX
  5
F68D
  8
PACKAGE_GEOMETRY_SILKSCREE
 10
63.399923999999992
 20
14.609064
 30
0.0
  0
SEQEND
  5
F68E
  8
PACKAGE_GEOMETRY_SILKSCREE
  0
POLYLINE
  5
1349
  8
PACKAGE_GEOMETRY_SILKSCREE
 66
     1
 10
0.0
 20
0.0
 30
0.0
 40
0.1524
 41
0.1524
  0
VERTEX
  5
F68F
  8
PACKAGE_GEOMETRY_SILKSCREE
 10
63.000128000000011
 20
15.108936
 30
0.0
  0
VERTEX
  5
F690
  8
PACKAGE_GEOMETRY_SILKSCREE
 10
63.000128000000011
 20
14.609064
 30
0.0
  0
SEQEND
  5
F691
  8
PACKAGE_GEOMETRY_SILKSCREE
  0
POLYLINE
  5
134D
  8
PACKAGE_GEOMETRY_SILKSCREE
 66
     1
 10
0.0
 20
0.0
 30
0.0
 40
0.1524
 41
0.1524
  0
VERTEX
  5
F692
  8
PACKAGE_GEOMETRY_SILKSCREE
 10
63.399923999999992
 20
15.108936
 30
0.0
  0
VERTEX
  5
F693
  8
PACKAGE_GEOMETRY_SILKSCREE
 10
63.000128000000011
 20
15.108936
 30
0.0
  0
SEQEND
  5
F694
  8
PACKAGE_GEOMETRY_SILKSCREE
  0
POLYLINE
  5
1351
  8
PIN_TOP
 66
     1
 10
0.0
 20
0.0
 30
0.0
 70
     1
  0
VERTEX
  5
F695
  8
PIN_TOP
 10
52.353464000000002
 20
17.551400000000001
 30
0.0
  0
VERTEX
  5
F696
  8
PIN_TOP
 10
52.353464000000002
 20
17.246600000000001
 30
0.0
  0
VERTEX
  5
F697
  8
PIN_TOP
 10
52.048664000000002
 20
17.246600000000001
 30
0.0
  0
VERTEX
  5
F698
  8
PIN_TOP
 10
52.048664000000002
 20
17.551400000000001
 30
0.0
  0
SEQEND
  5
F699
  8
PIN_TOP
  0
POLYLINE
  5
1357
  8
PIN_TOP
 66
     1
 10
0.0
 20
0.0
 30
0.0
 70
     1
  0
VERTEX
  5
F69A
  8
PIN_TOP
 10
52.853335999999999
 20
17.551400000000001
 30
0.0
  0
VERTEX
  5
F69B
  8
PIN_TOP
 10
52.853335999999999
 20
17.246600000000001
 30
0.0
  0
VERTEX
  5
F69C
  8
PIN_TOP
 10
52.548535999999999
 20
17.246600000000001
 30
0.0
  0
VERTEX
  5
F69D
  8
PIN_TOP
 10
52.548535999999999
 20
17.551400000000001
 30
0.0
  0
SEQEND
  5
F69E
  8
PIN_TOP
  0
POLYLINE
  5
135D
  8
PACKAGE_GEOMETRY_SILKSCREE
 66
     1
 10
0.0
 20
0.0
 30
0.0
 40
0.1524
 41
0.1524
  0
VERTEX
  5
F69F
  8
PACKAGE_GEOMETRY_SILKSCREE
 10
51.951127999999997
 20
17.648935999999999
 30
0.0
  0
VERTEX
  5
F6A0
  8
PACKAGE_GEOMETRY_SILKSCREE
 10
52.350923999999999
 20
17.648935999999999
 30
0.0
  0
SEQEND
  5
F6A1
  8
PACKAGE_GEOMETRY_SILKSCREE
  0
POLYLINE
  5
1361
  8
PACKAGE_GEOMETRY_SILKSCREE
 66
     1
 10
0.0
 20
0.0
 30
0.0
 40
0.1524
 41
0.1524
  0
VERTEX
  5
F6A2
  8
PACKAGE_GEOMETRY_SILKSCREE
 10
51.951127999999997
 20
17.149063999999999
 30
0.0
  0
VERTEX
  5
F6A3
  8
PACKAGE_GEOMETRY_SILKSCREE
 10
51.951127999999997
 20
17.648935999999999
 30
0.0
  0
SEQEND
  5
F6A4
  8
PACKAGE_GEOMETRY_SILKSCREE
  0
POLYLINE
  5
1365
  8
PACKAGE_GEOMETRY_SILKSCREE
 66
     1
 10
0.0
 20
0.0
 30
0.0
 40
0.1524
 41
0.1524
  0
VERTEX
  5
F6A5
  8
PACKAGE_GEOMETRY_SILKSCREE
 10
52.350923999999999
 20
17.149063999999999
 30
0.0
  0
VERTEX
  5
F6A6
  8
PACKAGE_GEOMETRY_SILKSCREE
 10
51.951127999999997
 20
17.149063999999999
 30
0.0
  0
SEQEND
  5
F6A7
  8
PACKAGE_GEOMETRY_SILKSCREE
  0
POLYLINE
  5
1369
  8
PACKAGE_GEOMETRY_SILKSCREE
 66
     1
 10
0.0
 20
0.0
 30
0.0
 40
0.1524
 41
0.1524
  0
VERTEX
  5
F6A8
  8
PACKAGE_GEOMETRY_SILKSCREE
 10
52.950871999999997
 20
17.648935999999999
 30
0.0
  0
VERTEX
  5
F6A9
  8
PACKAGE_GEOMETRY_SILKSCREE
 10
52.551076000000002
 20
17.648935999999999
 30
0.0
  0
SEQEND
  5
F6AA
  8
PACKAGE_GEOMETRY_SILKSCREE
  0
POLYLINE
  5
136D
  8
PACKAGE_GEOMETRY_SILKSCREE
 66
     1
 10
0.0
 20
0.0
 30
0.0
 40
0.1524
 41
0.1524
  0
VERTEX
  5
F6AB
  8
PACKAGE_GEOMETRY_SILKSCREE
 10
52.950871999999997
 20
17.149063999999999
 30
0.0
  0
VERTEX
  5
F6AC
  8
PACKAGE_GEOMETRY_SILKSCREE
 10
52.950871999999997
 20
17.648935999999999
 30
0.0
  0
SEQEND
  5
F6AD
  8
PACKAGE_GEOMETRY_SILKSCREE
  0
POLYLINE
  5
1371
  8
PACKAGE_GEOMETRY_SILKSCREE
 66
     1
 10
0.0
 20
0.0
 30
0.0
 40
0.1524
 41
0.1524
  0
VERTEX
  5
F6AE
  8
PACKAGE_GEOMETRY_SILKSCREE
 10
52.551076000000002
 20
17.149063999999999
 30
0.0
  0
VERTEX
  5
F6AF
  8
PACKAGE_GEOMETRY_SILKSCREE
 10
52.950871999999997
 20
17.149063999999999
 30
0.0
  0
SEQEND
  5
F6B0
  8
PACKAGE_GEOMETRY_SILKSCREE
  0
POLYLINE
  5
1375
  8
PIN_TOP
 66
     1
 10
0.0
 20
0.0
 30
0.0
 70
     1
  0
VERTEX
  5
F6B1
  8
PIN_TOP
 10
52.353464000000002
 20
18.0594
 30
0.0
  0
VERTEX
  5
F6B2
  8
PIN_TOP
 10
52.353464000000002
 20
17.7546
 30
0.0
  0
VERTEX
  5
F6B3
  8
PIN_TOP
 10
52.048664000000002
 20
17.7546
 30
0.0
  0
VERTEX
  5
F6B4
  8
PIN_TOP
 10
52.048664000000002
 20
18.0594
 30
0.0
  0
SEQEND
  5
F6B5
  8
PIN_TOP
  0
POLYLINE
  5
137B
  8
PIN_TOP
 66
     1
 10
0.0
 20
0.0
 30
0.0
 70
     1
  0
VERTEX
  5
F6B6
  8
PIN_TOP
 10
52.853335999999999
 20
18.0594
 30
0.0
  0
VERTEX
  5
F6B7
  8
PIN_TOP
 10
52.853335999999999
 20
17.7546
 30
0.0
  0
VERTEX
  5
F6B8
  8
PIN_TOP
 10
52.548535999999999
 20
17.7546
 30
0.0
  0
VERTEX
  5
F6B9
  8
PIN_TOP
 10
52.548535999999999
 20
18.0594
 30
0.0
  0
SEQEND
  5
F6BA
  8
PIN_TOP
  0
POLYLINE
  5
1381
  8
PACKAGE_GEOMETRY_SILKSCREE
 66
     1
 10
0.0
 20
0.0
 30
0.0
 40
0.1524
 41
0.1524
  0
VERTEX
  5
F6BB
  8
PACKAGE_GEOMETRY_SILKSCREE
 10
51.951127999999997
 20
18.156936000000002
 30
0.0
  0
VERTEX
  5
F6BC
  8
PACKAGE_GEOMETRY_SILKSCREE
 10
52.350923999999999
 20
18.156936000000002
 30
0.0
  0
SEQEND
  5
F6BD
  8
PACKAGE_GEOMETRY_SILKSCREE
  0
POLYLINE
  5
1385
  8
PACKAGE_GEOMETRY_SILKSCREE
 66
     1
 10
0.0
 20
0.0
 30
0.0
 40
0.1524
 41
0.1524
  0
VERTEX
  5
F6BE
  8
PACKAGE_GEOMETRY_SILKSCREE
 10
51.951127999999997
 20
17.657063999999991
 30
0.0
  0
VERTEX
  5
F6BF
  8
PACKAGE_GEOMETRY_SILKSCREE
 10
51.951127999999997
 20
18.156936000000002
 30
0.0
  0
SEQEND
  5
F6C0
  8
PACKAGE_GEOMETRY_SILKSCREE
  0
POLYLINE
  5
1389
  8
PACKAGE_GEOMETRY_SILKSCREE
 66
     1
 10
0.0
 20
0.0
 30
0.0
 40
0.1524
 41
0.1524
  0
VERTEX
  5
F6C1
  8
PACKAGE_GEOMETRY_SILKSCREE
 10
52.350923999999999
 20
17.657063999999991
 30
0.0
  0
VERTEX
  5
F6C2
  8
PACKAGE_GEOMETRY_SILKSCREE
 10
51.951127999999997
 20
17.657063999999991
 30
0.0
  0
SEQEND
  5
F6C3
  8
PACKAGE_GEOMETRY_SILKSCREE
  0
POLYLINE
  5
138D
  8
PACKAGE_GEOMETRY_SILKSCREE
 66
     1
 10
0.0
 20
0.0
 30
0.0
 40
0.1524
 41
0.1524
  0
VERTEX
  5
F6C4
  8
PACKAGE_GEOMETRY_SILKSCREE
 10
52.950871999999997
 20
18.156936000000002
 30
0.0
  0
VERTEX
  5
F6C5
  8
PACKAGE_GEOMETRY_SILKSCREE
 10
52.551076000000002
 20
18.156936000000002
 30
0.0
  0
SEQEND
  5
F6C6
  8
PACKAGE_GEOMETRY_SILKSCREE
  0
POLYLINE
  5
1391
  8
PACKAGE_GEOMETRY_SILKSCREE
 66
     1
 10
0.0
 20
0.0
 30
0.0
 40
0.1524
 41
0.1524
  0
VERTEX
  5
F6C7
  8
PACKAGE_GEOMETRY_SILKSCREE
 10
52.950871999999997
 20
17.657063999999991
 30
0.0
  0
VERTEX
  5
F6C8
  8
PACKAGE_GEOMETRY_SILKSCREE
 10
52.950871999999997
 20
18.156936000000002
 30
0.0
  0
SEQEND
  5
F6C9
  8
PACKAGE_GEOMETRY_SILKSCREE
  0
POLYLINE
  5
1395
  8
PACKAGE_GEOMETRY_SILKSCREE
 66
     1
 10
0.0
 20
0.0
 30
0.0
 40
0.1524
 41
0.1524
  0
VERTEX
  5
F6CA
  8
PACKAGE_GEOMETRY_SILKSCREE
 10
52.551076000000002
 20
17.657063999999991
 30
0.0
  0
VERTEX
  5
F6CB
  8
PACKAGE_GEOMETRY_SILKSCREE
 10
52.950871999999997
 20
17.657063999999991
 30
0.0
  0
SEQEND
  5
F6CC
  8
PACKAGE_GEOMETRY_SILKSCREE
  0
POLYLINE
  5
1399
  8
PIN_TOP
 66
     1
 10
0.0
 20
0.0
 30
0.0
 70
     1
  0
VERTEX
  5
F6CD
  8
PIN_TOP
 10
51.210464000000002
 20
20.0914
 30
0.0
  0
VERTEX
  5
F6CE
  8
PIN_TOP
 10
51.210464000000002
 20
19.7866
 30
0.0
  0
VERTEX
  5
F6CF
  8
PIN_TOP
 10
50.905664000000002
 20
19.7866
 30
0.0
  0
VERTEX
  5
F6D0
  8
PIN_TOP
 10
50.905664000000002
 20
20.0914
 30
0.0
  0
SEQEND
  5
F6D1
  8
PIN_TOP
  0
POLYLINE
  5
139F
  8
PIN_TOP
 66
     1
 10
0.0
 20
0.0
 30
0.0
 70
     1
  0
VERTEX
  5
F6D2
  8
PIN_TOP
 10
51.710335999999998
 20
20.0914
 30
0.0
  0
VERTEX
  5
F6D3
  8
PIN_TOP
 10
51.710335999999998
 20
19.7866
 30
0.0
  0
VERTEX
  5
F6D4
  8
PIN_TOP
 10
51.405535999999998
 20
19.7866
 30
0.0
  0
VERTEX
  5
F6D5
  8
PIN_TOP
 10
51.405535999999998
 20
20.0914
 30
0.0
  0
SEQEND
  5
F6D6
  8
PIN_TOP
  0
POLYLINE
  5
13A5
  8
PACKAGE_GEOMETRY_SILKSCREE
 66
     1
 10
0.0
 20
0.0
 30
0.0
 40
0.1524
 41
0.1524
  0
VERTEX
  5
F6D7
  8
PACKAGE_GEOMETRY_SILKSCREE
 10
50.808128000000004
 20
20.188936000000002
 30
0.0
  0
VERTEX
  5
F6D8
  8
PACKAGE_GEOMETRY_SILKSCREE
 10
51.207923999999998
 20
20.188936000000002
 30
0.0
  0
SEQEND
  5
F6D9
  8
PACKAGE_GEOMETRY_SILKSCREE
  0
POLYLINE
  5
13A9
  8
PACKAGE_GEOMETRY_SILKSCREE
 66
     1
 10
0.0
 20
0.0
 30
0.0
 40
0.1524
 41
0.1524
  0
VERTEX
  5
F6DA
  8
PACKAGE_GEOMETRY_SILKSCREE
 10
50.808128000000004
 20
19.689063999999998
 30
0.0
  0
VERTEX
  5
F6DB
  8
PACKAGE_GEOMETRY_SILKSCREE
 10
50.808128000000004
 20
20.188936000000002
 30
0.0
  0
SEQEND
  5
F6DC
  8
PACKAGE_GEOMETRY_SILKSCREE
  0
POLYLINE
  5
13AD
  8
PACKAGE_GEOMETRY_SILKSCREE
 66
     1
 10
0.0
 20
0.0
 30
0.0
 40
0.1524
 41
0.1524
  0
VERTEX
  5
F6DD
  8
PACKAGE_GEOMETRY_SILKSCREE
 10
51.207923999999998
 20
19.689063999999998
 30
0.0
  0
VERTEX
  5
F6DE
  8
PACKAGE_GEOMETRY_SILKSCREE
 10
50.808128000000004
 20
19.689063999999998
 30
0.0
  0
SEQEND
  5
F6DF
  8
PACKAGE_GEOMETRY_SILKSCREE
  0
POLYLINE
  5
13B1
  8
PACKAGE_GEOMETRY_SILKSCREE
 66
     1
 10
0.0
 20
0.0
 30
0.0
 40
0.1524
 41
0.1524
  0
VERTEX
  5
F6E0
  8
PACKAGE_GEOMETRY_SILKSCREE
 10
51.80787200000001
 20
20.188936000000002
 30
0.0
  0
VERTEX
  5
F6E1
  8
PACKAGE_GEOMETRY_SILKSCREE
 10
51.408076000000001
 20
20.188936000000002
 30
0.0
  0
SEQEND
  5
F6E2
  8
PACKAGE_GEOMETRY_SILKSCREE
  0
POLYLINE
  5
13B5
  8
PACKAGE_GEOMETRY_SILKSCREE
 66
     1
 10
0.0
 20
0.0
 30
0.0
 40
0.1524
 41
0.1524
  0
VERTEX
  5
F6E3
  8
PACKAGE_GEOMETRY_SILKSCREE
 10
51.80787200000001
 20
19.689063999999998
 30
0.0
  0
VERTEX
  5
F6E4
  8
PACKAGE_GEOMETRY_SILKSCREE
 10
51.80787200000001
 20
20.188936000000002
 30
0.0
  0
SEQEND
  5
F6E5
  8
PACKAGE_GEOMETRY_SILKSCREE
  0
POLYLINE
  5
13B9
  8
PACKAGE_GEOMETRY_SILKSCREE
 66
     1
 10
0.0
 20
0.0
 30
0.0
 40
0.1524
 41
0.1524
  0
VERTEX
  5
F6E6
  8
PACKAGE_GEOMETRY_SILKSCREE
 10
51.408076000000001
 20
19.689063999999998
 30
0.0
  0
VERTEX
  5
F6E7
  8
PACKAGE_GEOMETRY_SILKSCREE
 10
51.80787200000001
 20
19.689063999999998
 30
0.0
  0
SEQEND
  5
F6E8
  8
PACKAGE_GEOMETRY_SILKSCREE
  0
POLYLINE
  5
13BD
  8
PIN_TOP
 66
     1
 10
0.0
 20
0.0
 30
0.0
 70
     1
  0
VERTEX
  5
F6E9
  8
PIN_TOP
 10
61.518799999999999
 20
9.3004639999999998
 30
0.0
  0
VERTEX
  5
F6EA
  8
PIN_TOP
 10
61.823599999999999
 20
9.3004639999999998
 30
0.0
  0
VERTEX
  5
F6EB
  8
PIN_TOP
 10
61.823599999999999
 20
8.9956639999999979
 30
0.0
  0
VERTEX
  5
F6EC
  8
PIN_TOP
 10
61.518799999999999
 20
8.9956639999999979
 30
0.0
  0
SEQEND
  5
F6ED
  8
PIN_TOP
  0
POLYLINE
  5
13C3
  8
PIN_TOP
 66
     1
 10
0.0
 20
0.0
 30
0.0
 70
     1
  0
VERTEX
  5
F6EE
  8
PIN_TOP
 10
61.518799999999999
 20
9.8003359999999997
 30
0.0
  0
VERTEX
  5
F6EF
  8
PIN_TOP
 10
61.823599999999999
 20
9.8003359999999997
 30
0.0
  0
VERTEX
  5
F6F0
  8
PIN_TOP
 10
61.823599999999999
 20
9.4955359999999995
 30
0.0
  0
VERTEX
  5
F6F1
  8
PIN_TOP
 10
61.518799999999999
 20
9.4955359999999995
 30
0.0
  0
SEQEND
  5
F6F2
  8
PIN_TOP
  0
POLYLINE
  5
13C9
  8
PACKAGE_GEOMETRY_SILKSCREE
 66
     1
 10
0.0
 20
0.0
 30
0.0
 40
0.1524
 41
0.1524
  0
VERTEX
  5
F6F3
  8
PACKAGE_GEOMETRY_SILKSCREE
 10
61.421264000000001
 20
8.8981279999999998
 30
0.0
  0
VERTEX
  5
F6F4
  8
PACKAGE_GEOMETRY_SILKSCREE
 10
61.421264000000001
 20
9.2979240000000001
 30
0.0
  0
SEQEND
  5
F6F5
  8
PACKAGE_GEOMETRY_SILKSCREE
  0
POLYLINE
  5
13CD
  8
PACKAGE_GEOMETRY_SILKSCREE
 66
     1
 10
0.0
 20
0.0
 30
0.0
 40
0.1524
 41
0.1524
  0
VERTEX
  5
F6F6
  8
PACKAGE_GEOMETRY_SILKSCREE
 10
61.921135999999983
 20
8.8981279999999998
 30
0.0
  0
VERTEX
  5
F6F7
  8
PACKAGE_GEOMETRY_SILKSCREE
 10
61.421264000000001
 20
8.8981279999999998
 30
0.0
  0
SEQEND
  5
F6F8
  8
PACKAGE_GEOMETRY_SILKSCREE
  0
POLYLINE
  5
13D1
  8
PACKAGE_GEOMETRY_SILKSCREE
 66
     1
 10
0.0
 20
0.0
 30
0.0
 40
0.1524
 41
0.1524
  0
VERTEX
  5
F6F9
  8
PACKAGE_GEOMETRY_SILKSCREE
 10
61.921135999999983
 20
9.2979240000000001
 30
0.0
  0
VERTEX
  5
F6FA
  8
PACKAGE_GEOMETRY_SILKSCREE
 10
61.921135999999983
 20
8.8981279999999998
 30
0.0
  0
SEQEND
  5
F6FB
  8
PACKAGE_GEOMETRY_SILKSCREE
  0
POLYLINE
  5
13D5
  8
PACKAGE_GEOMETRY_SILKSCREE
 66
     1
 10
0.0
 20
0.0
 30
0.0
 40
0.1524
 41
0.1524
  0
VERTEX
  5
F6FC
  8
PACKAGE_GEOMETRY_SILKSCREE
 10
61.421264000000001
 20
9.8978719999999996
 30
0.0
  0
VERTEX
  5
F6FD
  8
PACKAGE_GEOMETRY_SILKSCREE
 10
61.421264000000001
 20
9.4980759999999993
 30
0.0
  0
SEQEND
  5
F6FE
  8
PACKAGE_GEOMETRY_SILKSCREE
  0
POLYLINE
  5
13D9
  8
PACKAGE_GEOMETRY_SILKSCREE
 66
     1
 10
0.0
 20
0.0
 30
0.0
 40
0.1524
 41
0.1524
  0
VERTEX
  5
F6FF
  8
PACKAGE_GEOMETRY_SILKSCREE
 10
61.921135999999983
 20
9.8978719999999996
 30
0.0
  0
VERTEX
  5
F700
  8
PACKAGE_GEOMETRY_SILKSCREE
 10
61.421264000000001
 20
9.8978719999999996
 30
0.0
  0
SEQEND
  5
F701
  8
PACKAGE_GEOMETRY_SILKSCREE
  0
POLYLINE
  5
13DD
  8
PACKAGE_GEOMETRY_SILKSCREE
 66
     1
 10
0.0
 20
0.0
 30
0.0
 40
0.1524
 41
0.1524
  0
VERTEX
  5
F702
  8
PACKAGE_GEOMETRY_SILKSCREE
 10
61.921135999999983
 20
9.4980759999999993
 30
0.0
  0
VERTEX
  5
F703
  8
PACKAGE_GEOMETRY_SILKSCREE
 10
61.921135999999983
 20
9.8978719999999996
 30
0.0
  0
SEQEND
  5
F704
  8
PACKAGE_GEOMETRY_SILKSCREE
  0
POLYLINE
  5
13E1
  8
PIN_TOP
 66
     1
 10
0.0
 20
0.0
 30
0.0
 70
     1
  0
VERTEX
  5
F705
  8
PIN_TOP
 10
60.930535999999996
 20
10.134600000000001
 30
0.0
  0
VERTEX
  5
F706
  8
PIN_TOP
 10
60.930535999999996
 20
10.439399999999999
 30
0.0
  0
VERTEX
  5
F707
  8
PIN_TOP
 10
61.235335999999997
 20
10.439399999999999
 30
0.0
  0
VERTEX
  5
F708
  8
PIN_TOP
 10
61.235335999999997
 20
10.134600000000001
 30
0.0
  0
SEQEND
  5
F709
  8
PIN_TOP
  0
POLYLINE
  5
13E7
  8
PIN_TOP
 66
     1
 10
0.0
 20
0.0
 30
0.0
 70
     1
  0
VERTEX
  5
F70A
  8
PIN_TOP
 10
60.430664
 20
10.134600000000001
 30
0.0
  0
VERTEX
  5
F70B
  8
PIN_TOP
 10
60.430664
 20
10.439399999999999
 30
0.0
  0
VERTEX
  5
F70C
  8
PIN_TOP
 10
60.735464
 20
10.439399999999999
 30
0.0
  0
VERTEX
  5
F70D
  8
PIN_TOP
 10
60.735464
 20
10.134600000000001
 30
0.0
  0
SEQEND
  5
F70E
  8
PIN_TOP
  0
POLYLINE
  5
13ED
  8
PACKAGE_GEOMETRY_SILKSCREE
 66
     1
 10
0.0
 20
0.0
 30
0.0
 40
0.1524
 41
0.1524
  0
VERTEX
  5
F70F
  8
PACKAGE_GEOMETRY_SILKSCREE
 10
61.332871999999981
 20
10.037064000000001
 30
0.0
  0
VERTEX
  5
F710
  8
PACKAGE_GEOMETRY_SILKSCREE
 10
60.933076
 20
10.037064000000001
 30
0.0
  0
SEQEND
  5
F711
  8
PACKAGE_GEOMETRY_SILKSCREE
  0
POLYLINE
  5
13F1
  8
PACKAGE_GEOMETRY_SILKSCREE
 66
     1
 10
0.0
 20
0.0
 30
0.0
 40
0.1524
 41
0.1524
  0
VERTEX
  5
F712
  8
PACKAGE_GEOMETRY_SILKSCREE
 10
61.332871999999981
 20
10.536936000000001
 30
0.0
  0
VERTEX
  5
F713
  8
PACKAGE_GEOMETRY_SILKSCREE
 10
61.332871999999981
 20
10.037064000000001
 30
0.0
  0
SEQEND
  5
F714
  8
PACKAGE_GEOMETRY_SILKSCREE
  0
POLYLINE
  5
13F5
  8
PACKAGE_GEOMETRY_SILKSCREE
 66
     1
 10
0.0
 20
0.0
 30
0.0
 40
0.1524
 41
0.1524
  0
VERTEX
  5
F715
  8
PACKAGE_GEOMETRY_SILKSCREE
 10
60.933076
 20
10.536936000000001
 30
0.0
  0
VERTEX
  5
F716
  8
PACKAGE_GEOMETRY_SILKSCREE
 10
61.332871999999981
 20
10.536936000000001
 30
0.0
  0
SEQEND
  5
F717
  8
PACKAGE_GEOMETRY_SILKSCREE
  0
POLYLINE
  5
13F9
  8
PACKAGE_GEOMETRY_SILKSCREE
 66
     1
 10
0.0
 20
0.0
 30
0.0
 40
0.1524
 41
0.1524
  0
VERTEX
  5
F718
  8
PACKAGE_GEOMETRY_SILKSCREE
 10
60.333128000000002
 20
10.037064000000001
 30
0.0
  0
VERTEX
  5
F719
  8
PACKAGE_GEOMETRY_SILKSCREE
 10
60.73292399999999
 20
10.037064000000001
 30
0.0
  0
SEQEND
  5
F71A
  8
PACKAGE_GEOMETRY_SILKSCREE
  0
POLYLINE
  5
13FD
  8
PACKAGE_GEOMETRY_SILKSCREE
 66
     1
 10
0.0
 20
0.0
 30
0.0
 40
0.1524
 41
0.1524
  0
VERTEX
  5
F71B
  8
PACKAGE_GEOMETRY_SILKSCREE
 10
60.333128000000002
 20
10.536936000000001
 30
0.0
  0
VERTEX
  5
F71C
  8
PACKAGE_GEOMETRY_SILKSCREE
 10
60.333128000000002
 20
10.037064000000001
 30
0.0
  0
SEQEND
  5
F71D
  8
PACKAGE_GEOMETRY_SILKSCREE
  0
POLYLINE
  5
1401
  8
PACKAGE_GEOMETRY_SILKSCREE
 66
     1
 10
0.0
 20
0.0
 30
0.0
 40
0.1524
 41
0.1524
  0
VERTEX
  5
F71E
  8
PACKAGE_GEOMETRY_SILKSCREE
 10
60.73292399999999
 20
10.536936000000001
 30
0.0
  0
VERTEX
  5
F71F
  8
PACKAGE_GEOMETRY_SILKSCREE
 10
60.333128000000002
 20
10.536936000000001
 30
0.0
  0
SEQEND
  5
F720
  8
PACKAGE_GEOMETRY_SILKSCREE
  0
POLYLINE
  5
1405
  8
PIN_TOP
 66
     1
 10
0.0
 20
0.0
 30
0.0
 70
     1
  0
VERTEX
  5
F721
  8
PIN_TOP
 10
54.512464000000001
 20
9.9314
 30
0.0
  0
VERTEX
  5
F722
  8
PIN_TOP
 10
54.512464000000001
 20
9.6265999999999998
 30
0.0
  0
VERTEX
  5
F723
  8
PIN_TOP
 10
54.207664000000001
 20
9.6265999999999998
 30
0.0
  0
VERTEX
  5
F724
  8
PIN_TOP
 10
54.207664000000001
 20
9.9314
 30
0.0
  0
SEQEND
  5
F725
  8
PIN_TOP
  0
POLYLINE
  5
140B
  8
PIN_TOP
 66
     1
 10
0.0
 20
0.0
 30
0.0
 70
     1
  0
VERTEX
  5
F726
  8
PIN_TOP
 10
55.012335999999991
 20
9.9314
 30
0.0
  0
VERTEX
  5
F727
  8
PIN_TOP
 10
55.012335999999991
 20
9.6265999999999998
 30
0.0
  0
VERTEX
  5
F728
  8
PIN_TOP
 10
54.707535999999998
 20
9.6265999999999998
 30
0.0
  0
VERTEX
  5
F729
  8
PIN_TOP
 10
54.707535999999998
 20
9.9314
 30
0.0
  0
SEQEND
  5
F72A
  8
PIN_TOP
  0
POLYLINE
  5
1411
  8
PACKAGE_GEOMETRY_SILKSCREE
 66
     1
 10
0.0
 20
0.0
 30
0.0
 40
0.1524
 41
0.1524
  0
VERTEX
  5
F72B
  8
PACKAGE_GEOMETRY_SILKSCREE
 10
54.110128000000003
 20
10.028936
 30
0.0
  0
VERTEX
  5
F72C
  8
PACKAGE_GEOMETRY_SILKSCREE
 10
54.509923999999998
 20
10.028936
 30
0.0
  0
SEQEND
  5
F72D
  8
PACKAGE_GEOMETRY_SILKSCREE
  0
POLYLINE
  5
1415
  8
PACKAGE_GEOMETRY_SILKSCREE
 66
     1
 10
0.0
 20
0.0
 30
0.0
 40
0.1524
 41
0.1524
  0
VERTEX
  5
F72E
  8
PACKAGE_GEOMETRY_SILKSCREE
 10
54.110128000000003
 20
9.5290639999999982
 30
0.0
  0
VERTEX
  5
F72F
  8
PACKAGE_GEOMETRY_SILKSCREE
 10
54.110128000000003
 20
10.028936
 30
0.0
  0
SEQEND
  5
F730
  8
PACKAGE_GEOMETRY_SILKSCREE
  0
POLYLINE
  5
1419
  8
PACKAGE_GEOMETRY_SILKSCREE
 66
     1
 10
0.0
 20
0.0
 30
0.0
 40
0.1524
 41
0.1524
  0
VERTEX
  5
F731
  8
PACKAGE_GEOMETRY_SILKSCREE
 10
54.509923999999998
 20
9.5290639999999982
 30
0.0
  0
VERTEX
  5
F732
  8
PACKAGE_GEOMETRY_SILKSCREE
 10
54.110128000000003
 20
9.5290639999999982
 30
0.0
  0
SEQEND
  5
F733
  8
PACKAGE_GEOMETRY_SILKSCREE
  0
POLYLINE
  5
141D
  8
PACKAGE_GEOMETRY_SILKSCREE
 66
     1
 10
0.0
 20
0.0
 30
0.0
 40
0.1524
 41
0.1524
  0
VERTEX
  5
F734
  8
PACKAGE_GEOMETRY_SILKSCREE
 10
55.109871999999982
 20
10.028936
 30
0.0
  0
VERTEX
  5
F735
  8
PACKAGE_GEOMETRY_SILKSCREE
 10
54.710076000000001
 20
10.028936
 30
0.0
  0
SEQEND
  5
F736
  8
PACKAGE_GEOMETRY_SILKSCREE
  0
POLYLINE
  5
1421
  8
PACKAGE_GEOMETRY_SILKSCREE
 66
     1
 10
0.0
 20
0.0
 30
0.0
 40
0.1524
 41
0.1524
  0
VERTEX
  5
F737
  8
PACKAGE_GEOMETRY_SILKSCREE
 10
55.109871999999982
 20
9.5290639999999982
 30
0.0
  0
VERTEX
  5
F738
  8
PACKAGE_GEOMETRY_SILKSCREE
 10
55.109871999999982
 20
10.028936
 30
0.0
  0
SEQEND
  5
F739
  8
PACKAGE_GEOMETRY_SILKSCREE
  0
POLYLINE
  5
1425
  8
PACKAGE_GEOMETRY_SILKSCREE
 66
     1
 10
0.0
 20
0.0
 30
0.0
 40
0.1524
 41
0.1524
  0
VERTEX
  5
F73A
  8
PACKAGE_GEOMETRY_SILKSCREE
 10
54.710076000000001
 20
9.5290639999999982
 30
0.0
  0
VERTEX
  5
F73B
  8
PACKAGE_GEOMETRY_SILKSCREE
 10
55.109871999999982
 20
9.5290639999999982
 30
0.0
  0
SEQEND
  5
F73C
  8
PACKAGE_GEOMETRY_SILKSCREE
  0
POLYLINE
  5
1429
  8
PIN_TOP
 66
     1
 10
0.0
 20
0.0
 30
0.0
 70
     1
  0
VERTEX
  5
F73D
  8
PIN_TOP
 10
52.353464000000002
 20
19.3294
 30
0.0
  0
VERTEX
  5
F73E
  8
PIN_TOP
 10
52.353464000000002
 20
19.0246
 30
0.0
  0
VERTEX
  5
F73F
  8
PIN_TOP
 10
52.048664000000002
 20
19.0246
 30
0.0
  0
VERTEX
  5
F740
  8
PIN_TOP
 10
52.048664000000002
 20
19.3294
 30
0.0
  0
SEQEND
  5
F741
  8
PIN_TOP
  0
POLYLINE
  5
142F
  8
PIN_TOP
 66
     1
 10
0.0
 20
0.0
 30
0.0
 70
     1
  0
VERTEX
  5
F742
  8
PIN_TOP
 10
52.853335999999999
 20
19.3294
 30
0.0
  0
VERTEX
  5
F743
  8
PIN_TOP
 10
52.853335999999999
 20
19.0246
 30
0.0
  0
VERTEX
  5
F744
  8
PIN_TOP
 10
52.548535999999999
 20
19.0246
 30
0.0
  0
VERTEX
  5
F745
  8
PIN_TOP
 10
52.548535999999999
 20
19.3294
 30
0.0
  0
SEQEND
  5
F746
  8
PIN_TOP
  0
POLYLINE
  5
1435
  8
PACKAGE_GEOMETRY_SILKSCREE
 66
     1
 10
0.0
 20
0.0
 30
0.0
 40
0.1524
 41
0.1524
  0
VERTEX
  5
F747
  8
PACKAGE_GEOMETRY_SILKSCREE
 10
51.951127999999997
 20
19.426936000000001
 30
0.0
  0
VERTEX
  5
F748
  8
PACKAGE_GEOMETRY_SILKSCREE
 10
52.350923999999999
 20
19.426936000000001
 30
0.0
  0
SEQEND
  5
F749
  8
PACKAGE_GEOMETRY_SILKSCREE
  0
POLYLINE
  5
1439
  8
PACKAGE_GEOMETRY_SILKSCREE
 66
     1
 10
0.0
 20
0.0
 30
0.0
 40
0.1524
 41
0.1524
  0
VERTEX
  5
F74A
  8
PACKAGE_GEOMETRY_SILKSCREE
 10
51.951127999999997
 20
18.927064000000001
 30
0.0
  0
VERTEX
  5
F74B
  8
PACKAGE_GEOMETRY_SILKSCREE
 10
51.951127999999997
 20
19.426936000000001
 30
0.0
  0
SEQEND
  5
F74C
  8
PACKAGE_GEOMETRY_SILKSCREE
  0
POLYLINE
  5
143D
  8
PACKAGE_GEOMETRY_SILKSCREE
 66
     1
 10
0.0
 20
0.0
 30
0.0
 40
0.1524
 41
0.1524
  0
VERTEX
  5
F74D
  8
PACKAGE_GEOMETRY_SILKSCREE
 10
52.350923999999999
 20
18.927064000000001
 30
0.0
  0
VERTEX
  5
F74E
  8
PACKAGE_GEOMETRY_SILKSCREE
 10
51.951127999999997
 20
18.927064000000001
 30
0.0
  0
SEQEND
  5
F74F
  8
PACKAGE_GEOMETRY_SILKSCREE
  0
POLYLINE
  5
1441
  8
PACKAGE_GEOMETRY_SILKSCREE
 66
     1
 10
0.0
 20
0.0
 30
0.0
 40
0.1524
 41
0.1524
  0
VERTEX
  5
F750
  8
PACKAGE_GEOMETRY_SILKSCREE
 10
52.950871999999997
 20
19.426936000000001
 30
0.0
  0
VERTEX
  5
F751
  8
PACKAGE_GEOMETRY_SILKSCREE
 10
52.551076000000002
 20
19.426936000000001
 30
0.0
  0
SEQEND
  5
F752
  8
PACKAGE_GEOMETRY_SILKSCREE
  0
POLYLINE
  5
1445
  8
PACKAGE_GEOMETRY_SILKSCREE
 66
     1
 10
0.0
 20
0.0
 30
0.0
 40
0.1524
 41
0.1524
  0
VERTEX
  5
F753
  8
PACKAGE_GEOMETRY_SILKSCREE
 10
52.950871999999997
 20
18.927064000000001
 30
0.0
  0
VERTEX
  5
F754
  8
PACKAGE_GEOMETRY_SILKSCREE
 10
52.950871999999997
 20
19.426936000000001
 30
0.0
  0
SEQEND
  5
F755
  8
PACKAGE_GEOMETRY_SILKSCREE
  0
POLYLINE
  5
1449
  8
PACKAGE_GEOMETRY_SILKSCREE
 66
     1
 10
0.0
 20
0.0
 30
0.0
 40
0.1524
 41
0.1524
  0
VERTEX
  5
F756
  8
PACKAGE_GEOMETRY_SILKSCREE
 10
52.551076000000002
 20
18.927064000000001
 30
0.0
  0
VERTEX
  5
F757
  8
PACKAGE_GEOMETRY_SILKSCREE
 10
52.950871999999997
 20
18.927064000000001
 30
0.0
  0
SEQEND
  5
F758
  8
PACKAGE_GEOMETRY_SILKSCREE
  0
POLYLINE
  5
144D
  8
PIN_TOP
 66
     1
 10
0.0
 20
0.0
 30
0.0
 70
     1
  0
VERTEX
  5
F759
  8
PIN_TOP
 10
55.655464000000002
 20
9.9314
 30
0.0
  0
VERTEX
  5
F75A
  8
PIN_TOP
 10
55.655464000000002
 20
9.6265999999999998
 30
0.0
  0
VERTEX
  5
F75B
  8
PIN_TOP
 10
55.350664000000002
 20
9.6265999999999998
 30
0.0
  0
VERTEX
  5
F75C
  8
PIN_TOP
 10
55.350664000000002
 20
9.9314
 30
0.0
  0
SEQEND
  5
F75D
  8
PIN_TOP
  0
POLYLINE
  5
1453
  8
PIN_TOP
 66
     1
 10
0.0
 20
0.0
 30
0.0
 70
     1
  0
VERTEX
  5
F75E
  8
PIN_TOP
 10
56.155335999999998
 20
9.9314
 30
0.0
  0
VERTEX
  5
F75F
  8
PIN_TOP
 10
56.155335999999998
 20
9.6265999999999998
 30
0.0
  0
VERTEX
  5
F760
  8
PIN_TOP
 10
55.850535999999998
 20
9.6265999999999998
 30
0.0
  0
VERTEX
  5
F761
  8
PIN_TOP
 10
55.850535999999998
 20
9.9314
 30
0.0
  0
SEQEND
  5
F762
  8
PIN_TOP
  0
POLYLINE
  5
1459
  8
PACKAGE_GEOMETRY_SILKSCREE
 66
     1
 10
0.0
 20
0.0
 30
0.0
 40
0.1524
 41
0.1524
  0
VERTEX
  5
F763
  8
PACKAGE_GEOMETRY_SILKSCREE
 10
55.253127999999997
 20
10.028936
 30
0.0
  0
VERTEX
  5
F764
  8
PACKAGE_GEOMETRY_SILKSCREE
 10
55.652923999999999
 20
10.028936
 30
0.0
  0
SEQEND
  5
F765
  8
PACKAGE_GEOMETRY_SILKSCREE
  0
POLYLINE
  5
145D
  8
PACKAGE_GEOMETRY_SILKSCREE
 66
     1
 10
0.0
 20
0.0
 30
0.0
 40
0.1524
 41
0.1524
  0
VERTEX
  5
F766
  8
PACKAGE_GEOMETRY_SILKSCREE
 10
55.253127999999997
 20
9.5290639999999982
 30
0.0
  0
VERTEX
  5
F767
  8
PACKAGE_GEOMETRY_SILKSCREE
 10
55.253127999999997
 20
10.028936
 30
0.0
  0
SEQEND
  5
F768
  8
PACKAGE_GEOMETRY_SILKSCREE
  0
POLYLINE
  5
1461
  8
PACKAGE_GEOMETRY_SILKSCREE
 66
     1
 10
0.0
 20
0.0
 30
0.0
 40
0.1524
 41
0.1524
  0
VERTEX
  5
F769
  8
PACKAGE_GEOMETRY_SILKSCREE
 10
55.652923999999999
 20
9.5290639999999982
 30
0.0
  0
VERTEX
  5
F76A
  8
PACKAGE_GEOMETRY_SILKSCREE
 10
55.253127999999997
 20
9.5290639999999982
 30
0.0
  0
SEQEND
  5
F76B
  8
PACKAGE_GEOMETRY_SILKSCREE
  0
POLYLINE
  5
1465
  8
PACKAGE_GEOMETRY_SILKSCREE
 66
     1
 10
0.0
 20
0.0
 30
0.0
 40
0.1524
 41
0.1524
  0
VERTEX
  5
F76C
  8
PACKAGE_GEOMETRY_SILKSCREE
 10
56.252871999999982
 20
10.028936
 30
0.0
  0
VERTEX
  5
F76D
  8
PACKAGE_GEOMETRY_SILKSCREE
 10
55.853076000000001
 20
10.028936
 30
0.0
  0
SEQEND
  5
F76E
  8
PACKAGE_GEOMETRY_SILKSCREE
  0
POLYLINE
  5
1469
  8
PACKAGE_GEOMETRY_SILKSCREE
 66
     1
 10
0.0
 20
0.0
 30
0.0
 40
0.1524
 41
0.1524
  0
VERTEX
  5
F76F
  8
PACKAGE_GEOMETRY_SILKSCREE
 10
56.252871999999982
 20
9.5290639999999982
 30
0.0
  0
VERTEX
  5
F770
  8
PACKAGE_GEOMETRY_SILKSCREE
 10
56.252871999999982
 20
10.028936
 30
0.0
  0
SEQEND
  5
F771
  8
PACKAGE_GEOMETRY_SILKSCREE
  0
POLYLINE
  5
146D
  8
PACKAGE_GEOMETRY_SILKSCREE
 66
     1
 10
0.0
 20
0.0
 30
0.0
 40
0.1524
 41
0.1524
  0
VERTEX
  5
F772
  8
PACKAGE_GEOMETRY_SILKSCREE
 10
55.853076000000001
 20
9.5290639999999982
 30
0.0
  0
VERTEX
  5
F773
  8
PACKAGE_GEOMETRY_SILKSCREE
 10
56.252871999999982
 20
9.5290639999999982
 30
0.0
  0
SEQEND
  5
F774
  8
PACKAGE_GEOMETRY_SILKSCREE
  0
POLYLINE
  5
1471
  8
PIN_TOP
 66
     1
 10
0.0
 20
0.0
 30
0.0
 70
     1
  0
VERTEX
  5
F775
  8
PIN_TOP
 10
19.278600000000001
 20
8.9194639999999978
 30
0.0
  0
VERTEX
  5
F776
  8
PIN_TOP
 10
19.583400000000001
 20
8.9194639999999978
 30
0.0
  0
VERTEX
  5
F777
  8
PIN_TOP
 10
19.583400000000001
 20
8.6146639999999977
 30
0.0
  0
VERTEX
  5
F778
  8
PIN_TOP
 10
19.278600000000001
 20
8.6146639999999977
 30
0.0
  0
SEQEND
  5
F779
  8
PIN_TOP
  0
POLYLINE
  5
1477
  8
PIN_TOP
 66
     1
 10
0.0
 20
0.0
 30
0.0
 70
     1
  0
VERTEX
  5
F77A
  8
PIN_TOP
 10
19.278600000000001
 20
9.4193359999999995
 30
0.0
  0
VERTEX
  5
F77B
  8
PIN_TOP
 10
19.583400000000001
 20
9.4193359999999995
 30
0.0
  0
VERTEX
  5
F77C
  8
PIN_TOP
 10
19.583400000000001
 20
9.1145359999999993
 30
0.0
  0
VERTEX
  5
F77D
  8
PIN_TOP
 10
19.278600000000001
 20
9.1145359999999993
 30
0.0
  0
SEQEND
  5
F77E
  8
PIN_TOP
  0
POLYLINE
  5
147D
  8
PACKAGE_GEOMETRY_SILKSCREE
 66
     1
 10
0.0
 20
0.0
 30
0.0
 40
0.1524
 41
0.1524
  0
VERTEX
  5
F77F
  8
PACKAGE_GEOMETRY_SILKSCREE
 10
19.181063999999999
 20
8.5171279999999978
 30
0.0
  0
VERTEX
  5
F780
  8
PACKAGE_GEOMETRY_SILKSCREE
 10
19.181063999999999
 20
8.9169239999999999
 30
0.0
  0
SEQEND
  5
F781
  8
PACKAGE_GEOMETRY_SILKSCREE
  0
POLYLINE
  5
1481
  8
PACKAGE_GEOMETRY_SILKSCREE
 66
     1
 10
0.0
 20
0.0
 30
0.0
 40
0.1524
 41
0.1524
  0
VERTEX
  5
F782
  8
PACKAGE_GEOMETRY_SILKSCREE
 10
19.680935999999999
 20
8.5171279999999978
 30
0.0
  0
VERTEX
  5
F783
  8
PACKAGE_GEOMETRY_SILKSCREE
 10
19.181063999999999
 20
8.5171279999999978
 30
0.0
  0
SEQEND
  5
F784
  8
PACKAGE_GEOMETRY_SILKSCREE
  0
POLYLINE
  5
1485
  8
PACKAGE_GEOMETRY_SILKSCREE
 66
     1
 10
0.0
 20
0.0
 30
0.0
 40
0.1524
 41
0.1524
  0
VERTEX
  5
F785
  8
PACKAGE_GEOMETRY_SILKSCREE
 10
19.680935999999999
 20
8.9169239999999999
 30
0.0
  0
VERTEX
  5
F786
  8
PACKAGE_GEOMETRY_SILKSCREE
 10
19.680935999999999
 20
8.5171279999999978
 30
0.0
  0
SEQEND
  5
F787
  8
PACKAGE_GEOMETRY_SILKSCREE
  0
POLYLINE
  5
1489
  8
PACKAGE_GEOMETRY_SILKSCREE
 66
     1
 10
0.0
 20
0.0
 30
0.0
 40
0.1524
 41
0.1524
  0
VERTEX
  5
F788
  8
PACKAGE_GEOMETRY_SILKSCREE
 10
19.181063999999999
 20
9.5168719999999993
 30
0.0
  0
VERTEX
  5
F789
  8
PACKAGE_GEOMETRY_SILKSCREE
 10
19.181063999999999
 20
9.1170760000000008
 30
0.0
  0
SEQEND
  5
F78A
  8
PACKAGE_GEOMETRY_SILKSCREE
  0
POLYLINE
  5
148D
  8
PACKAGE_GEOMETRY_SILKSCREE
 66
     1
 10
0.0
 20
0.0
 30
0.0
 40
0.1524
 41
0.1524
  0
VERTEX
  5
F78B
  8
PACKAGE_GEOMETRY_SILKSCREE
 10
19.680935999999999
 20
9.5168719999999993
 30
0.0
  0
VERTEX
  5
F78C
  8
PACKAGE_GEOMETRY_SILKSCREE
 10
19.181063999999999
 20
9.5168719999999993
 30
0.0
  0
SEQEND
  5
F78D
  8
PACKAGE_GEOMETRY_SILKSCREE
  0
POLYLINE
  5
1491
  8
PACKAGE_GEOMETRY_SILKSCREE
 66
     1
 10
0.0
 20
0.0
 30
0.0
 40
0.1524
 41
0.1524
  0
VERTEX
  5
F78E
  8
PACKAGE_GEOMETRY_SILKSCREE
 10
19.680935999999999
 20
9.1170760000000008
 30
0.0
  0
VERTEX
  5
F78F
  8
PACKAGE_GEOMETRY_SILKSCREE
 10
19.680935999999999
 20
9.5168719999999993
 30
0.0
  0
SEQEND
  5
F790
  8
PACKAGE_GEOMETRY_SILKSCREE
  0
POLYLINE
  5
1495
  8
PIN_TOP
 66
     1
 10
0.0
 20
0.0
 30
0.0
 70
     1
  0
VERTEX
  5
F791
  8
PIN_TOP
 10
62.077599999999997
 20
21.873463999999998
 30
0.0
  0
VERTEX
  5
F792
  8
PIN_TOP
 10
62.382399999999997
 20
21.873463999999998
 30
0.0
  0
VERTEX
  5
F793
  8
PIN_TOP
 10
62.382399999999997
 20
21.568663999999998
 30
0.0
  0
VERTEX
  5
F794
  8
PIN_TOP
 10
62.077599999999997
 20
21.568663999999998
 30
0.0
  0
SEQEND
  5
F795
  8
PIN_TOP
  0
POLYLINE
  5
149B
  8
PIN_TOP
 66
     1
 10
0.0
 20
0.0
 30
0.0
 70
     1
  0
VERTEX
  5
F796
  8
PIN_TOP
 10
62.077599999999997
 20
22.373335999999998
 30
0.0
  0
VERTEX
  5
F797
  8
PIN_TOP
 10
62.382399999999997
 20
22.373335999999998
 30
0.0
  0
VERTEX
  5
F798
  8
PIN_TOP
 10
62.382399999999997
 20
22.068536000000002
 30
0.0
  0
VERTEX
  5
F799
  8
PIN_TOP
 10
62.077599999999997
 20
22.068536000000002
 30
0.0
  0
SEQEND
  5
F79A
  8
PIN_TOP
  0
POLYLINE
  5
14A1
  8
PACKAGE_GEOMETRY_SILKSCREE
 66
     1
 10
0.0
 20
0.0
 30
0.0
 40
0.1524
 41
0.1524
  0
VERTEX
  5
F79B
  8
PACKAGE_GEOMETRY_SILKSCREE
 10
61.980063999999999
 20
21.471128
 30
0.0
  0
VERTEX
  5
F79C
  8
PACKAGE_GEOMETRY_SILKSCREE
 10
61.980063999999999
 20
21.870923999999999
 30
0.0
  0
SEQEND
  5
F79D
  8
PACKAGE_GEOMETRY_SILKSCREE
  0
POLYLINE
  5
14A5
  8
PACKAGE_GEOMETRY_SILKSCREE
 66
     1
 10
0.0
 20
0.0
 30
0.0
 40
0.1524
 41
0.1524
  0
VERTEX
  5
F79E
  8
PACKAGE_GEOMETRY_SILKSCREE
 10
62.479936000000002
 20
21.471128
 30
0.0
  0
VERTEX
  5
F79F
  8
PACKAGE_GEOMETRY_SILKSCREE
 10
61.980063999999999
 20
21.471128
 30
0.0
  0
SEQEND
  5
F7A0
  8
PACKAGE_GEOMETRY_SILKSCREE
  0
POLYLINE
  5
14A9
  8
PACKAGE_GEOMETRY_SILKSCREE
 66
     1
 10
0.0
 20
0.0
 30
0.0
 40
0.1524
 41
0.1524
  0
VERTEX
  5
F7A1
  8
PACKAGE_GEOMETRY_SILKSCREE
 10
62.479936000000002
 20
21.870923999999999
 30
0.0
  0
VERTEX
  5
F7A2
  8
PACKAGE_GEOMETRY_SILKSCREE
 10
62.479936000000002
 20
21.471128
 30
0.0
  0
SEQEND
  5
F7A3
  8
PACKAGE_GEOMETRY_SILKSCREE
  0
POLYLINE
  5
14AD
  8
PACKAGE_GEOMETRY_SILKSCREE
 66
     1
 10
0.0
 20
0.0
 30
0.0
 40
0.1524
 41
0.1524
  0
VERTEX
  5
F7A4
  8
PACKAGE_GEOMETRY_SILKSCREE
 10
61.980063999999999
 20
22.470872
 30
0.0
  0
VERTEX
  5
F7A5
  8
PACKAGE_GEOMETRY_SILKSCREE
 10
61.980063999999999
 20
22.071076000000001
 30
0.0
  0
SEQEND
  5
F7A6
  8
PACKAGE_GEOMETRY_SILKSCREE
  0
POLYLINE
  5
14B1
  8
PACKAGE_GEOMETRY_SILKSCREE
 66
     1
 10
0.0
 20
0.0
 30
0.0
 40
0.1524
 41
0.1524
  0
VERTEX
  5
F7A7
  8
PACKAGE_GEOMETRY_SILKSCREE
 10
62.479936000000002
 20
22.470872
 30
0.0
  0
VERTEX
  5
F7A8
  8
PACKAGE_GEOMETRY_SILKSCREE
 10
61.980063999999999
 20
22.470872
 30
0.0
  0
SEQEND
  5
F7A9
  8
PACKAGE_GEOMETRY_SILKSCREE
  0
POLYLINE
  5
14B5
  8
PACKAGE_GEOMETRY_SILKSCREE
 66
     1
 10
0.0
 20
0.0
 30
0.0
 40
0.1524
 41
0.1524
  0
VERTEX
  5
F7AA
  8
PACKAGE_GEOMETRY_SILKSCREE
 10
62.479936000000002
 20
22.071076000000001
 30
0.0
  0
VERTEX
  5
F7AB
  8
PACKAGE_GEOMETRY_SILKSCREE
 10
62.479936000000002
 20
22.470872
 30
0.0
  0
SEQEND
  5
F7AC
  8
PACKAGE_GEOMETRY_SILKSCREE
  0
POLYLINE
  5
14B9
  8
PIN_TOP
 66
     1
 10
0.0
 20
0.0
 30
0.0
 70
     1
  0
VERTEX
  5
F7AD
  8
PIN_TOP
 10
53.818536000000002
 20
23.4696
 30
0.0
  0
VERTEX
  5
F7AE
  8
PIN_TOP
 10
53.818536000000002
 20
23.7744
 30
0.0
  0
VERTEX
  5
F7AF
  8
PIN_TOP
 10
54.123336000000002
 20
23.7744
 30
0.0
  0
VERTEX
  5
F7B0
  8
PIN_TOP
 10
54.123336000000002
 20
23.4696
 30
0.0
  0
SEQEND
  5
F7B1
  8
PIN_TOP
  0
POLYLINE
  5
14BF
  8
PIN_TOP
 66
     1
 10
0.0
 20
0.0
 30
0.0
 70
     1
  0
VERTEX
  5
F7B2
  8
PIN_TOP
 10
53.318663999999998
 20
23.4696
 30
0.0
  0
VERTEX
  5
F7B3
  8
PIN_TOP
 10
53.318663999999998
 20
23.7744
 30
0.0
  0
VERTEX
  5
F7B4
  8
PIN_TOP
 10
53.623463999999991
 20
23.7744
 30
0.0
  0
VERTEX
  5
F7B5
  8
PIN_TOP
 10
53.623463999999991
 20
23.4696
 30
0.0
  0
SEQEND
  5
F7B6
  8
PIN_TOP
  0
POLYLINE
  5
14C5
  8
PACKAGE_GEOMETRY_SILKSCREE
 66
     1
 10
0.0
 20
0.0
 30
0.0
 40
0.1524
 41
0.1524
  0
VERTEX
  5
F7B7
  8
PACKAGE_GEOMETRY_SILKSCREE
 10
54.220871999999993
 20
23.372064000000002
 30
0.0
  0
VERTEX
  5
F7B8
  8
PACKAGE_GEOMETRY_SILKSCREE
 10
53.821075999999998
 20
23.372064000000002
 30
0.0
  0
SEQEND
  5
F7B9
  8
PACKAGE_GEOMETRY_SILKSCREE
  0
POLYLINE
  5
14C9
  8
PACKAGE_GEOMETRY_SILKSCREE
 66
     1
 10
0.0
 20
0.0
 30
0.0
 40
0.1524
 41
0.1524
  0
VERTEX
  5
F7BA
  8
PACKAGE_GEOMETRY_SILKSCREE
 10
54.220871999999993
 20
23.871936000000002
 30
0.0
  0
VERTEX
  5
F7BB
  8
PACKAGE_GEOMETRY_SILKSCREE
 10
54.220871999999993
 20
23.372064000000002
 30
0.0
  0
SEQEND
  5
F7BC
  8
PACKAGE_GEOMETRY_SILKSCREE
  0
POLYLINE
  5
14CD
  8
PACKAGE_GEOMETRY_SILKSCREE
 66
     1
 10
0.0
 20
0.0
 30
0.0
 40
0.1524
 41
0.1524
  0
VERTEX
  5
F7BD
  8
PACKAGE_GEOMETRY_SILKSCREE
 10
53.821075999999998
 20
23.871936000000002
 30
0.0
  0
VERTEX
  5
F7BE
  8
PACKAGE_GEOMETRY_SILKSCREE
 10
54.220871999999993
 20
23.871936000000002
 30
0.0
  0
SEQEND
  5
F7BF
  8
PACKAGE_GEOMETRY_SILKSCREE
  0
POLYLINE
  5
14D1
  8
PACKAGE_GEOMETRY_SILKSCREE
 66
     1
 10
0.0
 20
0.0
 30
0.0
 40
0.1524
 41
0.1524
  0
VERTEX
  5
F7C0
  8
PACKAGE_GEOMETRY_SILKSCREE
 10
53.221128
 20
23.372064000000002
 30
0.0
  0
VERTEX
  5
F7C1
  8
PACKAGE_GEOMETRY_SILKSCREE
 10
53.620924000000002
 20
23.372064000000002
 30
0.0
  0
SEQEND
  5
F7C2
  8
PACKAGE_GEOMETRY_SILKSCREE
  0
POLYLINE
  5
14D5
  8
PACKAGE_GEOMETRY_SILKSCREE
 66
     1
 10
0.0
 20
0.0
 30
0.0
 40
0.1524
 41
0.1524
  0
VERTEX
  5
F7C3
  8
PACKAGE_GEOMETRY_SILKSCREE
 10
53.221128
 20
23.871936000000002
 30
0.0
  0
VERTEX
  5
F7C4
  8
PACKAGE_GEOMETRY_SILKSCREE
 10
53.221128
 20
23.372064000000002
 30
0.0
  0
SEQEND
  5
F7C5
  8
PACKAGE_GEOMETRY_SILKSCREE
  0
POLYLINE
  5
14D9
  8
PACKAGE_GEOMETRY_SILKSCREE
 66
     1
 10
0.0
 20
0.0
 30
0.0
 40
0.1524
 41
0.1524
  0
VERTEX
  5
F7C6
  8
PACKAGE_GEOMETRY_SILKSCREE
 10
53.620924000000002
 20
23.871936000000002
 30
0.0
  0
VERTEX
  5
F7C7
  8
PACKAGE_GEOMETRY_SILKSCREE
 10
53.221128
 20
23.871936000000002
 30
0.0
  0
SEQEND
  5
F7C8
  8
PACKAGE_GEOMETRY_SILKSCREE
  0
POLYLINE
  5
14DD
  8
PIN_TOP
 66
     1
 10
0.0
 20
0.0
 30
0.0
 70
     1
  0
VERTEX
  5
F7C9
  8
PIN_TOP
 10
57.814464000000001
 20
21.107399999999998
 30
0.0
  0
VERTEX
  5
F7CA
  8
PIN_TOP
 10
57.814464000000001
 20
20.802600000000002
 30
0.0
  0
VERTEX
  5
F7CB
  8
PIN_TOP
 10
57.509664000000001
 20
20.802600000000002
 30
0.0
  0
VERTEX
  5
F7CC
  8
PIN_TOP
 10
57.509664000000001
 20
21.107399999999998
 30
0.0
  0
SEQEND
  5
F7CD
  8
PIN_TOP
  0
POLYLINE
  5
14E3
  8
PIN_TOP
 66
     1
 10
0.0
 20
0.0
 30
0.0
 70
     1
  0
VERTEX
  5
F7CE
  8
PIN_TOP
 10
58.314335999999997
 20
21.107399999999998
 30
0.0
  0
VERTEX
  5
F7CF
  8
PIN_TOP
 10
58.314335999999997
 20
20.802600000000002
 30
0.0
  0
VERTEX
  5
F7D0
  8
PIN_TOP
 10
58.00953599999999
 20
20.802600000000002
 30
0.0
  0
VERTEX
  5
F7D1
  8
PIN_TOP
 10
58.00953599999999
 20
21.107399999999998
 30
0.0
  0
SEQEND
  5
F7D2
  8
PIN_TOP
  0
POLYLINE
  5
14E9
  8
PACKAGE_GEOMETRY_SILKSCREE
 66
     1
 10
0.0
 20
0.0
 30
0.0
 40
0.1524
 41
0.1524
  0
VERTEX
  5
F7D3
  8
PACKAGE_GEOMETRY_SILKSCREE
 10
57.412128000000003
 20
21.204936
 30
0.0
  0
VERTEX
  5
F7D4
  8
PACKAGE_GEOMETRY_SILKSCREE
 10
57.811923999999998
 20
21.204936
 30
0.0
  0
SEQEND
  5
F7D5
  8
PACKAGE_GEOMETRY_SILKSCREE
  0
POLYLINE
  5
14ED
  8
PACKAGE_GEOMETRY_SILKSCREE
 66
     1
 10
0.0
 20
0.0
 30
0.0
 40
0.1524
 41
0.1524
  0
VERTEX
  5
F7D6
  8
PACKAGE_GEOMETRY_SILKSCREE
 10
57.412128000000003
 20
20.705064
 30
0.0
  0
VERTEX
  5
F7D7
  8
PACKAGE_GEOMETRY_SILKSCREE
 10
57.412128000000003
 20
21.204936
 30
0.0
  0
SEQEND
  5
F7D8
  8
PACKAGE_GEOMETRY_SILKSCREE
  0
POLYLINE
  5
14F1
  8
PACKAGE_GEOMETRY_SILKSCREE
 66
     1
 10
0.0
 20
0.0
 30
0.0
 40
0.1524
 41
0.1524
  0
VERTEX
  5
F7D9
  8
PACKAGE_GEOMETRY_SILKSCREE
 10
57.811923999999998
 20
20.705064
 30
0.0
  0
VERTEX
  5
F7DA
  8
PACKAGE_GEOMETRY_SILKSCREE
 10
57.412128000000003
 20
20.705064
 30
0.0
  0
SEQEND
  5
F7DB
  8
PACKAGE_GEOMETRY_SILKSCREE
  0
POLYLINE
  5
14F5
  8
PACKAGE_GEOMETRY_SILKSCREE
 66
     1
 10
0.0
 20
0.0
 30
0.0
 40
0.1524
 41
0.1524
  0
VERTEX
  5
F7DC
  8
PACKAGE_GEOMETRY_SILKSCREE
 10
58.411872000000002
 20
21.204936
 30
0.0
  0
VERTEX
  5
F7DD
  8
PACKAGE_GEOMETRY_SILKSCREE
 10
58.012076
 20
21.204936
 30
0.0
  0
SEQEND
  5
F7DE
  8
PACKAGE_GEOMETRY_SILKSCREE
  0
POLYLINE
  5
14F9
  8
PACKAGE_GEOMETRY_SILKSCREE
 66
     1
 10
0.0
 20
0.0
 30
0.0
 40
0.1524
 41
0.1524
  0
VERTEX
  5
F7DF
  8
PACKAGE_GEOMETRY_SILKSCREE
 10
58.411872000000002
 20
20.705064
 30
0.0
  0
VERTEX
  5
F7E0
  8
PACKAGE_GEOMETRY_SILKSCREE
 10
58.411872000000002
 20
21.204936
 30
0.0
  0
SEQEND
  5
F7E1
  8
PACKAGE_GEOMETRY_SILKSCREE
  0
POLYLINE
  5
14FD
  8
PACKAGE_GEOMETRY_SILKSCREE
 66
     1
 10
0.0
 20
0.0
 30
0.0
 40
0.1524
 41
0.1524
  0
VERTEX
  5
F7E2
  8
PACKAGE_GEOMETRY_SILKSCREE
 10
58.012076
 20
20.705064
 30
0.0
  0
VERTEX
  5
F7E3
  8
PACKAGE_GEOMETRY_SILKSCREE
 10
58.411872000000002
 20
20.705064
 30
0.0
  0
SEQEND
  5
F7E4
  8
PACKAGE_GEOMETRY_SILKSCREE
  0
POLYLINE
  5
1501
  8
PIN_TOP
 66
     1
 10
0.0
 20
0.0
 30
0.0
 70
     1
  0
VERTEX
  5
F7E5
  8
PIN_TOP
 10
51.151536
 20
18.389600000000002
 30
0.0
  0
VERTEX
  5
F7E6
  8
PIN_TOP
 10
51.151536
 20
18.694400000000002
 30
0.0
  0
VERTEX
  5
F7E7
  8
PIN_TOP
 10
51.456336
 20
18.694400000000002
 30
0.0
  0
VERTEX
  5
F7E8
  8
PIN_TOP
 10
51.456336
 20
18.389600000000002
 30
0.0
  0
SEQEND
  5
F7E9
  8
PIN_TOP
  0
POLYLINE
  5
1507
  8
PIN_TOP
 66
     1
 10
0.0
 20
0.0
 30
0.0
 70
     1
  0
VERTEX
  5
F7EA
  8
PIN_TOP
 10
50.65166399999999
 20
18.389600000000002
 30
0.0
  0
VERTEX
  5
F7EB
  8
PIN_TOP
 10
50.65166399999999
 20
18.694400000000002
 30
0.0
  0
VERTEX
  5
F7EC
  8
PIN_TOP
 10
50.95646399999999
 20
18.694400000000002
 30
0.0
  0
VERTEX
  5
F7ED
  8
PIN_TOP
 10
50.95646399999999
 20
18.389600000000002
 30
0.0
  0
SEQEND
  5
F7EE
  8
PIN_TOP
  0
POLYLINE
  5
150D
  8
PACKAGE_GEOMETRY_SILKSCREE
 66
     1
 10
0.0
 20
0.0
 30
0.0
 40
0.1524
 41
0.1524
  0
VERTEX
  5
F7EF
  8
PACKAGE_GEOMETRY_SILKSCREE
 10
51.553871999999991
 20
18.292064
 30
0.0
  0
VERTEX
  5
F7F0
  8
PACKAGE_GEOMETRY_SILKSCREE
 10
51.154076000000011
 20
18.292064
 30
0.0
  0
SEQEND
  5
F7F1
  8
PACKAGE_GEOMETRY_SILKSCREE
  0
POLYLINE
  5
1511
  8
PACKAGE_GEOMETRY_SILKSCREE
 66
     1
 10
0.0
 20
0.0
 30
0.0
 40
0.1524
 41
0.1524
  0
VERTEX
  5
F7F2
  8
PACKAGE_GEOMETRY_SILKSCREE
 10
51.553871999999991
 20
18.791936
 30
0.0
  0
VERTEX
  5
F7F3
  8
PACKAGE_GEOMETRY_SILKSCREE
 10
51.553871999999991
 20
18.292064
 30
0.0
  0
SEQEND
  5
F7F4
  8
PACKAGE_GEOMETRY_SILKSCREE
  0
POLYLINE
  5
1515
  8
PACKAGE_GEOMETRY_SILKSCREE
 66
     1
 10
0.0
 20
0.0
 30
0.0
 40
0.1524
 41
0.1524
  0
VERTEX
  5
F7F5
  8
PACKAGE_GEOMETRY_SILKSCREE
 10
51.154076000000011
 20
18.791936
 30
0.0
  0
VERTEX
  5
F7F6
  8
PACKAGE_GEOMETRY_SILKSCREE
 10
51.553871999999991
 20
18.791936
 30
0.0
  0
SEQEND
  5
F7F7
  8
PACKAGE_GEOMETRY_SILKSCREE
  0
POLYLINE
  5
1519
  8
PACKAGE_GEOMETRY_SILKSCREE
 66
     1
 10
0.0
 20
0.0
 30
0.0
 40
0.1524
 41
0.1524
  0
VERTEX
  5
F7F8
  8
PACKAGE_GEOMETRY_SILKSCREE
 10
50.554127999999999
 20
18.292064
 30
0.0
  0
VERTEX
  5
F7F9
  8
PACKAGE_GEOMETRY_SILKSCREE
 10
50.953924000000001
 20
18.292064
 30
0.0
  0
SEQEND
  5
F7FA
  8
PACKAGE_GEOMETRY_SILKSCREE
  0
POLYLINE
  5
151D
  8
PACKAGE_GEOMETRY_SILKSCREE
 66
     1
 10
0.0
 20
0.0
 30
0.0
 40
0.1524
 41
0.1524
  0
VERTEX
  5
F7FB
  8
PACKAGE_GEOMETRY_SILKSCREE
 10
50.554127999999999
 20
18.791936
 30
0.0
  0
VERTEX
  5
F7FC
  8
PACKAGE_GEOMETRY_SILKSCREE
 10
50.554127999999999
 20
18.292064
 30
0.0
  0
SEQEND
  5
F7FD
  8
PACKAGE_GEOMETRY_SILKSCREE
  0
POLYLINE
  5
1521
  8
PACKAGE_GEOMETRY_SILKSCREE
 66
     1
 10
0.0
 20
0.0
 30
0.0
 40
0.1524
 41
0.1524
  0
VERTEX
  5
F7FE
  8
PACKAGE_GEOMETRY_SILKSCREE
 10
50.953924000000001
 20
18.791936
 30
0.0
  0
VERTEX
  5
F7FF
  8
PACKAGE_GEOMETRY_SILKSCREE
 10
50.554127999999999
 20
18.791936
 30
0.0
  0
SEQEND
  5
F800
  8
PACKAGE_GEOMETRY_SILKSCREE
  0
POLYLINE
  5
1525
  8
PIN_TOP
 66
     1
 10
0.0
 20
0.0
 30
0.0
 70
     1
  0
VERTEX
  5
F801
  8
PIN_TOP
 10
52.476399999999998
 20
11.400536000000001
 30
0.0
  0
VERTEX
  5
F802
  8
PIN_TOP
 10
52.171599999999991
 20
11.400536000000001
 30
0.0
  0
VERTEX
  5
F803
  8
PIN_TOP
 10
52.171599999999991
 20
11.705336000000001
 30
0.0
  0
VERTEX
  5
F804
  8
PIN_TOP
 10
52.476399999999998
 20
11.705336000000001
 30
0.0
  0
SEQEND
  5
F805
  8
PIN_TOP
  0
POLYLINE
  5
152B
  8
PIN_TOP
 66
     1
 10
0.0
 20
0.0
 30
0.0
 70
     1
  0
VERTEX
  5
F806
  8
PIN_TOP
 10
52.476399999999998
 20
10.900664000000001
 30
0.0
  0
VERTEX
  5
F807
  8
PIN_TOP
 10
52.171599999999991
 20
10.900664000000001
 30
0.0
  0
VERTEX
  5
F808
  8
PIN_TOP
 10
52.171599999999991
 20
11.205463999999999
 30
0.0
  0
VERTEX
  5
F809
  8
PIN_TOP
 10
52.476399999999998
 20
11.205463999999999
 30
0.0
  0
SEQEND
  5
F80A
  8
PIN_TOP
  0
POLYLINE
  5
1531
  8
PACKAGE_GEOMETRY_SILKSCREE
 66
     1
 10
0.0
 20
0.0
 30
0.0
 40
0.1524
 41
0.1524
  0
VERTEX
  5
F80B
  8
PACKAGE_GEOMETRY_SILKSCREE
 10
52.573936000000003
 20
11.802872000000001
 30
0.0
  0
VERTEX
  5
F80C
  8
PACKAGE_GEOMETRY_SILKSCREE
 10
52.573936000000003
 20
11.403076
 30
0.0
  0
SEQEND
  5
F80D
  8
PACKAGE_GEOMETRY_SILKSCREE
  0
POLYLINE
  5
1535
  8
PACKAGE_GEOMETRY_SILKSCREE
 66
     1
 10
0.0
 20
0.0
 30
0.0
 40
0.1524
 41
0.1524
  0
VERTEX
  5
F80E
  8
PACKAGE_GEOMETRY_SILKSCREE
 10
52.074063999999993
 20
11.802872000000001
 30
0.0
  0
VERTEX
  5
F80F
  8
PACKAGE_GEOMETRY_SILKSCREE
 10
52.573936000000003
 20
11.802872000000001
 30
0.0
  0
SEQEND
  5
F810
  8
PACKAGE_GEOMETRY_SILKSCREE
  0
POLYLINE
  5
1539
  8
PACKAGE_GEOMETRY_SILKSCREE
 66
     1
 10
0.0
 20
0.0
 30
0.0
 40
0.1524
 41
0.1524
  0
VERTEX
  5
F811
  8
PACKAGE_GEOMETRY_SILKSCREE
 10
52.074063999999993
 20
11.403076
 30
0.0
  0
VERTEX
  5
F812
  8
PACKAGE_GEOMETRY_SILKSCREE
 10
52.074063999999993
 20
11.802872000000001
 30
0.0
  0
SEQEND
  5
F813
  8
PACKAGE_GEOMETRY_SILKSCREE
  0
POLYLINE
  5
153D
  8
PACKAGE_GEOMETRY_SILKSCREE
 66
     1
 10
0.0
 20
0.0
 30
0.0
 40
0.1524
 41
0.1524
  0
VERTEX
  5
F814
  8
PACKAGE_GEOMETRY_SILKSCREE
 10
52.573936000000003
 20
10.803127999999999
 30
0.0
  0
VERTEX
  5
F815
  8
PACKAGE_GEOMETRY_SILKSCREE
 10
52.573936000000003
 20
11.202923999999999
 30
0.0
  0
SEQEND
  5
F816
  8
PACKAGE_GEOMETRY_SILKSCREE
  0
POLYLINE
  5
1541
  8
PACKAGE_GEOMETRY_SILKSCREE
 66
     1
 10
0.0
 20
0.0
 30
0.0
 40
0.1524
 41
0.1524
  0
VERTEX
  5
F817
  8
PACKAGE_GEOMETRY_SILKSCREE
 10
52.074063999999993
 20
10.803127999999999
 30
0.0
  0
VERTEX
  5
F818
  8
PACKAGE_GEOMETRY_SILKSCREE
 10
52.573936000000003
 20
10.803127999999999
 30
0.0
  0
SEQEND
  5
F819
  8
PACKAGE_GEOMETRY_SILKSCREE
  0
POLYLINE
  5
1545
  8
PACKAGE_GEOMETRY_SILKSCREE
 66
     1
 10
0.0
 20
0.0
 30
0.0
 40
0.1524
 41
0.1524
  0
VERTEX
  5
F81A
  8
PACKAGE_GEOMETRY_SILKSCREE
 10
52.074063999999993
 20
11.202923999999999
 30
0.0
  0
VERTEX
  5
F81B
  8
PACKAGE_GEOMETRY_SILKSCREE
 10
52.074063999999993
 20
10.803127999999999
 30
0.0
  0
SEQEND
  5
F81C
  8
PACKAGE_GEOMETRY_SILKSCREE
  0
POLYLINE
  5
1549
  8
PIN_TOP
 66
     1
 10
0.0
 20
0.0
 30
0.0
 70
     1
  0
VERTEX
  5
F81D
  8
PIN_TOP
 10
18.317464000000001
 20
9.4234000000000009
 30
0.0
  0
VERTEX
  5
F81E
  8
PIN_TOP
 10
18.317464000000001
 20
9.1186000000000007
 30
0.0
  0
VERTEX
  5
F81F
  8
PIN_TOP
 10
18.012664000000001
 20
9.1186000000000007
 30
0.0
  0
VERTEX
  5
F820
  8
PIN_TOP
 10
18.012664000000001
 20
9.4234000000000009
 30
0.0
  0
SEQEND
  5
F821
  8
PIN_TOP
  0
POLYLINE
  5
154F
  8
PIN_TOP
 66
     1
 10
0.0
 20
0.0
 30
0.0
 70
     1
  0
VERTEX
  5
F822
  8
PIN_TOP
 10
18.817336000000001
 20
9.4234000000000009
 30
0.0
  0
VERTEX
  5
F823
  8
PIN_TOP
 10
18.817336000000001
 20
9.1186000000000007
 30
0.0
  0
VERTEX
  5
F824
  8
PIN_TOP
 10
18.51253599999999
 20
9.1186000000000007
 30
0.0
  0
VERTEX
  5
F825
  8
PIN_TOP
 10
18.51253599999999
 20
9.4234000000000009
 30
0.0
  0
SEQEND
  5
F826
  8
PIN_TOP
  0
POLYLINE
  5
1555
  8
PACKAGE_GEOMETRY_SILKSCREE
 66
     1
 10
0.0
 20
0.0
 30
0.0
 40
0.1524
 41
0.1524
  0
VERTEX
  5
F827
  8
PACKAGE_GEOMETRY_SILKSCREE
 10
17.915127999999999
 20
9.5209360000000007
 30
0.0
  0
VERTEX
  5
F828
  8
PACKAGE_GEOMETRY_SILKSCREE
 10
18.314924000000001
 20
9.5209360000000007
 30
0.0
  0
SEQEND
  5
F829
  8
PACKAGE_GEOMETRY_SILKSCREE
  0
POLYLINE
  5
1559
  8
PACKAGE_GEOMETRY_SILKSCREE
 66
     1
 10
0.0
 20
0.0
 30
0.0
 40
0.1524
 41
0.1524
  0
VERTEX
  5
F82A
  8
PACKAGE_GEOMETRY_SILKSCREE
 10
17.915127999999999
 20
9.0210640000000009
 30
0.0
  0
VERTEX
  5
F82B
  8
PACKAGE_GEOMETRY_SILKSCREE
 10
17.915127999999999
 20
9.5209360000000007
 30
0.0
  0
SEQEND
  5
F82C
  8
PACKAGE_GEOMETRY_SILKSCREE
  0
POLYLINE
  5
155D
  8
PACKAGE_GEOMETRY_SILKSCREE
 66
     1
 10
0.0
 20
0.0
 30
0.0
 40
0.1524
 41
0.1524
  0
VERTEX
  5
F82D
  8
PACKAGE_GEOMETRY_SILKSCREE
 10
18.314924000000001
 20
9.0210640000000009
 30
0.0
  0
VERTEX
  5
F82E
  8
PACKAGE_GEOMETRY_SILKSCREE
 10
17.915127999999999
 20
9.0210640000000009
 30
0.0
  0
SEQEND
  5
F82F
  8
PACKAGE_GEOMETRY_SILKSCREE
  0
POLYLINE
  5
1561
  8
PACKAGE_GEOMETRY_SILKSCREE
 66
     1
 10
0.0
 20
0.0
 30
0.0
 40
0.1524
 41
0.1524
  0
VERTEX
  5
F830
  8
PACKAGE_GEOMETRY_SILKSCREE
 10
18.914871999999999
 20
9.5209360000000007
 30
0.0
  0
VERTEX
  5
F831
  8
PACKAGE_GEOMETRY_SILKSCREE
 10
18.515076000000001
 20
9.5209360000000007
 30
0.0
  0
SEQEND
  5
F832
  8
PACKAGE_GEOMETRY_SILKSCREE
  0
POLYLINE
  5
1565
  8
PACKAGE_GEOMETRY_SILKSCREE
 66
     1
 10
0.0
 20
0.0
 30
0.0
 40
0.1524
 41
0.1524
  0
VERTEX
  5
F833
  8
PACKAGE_GEOMETRY_SILKSCREE
 10
18.914871999999999
 20
9.0210640000000009
 30
0.0
  0
VERTEX
  5
F834
  8
PACKAGE_GEOMETRY_SILKSCREE
 10
18.914871999999999
 20
9.5209360000000007
 30
0.0
  0
SEQEND
  5
F835
  8
PACKAGE_GEOMETRY_SILKSCREE
  0
POLYLINE
  5
1569
  8
PACKAGE_GEOMETRY_SILKSCREE
 66
     1
 10
0.0
 20
0.0
 30
0.0
 40
0.1524
 41
0.1524
  0
VERTEX
  5
F836
  8
PACKAGE_GEOMETRY_SILKSCREE
 10
18.515076000000001
 20
9.0210640000000009
 30
0.0
  0
VERTEX
  5
F837
  8
PACKAGE_GEOMETRY_SILKSCREE
 10
18.914871999999999
 20
9.0210640000000009
 30
0.0
  0
SEQEND
  5
F838
  8
PACKAGE_GEOMETRY_SILKSCREE
  0
POLYLINE
  5
156D
  8
PIN_TOP
 66
     1
 10
0.0
 20
0.0
 30
0.0
 70
     1
  0
VERTEX
  5
F839
  8
PIN_TOP
 10
5.3634639999999987
 20
10.6934
 30
0.0
  0
VERTEX
  5
F83A
  8
PIN_TOP
 10
5.3634639999999987
 20
10.3886
 30
0.0
  0
VERTEX
  5
F83B
  8
PIN_TOP
 10
5.0586640000000003
 20
10.3886
 30
0.0
  0
VERTEX
  5
F83C
  8
PIN_TOP
 10
5.0586640000000003
 20
10.6934
 30
0.0
  0
SEQEND
  5
F83D
  8
PIN_TOP
  0
POLYLINE
  5
1573
  8
PIN_TOP
 66
     1
 10
0.0
 20
0.0
 30
0.0
 70
     1
  0
VERTEX
  5
F83E
  8
PIN_TOP
 10
5.8633360000000003
 20
10.6934
 30
0.0
  0
VERTEX
  5
F83F
  8
PIN_TOP
 10
5.8633360000000003
 20
10.3886
 30
0.0
  0
VERTEX
  5
F840
  8
PIN_TOP
 10
5.5585360000000001
 20
10.3886
 30
0.0
  0
VERTEX
  5
F841
  8
PIN_TOP
 10
5.5585360000000001
 20
10.6934
 30
0.0
  0
SEQEND
  5
F842
  8
PIN_TOP
  0
POLYLINE
  5
1579
  8
PACKAGE_GEOMETRY_SILKSCREE
 66
     1
 10
0.0
 20
0.0
 30
0.0
 40
0.1524
 41
0.1524
  0
VERTEX
  5
F843
  8
PACKAGE_GEOMETRY_SILKSCREE
 10
4.9611279999999987
 20
10.790936
 30
0.0
  0
VERTEX
  5
F844
  8
PACKAGE_GEOMETRY_SILKSCREE
 10
5.360923999999998
 20
10.790936
 30
0.0
  0
SEQEND
  5
F845
  8
PACKAGE_GEOMETRY_SILKSCREE
  0
POLYLINE
  5
157D
  8
PACKAGE_GEOMETRY_SILKSCREE
 66
     1
 10
0.0
 20
0.0
 30
0.0
 40
0.1524
 41
0.1524
  0
VERTEX
  5
F846
  8
PACKAGE_GEOMETRY_SILKSCREE
 10
4.9611279999999987
 20
10.291064
 30
0.0
  0
VERTEX
  5
F847
  8
PACKAGE_GEOMETRY_SILKSCREE
 10
4.9611279999999987
 20
10.790936
 30
0.0
  0
SEQEND
  5
F848
  8
PACKAGE_GEOMETRY_SILKSCREE
  0
POLYLINE
  5
1581
  8
PACKAGE_GEOMETRY_SILKSCREE
 66
     1
 10
0.0
 20
0.0
 30
0.0
 40
0.1524
 41
0.1524
  0
VERTEX
  5
F849
  8
PACKAGE_GEOMETRY_SILKSCREE
 10
5.360923999999998
 20
10.291064
 30
0.0
  0
VERTEX
  5
F84A
  8
PACKAGE_GEOMETRY_SILKSCREE
 10
4.9611279999999987
 20
10.291064
 30
0.0
  0
SEQEND
  5
F84B
  8
PACKAGE_GEOMETRY_SILKSCREE
  0
POLYLINE
  5
1585
  8
PACKAGE_GEOMETRY_SILKSCREE
 66
     1
 10
0.0
 20
0.0
 30
0.0
 40
0.1524
 41
0.1524
  0
VERTEX
  5
F84C
  8
PACKAGE_GEOMETRY_SILKSCREE
 10
5.9608720000000002
 20
10.790936
 30
0.0
  0
VERTEX
  5
F84D
  8
PACKAGE_GEOMETRY_SILKSCREE
 10
5.561075999999999
 20
10.790936
 30
0.0
  0
SEQEND
  5
F84E
  8
PACKAGE_GEOMETRY_SILKSCREE
  0
POLYLINE
  5
1589
  8
PACKAGE_GEOMETRY_SILKSCREE
 66
     1
 10
0.0
 20
0.0
 30
0.0
 40
0.1524
 41
0.1524
  0
VERTEX
  5
F84F
  8
PACKAGE_GEOMETRY_SILKSCREE
 10
5.9608720000000002
 20
10.291064
 30
0.0
  0
VERTEX
  5
F850
  8
PACKAGE_GEOMETRY_SILKSCREE
 10
5.9608720000000002
 20
10.790936
 30
0.0
  0
SEQEND
  5
F851
  8
PACKAGE_GEOMETRY_SILKSCREE
  0
POLYLINE
  5
158D
  8
PACKAGE_GEOMETRY_SILKSCREE
 66
     1
 10
0.0
 20
0.0
 30
0.0
 40
0.1524
 41
0.1524
  0
VERTEX
  5
F852
  8
PACKAGE_GEOMETRY_SILKSCREE
 10
5.561075999999999
 20
10.291064
 30
0.0
  0
VERTEX
  5
F853
  8
PACKAGE_GEOMETRY_SILKSCREE
 10
5.9608720000000002
 20
10.291064
 30
0.0
  0
SEQEND
  5
F854
  8
PACKAGE_GEOMETRY_SILKSCREE
  0
POLYLINE
  5
1591
  8
PIN_TOP
 66
     1
 10
0.0
 20
0.0
 30
0.0
 70
     1
  0
VERTEX
  5
F855
  8
PIN_TOP
 10
5.6896000000000004
 20
13.114528
 30
0.0
  0
VERTEX
  5
F856
  8
PIN_TOP
 10
5.994399999999998
 20
13.114528
 30
0.0
  0
VERTEX
  5
F857
  8
PIN_TOP
 10
5.994399999999998
 20
12.809728
 30
0.0
  0
VERTEX
  5
F858
  8
PIN_TOP
 10
5.6896000000000004
 20
12.809728
 30
0.0
  0
SEQEND
  5
F859
  8
PIN_TOP
  0
POLYLINE
  5
1597
  8
PIN_TOP
 66
     1
 10
0.0
 20
0.0
 30
0.0
 70
     1
  0
VERTEX
  5
F85A
  8
PIN_TOP
 10
5.6896000000000004
 20
13.6144
 30
0.0
  0
VERTEX
  5
F85B
  8
PIN_TOP
 10
5.994399999999998
 20
13.6144
 30
0.0
  0
VERTEX
  5
F85C
  8
PIN_TOP
 10
5.994399999999998
 20
13.3096
 30
0.0
  0
VERTEX
  5
F85D
  8
PIN_TOP
 10
5.6896000000000004
 20
13.3096
 30
0.0
  0
SEQEND
  5
F85E
  8
PIN_TOP
  0
POLYLINE
  5
159D
  8
PACKAGE_GEOMETRY_SILKSCREE
 66
     1
 10
0.0
 20
0.0
 30
0.0
 40
0.1524
 41
0.1524
  0
VERTEX
  5
F85F
  8
PACKAGE_GEOMETRY_SILKSCREE
 10
5.5920639999999979
 20
12.712192
 30
0.0
  0
VERTEX
  5
F860
  8
PACKAGE_GEOMETRY_SILKSCREE
 10
5.5920639999999979
 20
13.111988
 30
0.0
  0
SEQEND
  5
F861
  8
PACKAGE_GEOMETRY_SILKSCREE
  0
POLYLINE
  5
15A1
  8
PACKAGE_GEOMETRY_SILKSCREE
 66
     1
 10
0.0
 20
0.0
 30
0.0
 40
0.1524
 41
0.1524
  0
VERTEX
  5
F862
  8
PACKAGE_GEOMETRY_SILKSCREE
 10
6.0919359999999987
 20
12.712192
 30
0.0
  0
VERTEX
  5
F863
  8
PACKAGE_GEOMETRY_SILKSCREE
 10
5.5920639999999979
 20
12.712192
 30
0.0
  0
SEQEND
  5
F864
  8
PACKAGE_GEOMETRY_SILKSCREE
  0
POLYLINE
  5
15A5
  8
PACKAGE_GEOMETRY_SILKSCREE
 66
     1
 10
0.0
 20
0.0
 30
0.0
 40
0.1524
 41
0.1524
  0
VERTEX
  5
F865
  8
PACKAGE_GEOMETRY_SILKSCREE
 10
6.0919359999999987
 20
13.111988
 30
0.0
  0
VERTEX
  5
F866
  8
PACKAGE_GEOMETRY_SILKSCREE
 10
6.0919359999999987
 20
12.712192
 30
0.0
  0
SEQEND
  5
F867
  8
PACKAGE_GEOMETRY_SILKSCREE
  0
POLYLINE
  5
15A9
  8
PACKAGE_GEOMETRY_SILKSCREE
 66
     1
 10
0.0
 20
0.0
 30
0.0
 40
0.1524
 41
0.1524
  0
VERTEX
  5
F868
  8
PACKAGE_GEOMETRY_SILKSCREE
 10
5.5920639999999979
 20
13.711936
 30
0.0
  0
VERTEX
  5
F869
  8
PACKAGE_GEOMETRY_SILKSCREE
 10
5.5920639999999979
 20
13.312139999999999
 30
0.0
  0
SEQEND
  5
F86A
  8
PACKAGE_GEOMETRY_SILKSCREE
  0
POLYLINE
  5
15AD
  8
PACKAGE_GEOMETRY_SILKSCREE
 66
     1
 10
0.0
 20
0.0
 30
0.0
 40
0.1524
 41
0.1524
  0
VERTEX
  5
F86B
  8
PACKAGE_GEOMETRY_SILKSCREE
 10
6.0919359999999987
 20
13.711936
 30
0.0
  0
VERTEX
  5
F86C
  8
PACKAGE_GEOMETRY_SILKSCREE
 10
5.5920639999999979
 20
13.711936
 30
0.0
  0
SEQEND
  5
F86D
  8
PACKAGE_GEOMETRY_SILKSCREE
  0
POLYLINE
  5
15B1
  8
PACKAGE_GEOMETRY_SILKSCREE
 66
     1
 10
0.0
 20
0.0
 30
0.0
 40
0.1524
 41
0.1524
  0
VERTEX
  5
F86E
  8
PACKAGE_GEOMETRY_SILKSCREE
 10
6.0919359999999987
 20
13.312139999999999
 30
0.0
  0
VERTEX
  5
F86F
  8
PACKAGE_GEOMETRY_SILKSCREE
 10
6.0919359999999987
 20
13.711936
 30
0.0
  0
SEQEND
  5
F870
  8
PACKAGE_GEOMETRY_SILKSCREE
  0
POLYLINE
  5
15B5
  8
PIN_TOP
 66
     1
 10
0.0
 20
0.0
 30
0.0
 70
     1
  0
VERTEX
  5
F871
  8
PIN_TOP
 10
4.4703999999999979
 20
10.949686
 30
0.0
  0
VERTEX
  5
F872
  8
PIN_TOP
 10
4.1656000000000004
 20
10.949686
 30
0.0
  0
VERTEX
  5
F873
  8
PIN_TOP
 10
4.1656000000000004
 20
11.254486
 30
0.0
  0
VERTEX
  5
F874
  8
PIN_TOP
 10
4.4703999999999979
 20
11.254486
 30
0.0
  0
SEQEND
  5
F875
  8
PIN_TOP
  0
POLYLINE
  5
15BB
  8
PIN_TOP
 66
     1
 10
0.0
 20
0.0
 30
0.0
 70
     1
  0
VERTEX
  5
F876
  8
PIN_TOP
 10
4.4703999999999979
 20
10.449814
 30
0.0
  0
VERTEX
  5
F877
  8
PIN_TOP
 10
4.1656000000000004
 20
10.449814
 30
0.0
  0
VERTEX
  5
F878
  8
PIN_TOP
 10
4.1656000000000004
 20
10.754614
 30
0.0
  0
VERTEX
  5
F879
  8
PIN_TOP
 10
4.4703999999999979
 20
10.754614
 30
0.0
  0
SEQEND
  5
F87A
  8
PIN_TOP
  0
POLYLINE
  5
15C1
  8
PACKAGE_GEOMETRY_SILKSCREE
 66
     1
 10
0.0
 20
0.0
 30
0.0
 40
0.1524
 41
0.1524
  0
VERTEX
  5
F87B
  8
PACKAGE_GEOMETRY_SILKSCREE
 10
4.5679360000000004
 20
11.352022
 30
0.0
  0
VERTEX
  5
F87C
  8
PACKAGE_GEOMETRY_SILKSCREE
 10
4.5679360000000004
 20
10.952226
 30
0.0
  0
SEQEND
  5
F87D
  8
PACKAGE_GEOMETRY_SILKSCREE
  0
POLYLINE
  5
15C5
  8
PACKAGE_GEOMETRY_SILKSCREE
 66
     1
 10
0.0
 20
0.0
 30
0.0
 40
0.1524
 41
0.1524
  0
VERTEX
  5
F87E
  8
PACKAGE_GEOMETRY_SILKSCREE
 10
4.0680639999999979
 20
11.352022
 30
0.0
  0
VERTEX
  5
F87F
  8
PACKAGE_GEOMETRY_SILKSCREE
 10
4.5679360000000004
 20
11.352022
 30
0.0
  0
SEQEND
  5
F880
  8
PACKAGE_GEOMETRY_SILKSCREE
  0
POLYLINE
  5
15C9
  8
PACKAGE_GEOMETRY_SILKSCREE
 66
     1
 10
0.0
 20
0.0
 30
0.0
 40
0.1524
 41
0.1524
  0
VERTEX
  5
F881
  8
PACKAGE_GEOMETRY_SILKSCREE
 10
4.0680639999999979
 20
10.952226
 30
0.0
  0
VERTEX
  5
F882
  8
PACKAGE_GEOMETRY_SILKSCREE
 10
4.0680639999999979
 20
11.352022
 30
0.0
  0
SEQEND
  5
F883
  8
PACKAGE_GEOMETRY_SILKSCREE
  0
POLYLINE
  5
15CD
  8
PACKAGE_GEOMETRY_SILKSCREE
 66
     1
 10
0.0
 20
0.0
 30
0.0
 40
0.1524
 41
0.1524
  0
VERTEX
  5
F884
  8
PACKAGE_GEOMETRY_SILKSCREE
 10
4.5679360000000004
 20
10.352278
 30
0.0
  0
VERTEX
  5
F885
  8
PACKAGE_GEOMETRY_SILKSCREE
 10
4.5679360000000004
 20
10.752074
 30
0.0
  0
SEQEND
  5
F886
  8
PACKAGE_GEOMETRY_SILKSCREE
  0
POLYLINE
  5
15D1
  8
PACKAGE_GEOMETRY_SILKSCREE
 66
     1
 10
0.0
 20
0.0
 30
0.0
 40
0.1524
 41
0.1524
  0
VERTEX
  5
F887
  8
PACKAGE_GEOMETRY_SILKSCREE
 10
4.0680639999999979
 20
10.352278
 30
0.0
  0
VERTEX
  5
F888
  8
PACKAGE_GEOMETRY_SILKSCREE
 10
4.5679360000000004
 20
10.352278
 30
0.0
  0
SEQEND
  5
F889
  8
PACKAGE_GEOMETRY_SILKSCREE
  0
POLYLINE
  5
15D5
  8
PACKAGE_GEOMETRY_SILKSCREE
 66
     1
 10
0.0
 20
0.0
 30
0.0
 40
0.1524
 41
0.1524
  0
VERTEX
  5
F88A
  8
PACKAGE_GEOMETRY_SILKSCREE
 10
4.0680639999999979
 20
10.752074
 30
0.0
  0
VERTEX
  5
F88B
  8
PACKAGE_GEOMETRY_SILKSCREE
 10
4.0680639999999979
 20
10.352278
 30
0.0
  0
SEQEND
  5
F88C
  8
PACKAGE_GEOMETRY_SILKSCREE
  0
POLYLINE
  5
15D9
  8
PIN_TOP
 66
     1
 10
0.0
 20
0.0
 30
0.0
 70
     1
  0
VERTEX
  5
F88D
  8
PIN_TOP
 10
4.9621440000000003
 20
15.769081999999999
 30
0.0
  0
VERTEX
  5
F88E
  8
PIN_TOP
 10
4.6573440000000002
 20
15.769081999999999
 30
0.0
  0
VERTEX
  5
F88F
  8
PIN_TOP
 10
4.6573440000000002
 20
16.073882000000001
 30
0.0
  0
VERTEX
  5
F890
  8
PIN_TOP
 10
4.9621440000000003
 20
16.073882000000001
 30
0.0
  0
SEQEND
  5
F891
  8
PIN_TOP
  0
POLYLINE
  5
15DF
  8
PIN_TOP
 66
     1
 10
0.0
 20
0.0
 30
0.0
 70
     1
  0
VERTEX
  5
F892
  8
PIN_TOP
 10
4.9621440000000003
 20
15.269209999999999
 30
0.0
  0
VERTEX
  5
F893
  8
PIN_TOP
 10
4.6573440000000002
 20
15.269209999999999
 30
0.0
  0
VERTEX
  5
F894
  8
PIN_TOP
 10
4.6573440000000002
 20
15.574009999999999
 30
0.0
  0
VERTEX
  5
F895
  8
PIN_TOP
 10
4.9621440000000003
 20
15.574009999999999
 30
0.0
  0
SEQEND
  5
F896
  8
PIN_TOP
  0
POLYLINE
  5
15E5
  8
PACKAGE_GEOMETRY_SILKSCREE
 66
     1
 10
0.0
 20
0.0
 30
0.0
 40
0.1524
 41
0.1524
  0
VERTEX
  5
F897
  8
PACKAGE_GEOMETRY_SILKSCREE
 10
5.0596800000000002
 20
16.171417999999999
 30
0.0
  0
VERTEX
  5
F898
  8
PACKAGE_GEOMETRY_SILKSCREE
 10
5.0596800000000002
 20
15.771622000000001
 30
0.0
  0
SEQEND
  5
F899
  8
PACKAGE_GEOMETRY_SILKSCREE
  0
POLYLINE
  5
15E9
  8
PACKAGE_GEOMETRY_SILKSCREE
 66
     1
 10
0.0
 20
0.0
 30
0.0
 40
0.1524
 41
0.1524
  0
VERTEX
  5
F89A
  8
PACKAGE_GEOMETRY_SILKSCREE
 10
4.5598080000000003
 20
16.171417999999999
 30
0.0
  0
VERTEX
  5
F89B
  8
PACKAGE_GEOMETRY_SILKSCREE
 10
5.0596800000000002
 20
16.171417999999999
 30
0.0
  0
SEQEND
  5
F89C
  8
PACKAGE_GEOMETRY_SILKSCREE
  0
POLYLINE
  5
15ED
  8
PACKAGE_GEOMETRY_SILKSCREE
 66
     1
 10
0.0
 20
0.0
 30
0.0
 40
0.1524
 41
0.1524
  0
VERTEX
  5
F89D
  8
PACKAGE_GEOMETRY_SILKSCREE
 10
4.5598080000000003
 20
15.771622000000001
 30
0.0
  0
VERTEX
  5
F89E
  8
PACKAGE_GEOMETRY_SILKSCREE
 10
4.5598080000000003
 20
16.171417999999999
 30
0.0
  0
SEQEND
  5
F89F
  8
PACKAGE_GEOMETRY_SILKSCREE
  0
POLYLINE
  5
15F1
  8
PACKAGE_GEOMETRY_SILKSCREE
 66
     1
 10
0.0
 20
0.0
 30
0.0
 40
0.1524
 41
0.1524
  0
VERTEX
  5
F8A0
  8
PACKAGE_GEOMETRY_SILKSCREE
 10
5.0596800000000002
 20
15.171673999999999
 30
0.0
  0
VERTEX
  5
F8A1
  8
PACKAGE_GEOMETRY_SILKSCREE
 10
5.0596800000000002
 20
15.57147
 30
0.0
  0
SEQEND
  5
F8A2
  8
PACKAGE_GEOMETRY_SILKSCREE
  0
POLYLINE
  5
15F5
  8
PACKAGE_GEOMETRY_SILKSCREE
 66
     1
 10
0.0
 20
0.0
 30
0.0
 40
0.1524
 41
0.1524
  0
VERTEX
  5
F8A3
  8
PACKAGE_GEOMETRY_SILKSCREE
 10
4.5598080000000003
 20
15.171673999999999
 30
0.0
  0
VERTEX
  5
F8A4
  8
PACKAGE_GEOMETRY_SILKSCREE
 10
5.0596800000000002
 20
15.171673999999999
 30
0.0
  0
SEQEND
  5
F8A5
  8
PACKAGE_GEOMETRY_SILKSCREE
  0
POLYLINE
  5
15F9
  8
PACKAGE_GEOMETRY_SILKSCREE
 66
     1
 10
0.0
 20
0.0
 30
0.0
 40
0.1524
 41
0.1524
  0
VERTEX
  5
F8A6
  8
PACKAGE_GEOMETRY_SILKSCREE
 10
4.5598080000000003
 20
15.57147
 30
0.0
  0
VERTEX
  5
F8A7
  8
PACKAGE_GEOMETRY_SILKSCREE
 10
4.5598080000000003
 20
15.171673999999999
 30
0.0
  0
SEQEND
  5
F8A8
  8
PACKAGE_GEOMETRY_SILKSCREE
  0
POLYLINE
  5
15FD
  8
PIN_TOP
 66
     1
 10
0.0
 20
0.0
 30
0.0
 70
     1
  0
VERTEX
  5
F8A9
  8
PIN_TOP
 10
1.0574019999999991
 20
22.476967999999999
 30
0.0
  0
VERTEX
  5
F8AA
  8
PIN_TOP
 10
1.362201999999999
 20
22.476967999999999
 30
0.0
  0
VERTEX
  5
F8AB
  8
PIN_TOP
 10
1.362201999999999
 20
22.172167999999999
 30
0.0
  0
VERTEX
  5
F8AC
  8
PIN_TOP
 10
1.0574019999999991
 20
22.172167999999999
 30
0.0
  0
SEQEND
  5
F8AD
  8
PIN_TOP
  0
POLYLINE
  5
1603
  8
PIN_TOP
 66
     1
 10
0.0
 20
0.0
 30
0.0
 70
     1
  0
VERTEX
  5
F8AE
  8
PIN_TOP
 10
1.0574019999999991
 20
22.976839999999999
 30
0.0
  0
VERTEX
  5
F8AF
  8
PIN_TOP
 10
1.362201999999999
 20
22.976839999999999
 30
0.0
  0
VERTEX
  5
F8B0
  8
PIN_TOP
 10
1.362201999999999
 20
22.672039999999999
 30
0.0
  0
VERTEX
  5
F8B1
  8
PIN_TOP
 10
1.0574019999999991
 20
22.672039999999999
 30
0.0
  0
SEQEND
  5
F8B2
  8
PIN_TOP
  0
POLYLINE
  5
1609
  8
PACKAGE_GEOMETRY_SILKSCREE
 66
     1
 10
0.0
 20
0.0
 30
0.0
 40
0.1524
 41
0.1524
  0
VERTEX
  5
F8B3
  8
PACKAGE_GEOMETRY_SILKSCREE
 10
0.959866
 20
22.074632000000001
 30
0.0
  0
VERTEX
  5
F8B4
  8
PACKAGE_GEOMETRY_SILKSCREE
 10
0.959866
 20
22.474428
 30
0.0
  0
SEQEND
  5
F8B5
  8
PACKAGE_GEOMETRY_SILKSCREE
  0
POLYLINE
  5
160D
  8
PACKAGE_GEOMETRY_SILKSCREE
 66
     1
 10
0.0
 20
0.0
 30
0.0
 40
0.1524
 41
0.1524
  0
VERTEX
  5
F8B6
  8
PACKAGE_GEOMETRY_SILKSCREE
 10
1.4597379999999991
 20
22.074632000000001
 30
0.0
  0
VERTEX
  5
F8B7
  8
PACKAGE_GEOMETRY_SILKSCREE
 10
0.959866
 20
22.074632000000001
 30
0.0
  0
SEQEND
  5
F8B8
  8
PACKAGE_GEOMETRY_SILKSCREE
  0
POLYLINE
  5
1611
  8
PACKAGE_GEOMETRY_SILKSCREE
 66
     1
 10
0.0
 20
0.0
 30
0.0
 40
0.1524
 41
0.1524
  0
VERTEX
  5
F8B9
  8
PACKAGE_GEOMETRY_SILKSCREE
 10
1.4597379999999991
 20
22.474428
 30
0.0
  0
VERTEX
  5
F8BA
  8
PACKAGE_GEOMETRY_SILKSCREE
 10
1.4597379999999991
 20
22.074632000000001
 30
0.0
  0
SEQEND
  5
F8BB
  8
PACKAGE_GEOMETRY_SILKSCREE
  0
POLYLINE
  5
1615
  8
PACKAGE_GEOMETRY_SILKSCREE
 66
     1
 10
0.0
 20
0.0
 30
0.0
 40
0.1524
 41
0.1524
  0
VERTEX
  5
F8BC
  8
PACKAGE_GEOMETRY_SILKSCREE
 10
0.959866
 20
23.074376000000001
 30
0.0
  0
VERTEX
  5
F8BD
  8
PACKAGE_GEOMETRY_SILKSCREE
 10
0.959866
 20
22.674579999999999
 30
0.0
  0
SEQEND
  5
F8BE
  8
PACKAGE_GEOMETRY_SILKSCREE
  0
POLYLINE
  5
1619
  8
PACKAGE_GEOMETRY_SILKSCREE
 66
     1
 10
0.0
 20
0.0
 30
0.0
 40
0.1524
 41
0.1524
  0
VERTEX
  5
F8BF
  8
PACKAGE_GEOMETRY_SILKSCREE
 10
1.4597379999999991
 20
23.074376000000001
 30
0.0
  0
VERTEX
  5
F8C0
  8
PACKAGE_GEOMETRY_SILKSCREE
 10
0.959866
 20
23.074376000000001
 30
0.0
  0
SEQEND
  5
F8C1
  8
PACKAGE_GEOMETRY_SILKSCREE
  0
POLYLINE
  5
161D
  8
PACKAGE_GEOMETRY_SILKSCREE
 66
     1
 10
0.0
 20
0.0
 30
0.0
 40
0.1524
 41
0.1524
  0
VERTEX
  5
F8C2
  8
PACKAGE_GEOMETRY_SILKSCREE
 10
1.4597379999999991
 20
22.674579999999999
 30
0.0
  0
VERTEX
  5
F8C3
  8
PACKAGE_GEOMETRY_SILKSCREE
 10
1.4597379999999991
 20
23.074376000000001
 30
0.0
  0
SEQEND
  5
F8C4
  8
PACKAGE_GEOMETRY_SILKSCREE
  0
POLYLINE
  5
1621
  8
PIN_TOP
 66
     1
 10
0.0
 20
0.0
 30
0.0
 70
     1
  0
VERTEX
  5
F8C5
  8
PIN_TOP
 10
1.862074
 20
15.669006
 30
0.0
  0
VERTEX
  5
F8C6
  8
PIN_TOP
 10
1.557274
 20
15.669006
 30
0.0
  0
VERTEX
  5
F8C7
  8
PIN_TOP
 10
1.557274
 20
15.973806
 30
0.0
  0
VERTEX
  5
F8C8
  8
PIN_TOP
 10
1.862074
 20
15.973806
 30
0.0
  0
SEQEND
  5
F8C9
  8
PIN_TOP
  0
POLYLINE
  5
1627
  8
PIN_TOP
 66
     1
 10
0.0
 20
0.0
 30
0.0
 70
     1
  0
VERTEX
  5
F8CA
  8
PIN_TOP
 10
1.862074
 20
15.169134
 30
0.0
  0
VERTEX
  5
F8CB
  8
PIN_TOP
 10
1.557274
 20
15.169134
 30
0.0
  0
VERTEX
  5
F8CC
  8
PIN_TOP
 10
1.557274
 20
15.473934
 30
0.0
  0
VERTEX
  5
F8CD
  8
PIN_TOP
 10
1.862074
 20
15.473934
 30
0.0
  0
SEQEND
  5
F8CE
  8
PIN_TOP
  0
POLYLINE
  5
162D
  8
PACKAGE_GEOMETRY_SILKSCREE
 66
     1
 10
0.0
 20
0.0
 30
0.0
 40
0.1524
 41
0.1524
  0
VERTEX
  5
F8CF
  8
PACKAGE_GEOMETRY_SILKSCREE
 10
1.959609999999999
 20
16.071342000000001
 30
0.0
  0
VERTEX
  5
F8D0
  8
PACKAGE_GEOMETRY_SILKSCREE
 10
1.959609999999999
 20
15.671545999999999
 30
0.0
  0
SEQEND
  5
F8D1
  8
PACKAGE_GEOMETRY_SILKSCREE
  0
POLYLINE
  5
1631
  8
PACKAGE_GEOMETRY_SILKSCREE
 66
     1
 10
0.0
 20
0.0
 30
0.0
 40
0.1524
 41
0.1524
  0
VERTEX
  5
F8D2
  8
PACKAGE_GEOMETRY_SILKSCREE
 10
1.4597379999999991
 20
16.071342000000001
 30
0.0
  0
VERTEX
  5
F8D3
  8
PACKAGE_GEOMETRY_SILKSCREE
 10
1.959609999999999
 20
16.071342000000001
 30
0.0
  0
SEQEND
  5
F8D4
  8
PACKAGE_GEOMETRY_SILKSCREE
  0
POLYLINE
  5
1635
  8
PACKAGE_GEOMETRY_SILKSCREE
 66
     1
 10
0.0
 20
0.0
 30
0.0
 40
0.1524
 41
0.1524
  0
VERTEX
  5
F8D5
  8
PACKAGE_GEOMETRY_SILKSCREE
 10
1.4597379999999991
 20
15.671545999999999
 30
0.0
  0
VERTEX
  5
F8D6
  8
PACKAGE_GEOMETRY_SILKSCREE
 10
1.4597379999999991
 20
16.071342000000001
 30
0.0
  0
SEQEND
  5
F8D7
  8
PACKAGE_GEOMETRY_SILKSCREE
  0
POLYLINE
  5
1639
  8
PACKAGE_GEOMETRY_SILKSCREE
 66
     1
 10
0.0
 20
0.0
 30
0.0
 40
0.1524
 41
0.1524
  0
VERTEX
  5
F8D8
  8
PACKAGE_GEOMETRY_SILKSCREE
 10
1.959609999999999
 20
15.071598
 30
0.0
  0
VERTEX
  5
F8D9
  8
PACKAGE_GEOMETRY_SILKSCREE
 10
1.959609999999999
 20
15.471394
 30
0.0
  0
SEQEND
  5
F8DA
  8
PACKAGE_GEOMETRY_SILKSCREE
  0
POLYLINE
  5
163D
  8
PACKAGE_GEOMETRY_SILKSCREE
 66
     1
 10
0.0
 20
0.0
 30
0.0
 40
0.1524
 41
0.1524
  0
VERTEX
  5
F8DB
  8
PACKAGE_GEOMETRY_SILKSCREE
 10
1.4597379999999991
 20
15.071598
 30
0.0
  0
VERTEX
  5
F8DC
  8
PACKAGE_GEOMETRY_SILKSCREE
 10
1.959609999999999
 20
15.071598
 30
0.0
  0
SEQEND
  5
F8DD
  8
PACKAGE_GEOMETRY_SILKSCREE
  0
POLYLINE
  5
1641
  8
PACKAGE_GEOMETRY_SILKSCREE
 66
     1
 10
0.0
 20
0.0
 30
0.0
 40
0.1524
 41
0.1524
  0
VERTEX
  5
F8DE
  8
PACKAGE_GEOMETRY_SILKSCREE
 10
1.4597379999999991
 20
15.471394
 30
0.0
  0
VERTEX
  5
F8DF
  8
PACKAGE_GEOMETRY_SILKSCREE
 10
1.4597379999999991
 20
15.071598
 30
0.0
  0
SEQEND
  5
F8E0
  8
PACKAGE_GEOMETRY_SILKSCREE
  0
POLYLINE
  5
1645
  8
PIN_TOP
 66
     1
 10
0.0
 20
0.0
 30
0.0
 70
     1
  0
VERTEX
  5
F8E1
  8
PIN_TOP
 10
53.691535999999999
 20
7.7215999999999978
 30
0.0
  0
VERTEX
  5
F8E2
  8
PIN_TOP
 10
53.691535999999999
 20
8.0264000000000006
 30
0.0
  0
VERTEX
  5
F8E3
  8
PIN_TOP
 10
53.996335999999999
 20
8.0264000000000006
 30
0.0
  0
VERTEX
  5
F8E4
  8
PIN_TOP
 10
53.996335999999999
 20
7.7215999999999978
 30
0.0
  0
SEQEND
  5
F8E5
  8
PIN_TOP
  0
POLYLINE
  5
164B
  8
PIN_TOP
 66
     1
 10
0.0
 20
0.0
 30
0.0
 70
     1
  0
VERTEX
  5
F8E6
  8
PIN_TOP
 10
53.191664000000003
 20
7.7215999999999978
 30
0.0
  0
VERTEX
  5
F8E7
  8
PIN_TOP
 10
53.191664000000003
 20
8.0264000000000006
 30
0.0
  0
VERTEX
  5
F8E8
  8
PIN_TOP
 10
53.49646400000001
 20
8.0264000000000006
 30
0.0
  0
VERTEX
  5
F8E9
  8
PIN_TOP
 10
53.49646400000001
 20
7.7215999999999978
 30
0.0
  0
SEQEND
  5
F8EA
  8
PIN_TOP
  0
POLYLINE
  5
1651
  8
PACKAGE_GEOMETRY_SILKSCREE
 66
     1
 10
0.0
 20
0.0
 30
0.0
 40
0.1524
 41
0.1524
  0
VERTEX
  5
F8EB
  8
PACKAGE_GEOMETRY_SILKSCREE
 10
54.093871999999998
 20
7.6240639999999988
 30
0.0
  0
VERTEX
  5
F8EC
  8
PACKAGE_GEOMETRY_SILKSCREE
 10
53.694076000000003
 20
7.6240639999999988
 30
0.0
  0
SEQEND
  5
F8ED
  8
PACKAGE_GEOMETRY_SILKSCREE
  0
POLYLINE
  5
1655
  8
PACKAGE_GEOMETRY_SILKSCREE
 66
     1
 10
0.0
 20
0.0
 30
0.0
 40
0.1524
 41
0.1524
  0
VERTEX
  5
F8EE
  8
PACKAGE_GEOMETRY_SILKSCREE
 10
54.093871999999998
 20
8.1239360000000005
 30
0.0
  0
VERTEX
  5
F8EF
  8
PACKAGE_GEOMETRY_SILKSCREE
 10
54.093871999999998
 20
7.6240639999999988
 30
0.0
  0
SEQEND
  5
F8F0
  8
PACKAGE_GEOMETRY_SILKSCREE
  0
POLYLINE
  5
1659
  8
PACKAGE_GEOMETRY_SILKSCREE
 66
     1
 10
0.0
 20
0.0
 30
0.0
 40
0.1524
 41
0.1524
  0
VERTEX
  5
F8F1
  8
PACKAGE_GEOMETRY_SILKSCREE
 10
53.694076000000003
 20
8.1239360000000005
 30
0.0
  0
VERTEX
  5
F8F2
  8
PACKAGE_GEOMETRY_SILKSCREE
 10
54.093871999999998
 20
8.1239360000000005
 30
0.0
  0
SEQEND
  5
F8F3
  8
PACKAGE_GEOMETRY_SILKSCREE
  0
POLYLINE
  5
165D
  8
PACKAGE_GEOMETRY_SILKSCREE
 66
     1
 10
0.0
 20
0.0
 30
0.0
 40
0.1524
 41
0.1524
  0
VERTEX
  5
F8F4
  8
PACKAGE_GEOMETRY_SILKSCREE
 10
53.094127999999998
 20
7.6240639999999988
 30
0.0
  0
VERTEX
  5
F8F5
  8
PACKAGE_GEOMETRY_SILKSCREE
 10
53.493924
 20
7.6240639999999988
 30
0.0
  0
SEQEND
  5
F8F6
  8
PACKAGE_GEOMETRY_SILKSCREE
  0
POLYLINE
  5
1661
  8
PACKAGE_GEOMETRY_SILKSCREE
 66
     1
 10
0.0
 20
0.0
 30
0.0
 40
0.1524
 41
0.1524
  0
VERTEX
  5
F8F7
  8
PACKAGE_GEOMETRY_SILKSCREE
 10
53.094127999999998
 20
8.1239360000000005
 30
0.0
  0
VERTEX
  5
F8F8
  8
PACKAGE_GEOMETRY_SILKSCREE
 10
53.094127999999998
 20
7.6240639999999988
 30
0.0
  0
SEQEND
  5
F8F9
  8
PACKAGE_GEOMETRY_SILKSCREE
  0
POLYLINE
  5
1665
  8
PACKAGE_GEOMETRY_SILKSCREE
 66
     1
 10
0.0
 20
0.0
 30
0.0
 40
0.1524
 41
0.1524
  0
VERTEX
  5
F8FA
  8
PACKAGE_GEOMETRY_SILKSCREE
 10
53.493924
 20
8.1239360000000005
 30
0.0
  0
VERTEX
  5
F8FB
  8
PACKAGE_GEOMETRY_SILKSCREE
 10
53.094127999999998
 20
8.1239360000000005
 30
0.0
  0
SEQEND
  5
F8FC
  8
PACKAGE_GEOMETRY_SILKSCREE
  0
POLYLINE
  5
1669
  8
PIN_TOP
 66
     1
 10
0.0
 20
0.0
 30
0.0
 70
     1
  0
VERTEX
  5
F8FD
  8
PIN_TOP
 10
4.9275999999999991
 20
12.094464
 30
0.0
  0
VERTEX
  5
F8FE
  8
PIN_TOP
 10
5.2324000000000002
 20
12.094464
 30
0.0
  0
VERTEX
  5
F8FF
  8
PIN_TOP
 10
5.2324000000000002
 20
11.789664
 30
0.0
  0
VERTEX
  5
F900
  8
PIN_TOP
 10
4.9275999999999991
 20
11.789664
 30
0.0
  0
SEQEND
  5
F901
  8
PIN_TOP
  0
POLYLINE
  5
166F
  8
PIN_TOP
 66
     1
 10
0.0
 20
0.0
 30
0.0
 70
     1
  0
VERTEX
  5
F902
  8
PIN_TOP
 10
4.9275999999999991
 20
12.594336
 30
0.0
  0
VERTEX
  5
F903
  8
PIN_TOP
 10
5.2324000000000002
 20
12.594336
 30
0.0
  0
VERTEX
  5
F904
  8
PIN_TOP
 10
5.2324000000000002
 20
12.289536
 30
0.0
  0
VERTEX
  5
F905
  8
PIN_TOP
 10
4.9275999999999991
 20
12.289536
 30
0.0
  0
SEQEND
  5
F906
  8
PIN_TOP
  0
POLYLINE
  5
1675
  8
PACKAGE_GEOMETRY_SILKSCREE
 66
     1
 10
0.0
 20
0.0
 30
0.0
 40
0.1524
 41
0.1524
  0
VERTEX
  5
F907
  8
PACKAGE_GEOMETRY_SILKSCREE
 10
4.8300640000000001
 20
11.692128
 30
0.0
  0
VERTEX
  5
F908
  8
PACKAGE_GEOMETRY_SILKSCREE
 10
4.8300640000000001
 20
12.091924000000001
 30
0.0
  0
SEQEND
  5
F909
  8
PACKAGE_GEOMETRY_SILKSCREE
  0
POLYLINE
  5
1679
  8
PACKAGE_GEOMETRY_SILKSCREE
 66
     1
 10
0.0
 20
0.0
 30
0.0
 40
0.1524
 41
0.1524
  0
VERTEX
  5
F90A
  8
PACKAGE_GEOMETRY_SILKSCREE
 10
5.329936
 20
11.692128
 30
0.0
  0
VERTEX
  5
F90B
  8
PACKAGE_GEOMETRY_SILKSCREE
 10
4.8300640000000001
 20
11.692128
 30
0.0
  0
SEQEND
  5
F90C
  8
PACKAGE_GEOMETRY_SILKSCREE
  0
POLYLINE
  5
167D
  8
PACKAGE_GEOMETRY_SILKSCREE
 66
     1
 10
0.0
 20
0.0
 30
0.0
 40
0.1524
 41
0.1524
  0
VERTEX
  5
F90D
  8
PACKAGE_GEOMETRY_SILKSCREE
 10
5.329936
 20
12.091924000000001
 30
0.0
  0
VERTEX
  5
F90E
  8
PACKAGE_GEOMETRY_SILKSCREE
 10
5.329936
 20
11.692128
 30
0.0
  0
SEQEND
  5
F90F
  8
PACKAGE_GEOMETRY_SILKSCREE
  0
POLYLINE
  5
1681
  8
PACKAGE_GEOMETRY_SILKSCREE
 66
     1
 10
0.0
 20
0.0
 30
0.0
 40
0.1524
 41
0.1524
  0
VERTEX
  5
F910
  8
PACKAGE_GEOMETRY_SILKSCREE
 10
4.8300640000000001
 20
12.691872
 30
0.0
  0
VERTEX
  5
F911
  8
PACKAGE_GEOMETRY_SILKSCREE
 10
4.8300640000000001
 20
12.292076
 30
0.0
  0
SEQEND
  5
F912
  8
PACKAGE_GEOMETRY_SILKSCREE
  0
POLYLINE
  5
1685
  8
PACKAGE_GEOMETRY_SILKSCREE
 66
     1
 10
0.0
 20
0.0
 30
0.0
 40
0.1524
 41
0.1524
  0
VERTEX
  5
F913
  8
PACKAGE_GEOMETRY_SILKSCREE
 10
5.329936
 20
12.691872
 30
0.0
  0
VERTEX
  5
F914
  8
PACKAGE_GEOMETRY_SILKSCREE
 10
4.8300640000000001
 20
12.691872
 30
0.0
  0
SEQEND
  5
F915
  8
PACKAGE_GEOMETRY_SILKSCREE
  0
POLYLINE
  5
1689
  8
PACKAGE_GEOMETRY_SILKSCREE
 66
     1
 10
0.0
 20
0.0
 30
0.0
 40
0.1524
 41
0.1524
  0
VERTEX
  5
F916
  8
PACKAGE_GEOMETRY_SILKSCREE
 10
5.329936
 20
12.292076
 30
0.0
  0
VERTEX
  5
F917
  8
PACKAGE_GEOMETRY_SILKSCREE
 10
5.329936
 20
12.691872
 30
0.0
  0
SEQEND
  5
F918
  8
PACKAGE_GEOMETRY_SILKSCREE
  0
POLYLINE
  5
168D
  8
PIN_TOP
 66
     1
 10
0.0
 20
0.0
 30
0.0
 70
     1
  0
VERTEX
  5
F919
  8
PIN_TOP
 10
18.770600000000002
 20
3.9075359999999981
 30
0.0
  0
VERTEX
  5
F91A
  8
PIN_TOP
 10
18.465800000000002
 20
3.9075359999999981
 30
0.0
  0
VERTEX
  5
F91B
  8
PIN_TOP
 10
18.465800000000002
 20
4.2123359999999987
 30
0.0
  0
VERTEX
  5
F91C
  8
PIN_TOP
 10
18.770600000000002
 20
4.2123359999999987
 30
0.0
  0
SEQEND
  5
F91D
  8
PIN_TOP
  0
POLYLINE
  5
1693
  8
PIN_TOP
 66
     1
 10
0.0
 20
0.0
 30
0.0
 70
     1
  0
VERTEX
  5
F91E
  8
PIN_TOP
 10
18.770600000000002
 20
3.407664
 30
0.0
  0
VERTEX
  5
F91F
  8
PIN_TOP
 10
18.465800000000002
 20
3.407664
 30
0.0
  0
VERTEX
  5
F920
  8
PIN_TOP
 10
18.465800000000002
 20
3.7124639999999989
 30
0.0
  0
VERTEX
  5
F921
  8
PIN_TOP
 10
18.770600000000002
 20
3.7124639999999989
 30
0.0
  0
SEQEND
  5
F922
  8
PIN_TOP
  0
POLYLINE
  5
1699
  8
PACKAGE_GEOMETRY_SILKSCREE
 66
     1
 10
0.0
 20
0.0
 30
0.0
 40
0.1524
 41
0.1524
  0
VERTEX
  5
F923
  8
PACKAGE_GEOMETRY_SILKSCREE
 10
18.868136
 20
4.3098720000000004
 30
0.0
  0
VERTEX
  5
F924
  8
PACKAGE_GEOMETRY_SILKSCREE
 10
18.868136
 20
3.9100760000000001
 30
0.0
  0
SEQEND
  5
F925
  8
PACKAGE_GEOMETRY_SILKSCREE
  0
POLYLINE
  5
169D
  8
PACKAGE_GEOMETRY_SILKSCREE
 66
     1
 10
0.0
 20
0.0
 30
0.0
 40
0.1524
 41
0.1524
  0
VERTEX
  5
F926
  8
PACKAGE_GEOMETRY_SILKSCREE
 10
18.368264
 20
4.3098720000000004
 30
0.0
  0
VERTEX
  5
F927
  8
PACKAGE_GEOMETRY_SILKSCREE
 10
18.868136
 20
4.3098720000000004
 30
0.0
  0
SEQEND
  5
F928
  8
PACKAGE_GEOMETRY_SILKSCREE
  0
POLYLINE
  5
16A1
  8
PACKAGE_GEOMETRY_SILKSCREE
 66
     1
 10
0.0
 20
0.0
 30
0.0
 40
0.1524
 41
0.1524
  0
VERTEX
  5
F929
  8
PACKAGE_GEOMETRY_SILKSCREE
 10
18.368264
 20
3.9100760000000001
 30
0.0
  0
VERTEX
  5
F92A
  8
PACKAGE_GEOMETRY_SILKSCREE
 10
18.368264
 20
4.3098720000000004
 30
0.0
  0
SEQEND
  5
F92B
  8
PACKAGE_GEOMETRY_SILKSCREE
  0
POLYLINE
  5
16A5
  8
PACKAGE_GEOMETRY_SILKSCREE
 66
     1
 10
0.0
 20
0.0
 30
0.0
 40
0.1524
 41
0.1524
  0
VERTEX
  5
F92C
  8
PACKAGE_GEOMETRY_SILKSCREE
 10
18.868136
 20
3.310127999999998
 30
0.0
  0
VERTEX
  5
F92D
  8
PACKAGE_GEOMETRY_SILKSCREE
 10
18.868136
 20
3.7099239999999991
 30
0.0
  0
SEQEND
  5
F92E
  8
PACKAGE_GEOMETRY_SILKSCREE
  0
POLYLINE
  5
16A9
  8
PACKAGE_GEOMETRY_SILKSCREE
 66
     1
 10
0.0
 20
0.0
 30
0.0
 40
0.1524
 41
0.1524
  0
VERTEX
  5
F92F
  8
PACKAGE_GEOMETRY_SILKSCREE
 10
18.368264
 20
3.310127999999998
 30
0.0
  0
VERTEX
  5
F930
  8
PACKAGE_GEOMETRY_SILKSCREE
 10
18.868136
 20
3.310127999999998
 30
0.0
  0
SEQEND
  5
F931
  8
PACKAGE_GEOMETRY_SILKSCREE
  0
POLYLINE
  5
16AD
  8
PACKAGE_GEOMETRY_SILKSCREE
 66
     1
 10
0.0
 20
0.0
 30
0.0
 40
0.1524
 41
0.1524
  0
VERTEX
  5
F932
  8
PACKAGE_GEOMETRY_SILKSCREE
 10
18.368264
 20
3.7099239999999991
 30
0.0
  0
VERTEX
  5
F933
  8
PACKAGE_GEOMETRY_SILKSCREE
 10
18.368264
 20
3.310127999999998
 30
0.0
  0
SEQEND
  5
F934
  8
PACKAGE_GEOMETRY_SILKSCREE
  0
POLYLINE
  5
16B1
  8
PIN_TOP
 66
     1
 10
0.0
 20
0.0
 30
0.0
 70
     1
  0
VERTEX
  5
F935
  8
PIN_TOP
 10
35.915599999999998
 20
3.0012639999999982
 30
0.0
  0
VERTEX
  5
F936
  8
PIN_TOP
 10
36.220399999999998
 20
3.0012639999999982
 30
0.0
  0
VERTEX
  5
F937
  8
PIN_TOP
 10
36.220399999999998
 20
2.696463999999998
 30
0.0
  0
VERTEX
  5
F938
  8
PIN_TOP
 10
35.915599999999998
 20
2.696463999999998
 30
0.0
  0
SEQEND
  5
F939
  8
PIN_TOP
  0
POLYLINE
  5
16B7
  8
PIN_TOP
 66
     1
 10
0.0
 20
0.0
 30
0.0
 70
     1
  0
VERTEX
  5
F93A
  8
PIN_TOP
 10
35.915599999999998
 20
3.5011359999999989
 30
0.0
  0
VERTEX
  5
F93B
  8
PIN_TOP
 10
36.220399999999998
 20
3.5011359999999989
 30
0.0
  0
VERTEX
  5
F93C
  8
PIN_TOP
 10
36.220399999999998
 20
3.1963360000000001
 30
0.0
  0
VERTEX
  5
F93D
  8
PIN_TOP
 10
35.915599999999998
 20
3.1963360000000001
 30
0.0
  0
SEQEND
  5
F93E
  8
PIN_TOP
  0
POLYLINE
  5
16BD
  8
PACKAGE_GEOMETRY_SILKSCREE
 66
     1
 10
0.0
 20
0.0
 30
0.0
 40
0.1524
 41
0.1524
  0
VERTEX
  5
F93F
  8
PACKAGE_GEOMETRY_SILKSCREE
 10
35.818064
 20
2.598927999999999
 30
0.0
  0
VERTEX
  5
F940
  8
PACKAGE_GEOMETRY_SILKSCREE
 10
35.818064
 20
2.9987240000000002
 30
0.0
  0
SEQEND
  5
F941
  8
PACKAGE_GEOMETRY_SILKSCREE
  0
POLYLINE
  5
16C1
  8
PACKAGE_GEOMETRY_SILKSCREE
 66
     1
 10
0.0
 20
0.0
 30
0.0
 40
0.1524
 41
0.1524
  0
VERTEX
  5
F942
  8
PACKAGE_GEOMETRY_SILKSCREE
 10
36.317936000000003
 20
2.598927999999999
 30
0.0
  0
VERTEX
  5
F943
  8
PACKAGE_GEOMETRY_SILKSCREE
 10
35.818064
 20
2.598927999999999
 30
0.0
  0
SEQEND
  5
F944
  8
PACKAGE_GEOMETRY_SILKSCREE
  0
POLYLINE
  5
16C5
  8
PACKAGE_GEOMETRY_SILKSCREE
 66
     1
 10
0.0
 20
0.0
 30
0.0
 40
0.1524
 41
0.1524
  0
VERTEX
  5
F945
  8
PACKAGE_GEOMETRY_SILKSCREE
 10
36.317936000000003
 20
2.9987240000000002
 30
0.0
  0
VERTEX
  5
F946
  8
PACKAGE_GEOMETRY_SILKSCREE
 10
36.317936000000003
 20
2.598927999999999
 30
0.0
  0
SEQEND
  5
F947
  8
PACKAGE_GEOMETRY_SILKSCREE
  0
POLYLINE
  5
16C9
  8
PACKAGE_GEOMETRY_SILKSCREE
 66
     1
 10
0.0
 20
0.0
 30
0.0
 40
0.1524
 41
0.1524
  0
VERTEX
  5
F948
  8
PACKAGE_GEOMETRY_SILKSCREE
 10
35.818064
 20
3.5986720000000001
 30
0.0
  0
VERTEX
  5
F949
  8
PACKAGE_GEOMETRY_SILKSCREE
 10
35.818064
 20
3.1988759999999981
 30
0.0
  0
SEQEND
  5
F94A
  8
PACKAGE_GEOMETRY_SILKSCREE
  0
POLYLINE
  5
16CD
  8
PACKAGE_GEOMETRY_SILKSCREE
 66
     1
 10
0.0
 20
0.0
 30
0.0
 40
0.1524
 41
0.1524
  0
VERTEX
  5
F94B
  8
PACKAGE_GEOMETRY_SILKSCREE
 10
36.317936000000003
 20
3.5986720000000001
 30
0.0
  0
VERTEX
  5
F94C
  8
PACKAGE_GEOMETRY_SILKSCREE
 10
35.818064
 20
3.5986720000000001
 30
0.0
  0
SEQEND
  5
F94D
  8
PACKAGE_GEOMETRY_SILKSCREE
  0
POLYLINE
  5
16D1
  8
PACKAGE_GEOMETRY_SILKSCREE
 66
     1
 10
0.0
 20
0.0
 30
0.0
 40
0.1524
 41
0.1524
  0
VERTEX
  5
F94E
  8
PACKAGE_GEOMETRY_SILKSCREE
 10
36.317936000000003
 20
3.1988759999999981
 30
0.0
  0
VERTEX
  5
F94F
  8
PACKAGE_GEOMETRY_SILKSCREE
 10
36.317936000000003
 20
3.5986720000000001
 30
0.0
  0
SEQEND
  5
F950
  8
PACKAGE_GEOMETRY_SILKSCREE
  0
POLYLINE
  5
16D5
  8
PIN_TOP
 66
     1
 10
0.0
 20
0.0
 30
0.0
 70
     1
  0
VERTEX
  5
F951
  8
PIN_TOP
 10
18.952463999999999
 20
5.4863999999999979
 30
0.0
  0
VERTEX
  5
F952
  8
PIN_TOP
 10
18.952463999999999
 20
5.1816000000000004
 30
0.0
  0
VERTEX
  5
F953
  8
PIN_TOP
 10
18.647663999999999
 20
5.1816000000000004
 30
0.0
  0
VERTEX
  5
F954
  8
PIN_TOP
 10
18.647663999999999
 20
5.4863999999999979
 30
0.0
  0
SEQEND
  5
F955
  8
PIN_TOP
  0
POLYLINE
  5
16DB
  8
PIN_TOP
 66
     1
 10
0.0
 20
0.0
 30
0.0
 70
     1
  0
VERTEX
  5
F956
  8
PIN_TOP
 10
19.452335999999999
 20
5.4863999999999979
 30
0.0
  0
VERTEX
  5
F957
  8
PIN_TOP
 10
19.452335999999999
 20
5.1816000000000004
 30
0.0
  0
VERTEX
  5
F958
  8
PIN_TOP
 10
19.147535999999999
 20
5.1816000000000004
 30
0.0
  0
VERTEX
  5
F959
  8
PIN_TOP
 10
19.147535999999999
 20
5.4863999999999979
 30
0.0
  0
SEQEND
  5
F95A
  8
PIN_TOP
  0
POLYLINE
  5
16E1
  8
PACKAGE_GEOMETRY_SILKSCREE
 66
     1
 10
0.0
 20
0.0
 30
0.0
 40
0.1524
 41
0.1524
  0
VERTEX
  5
F95B
  8
PACKAGE_GEOMETRY_SILKSCREE
 10
18.550128000000001
 20
5.5839359999999987
 30
0.0
  0
VERTEX
  5
F95C
  8
PACKAGE_GEOMETRY_SILKSCREE
 10
18.949923999999999
 20
5.5839359999999987
 30
0.0
  0
SEQEND
  5
F95D
  8
PACKAGE_GEOMETRY_SILKSCREE
  0
POLYLINE
  5
16E5
  8
PACKAGE_GEOMETRY_SILKSCREE
 66
     1
 10
0.0
 20
0.0
 30
0.0
 40
0.1524
 41
0.1524
  0
VERTEX
  5
F95E
  8
PACKAGE_GEOMETRY_SILKSCREE
 10
18.550128000000001
 20
5.0840639999999979
 30
0.0
  0
VERTEX
  5
F95F
  8
PACKAGE_GEOMETRY_SILKSCREE
 10
18.550128000000001
 20
5.5839359999999987
 30
0.0
  0
SEQEND
  5
F960
  8
PACKAGE_GEOMETRY_SILKSCREE
  0
POLYLINE
  5
16E9
  8
PACKAGE_GEOMETRY_SILKSCREE
 66
     1
 10
0.0
 20
0.0
 30
0.0
 40
0.1524
 41
0.1524
  0
VERTEX
  5
F961
  8
PACKAGE_GEOMETRY_SILKSCREE
 10
18.949923999999999
 20
5.0840639999999979
 30
0.0
  0
VERTEX
  5
F962
  8
PACKAGE_GEOMETRY_SILKSCREE
 10
18.550128000000001
 20
5.0840639999999979
 30
0.0
  0
SEQEND
  5
F963
  8
PACKAGE_GEOMETRY_SILKSCREE
  0
POLYLINE
  5
16ED
  8
PACKAGE_GEOMETRY_SILKSCREE
 66
     1
 10
0.0
 20
0.0
 30
0.0
 40
0.1524
 41
0.1524
  0
VERTEX
  5
F964
  8
PACKAGE_GEOMETRY_SILKSCREE
 10
19.549872000000001
 20
5.5839359999999987
 30
0.0
  0
VERTEX
  5
F965
  8
PACKAGE_GEOMETRY_SILKSCREE
 10
19.150075999999999
 20
5.5839359999999987
 30
0.0
  0
SEQEND
  5
F966
  8
PACKAGE_GEOMETRY_SILKSCREE
  0
POLYLINE
  5
16F1
  8
PACKAGE_GEOMETRY_SILKSCREE
 66
     1
 10
0.0
 20
0.0
 30
0.0
 40
0.1524
 41
0.1524
  0
VERTEX
  5
F967
  8
PACKAGE_GEOMETRY_SILKSCREE
 10
19.549872000000001
 20
5.0840639999999979
 30
0.0
  0
VERTEX
  5
F968
  8
PACKAGE_GEOMETRY_SILKSCREE
 10
19.549872000000001
 20
5.5839359999999987
 30
0.0
  0
SEQEND
  5
F969
  8
PACKAGE_GEOMETRY_SILKSCREE
  0
POLYLINE
  5
16F5
  8
PACKAGE_GEOMETRY_SILKSCREE
 66
     1
 10
0.0
 20
0.0
 30
0.0
 40
0.1524
 41
0.1524
  0
VERTEX
  5
F96A
  8
PACKAGE_GEOMETRY_SILKSCREE
 10
19.150075999999999
 20
5.0840639999999979
 30
0.0
  0
VERTEX
  5
F96B
  8
PACKAGE_GEOMETRY_SILKSCREE
 10
19.549872000000001
 20
5.0840639999999979
 30
0.0
  0
SEQEND
  5
F96C
  8
PACKAGE_GEOMETRY_SILKSCREE
  0
POLYLINE
  5
16F9
  8
PIN_TOP
 66
     1
 10
0.0
 20
0.0
 30
0.0
 70
     1
  0
VERTEX
  5
F96D
  8
PIN_TOP
 10
25.0444
 20
4.4155360000000003
 30
0.0
  0
VERTEX
  5
F96E
  8
PIN_TOP
 10
24.739599999999999
 20
4.4155360000000003
 30
0.0
  0
VERTEX
  5
F96F
  8
PIN_TOP
 10
24.739599999999999
 20
4.7203359999999988
 30
0.0
  0
VERTEX
  5
F970
  8
PIN_TOP
 10
25.0444
 20
4.7203359999999988
 30
0.0
  0
SEQEND
  5
F971
  8
PIN_TOP
  0
POLYLINE
  5
16FF
  8
PIN_TOP
 66
     1
 10
0.0
 20
0.0
 30
0.0
 70
     1
  0
VERTEX
  5
F972
  8
PIN_TOP
 10
25.0444
 20
3.9156639999999991
 30
0.0
  0
VERTEX
  5
F973
  8
PIN_TOP
 10
24.739599999999999
 20
3.9156639999999991
 30
0.0
  0
VERTEX
  5
F974
  8
PIN_TOP
 10
24.739599999999999
 20
4.220463999999998
 30
0.0
  0
VERTEX
  5
F975
  8
PIN_TOP
 10
25.0444
 20
4.220463999999998
 30
0.0
  0
SEQEND
  5
F976
  8
PIN_TOP
  0
POLYLINE
  5
1705
  8
PACKAGE_GEOMETRY_SILKSCREE
 66
     1
 10
0.0
 20
0.0
 30
0.0
 40
0.1524
 41
0.1524
  0
VERTEX
  5
F977
  8
PACKAGE_GEOMETRY_SILKSCREE
 10
25.141936000000001
 20
4.8178720000000004
 30
0.0
  0
VERTEX
  5
F978
  8
PACKAGE_GEOMETRY_SILKSCREE
 10
25.141936000000001
 20
4.4180760000000001
 30
0.0
  0
SEQEND
  5
F979
  8
PACKAGE_GEOMETRY_SILKSCREE
  0
POLYLINE
  5
1709
  8
PACKAGE_GEOMETRY_SILKSCREE
 66
     1
 10
0.0
 20
0.0
 30
0.0
 40
0.1524
 41
0.1524
  0
VERTEX
  5
F97A
  8
PACKAGE_GEOMETRY_SILKSCREE
 10
24.642064000000001
 20
4.8178720000000004
 30
0.0
  0
VERTEX
  5
F97B
  8
PACKAGE_GEOMETRY_SILKSCREE
 10
25.141936000000001
 20
4.8178720000000004
 30
0.0
  0
SEQEND
  5
F97C
  8
PACKAGE_GEOMETRY_SILKSCREE
  0
POLYLINE
  5
170D
  8
PACKAGE_GEOMETRY_SILKSCREE
 66
     1
 10
0.0
 20
0.0
 30
0.0
 40
0.1524
 41
0.1524
  0
VERTEX
  5
F97D
  8
PACKAGE_GEOMETRY_SILKSCREE
 10
24.642064000000001
 20
4.4180760000000001
 30
0.0
  0
VERTEX
  5
F97E
  8
PACKAGE_GEOMETRY_SILKSCREE
 10
24.642064000000001
 20
4.8178720000000004
 30
0.0
  0
SEQEND
  5
F97F
  8
PACKAGE_GEOMETRY_SILKSCREE
  0
POLYLINE
  5
1711
  8
PACKAGE_GEOMETRY_SILKSCREE
 66
     1
 10
0.0
 20
0.0
 30
0.0
 40
0.1524
 41
0.1524
  0
VERTEX
  5
F980
  8
PACKAGE_GEOMETRY_SILKSCREE
 10
25.141936000000001
 20
3.8181279999999989
 30
0.0
  0
VERTEX
  5
F981
  8
PACKAGE_GEOMETRY_SILKSCREE
 10
25.141936000000001
 20
4.217924
 30
0.0
  0
SEQEND
  5
F982
  8
PACKAGE_GEOMETRY_SILKSCREE
  0
POLYLINE
  5
1715
  8
PACKAGE_GEOMETRY_SILKSCREE
 66
     1
 10
0.0
 20
0.0
 30
0.0
 40
0.1524
 41
0.1524
  0
VERTEX
  5
F983
  8
PACKAGE_GEOMETRY_SILKSCREE
 10
24.642064000000001
 20
3.8181279999999989
 30
0.0
  0
VERTEX
  5
F984
  8
PACKAGE_GEOMETRY_SILKSCREE
 10
25.141936000000001
 20
3.8181279999999989
 30
0.0
  0
SEQEND
  5
F985
  8
PACKAGE_GEOMETRY_SILKSCREE
  0
POLYLINE
  5
1719
  8
PACKAGE_GEOMETRY_SILKSCREE
 66
     1
 10
0.0
 20
0.0
 30
0.0
 40
0.1524
 41
0.1524
  0
VERTEX
  5
F986
  8
PACKAGE_GEOMETRY_SILKSCREE
 10
24.642064000000001
 20
4.217924
 30
0.0
  0
VERTEX
  5
F987
  8
PACKAGE_GEOMETRY_SILKSCREE
 10
24.642064000000001
 20
3.8181279999999989
 30
0.0
  0
SEQEND
  5
F988
  8
PACKAGE_GEOMETRY_SILKSCREE
  0
POLYLINE
  5
171D
  8
PIN_TOP
 66
     1
 10
0.0
 20
0.0
 30
0.0
 70
     1
  0
VERTEX
  5
F989
  8
PIN_TOP
 10
26.394663999999999
 20
3.9115999999999991
 30
0.0
  0
VERTEX
  5
F98A
  8
PIN_TOP
 10
26.394663999999999
 20
4.2164000000000001
 30
0.0
  0
VERTEX
  5
F98B
  8
PIN_TOP
 10
26.69946400000001
 20
4.2164000000000001
 30
0.0
  0
VERTEX
  5
F98C
  8
PIN_TOP
 10
26.69946400000001
 20
3.9115999999999991
 30
0.0
  0
SEQEND
  5
F98D
  8
PIN_TOP
  0
POLYLINE
  5
1723
  8
PIN_TOP
 66
     1
 10
0.0
 20
0.0
 30
0.0
 70
     1
  0
VERTEX
  5
F98E
  8
PIN_TOP
 10
26.894535999999999
 20
3.9115999999999991
 30
0.0
  0
VERTEX
  5
F98F
  8
PIN_TOP
 10
26.894535999999999
 20
4.2164000000000001
 30
0.0
  0
VERTEX
  5
F990
  8
PIN_TOP
 10
27.199335999999999
 20
4.2164000000000001
 30
0.0
  0
VERTEX
  5
F991
  8
PIN_TOP
 10
27.199335999999999
 20
3.9115999999999991
 30
0.0
  0
SEQEND
  5
F992
  8
PIN_TOP
  0
POLYLINE
  5
1729
  8
PACKAGE_GEOMETRY_SILKSCREE
 66
     1
 10
0.0
 20
0.0
 30
0.0
 40
0.1524
 41
0.1524
  0
VERTEX
  5
F993
  8
PACKAGE_GEOMETRY_SILKSCREE
 10
27.296617999999999
 20
3.8143180000000001
 30
0.0
  0
VERTEX
  5
F994
  8
PACKAGE_GEOMETRY_SILKSCREE
 10
26.896822
 20
3.8143180000000001
 30
0.0
  0
SEQEND
  5
F995
  8
PACKAGE_GEOMETRY_SILKSCREE
  0
POLYLINE
  5
172D
  8
PACKAGE_GEOMETRY_SILKSCREE
 66
     1
 10
0.0
 20
0.0
 30
0.0
 40
0.1524
 41
0.1524
  0
VERTEX
  5
F996
  8
PACKAGE_GEOMETRY_SILKSCREE
 10
27.296617999999999
 20
4.3139359999999991
 30
0.0
  0
VERTEX
  5
F997
  8
PACKAGE_GEOMETRY_SILKSCREE
 10
27.296617999999999
 20
3.8143180000000001
 30
0.0
  0
SEQEND
  5
F998
  8
PACKAGE_GEOMETRY_SILKSCREE
  0
POLYLINE
  5
1731
  8
PACKAGE_GEOMETRY_SILKSCREE
 66
     1
 10
0.0
 20
0.0
 30
0.0
 40
0.1524
 41
0.1524
  0
VERTEX
  5
F999
  8
PACKAGE_GEOMETRY_SILKSCREE
 10
26.896822
 20
4.3139359999999991
 30
0.0
  0
VERTEX
  5
F99A
  8
PACKAGE_GEOMETRY_SILKSCREE
 10
27.296617999999999
 20
4.3139359999999991
 30
0.0
  0
SEQEND
  5
F99B
  8
PACKAGE_GEOMETRY_SILKSCREE
  0
POLYLINE
  5
1735
  8
PACKAGE_GEOMETRY_SILKSCREE
 66
     1
 10
0.0
 20
0.0
 30
0.0
 40
0.1524
 41
0.1524
  0
VERTEX
  5
F99C
  8
PACKAGE_GEOMETRY_SILKSCREE
 10
26.297128000000001
 20
3.8143180000000001
 30
0.0
  0
VERTEX
  5
F99D
  8
PACKAGE_GEOMETRY_SILKSCREE
 10
26.696923999999999
 20
3.8143180000000001
 30
0.0
  0
SEQEND
  5
F99E
  8
PACKAGE_GEOMETRY_SILKSCREE
  0
POLYLINE
  5
1739
  8
PACKAGE_GEOMETRY_SILKSCREE
 66
     1
 10
0.0
 20
0.0
 30
0.0
 40
0.1524
 41
0.1524
  0
VERTEX
  5
F99F
  8
PACKAGE_GEOMETRY_SILKSCREE
 10
26.297128000000001
 20
4.3139359999999991
 30
0.0
  0
VERTEX
  5
F9A0
  8
PACKAGE_GEOMETRY_SILKSCREE
 10
26.297128000000001
 20
3.8143180000000001
 30
0.0
  0
SEQEND
  5
F9A1
  8
PACKAGE_GEOMETRY_SILKSCREE
  0
POLYLINE
  5
173D
  8
PACKAGE_GEOMETRY_SILKSCREE
 66
     1
 10
0.0
 20
0.0
 30
0.0
 40
0.1524
 41
0.1524
  0
VERTEX
  5
F9A2
  8
PACKAGE_GEOMETRY_SILKSCREE
 10
26.696923999999999
 20
4.3139359999999991
 30
0.0
  0
VERTEX
  5
F9A3
  8
PACKAGE_GEOMETRY_SILKSCREE
 10
26.297128000000001
 20
4.3139359999999991
 30
0.0
  0
SEQEND
  5
F9A4
  8
PACKAGE_GEOMETRY_SILKSCREE
  0
POLYLINE
  5
1741
  8
PIN_TOP
 66
     1
 10
0.0
 20
0.0
 30
0.0
 70
     1
  0
VERTEX
  5
F9A5
  8
PIN_TOP
 10
33.887664000000001
 20
0.8636000000000002
 30
0.0
  0
VERTEX
  5
F9A6
  8
PIN_TOP
 10
33.887664000000001
 20
1.1684000000000001
 30
0.0
  0
VERTEX
  5
F9A7
  8
PIN_TOP
 10
34.192464000000001
 20
1.1684000000000001
 30
0.0
  0
VERTEX
  5
F9A8
  8
PIN_TOP
 10
34.192464000000001
 20
0.8636000000000002
 30
0.0
  0
SEQEND
  5
F9A9
  8
PIN_TOP
  0
POLYLINE
  5
1747
  8
PIN_TOP
 66
     1
 10
0.0
 20
0.0
 30
0.0
 70
     1
  0
VERTEX
  5
F9AA
  8
PIN_TOP
 10
34.387535999999997
 20
0.8636000000000002
 30
0.0
  0
VERTEX
  5
F9AB
  8
PIN_TOP
 10
34.387535999999997
 20
1.1684000000000001
 30
0.0
  0
VERTEX
  5
F9AC
  8
PIN_TOP
 10
34.692335999999997
 20
1.1684000000000001
 30
0.0
  0
VERTEX
  5
F9AD
  8
PIN_TOP
 10
34.692335999999997
 20
0.8636000000000002
 30
0.0
  0
SEQEND
  5
F9AE
  8
PIN_TOP
  0
POLYLINE
  5
174D
  8
PACKAGE_GEOMETRY_SILKSCREE
 66
     1
 10
0.0
 20
0.0
 30
0.0
 40
0.1524
 41
0.1524
  0
VERTEX
  5
F9AF
  8
PACKAGE_GEOMETRY_SILKSCREE
 10
34.790126000000001
 20
0.7660640000000001
 30
0.0
  0
VERTEX
  5
F9B0
  8
PACKAGE_GEOMETRY_SILKSCREE
 10
34.390329999999999
 20
0.7660640000000001
 30
0.0
  0
SEQEND
  5
F9B1
  8
PACKAGE_GEOMETRY_SILKSCREE
  0
POLYLINE
  5
1751
  8
PACKAGE_GEOMETRY_SILKSCREE
 66
     1
 10
0.0
 20
0.0
 30
0.0
 40
0.1524
 41
0.1524
  0
VERTEX
  5
F9B2
  8
PACKAGE_GEOMETRY_SILKSCREE
 10
34.78987200000001
 20
1.2659359999999991
 30
0.0
  0
VERTEX
  5
F9B3
  8
PACKAGE_GEOMETRY_SILKSCREE
 10
34.790126000000001
 20
0.7660640000000001
 30
0.0
  0
SEQEND
  5
F9B4
  8
PACKAGE_GEOMETRY_SILKSCREE
  0
POLYLINE
  5
1755
  8
PACKAGE_GEOMETRY_SILKSCREE
 66
     1
 10
0.0
 20
0.0
 30
0.0
 40
0.1524
 41
0.1524
  0
VERTEX
  5
F9B5
  8
PACKAGE_GEOMETRY_SILKSCREE
 10
34.390076000000001
 20
1.2659359999999991
 30
0.0
  0
VERTEX
  5
F9B6
  8
PACKAGE_GEOMETRY_SILKSCREE
 10
34.78987200000001
 20
1.2659359999999991
 30
0.0
  0
SEQEND
  5
F9B7
  8
PACKAGE_GEOMETRY_SILKSCREE
  0
POLYLINE
  5
1759
  8
PACKAGE_GEOMETRY_SILKSCREE
 66
     1
 10
0.0
 20
0.0
 30
0.0
 40
0.1524
 41
0.1524
  0
VERTEX
  5
F9B8
  8
PACKAGE_GEOMETRY_SILKSCREE
 10
33.790382000000001
 20
0.7660640000000001
 30
0.0
  0
VERTEX
  5
F9B9
  8
PACKAGE_GEOMETRY_SILKSCREE
 10
34.19017800000001
 20
0.7660640000000001
 30
0.0
  0
SEQEND
  5
F9BA
  8
PACKAGE_GEOMETRY_SILKSCREE
  0
POLYLINE
  5
175D
  8
PACKAGE_GEOMETRY_SILKSCREE
 66
     1
 10
0.0
 20
0.0
 30
0.0
 40
0.1524
 41
0.1524
  0
VERTEX
  5
F9BB
  8
PACKAGE_GEOMETRY_SILKSCREE
 10
33.790382000000001
 20
1.2659359999999991
 30
0.0
  0
VERTEX
  5
F9BC
  8
PACKAGE_GEOMETRY_SILKSCREE
 10
33.790382000000001
 20
0.7660640000000001
 30
0.0
  0
SEQEND
  5
F9BD
  8
PACKAGE_GEOMETRY_SILKSCREE
  0
POLYLINE
  5
1761
  8
PACKAGE_GEOMETRY_SILKSCREE
 66
     1
 10
0.0
 20
0.0
 30
0.0
 40
0.1524
 41
0.1524
  0
VERTEX
  5
F9BE
  8
PACKAGE_GEOMETRY_SILKSCREE
 10
34.19017800000001
 20
1.2659359999999991
 30
0.0
  0
VERTEX
  5
F9BF
  8
PACKAGE_GEOMETRY_SILKSCREE
 10
33.790382000000001
 20
1.2659359999999991
 30
0.0
  0
SEQEND
  5
F9C0
  8
PACKAGE_GEOMETRY_SILKSCREE
  0
POLYLINE
  5
1765
  8
PIN_TOP
 66
     1
 10
0.0
 20
0.0
 30
0.0
 70
     1
  0
VERTEX
  5
F9C1
  8
PIN_TOP
 10
19.4056
 20
3.407664
 30
0.0
  0
VERTEX
  5
F9C2
  8
PIN_TOP
 10
19.1008
 20
3.407664
 30
0.0
  0
VERTEX
  5
F9C3
  8
PIN_TOP
 10
19.1008
 20
3.7124639999999989
 30
0.0
  0
VERTEX
  5
F9C4
  8
PIN_TOP
 10
19.4056
 20
3.7124639999999989
 30
0.0
  0
SEQEND
  5
F9C5
  8
PIN_TOP
  0
POLYLINE
  5
176B
  8
PIN_TOP
 66
     1
 10
0.0
 20
0.0
 30
0.0
 70
     1
  0
VERTEX
  5
F9C6
  8
PIN_TOP
 10
19.4056
 20
3.9075359999999981
 30
0.0
  0
VERTEX
  5
F9C7
  8
PIN_TOP
 10
19.1008
 20
3.9075359999999981
 30
0.0
  0
VERTEX
  5
F9C8
  8
PIN_TOP
 10
19.1008
 20
4.2123359999999987
 30
0.0
  0
VERTEX
  5
F9C9
  8
PIN_TOP
 10
19.4056
 20
4.2123359999999987
 30
0.0
  0
SEQEND
  5
F9CA
  8
PIN_TOP
  0
POLYLINE
  5
1771
  8
PACKAGE_GEOMETRY_SILKSCREE
 66
     1
 10
0.0
 20
0.0
 30
0.0
 40
0.1524
 41
0.1524
  0
VERTEX
  5
F9CB
  8
PACKAGE_GEOMETRY_SILKSCREE
 10
19.50339
 20
4.3098720000000004
 30
0.0
  0
VERTEX
  5
F9CC
  8
PACKAGE_GEOMETRY_SILKSCREE
 10
19.50339
 20
3.9100760000000001
 30
0.0
  0
SEQEND
  5
F9CD
  8
PACKAGE_GEOMETRY_SILKSCREE
  0
POLYLINE
  5
1775
  8
PACKAGE_GEOMETRY_SILKSCREE
 66
     1
 10
0.0
 20
0.0
 30
0.0
 40
0.1524
 41
0.1524
  0
VERTEX
  5
F9CE
  8
PACKAGE_GEOMETRY_SILKSCREE
 10
19.003264000000001
 20
4.3098720000000004
 30
0.0
  0
VERTEX
  5
F9CF
  8
PACKAGE_GEOMETRY_SILKSCREE
 10
19.50339
 20
4.3098720000000004
 30
0.0
  0
SEQEND
  5
F9D0
  8
PACKAGE_GEOMETRY_SILKSCREE
  0
POLYLINE
  5
1779
  8
PACKAGE_GEOMETRY_SILKSCREE
 66
     1
 10
0.0
 20
0.0
 30
0.0
 40
0.1524
 41
0.1524
  0
VERTEX
  5
F9D1
  8
PACKAGE_GEOMETRY_SILKSCREE
 10
19.003264000000001
 20
3.9100760000000001
 30
0.0
  0
VERTEX
  5
F9D2
  8
PACKAGE_GEOMETRY_SILKSCREE
 10
19.003264000000001
 20
4.3098720000000004
 30
0.0
  0
SEQEND
  5
F9D3
  8
PACKAGE_GEOMETRY_SILKSCREE
  0
POLYLINE
  5
177D
  8
PACKAGE_GEOMETRY_SILKSCREE
 66
     1
 10
0.0
 20
0.0
 30
0.0
 40
0.1524
 41
0.1524
  0
VERTEX
  5
F9D4
  8
PACKAGE_GEOMETRY_SILKSCREE
 10
19.503136000000001
 20
3.310127999999998
 30
0.0
  0
VERTEX
  5
F9D5
  8
PACKAGE_GEOMETRY_SILKSCREE
 10
19.503136000000001
 20
3.7099239999999991
 30
0.0
  0
SEQEND
  5
F9D6
  8
PACKAGE_GEOMETRY_SILKSCREE
  0
POLYLINE
  5
1781
  8
PACKAGE_GEOMETRY_SILKSCREE
 66
     1
 10
0.0
 20
0.0
 30
0.0
 40
0.1524
 41
0.1524
  0
VERTEX
  5
F9D7
  8
PACKAGE_GEOMETRY_SILKSCREE
 10
19.003264000000001
 20
3.3103820000000002
 30
0.0
  0
VERTEX
  5
F9D8
  8
PACKAGE_GEOMETRY_SILKSCREE
 10
19.503136000000001
 20
3.310127999999998
 30
0.0
  0
SEQEND
  5
F9D9
  8
PACKAGE_GEOMETRY_SILKSCREE
  0
POLYLINE
  5
1785
  8
PACKAGE_GEOMETRY_SILKSCREE
 66
     1
 10
0.0
 20
0.0
 30
0.0
 40
0.1524
 41
0.1524
  0
VERTEX
  5
F9DA
  8
PACKAGE_GEOMETRY_SILKSCREE
 10
19.003264000000001
 20
3.7101779999999991
 30
0.0
  0
VERTEX
  5
F9DB
  8
PACKAGE_GEOMETRY_SILKSCREE
 10
19.003264000000001
 20
3.3103820000000002
 30
0.0
  0
SEQEND
  5
F9DC
  8
PACKAGE_GEOMETRY_SILKSCREE
  0
POLYLINE
  5
1789
  8
PIN_TOP
 66
     1
 10
0.0
 20
0.0
 30
0.0
 70
     1
  0
VERTEX
  5
F9DD
  8
PIN_TOP
 10
14.600936000000001
 20
9.1693999999999996
 30
0.0
  0
VERTEX
  5
F9DE
  8
PIN_TOP
 10
14.600936000000001
 20
8.8645999999999976
 30
0.0
  0
VERTEX
  5
F9DF
  8
PIN_TOP
 10
14.296136000000001
 20
8.8645999999999976
 30
0.0
  0
VERTEX
  5
F9E0
  8
PIN_TOP
 10
14.296136000000001
 20
9.1693999999999996
 30
0.0
  0
SEQEND
  5
F9E1
  8
PIN_TOP
  0
POLYLINE
  5
178F
  8
PIN_TOP
 66
     1
 10
0.0
 20
0.0
 30
0.0
 70
     1
  0
VERTEX
  5
F9E2
  8
PIN_TOP
 10
14.101063999999999
 20
9.1693999999999996
 30
0.0
  0
VERTEX
  5
F9E3
  8
PIN_TOP
 10
14.101063999999999
 20
8.8645999999999976
 30
0.0
  0
VERTEX
  5
F9E4
  8
PIN_TOP
 10
13.796264000000001
 20
8.8645999999999976
 30
0.0
  0
VERTEX
  5
F9E5
  8
PIN_TOP
 10
13.796264000000001
 20
9.1693999999999996
 30
0.0
  0
SEQEND
  5
F9E6
  8
PIN_TOP
  0
POLYLINE
  5
1795
  8
PACKAGE_GEOMETRY_SILKSCREE
 66
     1
 10
0.0
 20
0.0
 30
0.0
 40
0.1524
 41
0.1524
  0
VERTEX
  5
F9E7
  8
PACKAGE_GEOMETRY_SILKSCREE
 10
14.298676
 20
8.7668100000000013
 30
0.0
  0
VERTEX
  5
F9E8
  8
PACKAGE_GEOMETRY_SILKSCREE
 10
14.698472000000001
 20
8.7668100000000013
 30
0.0
  0
SEQEND
  5
F9E9
  8
PACKAGE_GEOMETRY_SILKSCREE
  0
POLYLINE
  5
1799
  8
PACKAGE_GEOMETRY_SILKSCREE
 66
     1
 10
0.0
 20
0.0
 30
0.0
 40
0.1524
 41
0.1524
  0
VERTEX
  5
F9EA
  8
PACKAGE_GEOMETRY_SILKSCREE
 10
14.698472000000001
 20
8.7668100000000013
 30
0.0
  0
VERTEX
  5
F9EB
  8
PACKAGE_GEOMETRY_SILKSCREE
 10
14.698472000000001
 20
9.2669359999999994
 30
0.0
  0
SEQEND
  5
F9EC
  8
PACKAGE_GEOMETRY_SILKSCREE
  0
POLYLINE
  5
179D
  8
PACKAGE_GEOMETRY_SILKSCREE
 66
     1
 10
0.0
 20
0.0
 30
0.0
 40
0.1524
 41
0.1524
  0
VERTEX
  5
F9ED
  8
PACKAGE_GEOMETRY_SILKSCREE
 10
14.698472000000001
 20
9.2669359999999994
 30
0.0
  0
VERTEX
  5
F9EE
  8
PACKAGE_GEOMETRY_SILKSCREE
 10
14.298676
 20
9.2669359999999994
 30
0.0
  0
SEQEND
  5
F9EF
  8
PACKAGE_GEOMETRY_SILKSCREE
  0
POLYLINE
  5
17A1
  8
PACKAGE_GEOMETRY_SILKSCREE
 66
     1
 10
0.0
 20
0.0
 30
0.0
 40
0.1524
 41
0.1524
  0
VERTEX
  5
F9F0
  8
PACKAGE_GEOMETRY_SILKSCREE
 10
14.098777999999999
 20
8.7668100000000013
 30
0.0
  0
VERTEX
  5
F9F1
  8
PACKAGE_GEOMETRY_SILKSCREE
 10
13.698727999999999
 20
8.7668100000000013
 30
0.0
  0
SEQEND
  5
F9F2
  8
PACKAGE_GEOMETRY_SILKSCREE
  0
POLYLINE
  5
17A5
  8
PACKAGE_GEOMETRY_SILKSCREE
 66
     1
 10
0.0
 20
0.0
 30
0.0
 40
0.1524
 41
0.1524
  0
VERTEX
  5
F9F3
  8
PACKAGE_GEOMETRY_SILKSCREE
 10
13.698727999999999
 20
8.7668100000000013
 30
0.0
  0
VERTEX
  5
F9F4
  8
PACKAGE_GEOMETRY_SILKSCREE
 10
13.698727999999999
 20
9.2666819999999994
 30
0.0
  0
SEQEND
  5
F9F5
  8
PACKAGE_GEOMETRY_SILKSCREE
  0
POLYLINE
  5
17A9
  8
PACKAGE_GEOMETRY_SILKSCREE
 66
     1
 10
0.0
 20
0.0
 30
0.0
 40
0.1524
 41
0.1524
  0
VERTEX
  5
F9F6
  8
PACKAGE_GEOMETRY_SILKSCREE
 10
13.698727999999999
 20
9.2666819999999994
 30
0.0
  0
VERTEX
  5
F9F7
  8
PACKAGE_GEOMETRY_SILKSCREE
 10
14.098523999999999
 20
9.2666819999999994
 30
0.0
  0
SEQEND
  5
F9F8
  8
PACKAGE_GEOMETRY_SILKSCREE
  0
POLYLINE
  5
17AD
  8
PIN_TOP
 66
     1
 10
0.0
 20
0.0
 30
0.0
 70
     1
  0
VERTEX
  5
F9F9
  8
PIN_TOP
 10
29.696663999999998
 20
2.5146000000000002
 30
0.0
  0
VERTEX
  5
F9FA
  8
PIN_TOP
 10
29.696663999999998
 20
2.819399999999999
 30
0.0
  0
VERTEX
  5
F9FB
  8
PIN_TOP
 10
30.001463999999999
 20
2.819399999999999
 30
0.0
  0
VERTEX
  5
F9FC
  8
PIN_TOP
 10
30.001463999999999
 20
2.5146000000000002
 30
0.0
  0
SEQEND
  5
F9FD
  8
PIN_TOP
  0
POLYLINE
  5
17B3
  8
PIN_TOP
 66
     1
 10
0.0
 20
0.0
 30
0.0
 70
     1
  0
VERTEX
  5
F9FE
  8
PIN_TOP
 10
30.196535999999998
 20
2.5146000000000002
 30
0.0
  0
VERTEX
  5
F9FF
  8
PIN_TOP
 10
30.196535999999998
 20
2.819399999999999
 30
0.0
  0
VERTEX
  5
FA00
  8
PIN_TOP
 10
30.501335999999998
 20
2.819399999999999
 30
0.0
  0
VERTEX
  5
FA01
  8
PIN_TOP
 10
30.501335999999998
 20
2.5146000000000002
 30
0.0
  0
SEQEND
  5
FA02
  8
PIN_TOP
  0
POLYLINE
  5
17B9
  8
PACKAGE_GEOMETRY_SILKSCREE
 66
     1
 10
0.0
 20
0.0
 30
0.0
 40
0.1524
 41
0.1524
  0
VERTEX
  5
FA03
  8
PACKAGE_GEOMETRY_SILKSCREE
 10
29.998923999999999
 20
2.916681999999998
 30
0.0
  0
VERTEX
  5
FA04
  8
PACKAGE_GEOMETRY_SILKSCREE
 10
29.599128000000011
 20
2.916681999999998
 30
0.0
  0
SEQEND
  5
FA05
  8
PACKAGE_GEOMETRY_SILKSCREE
  0
POLYLINE
  5
17BD
  8
PACKAGE_GEOMETRY_SILKSCREE
 66
     1
 10
0.0
 20
0.0
 30
0.0
 40
0.1524
 41
0.1524
  0
VERTEX
  5
FA06
  8
PACKAGE_GEOMETRY_SILKSCREE
 10
29.599128000000011
 20
2.916681999999998
 30
0.0
  0
VERTEX
  5
FA07
  8
PACKAGE_GEOMETRY_SILKSCREE
 10
29.599128000000011
 20
2.416809999999999
 30
0.0
  0
SEQEND
  5
FA08
  8
PACKAGE_GEOMETRY_SILKSCREE
  0
POLYLINE
  5
17C1
  8
PACKAGE_GEOMETRY_SILKSCREE
 66
     1
 10
0.0
 20
0.0
 30
0.0
 40
0.1524
 41
0.1524
  0
VERTEX
  5
FA09
  8
PACKAGE_GEOMETRY_SILKSCREE
 10
29.599128000000011
 20
2.416809999999999
 30
0.0
  0
VERTEX
  5
FA0A
  8
PACKAGE_GEOMETRY_SILKSCREE
 10
29.998923999999999
 20
2.416809999999999
 30
0.0
  0
SEQEND
  5
FA0B
  8
PACKAGE_GEOMETRY_SILKSCREE
  0
POLYLINE
  5
17C5
  8
PACKAGE_GEOMETRY_SILKSCREE
 66
     1
 10
0.0
 20
0.0
 30
0.0
 40
0.1524
 41
0.1524
  0
VERTEX
  5
FA0C
  8
PACKAGE_GEOMETRY_SILKSCREE
 10
30.199076000000002
 20
2.916681999999998
 30
0.0
  0
VERTEX
  5
FA0D
  8
PACKAGE_GEOMETRY_SILKSCREE
 10
30.598872
 20
2.916681999999998
 30
0.0
  0
SEQEND
  5
FA0E
  8
PACKAGE_GEOMETRY_SILKSCREE
  0
POLYLINE
  5
17C9
  8
PACKAGE_GEOMETRY_SILKSCREE
 66
     1
 10
0.0
 20
0.0
 30
0.0
 40
0.1524
 41
0.1524
  0
VERTEX
  5
FA0F
  8
PACKAGE_GEOMETRY_SILKSCREE
 10
30.598872
 20
2.916681999999998
 30
0.0
  0
VERTEX
  5
FA10
  8
PACKAGE_GEOMETRY_SILKSCREE
 10
30.599125999999998
 20
2.416809999999999
 30
0.0
  0
SEQEND
  5
FA11
  8
PACKAGE_GEOMETRY_SILKSCREE
  0
POLYLINE
  5
17CD
  8
PACKAGE_GEOMETRY_SILKSCREE
 66
     1
 10
0.0
 20
0.0
 30
0.0
 40
0.1524
 41
0.1524
  0
VERTEX
  5
FA12
  8
PACKAGE_GEOMETRY_SILKSCREE
 10
30.599125999999998
 20
2.416809999999999
 30
0.0
  0
VERTEX
  5
FA13
  8
PACKAGE_GEOMETRY_SILKSCREE
 10
30.19933
 20
2.416809999999999
 30
0.0
  0
SEQEND
  5
FA14
  8
PACKAGE_GEOMETRY_SILKSCREE
  0
POLYLINE
  5
17D1
  8
PIN_TOP
 66
     1
 10
0.0
 20
0.0
 30
0.0
 70
     1
  0
VERTEX
  5
FA15
  8
PIN_TOP
 10
29.866336
 20
1.5494000000000001
 30
0.0
  0
VERTEX
  5
FA16
  8
PIN_TOP
 10
29.866336
 20
1.244599999999999
 30
0.0
  0
VERTEX
  5
FA17
  8
PIN_TOP
 10
29.561536
 20
1.244599999999999
 30
0.0
  0
VERTEX
  5
FA18
  8
PIN_TOP
 10
29.561536
 20
1.5494000000000001
 30
0.0
  0
SEQEND
  5
FA19
  8
PIN_TOP
  0
POLYLINE
  5
17D7
  8
PIN_TOP
 66
     1
 10
0.0
 20
0.0
 30
0.0
 70
     1
  0
VERTEX
  5
FA1A
  8
PIN_TOP
 10
29.366464000000001
 20
1.5494000000000001
 30
0.0
  0
VERTEX
  5
FA1B
  8
PIN_TOP
 10
29.366464000000001
 20
1.244599999999999
 30
0.0
  0
VERTEX
  5
FA1C
  8
PIN_TOP
 10
29.061664
 20
1.244599999999999
 30
0.0
  0
VERTEX
  5
FA1D
  8
PIN_TOP
 10
29.061664
 20
1.5494000000000001
 30
0.0
  0
SEQEND
  5
FA1E
  8
PIN_TOP
  0
POLYLINE
  5
17DD
  8
PACKAGE_GEOMETRY_SILKSCREE
 66
     1
 10
0.0
 20
0.0
 30
0.0
 40
0.1524
 41
0.1524
  0
VERTEX
  5
FA1F
  8
PACKAGE_GEOMETRY_SILKSCREE
 10
29.564076
 20
1.1470639999999981
 30
0.0
  0
VERTEX
  5
FA20
  8
PACKAGE_GEOMETRY_SILKSCREE
 10
29.963871999999999
 20
1.1470639999999981
 30
0.0
  0
SEQEND
  5
FA21
  8
PACKAGE_GEOMETRY_SILKSCREE
  0
POLYLINE
  5
17E1
  8
PACKAGE_GEOMETRY_SILKSCREE
 66
     1
 10
0.0
 20
0.0
 30
0.0
 40
0.1524
 41
0.1524
  0
VERTEX
  5
FA22
  8
PACKAGE_GEOMETRY_SILKSCREE
 10
29.963871999999999
 20
1.1470639999999981
 30
0.0
  0
VERTEX
  5
FA23
  8
PACKAGE_GEOMETRY_SILKSCREE
 10
29.964126
 20
1.646682
 30
0.0
  0
SEQEND
  5
FA24
  8
PACKAGE_GEOMETRY_SILKSCREE
  0
POLYLINE
  5
17E5
  8
PACKAGE_GEOMETRY_SILKSCREE
 66
     1
 10
0.0
 20
0.0
 30
0.0
 40
0.1524
 41
0.1524
  0
VERTEX
  5
FA25
  8
PACKAGE_GEOMETRY_SILKSCREE
 10
29.964126
 20
1.646682
 30
0.0
  0
VERTEX
  5
FA26
  8
PACKAGE_GEOMETRY_SILKSCREE
 10
29.564330000000002
 20
1.646682
 30
0.0
  0
SEQEND
  5
FA27
  8
PACKAGE_GEOMETRY_SILKSCREE
  0
POLYLINE
  5
17E9
  8
PACKAGE_GEOMETRY_SILKSCREE
 66
     1
 10
0.0
 20
0.0
 30
0.0
 40
0.1524
 41
0.1524
  0
VERTEX
  5
FA28
  8
PACKAGE_GEOMETRY_SILKSCREE
 10
29.363924000000001
 20
1.1470639999999981
 30
0.0
  0
VERTEX
  5
FA29
  8
PACKAGE_GEOMETRY_SILKSCREE
 10
28.964127999999999
 20
1.1470639999999981
 30
0.0
  0
SEQEND
  5
FA2A
  8
PACKAGE_GEOMETRY_SILKSCREE
  0
POLYLINE
  5
17ED
  8
PACKAGE_GEOMETRY_SILKSCREE
 66
     1
 10
0.0
 20
0.0
 30
0.0
 40
0.1524
 41
0.1524
  0
VERTEX
  5
FA2B
  8
PACKAGE_GEOMETRY_SILKSCREE
 10
28.964127999999999
 20
1.1470639999999981
 30
0.0
  0
VERTEX
  5
FA2C
  8
PACKAGE_GEOMETRY_SILKSCREE
 10
28.963874000000001
 20
1.646682
 30
0.0
  0
SEQEND
  5
FA2D
  8
PACKAGE_GEOMETRY_SILKSCREE
  0
POLYLINE
  5
17F1
  8
PACKAGE_GEOMETRY_SILKSCREE
 66
     1
 10
0.0
 20
0.0
 30
0.0
 40
0.1524
 41
0.1524
  0
VERTEX
  5
FA2E
  8
PACKAGE_GEOMETRY_SILKSCREE
 10
28.963874000000001
 20
1.646682
 30
0.0
  0
VERTEX
  5
FA2F
  8
PACKAGE_GEOMETRY_SILKSCREE
 10
29.363669999999999
 20
1.646682
 30
0.0
  0
SEQEND
  5
FA30
  8
PACKAGE_GEOMETRY_SILKSCREE
  0
POLYLINE
  5
17F5
  8
PIN_TOP
 66
     1
 10
0.0
 20
0.0
 30
0.0
 70
     1
  0
VERTEX
  5
FA31
  8
PIN_TOP
 10
51.4604
 20
22.457664000000001
 30
0.0
  0
VERTEX
  5
FA32
  8
PIN_TOP
 10
51.1556
 20
22.457664000000001
 30
0.0
  0
VERTEX
  5
FA33
  8
PIN_TOP
 10
51.1556
 20
22.762464000000001
 30
0.0
  0
VERTEX
  5
FA34
  8
PIN_TOP
 10
51.4604
 20
22.762464000000001
 30
0.0
  0
SEQEND
  5
FA35
  8
PIN_TOP
  0
POLYLINE
  5
17FB
  8
PIN_TOP
 66
     1
 10
0.0
 20
0.0
 30
0.0
 70
     1
  0
VERTEX
  5
FA36
  8
PIN_TOP
 10
51.4604
 20
22.957536000000001
 30
0.0
  0
VERTEX
  5
FA37
  8
PIN_TOP
 10
51.1556
 20
22.957536000000001
 30
0.0
  0
VERTEX
  5
FA38
  8
PIN_TOP
 10
51.1556
 20
23.262336000000001
 30
0.0
  0
VERTEX
  5
FA39
  8
PIN_TOP
 10
51.4604
 20
23.262336000000001
 30
0.0
  0
SEQEND
  5
FA3A
  8
PIN_TOP
  0
POLYLINE
  5
1801
  8
PACKAGE_GEOMETRY_SILKSCREE
 66
     1
 10
0.0
 20
0.0
 30
0.0
 40
0.1524
 41
0.1524
  0
VERTEX
  5
FA3B
  8
PACKAGE_GEOMETRY_SILKSCREE
 10
51.058064000000002
 20
22.759924000000002
 30
0.0
  0
VERTEX
  5
FA3C
  8
PACKAGE_GEOMETRY_SILKSCREE
 10
51.058064000000002
 20
22.360128
 30
0.0
  0
SEQEND
  5
FA3D
  8
PACKAGE_GEOMETRY_SILKSCREE
  0
POLYLINE
  5
1805
  8
PACKAGE_GEOMETRY_SILKSCREE
 66
     1
 10
0.0
 20
0.0
 30
0.0
 40
0.1524
 41
0.1524
  0
VERTEX
  5
FA3E
  8
PACKAGE_GEOMETRY_SILKSCREE
 10
51.058064000000002
 20
22.360128
 30
0.0
  0
VERTEX
  5
FA3F
  8
PACKAGE_GEOMETRY_SILKSCREE
 10
51.55819000000001
 20
22.360128
 30
0.0
  0
SEQEND
  5
FA40
  8
PACKAGE_GEOMETRY_SILKSCREE
  0
POLYLINE
  5
1809
  8
PACKAGE_GEOMETRY_SILKSCREE
 66
     1
 10
0.0
 20
0.0
 30
0.0
 40
0.1524
 41
0.1524
  0
VERTEX
  5
FA41
  8
PACKAGE_GEOMETRY_SILKSCREE
 10
51.55819000000001
 20
22.360128
 30
0.0
  0
VERTEX
  5
FA42
  8
PACKAGE_GEOMETRY_SILKSCREE
 10
51.55819000000001
 20
22.759924000000002
 30
0.0
  0
SEQEND
  5
FA43
  8
PACKAGE_GEOMETRY_SILKSCREE
  0
POLYLINE
  5
180D
  8
PACKAGE_GEOMETRY_SILKSCREE
 66
     1
 10
0.0
 20
0.0
 30
0.0
 40
0.1524
 41
0.1524
  0
VERTEX
  5
FA44
  8
PACKAGE_GEOMETRY_SILKSCREE
 10
51.058064000000002
 20
22.959821999999999
 30
0.0
  0
VERTEX
  5
FA45
  8
PACKAGE_GEOMETRY_SILKSCREE
 10
51.058064000000002
 20
23.359618000000001
 30
0.0
  0
SEQEND
  5
FA46
  8
PACKAGE_GEOMETRY_SILKSCREE
  0
POLYLINE
  5
1811
  8
PACKAGE_GEOMETRY_SILKSCREE
 66
     1
 10
0.0
 20
0.0
 30
0.0
 40
0.1524
 41
0.1524
  0
VERTEX
  5
FA47
  8
PACKAGE_GEOMETRY_SILKSCREE
 10
51.058064000000002
 20
23.359618000000001
 30
0.0
  0
VERTEX
  5
FA48
  8
PACKAGE_GEOMETRY_SILKSCREE
 10
51.557935999999991
 20
23.359871999999999
 30
0.0
  0
SEQEND
  5
FA49
  8
PACKAGE_GEOMETRY_SILKSCREE
  0
POLYLINE
  5
1815
  8
PACKAGE_GEOMETRY_SILKSCREE
 66
     1
 10
0.0
 20
0.0
 30
0.0
 40
0.1524
 41
0.1524
  0
VERTEX
  5
FA4A
  8
PACKAGE_GEOMETRY_SILKSCREE
 10
51.557935999999991
 20
23.359871999999999
 30
0.0
  0
VERTEX
  5
FA4B
  8
PACKAGE_GEOMETRY_SILKSCREE
 10
51.557935999999991
 20
22.960076000000001
 30
0.0
  0
SEQEND
  5
FA4C
  8
PACKAGE_GEOMETRY_SILKSCREE
  0
POLYLINE
  5
1819
  8
PIN_TOP
 66
     1
 10
0.0
 20
0.0
 30
0.0
 70
     1
  0
VERTEX
  5
FA4D
  8
PIN_TOP
 10
28.807663999999999
 20
4.343399999999999
 30
0.0
  0
VERTEX
  5
FA4E
  8
PIN_TOP
 10
28.807663999999999
 20
4.6482000000000001
 30
0.0
  0
VERTEX
  5
FA4F
  8
PIN_TOP
 10
29.112463999999999
 20
4.6482000000000001
 30
0.0
  0
VERTEX
  5
FA50
  8
PIN_TOP
 10
29.112463999999999
 20
4.343399999999999
 30
0.0
  0
SEQEND
  5
FA51
  8
PIN_TOP
  0
POLYLINE
  5
181F
  8
PIN_TOP
 66
     1
 10
0.0
 20
0.0
 30
0.0
 70
     1
  0
VERTEX
  5
FA52
  8
PIN_TOP
 10
29.307535999999999
 20
4.343399999999999
 30
0.0
  0
VERTEX
  5
FA53
  8
PIN_TOP
 10
29.307535999999999
 20
4.6482000000000001
 30
0.0
  0
VERTEX
  5
FA54
  8
PIN_TOP
 10
29.612335999999999
 20
4.6482000000000001
 30
0.0
  0
VERTEX
  5
FA55
  8
PIN_TOP
 10
29.612335999999999
 20
4.343399999999999
 30
0.0
  0
SEQEND
  5
FA56
  8
PIN_TOP
  0
POLYLINE
  5
1825
  8
PACKAGE_GEOMETRY_SILKSCREE
 66
     1
 10
0.0
 20
0.0
 30
0.0
 40
0.1524
 41
0.1524
  0
VERTEX
  5
FA57
  8
PACKAGE_GEOMETRY_SILKSCREE
 10
29.109923999999999
 20
4.7457359999999991
 30
0.0
  0
VERTEX
  5
FA58
  8
PACKAGE_GEOMETRY_SILKSCREE
 10
28.710128000000012
 20
4.7457359999999991
 30
0.0
  0
SEQEND
  5
FA59
  8
PACKAGE_GEOMETRY_SILKSCREE
  0
POLYLINE
  5
1829
  8
PACKAGE_GEOMETRY_SILKSCREE
 66
     1
 10
0.0
 20
0.0
 30
0.0
 40
0.1524
 41
0.1524
  0
VERTEX
  5
FA5A
  8
PACKAGE_GEOMETRY_SILKSCREE
 10
28.710128000000012
 20
4.7457359999999991
 30
0.0
  0
VERTEX
  5
FA5B
  8
PACKAGE_GEOMETRY_SILKSCREE
 10
28.710128000000012
 20
4.2461180000000001
 30
0.0
  0
SEQEND
  5
FA5C
  8
PACKAGE_GEOMETRY_SILKSCREE
  0
POLYLINE
  5
182D
  8
PACKAGE_GEOMETRY_SILKSCREE
 66
     1
 10
0.0
 20
0.0
 30
0.0
 40
0.1524
 41
0.1524
  0
VERTEX
  5
FA5D
  8
PACKAGE_GEOMETRY_SILKSCREE
 10
28.710128000000012
 20
4.2461180000000001
 30
0.0
  0
VERTEX
  5
FA5E
  8
PACKAGE_GEOMETRY_SILKSCREE
 10
29.109923999999999
 20
4.2461180000000001
 30
0.0
  0
SEQEND
  5
FA5F
  8
PACKAGE_GEOMETRY_SILKSCREE
  0
POLYLINE
  5
1831
  8
PACKAGE_GEOMETRY_SILKSCREE
 66
     1
 10
0.0
 20
0.0
 30
0.0
 40
0.1524
 41
0.1524
  0
VERTEX
  5
FA60
  8
PACKAGE_GEOMETRY_SILKSCREE
 10
29.310075999999999
 20
4.7457359999999991
 30
0.0
  0
VERTEX
  5
FA61
  8
PACKAGE_GEOMETRY_SILKSCREE
 10
29.709872000000001
 20
4.7457359999999991
 30
0.0
  0
SEQEND
  5
FA62
  8
PACKAGE_GEOMETRY_SILKSCREE
  0
POLYLINE
  5
1835
  8
PACKAGE_GEOMETRY_SILKSCREE
 66
     1
 10
0.0
 20
0.0
 30
0.0
 40
0.1524
 41
0.1524
  0
VERTEX
  5
FA63
  8
PACKAGE_GEOMETRY_SILKSCREE
 10
29.709872000000001
 20
4.7457359999999991
 30
0.0
  0
VERTEX
  5
FA64
  8
PACKAGE_GEOMETRY_SILKSCREE
 10
29.709872000000001
 20
4.2461180000000001
 30
0.0
  0
SEQEND
  5
FA65
  8
PACKAGE_GEOMETRY_SILKSCREE
  0
POLYLINE
  5
1839
  8
PACKAGE_GEOMETRY_SILKSCREE
 66
     1
 10
0.0
 20
0.0
 30
0.0
 40
0.1524
 41
0.1524
  0
VERTEX
  5
FA66
  8
PACKAGE_GEOMETRY_SILKSCREE
 10
29.709872000000001
 20
4.2461180000000001
 30
0.0
  0
VERTEX
  5
FA67
  8
PACKAGE_GEOMETRY_SILKSCREE
 10
29.310075999999999
 20
4.2461180000000001
 30
0.0
  0
SEQEND
  5
FA68
  8
PACKAGE_GEOMETRY_SILKSCREE
  0
POLYLINE
  5
183D
  8
PIN_TOP
 66
     1
 10
0.0
 20
0.0
 30
0.0
 70
     1
  0
VERTEX
  5
FA69
  8
PIN_TOP
 10
36.3474
 20
6.4556639999999987
 30
0.0
  0
VERTEX
  5
FA6A
  8
PIN_TOP
 10
36.0426
 20
6.4556639999999987
 30
0.0
  0
VERTEX
  5
FA6B
  8
PIN_TOP
 10
36.0426
 20
6.760463999999998
 30
0.0
  0
VERTEX
  5
FA6C
  8
PIN_TOP
 10
36.3474
 20
6.760463999999998
 30
0.0
  0
SEQEND
  5
FA6D
  8
PIN_TOP
  0
POLYLINE
  5
1843
  8
PIN_TOP
 66
     1
 10
0.0
 20
0.0
 30
0.0
 70
     1
  0
VERTEX
  5
FA6E
  8
PIN_TOP
 10
36.3474
 20
6.9555360000000004
 30
0.0
  0
VERTEX
  5
FA6F
  8
PIN_TOP
 10
36.0426
 20
6.9555360000000004
 30
0.0
  0
VERTEX
  5
FA70
  8
PIN_TOP
 10
36.0426
 20
7.2603359999999988
 30
0.0
  0
VERTEX
  5
FA71
  8
PIN_TOP
 10
36.3474
 20
7.2603359999999988
 30
0.0
  0
SEQEND
  5
FA72
  8
PIN_TOP
  0
POLYLINE
  5
1849
  8
PACKAGE_GEOMETRY_SILKSCREE
 66
     1
 10
0.0
 20
0.0
 30
0.0
 40
0.1524
 41
0.1524
  0
VERTEX
  5
FA73
  8
PACKAGE_GEOMETRY_SILKSCREE
 10
35.945064000000002
 20
6.757924
 30
0.0
  0
VERTEX
  5
FA74
  8
PACKAGE_GEOMETRY_SILKSCREE
 10
35.945064000000002
 20
6.358127999999998
 30
0.0
  0
SEQEND
  5
FA75
  8
PACKAGE_GEOMETRY_SILKSCREE
  0
POLYLINE
  5
184D
  8
PACKAGE_GEOMETRY_SILKSCREE
 66
     1
 10
0.0
 20
0.0
 30
0.0
 40
0.1524
 41
0.1524
  0
VERTEX
  5
FA76
  8
PACKAGE_GEOMETRY_SILKSCREE
 10
35.945064000000002
 20
6.358127999999998
 30
0.0
  0
VERTEX
  5
FA77
  8
PACKAGE_GEOMETRY_SILKSCREE
 10
36.444935999999998
 20
6.357873999999998
 30
0.0
  0
SEQEND
  5
FA78
  8
PACKAGE_GEOMETRY_SILKSCREE
  0
POLYLINE
  5
1851
  8
PACKAGE_GEOMETRY_SILKSCREE
 66
     1
 10
0.0
 20
0.0
 30
0.0
 40
0.1524
 41
0.1524
  0
VERTEX
  5
FA79
  8
PACKAGE_GEOMETRY_SILKSCREE
 10
36.444935999999998
 20
6.357873999999998
 30
0.0
  0
VERTEX
  5
FA7A
  8
PACKAGE_GEOMETRY_SILKSCREE
 10
36.444935999999998
 20
6.7576700000000001
 30
0.0
  0
SEQEND
  5
FA7B
  8
PACKAGE_GEOMETRY_SILKSCREE
  0
POLYLINE
  5
1855
  8
PACKAGE_GEOMETRY_SILKSCREE
 66
     1
 10
0.0
 20
0.0
 30
0.0
 40
0.1524
 41
0.1524
  0
VERTEX
  5
FA7C
  8
PACKAGE_GEOMETRY_SILKSCREE
 10
35.945064000000002
 20
6.9580759999999993
 30
0.0
  0
VERTEX
  5
FA7D
  8
PACKAGE_GEOMETRY_SILKSCREE
 10
35.945064000000002
 20
7.3578720000000004
 30
0.0
  0
SEQEND
  5
FA7E
  8
PACKAGE_GEOMETRY_SILKSCREE
  0
POLYLINE
  5
1859
  8
PACKAGE_GEOMETRY_SILKSCREE
 66
     1
 10
0.0
 20
0.0
 30
0.0
 40
0.1524
 41
0.1524
  0
VERTEX
  5
FA7F
  8
PACKAGE_GEOMETRY_SILKSCREE
 10
35.945064000000002
 20
7.3578720000000004
 30
0.0
  0
VERTEX
  5
FA80
  8
PACKAGE_GEOMETRY_SILKSCREE
 10
36.444682
 20
7.3578720000000004
 30
0.0
  0
SEQEND
  5
FA81
  8
PACKAGE_GEOMETRY_SILKSCREE
  0
POLYLINE
  5
185D
  8
PACKAGE_GEOMETRY_SILKSCREE
 66
     1
 10
0.0
 20
0.0
 30
0.0
 40
0.1524
 41
0.1524
  0
VERTEX
  5
FA82
  8
PACKAGE_GEOMETRY_SILKSCREE
 10
36.444682
 20
7.3578720000000004
 30
0.0
  0
VERTEX
  5
FA83
  8
PACKAGE_GEOMETRY_SILKSCREE
 10
36.444682
 20
6.9580759999999993
 30
0.0
  0
SEQEND
  5
FA84
  8
PACKAGE_GEOMETRY_SILKSCREE
  0
POLYLINE
  5
1861
  8
PIN_TOP
 66
     1
 10
0.0
 20
0.0
 30
0.0
 70
     1
  0
VERTEX
  5
FA85
  8
PIN_TOP
 10
50.952399999999997
 20
22.457664000000001
 30
0.0
  0
VERTEX
  5
FA86
  8
PIN_TOP
 10
50.64759999999999
 20
22.457664000000001
 30
0.0
  0
VERTEX
  5
FA87
  8
PIN_TOP
 10
50.64759999999999
 20
22.762464000000001
 30
0.0
  0
VERTEX
  5
FA88
  8
PIN_TOP
 10
50.952399999999997
 20
22.762464000000001
 30
0.0
  0
SEQEND
  5
FA89
  8
PIN_TOP
  0
POLYLINE
  5
1867
  8
PIN_TOP
 66
     1
 10
0.0
 20
0.0
 30
0.0
 70
     1
  0
VERTEX
  5
FA8A
  8
PIN_TOP
 10
50.952399999999997
 20
22.957536000000001
 30
0.0
  0
VERTEX
  5
FA8B
  8
PIN_TOP
 10
50.64759999999999
 20
22.957536000000001
 30
0.0
  0
VERTEX
  5
FA8C
  8
PIN_TOP
 10
50.64759999999999
 20
23.262336000000001
 30
0.0
  0
VERTEX
  5
FA8D
  8
PIN_TOP
 10
50.952399999999997
 20
23.262336000000001
 30
0.0
  0
SEQEND
  5
FA8E
  8
PIN_TOP
  0
POLYLINE
  5
186D
  8
PACKAGE_GEOMETRY_SILKSCREE
 66
     1
 10
0.0
 20
0.0
 30
0.0
 40
0.1524
 41
0.1524
  0
VERTEX
  5
FA8F
  8
PACKAGE_GEOMETRY_SILKSCREE
 10
50.550063999999992
 20
22.759924000000002
 30
0.0
  0
VERTEX
  5
FA90
  8
PACKAGE_GEOMETRY_SILKSCREE
 10
50.550063999999992
 20
22.360128
 30
0.0
  0
SEQEND
  5
FA91
  8
PACKAGE_GEOMETRY_SILKSCREE
  0
POLYLINE
  5
1871
  8
PACKAGE_GEOMETRY_SILKSCREE
 66
     1
 10
0.0
 20
0.0
 30
0.0
 40
0.1524
 41
0.1524
  0
VERTEX
  5
FA92
  8
PACKAGE_GEOMETRY_SILKSCREE
 10
50.550063999999992
 20
22.360128
 30
0.0
  0
VERTEX
  5
FA93
  8
PACKAGE_GEOMETRY_SILKSCREE
 10
51.049936000000002
 20
22.360128
 30
0.0
  0
SEQEND
  5
FA94
  8
PACKAGE_GEOMETRY_SILKSCREE
  0
POLYLINE
  5
1875
  8
PACKAGE_GEOMETRY_SILKSCREE
 66
     1
 10
0.0
 20
0.0
 30
0.0
 40
0.1524
 41
0.1524
  0
VERTEX
  5
FA95
  8
PACKAGE_GEOMETRY_SILKSCREE
 10
51.049936000000002
 20
22.360128
 30
0.0
  0
VERTEX
  5
FA96
  8
PACKAGE_GEOMETRY_SILKSCREE
 10
51.049936000000002
 20
22.759924000000002
 30
0.0
  0
SEQEND
  5
FA97
  8
PACKAGE_GEOMETRY_SILKSCREE
  0
POLYLINE
  5
1879
  8
PACKAGE_GEOMETRY_SILKSCREE
 66
     1
 10
0.0
 20
0.0
 30
0.0
 40
0.1524
 41
0.1524
  0
VERTEX
  5
FA98
  8
PACKAGE_GEOMETRY_SILKSCREE
 10
50.549810000000001
 20
22.960076000000001
 30
0.0
  0
VERTEX
  5
FA99
  8
PACKAGE_GEOMETRY_SILKSCREE
 10
50.549810000000001
 20
23.359871999999999
 30
0.0
  0
SEQEND
  5
FA9A
  8
PACKAGE_GEOMETRY_SILKSCREE
  0
POLYLINE
  5
187D
  8
PACKAGE_GEOMETRY_SILKSCREE
 66
     1
 10
0.0
 20
0.0
 30
0.0
 40
0.1524
 41
0.1524
  0
VERTEX
  5
FA9B
  8
PACKAGE_GEOMETRY_SILKSCREE
 10
50.549810000000001
 20
23.359871999999999
 30
0.0
  0
VERTEX
  5
FA9C
  8
PACKAGE_GEOMETRY_SILKSCREE
 10
51.049936000000002
 20
23.359871999999999
 30
0.0
  0
SEQEND
  5
FA9D
  8
PACKAGE_GEOMETRY_SILKSCREE
  0
POLYLINE
  5
1881
  8
PACKAGE_GEOMETRY_SILKSCREE
 66
     1
 10
0.0
 20
0.0
 30
0.0
 40
0.1524
 41
0.1524
  0
VERTEX
  5
FA9E
  8
PACKAGE_GEOMETRY_SILKSCREE
 10
51.049936000000002
 20
23.359871999999999
 30
0.0
  0
VERTEX
  5
FA9F
  8
PACKAGE_GEOMETRY_SILKSCREE
 10
51.049936000000002
 20
22.960076000000001
 30
0.0
  0
SEQEND
  5
FAA0
  8
PACKAGE_GEOMETRY_SILKSCREE
  0
POLYLINE
  5
1885
  8
PIN_TOP
 66
     1
 10
0.0
 20
0.0
 30
0.0
 70
     1
  0
VERTEX
  5
FAA1
  8
PIN_TOP
 10
50.317399999999999
 20
22.457664000000001
 30
0.0
  0
VERTEX
  5
FAA2
  8
PIN_TOP
 10
50.012599999999999
 20
22.457664000000001
 30
0.0
  0
VERTEX
  5
FAA3
  8
PIN_TOP
 10
50.012599999999999
 20
22.762464000000001
 30
0.0
  0
VERTEX
  5
FAA4
  8
PIN_TOP
 10
50.317399999999999
 20
22.762464000000001
 30
0.0
  0
SEQEND
  5
FAA5
  8
PIN_TOP
  0
POLYLINE
  5
188B
  8
PIN_TOP
 66
     1
 10
0.0
 20
0.0
 30
0.0
 70
     1
  0
VERTEX
  5
FAA6
  8
PIN_TOP
 10
50.317399999999999
 20
22.957536000000001
 30
0.0
  0
VERTEX
  5
FAA7
  8
PIN_TOP
 10
50.012599999999999
 20
22.957536000000001
 30
0.0
  0
VERTEX
  5
FAA8
  8
PIN_TOP
 10
50.012599999999999
 20
23.262336000000001
 30
0.0
  0
VERTEX
  5
FAA9
  8
PIN_TOP
 10
50.317399999999999
 20
23.262336000000001
 30
0.0
  0
SEQEND
  5
FAAA
  8
PIN_TOP
  0
POLYLINE
  5
1891
  8
PACKAGE_GEOMETRY_SILKSCREE
 66
     1
 10
0.0
 20
0.0
 30
0.0
 40
0.1524
 41
0.1524
  0
VERTEX
  5
FAAB
  8
PACKAGE_GEOMETRY_SILKSCREE
 10
50.41493599999999
 20
23.359871999999999
 30
0.0
  0
VERTEX
  5
FAAC
  8
PACKAGE_GEOMETRY_SILKSCREE
 10
50.41493599999999
 20
22.960076000000001
 30
0.0
  0
SEQEND
  5
FAAD
  8
PACKAGE_GEOMETRY_SILKSCREE
  0
POLYLINE
  5
1895
  8
PACKAGE_GEOMETRY_SILKSCREE
 66
     1
 10
0.0
 20
0.0
 30
0.0
 40
0.1524
 41
0.1524
  0
VERTEX
  5
FAAE
  8
PACKAGE_GEOMETRY_SILKSCREE
 10
49.915064000000001
 20
23.359871999999999
 30
0.0
  0
VERTEX
  5
FAAF
  8
PACKAGE_GEOMETRY_SILKSCREE
 10
50.41493599999999
 20
23.359871999999999
 30
0.0
  0
SEQEND
  5
FAB0
  8
PACKAGE_GEOMETRY_SILKSCREE
  0
POLYLINE
  5
1899
  8
PACKAGE_GEOMETRY_SILKSCREE
 66
     1
 10
0.0
 20
0.0
 30
0.0
 40
0.1524
 41
0.1524
  0
VERTEX
  5
FAB1
  8
PACKAGE_GEOMETRY_SILKSCREE
 10
49.915064000000001
 20
22.960076000000001
 30
0.0
  0
VERTEX
  5
FAB2
  8
PACKAGE_GEOMETRY_SILKSCREE
 10
49.915064000000001
 20
23.359871999999999
 30
0.0
  0
SEQEND
  5
FAB3
  8
PACKAGE_GEOMETRY_SILKSCREE
  0
POLYLINE
  5
189D
  8
PACKAGE_GEOMETRY_SILKSCREE
 66
     1
 10
0.0
 20
0.0
 30
0.0
 40
0.1524
 41
0.1524
  0
VERTEX
  5
FAB4
  8
PACKAGE_GEOMETRY_SILKSCREE
 10
50.41493599999999
 20
22.360128
 30
0.0
  0
VERTEX
  5
FAB5
  8
PACKAGE_GEOMETRY_SILKSCREE
 10
50.41493599999999
 20
22.759924000000002
 30
0.0
  0
SEQEND
  5
FAB6
  8
PACKAGE_GEOMETRY_SILKSCREE
  0
POLYLINE
  5
18A1
  8
PACKAGE_GEOMETRY_SILKSCREE
 66
     1
 10
0.0
 20
0.0
 30
0.0
 40
0.1524
 41
0.1524
  0
VERTEX
  5
FAB7
  8
PACKAGE_GEOMETRY_SILKSCREE
 10
49.915064000000001
 20
22.360128
 30
0.0
  0
VERTEX
  5
FAB8
  8
PACKAGE_GEOMETRY_SILKSCREE
 10
50.41493599999999
 20
22.360128
 30
0.0
  0
SEQEND
  5
FAB9
  8
PACKAGE_GEOMETRY_SILKSCREE
  0
POLYLINE
  5
18A5
  8
PACKAGE_GEOMETRY_SILKSCREE
 66
     1
 10
0.0
 20
0.0
 30
0.0
 40
0.1524
 41
0.1524
  0
VERTEX
  5
FABA
  8
PACKAGE_GEOMETRY_SILKSCREE
 10
49.915064000000001
 20
22.759924000000002
 30
0.0
  0
VERTEX
  5
FABB
  8
PACKAGE_GEOMETRY_SILKSCREE
 10
49.915064000000001
 20
22.360128
 30
0.0
  0
SEQEND
  5
FABC
  8
PACKAGE_GEOMETRY_SILKSCREE
  0
POLYLINE
  5
18A9
  8
PIN_TOP
 66
     1
 10
0.0
 20
0.0
 30
0.0
 70
     1
  0
VERTEX
  5
FABD
  8
PIN_TOP
 10
16.865600000000001
 20
3.7124639999999989
 30
0.0
  0
VERTEX
  5
FABE
  8
PIN_TOP
 10
17.170400000000001
 20
3.7124639999999989
 30
0.0
  0
VERTEX
  5
FABF
  8
PIN_TOP
 10
17.170400000000001
 20
3.407664
 30
0.0
  0
VERTEX
  5
FAC0
  8
PIN_TOP
 10
16.865600000000001
 20
3.407664
 30
0.0
  0
SEQEND
  5
FAC1
  8
PIN_TOP
  0
POLYLINE
  5
18AF
  8
PIN_TOP
 66
     1
 10
0.0
 20
0.0
 30
0.0
 70
     1
  0
VERTEX
  5
FAC2
  8
PIN_TOP
 10
16.865600000000001
 20
4.2123359999999987
 30
0.0
  0
VERTEX
  5
FAC3
  8
PIN_TOP
 10
17.170400000000001
 20
4.2123359999999987
 30
0.0
  0
VERTEX
  5
FAC4
  8
PIN_TOP
 10
17.170400000000001
 20
3.9075359999999981
 30
0.0
  0
VERTEX
  5
FAC5
  8
PIN_TOP
 10
16.865600000000001
 20
3.9075359999999981
 30
0.0
  0
SEQEND
  5
FAC6
  8
PIN_TOP
  0
POLYLINE
  5
18B5
  8
PACKAGE_GEOMETRY_SILKSCREE
 66
     1
 10
0.0
 20
0.0
 30
0.0
 40
0.1524
 41
0.1524
  0
VERTEX
  5
FAC7
  8
PACKAGE_GEOMETRY_SILKSCREE
 10
17.267935999999999
 20
3.9100760000000001
 30
0.0
  0
VERTEX
  5
FAC8
  8
PACKAGE_GEOMETRY_SILKSCREE
 10
17.267935999999999
 20
4.3098720000000004
 30
0.0
  0
SEQEND
  5
FAC9
  8
PACKAGE_GEOMETRY_SILKSCREE
  0
POLYLINE
  5
18B9
  8
PACKAGE_GEOMETRY_SILKSCREE
 66
     1
 10
0.0
 20
0.0
 30
0.0
 40
0.1524
 41
0.1524
  0
VERTEX
  5
FACA
  8
PACKAGE_GEOMETRY_SILKSCREE
 10
17.267935999999999
 20
4.3098720000000004
 30
0.0
  0
VERTEX
  5
FACB
  8
PACKAGE_GEOMETRY_SILKSCREE
 10
16.768063999999999
 20
4.3098720000000004
 30
0.0
  0
SEQEND
  5
FACC
  8
PACKAGE_GEOMETRY_SILKSCREE
  0
POLYLINE
  5
18BD
  8
PACKAGE_GEOMETRY_SILKSCREE
 66
     1
 10
0.0
 20
0.0
 30
0.0
 40
0.1524
 41
0.1524
  0
VERTEX
  5
FACD
  8
PACKAGE_GEOMETRY_SILKSCREE
 10
16.768063999999999
 20
4.3098720000000004
 30
0.0
  0
VERTEX
  5
FACE
  8
PACKAGE_GEOMETRY_SILKSCREE
 10
16.768063999999999
 20
3.9100760000000001
 30
0.0
  0
SEQEND
  5
FACF
  8
PACKAGE_GEOMETRY_SILKSCREE
  0
POLYLINE
  5
18C1
  8
PACKAGE_GEOMETRY_SILKSCREE
 66
     1
 10
0.0
 20
0.0
 30
0.0
 40
0.1524
 41
0.1524
  0
VERTEX
  5
FAD0
  8
PACKAGE_GEOMETRY_SILKSCREE
 10
17.267935999999999
 20
3.7099239999999991
 30
0.0
  0
VERTEX
  5
FAD1
  8
PACKAGE_GEOMETRY_SILKSCREE
 10
17.267935999999999
 20
3.310127999999998
 30
0.0
  0
SEQEND
  5
FAD2
  8
PACKAGE_GEOMETRY_SILKSCREE
  0
POLYLINE
  5
18C5
  8
PACKAGE_GEOMETRY_SILKSCREE
 66
     1
 10
0.0
 20
0.0
 30
0.0
 40
0.1524
 41
0.1524
  0
VERTEX
  5
FAD3
  8
PACKAGE_GEOMETRY_SILKSCREE
 10
17.267935999999999
 20
3.310127999999998
 30
0.0
  0
VERTEX
  5
FAD4
  8
PACKAGE_GEOMETRY_SILKSCREE
 10
16.768063999999999
 20
3.310127999999998
 30
0.0
  0
SEQEND
  5
FAD5
  8
PACKAGE_GEOMETRY_SILKSCREE
  0
POLYLINE
  5
18C9
  8
PACKAGE_GEOMETRY_SILKSCREE
 66
     1
 10
0.0
 20
0.0
 30
0.0
 40
0.1524
 41
0.1524
  0
VERTEX
  5
FAD6
  8
PACKAGE_GEOMETRY_SILKSCREE
 10
16.768063999999999
 20
3.310127999999998
 30
0.0
  0
VERTEX
  5
FAD7
  8
PACKAGE_GEOMETRY_SILKSCREE
 10
16.768063999999999
 20
3.7099239999999991
 30
0.0
  0
SEQEND
  5
FAD8
  8
PACKAGE_GEOMETRY_SILKSCREE
  0
POLYLINE
  5
18CD
  8
PIN_TOP
 66
     1
 10
0.0
 20
0.0
 30
0.0
 70
     1
  0
VERTEX
  5
FAD9
  8
PIN_TOP
 10
5.2324000000000002
 20
14.702536
 30
0.0
  0
VERTEX
  5
FADA
  8
PIN_TOP
 10
4.9275999999999991
 20
14.702536
 30
0.0
  0
VERTEX
  5
FADB
  8
PIN_TOP
 10
4.9275999999999991
 20
15.007336
 30
0.0
  0
VERTEX
  5
FADC
  8
PIN_TOP
 10
5.2324000000000002
 20
15.007336
 30
0.0
  0
SEQEND
  5
FADD
  8
PIN_TOP
  0
POLYLINE
  5
18D3
  8
PIN_TOP
 66
     1
 10
0.0
 20
0.0
 30
0.0
 70
     1
  0
VERTEX
  5
FADE
  8
PIN_TOP
 10
5.2324000000000002
 20
14.202664
 30
0.0
  0
VERTEX
  5
FADF
  8
PIN_TOP
 10
4.9275999999999991
 20
14.202664
 30
0.0
  0
VERTEX
  5
FAE0
  8
PIN_TOP
 10
4.9275999999999991
 20
14.507464000000001
 30
0.0
  0
VERTEX
  5
FAE1
  8
PIN_TOP
 10
5.2324000000000002
 20
14.507464000000001
 30
0.0
  0
SEQEND
  5
FAE2
  8
PIN_TOP
  0
POLYLINE
  5
18D9
  8
PACKAGE_GEOMETRY_SILKSCREE
 66
     1
 10
0.0
 20
0.0
 30
0.0
 40
0.1524
 41
0.1524
  0
VERTEX
  5
FAE3
  8
PACKAGE_GEOMETRY_SILKSCREE
 10
4.8300640000000001
 20
14.504924000000001
 30
0.0
  0
VERTEX
  5
FAE4
  8
PACKAGE_GEOMETRY_SILKSCREE
 10
4.8300640000000001
 20
14.105128000000001
 30
0.0
  0
SEQEND
  5
FAE5
  8
PACKAGE_GEOMETRY_SILKSCREE
  0
POLYLINE
  5
18DD
  8
PACKAGE_GEOMETRY_SILKSCREE
 66
     1
 10
0.0
 20
0.0
 30
0.0
 40
0.1524
 41
0.1524
  0
VERTEX
  5
FAE6
  8
PACKAGE_GEOMETRY_SILKSCREE
 10
4.8300640000000001
 20
14.105128000000001
 30
0.0
  0
VERTEX
  5
FAE7
  8
PACKAGE_GEOMETRY_SILKSCREE
 10
5.329936
 20
14.105128000000001
 30
0.0
  0
SEQEND
  5
FAE8
  8
PACKAGE_GEOMETRY_SILKSCREE
  0
POLYLINE
  5
18E1
  8
PACKAGE_GEOMETRY_SILKSCREE
 66
     1
 10
0.0
 20
0.0
 30
0.0
 40
0.1524
 41
0.1524
  0
VERTEX
  5
FAE9
  8
PACKAGE_GEOMETRY_SILKSCREE
 10
5.329936
 20
14.105128000000001
 30
0.0
  0
VERTEX
  5
FAEA
  8
PACKAGE_GEOMETRY_SILKSCREE
 10
5.329936
 20
14.504924000000001
 30
0.0
  0
SEQEND
  5
FAEB
  8
PACKAGE_GEOMETRY_SILKSCREE
  0
POLYLINE
  5
18E5
  8
PACKAGE_GEOMETRY_SILKSCREE
 66
     1
 10
0.0
 20
0.0
 30
0.0
 40
0.1524
 41
0.1524
  0
VERTEX
  5
FAEC
  8
PACKAGE_GEOMETRY_SILKSCREE
 10
4.8300640000000001
 20
14.705076
 30
0.0
  0
VERTEX
  5
FAED
  8
PACKAGE_GEOMETRY_SILKSCREE
 10
4.8300640000000001
 20
15.104872
 30
0.0
  0
SEQEND
  5
FAEE
  8
PACKAGE_GEOMETRY_SILKSCREE
  0
POLYLINE
  5
18E9
  8
PACKAGE_GEOMETRY_SILKSCREE
 66
     1
 10
0.0
 20
0.0
 30
0.0
 40
0.1524
 41
0.1524
  0
VERTEX
  5
FAEF
  8
PACKAGE_GEOMETRY_SILKSCREE
 10
4.8300640000000001
 20
15.104872
 30
0.0
  0
VERTEX
  5
FAF0
  8
PACKAGE_GEOMETRY_SILKSCREE
 10
5.329936
 20
15.104872
 30
0.0
  0
SEQEND
  5
FAF1
  8
PACKAGE_GEOMETRY_SILKSCREE
  0
POLYLINE
  5
18ED
  8
PACKAGE_GEOMETRY_SILKSCREE
 66
     1
 10
0.0
 20
0.0
 30
0.0
 40
0.1524
 41
0.1524
  0
VERTEX
  5
FAF2
  8
PACKAGE_GEOMETRY_SILKSCREE
 10
5.329936
 20
15.104872
 30
0.0
  0
VERTEX
  5
FAF3
  8
PACKAGE_GEOMETRY_SILKSCREE
 10
5.329936
 20
14.705076
 30
0.0
  0
SEQEND
  5
FAF4
  8
PACKAGE_GEOMETRY_SILKSCREE
  0
POLYLINE
  5
18F1
  8
PIN_TOP
 66
     1
 10
0.0
 20
0.0
 30
0.0
 70
     1
  0
VERTEX
  5
FAF5
  8
PIN_TOP
 10
20.1676
 20
11.459464000000001
 30
0.0
  0
VERTEX
  5
FAF6
  8
PIN_TOP
 10
20.4724
 20
11.459464000000001
 30
0.0
  0
VERTEX
  5
FAF7
  8
PIN_TOP
 10
20.4724
 20
11.154664
 30
0.0
  0
VERTEX
  5
FAF8
  8
PIN_TOP
 10
20.1676
 20
11.154664
 30
0.0
  0
SEQEND
  5
FAF9
  8
PIN_TOP
  0
POLYLINE
  5
18F7
  8
PIN_TOP
 66
     1
 10
0.0
 20
0.0
 30
0.0
 70
     1
  0
VERTEX
  5
FAFA
  8
PIN_TOP
 10
20.1676
 20
11.959336
 30
0.0
  0
VERTEX
  5
FAFB
  8
PIN_TOP
 10
20.4724
 20
11.959336
 30
0.0
  0
VERTEX
  5
FAFC
  8
PIN_TOP
 10
20.4724
 20
11.654536
 30
0.0
  0
VERTEX
  5
FAFD
  8
PIN_TOP
 10
20.1676
 20
11.654536
 30
0.0
  0
SEQEND
  5
FAFE
  8
PIN_TOP
  0
POLYLINE
  5
18FD
  8
PACKAGE_GEOMETRY_SILKSCREE
 66
     1
 10
0.0
 20
0.0
 30
0.0
 40
0.1524
 41
0.1524
  0
VERTEX
  5
FAFF
  8
PACKAGE_GEOMETRY_SILKSCREE
 10
20.569935999999998
 20
11.657076
 30
0.0
  0
VERTEX
  5
FB00
  8
PACKAGE_GEOMETRY_SILKSCREE
 10
20.569935999999998
 20
12.056872
 30
0.0
  0
SEQEND
  5
FB01
  8
PACKAGE_GEOMETRY_SILKSCREE
  0
POLYLINE
  5
1901
  8
PACKAGE_GEOMETRY_SILKSCREE
 66
     1
 10
0.0
 20
0.0
 30
0.0
 40
0.1524
 41
0.1524
  0
VERTEX
  5
FB02
  8
PACKAGE_GEOMETRY_SILKSCREE
 10
20.569935999999998
 20
12.056872
 30
0.0
  0
VERTEX
  5
FB03
  8
PACKAGE_GEOMETRY_SILKSCREE
 10
20.070063999999999
 20
12.056872
 30
0.0
  0
SEQEND
  5
FB04
  8
PACKAGE_GEOMETRY_SILKSCREE
  0
POLYLINE
  5
1905
  8
PACKAGE_GEOMETRY_SILKSCREE
 66
     1
 10
0.0
 20
0.0
 30
0.0
 40
0.1524
 41
0.1524
  0
VERTEX
  5
FB05
  8
PACKAGE_GEOMETRY_SILKSCREE
 10
20.070063999999999
 20
12.056872
 30
0.0
  0
VERTEX
  5
FB06
  8
PACKAGE_GEOMETRY_SILKSCREE
 10
20.070063999999999
 20
11.657076
 30
0.0
  0
SEQEND
  5
FB07
  8
PACKAGE_GEOMETRY_SILKSCREE
  0
POLYLINE
  5
1909
  8
PACKAGE_GEOMETRY_SILKSCREE
 66
     1
 10
0.0
 20
0.0
 30
0.0
 40
0.1524
 41
0.1524
  0
VERTEX
  5
FB08
  8
PACKAGE_GEOMETRY_SILKSCREE
 10
20.569935999999998
 20
11.456924000000001
 30
0.0
  0
VERTEX
  5
FB09
  8
PACKAGE_GEOMETRY_SILKSCREE
 10
20.569935999999998
 20
11.057128000000001
 30
0.0
  0
SEQEND
  5
FB0A
  8
PACKAGE_GEOMETRY_SILKSCREE
  0
POLYLINE
  5
190D
  8
PACKAGE_GEOMETRY_SILKSCREE
 66
     1
 10
0.0
 20
0.0
 30
0.0
 40
0.1524
 41
0.1524
  0
VERTEX
  5
FB0B
  8
PACKAGE_GEOMETRY_SILKSCREE
 10
20.569935999999998
 20
11.057128000000001
 30
0.0
  0
VERTEX
  5
FB0C
  8
PACKAGE_GEOMETRY_SILKSCREE
 10
20.070063999999999
 20
11.057128000000001
 30
0.0
  0
SEQEND
  5
FB0D
  8
PACKAGE_GEOMETRY_SILKSCREE
  0
POLYLINE
  5
1911
  8
PACKAGE_GEOMETRY_SILKSCREE
 66
     1
 10
0.0
 20
0.0
 30
0.0
 40
0.1524
 41
0.1524
  0
VERTEX
  5
FB0E
  8
PACKAGE_GEOMETRY_SILKSCREE
 10
20.070063999999999
 20
11.057128000000001
 30
0.0
  0
VERTEX
  5
FB0F
  8
PACKAGE_GEOMETRY_SILKSCREE
 10
20.070063999999999
 20
11.456924000000001
 30
0.0
  0
SEQEND
  5
FB10
  8
PACKAGE_GEOMETRY_SILKSCREE
  0
POLYLINE
  5
1915
  8
PIN_TOP
 66
     1
 10
0.0
 20
0.0
 30
0.0
 70
     1
  0
VERTEX
  5
FB11
  8
PIN_TOP
 10
52.353464000000002
 20
18.821400000000001
 30
0.0
  0
VERTEX
  5
FB12
  8
PIN_TOP
 10
52.353464000000002
 20
18.5166
 30
0.0
  0
VERTEX
  5
FB13
  8
PIN_TOP
 10
52.048664000000002
 20
18.5166
 30
0.0
  0
VERTEX
  5
FB14
  8
PIN_TOP
 10
52.048664000000002
 20
18.821400000000001
 30
0.0
  0
SEQEND
  5
FB15
  8
PIN_TOP
  0
POLYLINE
  5
191B
  8
PIN_TOP
 66
     1
 10
0.0
 20
0.0
 30
0.0
 70
     1
  0
VERTEX
  5
FB16
  8
PIN_TOP
 10
52.853335999999999
 20
18.821400000000001
 30
0.0
  0
VERTEX
  5
FB17
  8
PIN_TOP
 10
52.853335999999999
 20
18.5166
 30
0.0
  0
VERTEX
  5
FB18
  8
PIN_TOP
 10
52.548535999999999
 20
18.5166
 30
0.0
  0
VERTEX
  5
FB19
  8
PIN_TOP
 10
52.548535999999999
 20
18.821400000000001
 30
0.0
  0
SEQEND
  5
FB1A
  8
PIN_TOP
  0
POLYLINE
  5
1921
  8
PACKAGE_GEOMETRY_SILKSCREE
 66
     1
 10
0.0
 20
0.0
 30
0.0
 40
0.1524
 41
0.1524
  0
VERTEX
  5
FB1B
  8
PACKAGE_GEOMETRY_SILKSCREE
 10
52.950871999999997
 20
18.918935999999999
 30
0.0
  0
VERTEX
  5
FB1C
  8
PACKAGE_GEOMETRY_SILKSCREE
 10
52.950871999999997
 20
18.419063999999999
 30
0.0
  0
SEQEND
  5
FB1D
  8
PACKAGE_GEOMETRY_SILKSCREE
  0
POLYLINE
  5
1925
  8
PACKAGE_GEOMETRY_SILKSCREE
 66
     1
 10
0.0
 20
0.0
 30
0.0
 40
0.1524
 41
0.1524
  0
VERTEX
  5
FB1E
  8
PACKAGE_GEOMETRY_SILKSCREE
 10
51.951127999999997
 20
18.918935999999999
 30
0.0
  0
VERTEX
  5
FB1F
  8
PACKAGE_GEOMETRY_SILKSCREE
 10
52.950871999999997
 20
18.918935999999999
 30
0.0
  0
SEQEND
  5
FB20
  8
PACKAGE_GEOMETRY_SILKSCREE
  0
POLYLINE
  5
1929
  8
PACKAGE_GEOMETRY_SILKSCREE
 66
     1
 10
0.0
 20
0.0
 30
0.0
 40
0.1524
 41
0.1524
  0
VERTEX
  5
FB21
  8
PACKAGE_GEOMETRY_SILKSCREE
 10
51.951127999999997
 20
18.419063999999999
 30
0.0
  0
VERTEX
  5
FB22
  8
PACKAGE_GEOMETRY_SILKSCREE
 10
51.951127999999997
 20
18.918935999999999
 30
0.0
  0
SEQEND
  5
FB23
  8
PACKAGE_GEOMETRY_SILKSCREE
  0
POLYLINE
  5
192D
  8
PACKAGE_GEOMETRY_SILKSCREE
 66
     1
 10
0.0
 20
0.0
 30
0.0
 40
0.1524
 41
0.1524
  0
VERTEX
  5
FB24
  8
PACKAGE_GEOMETRY_SILKSCREE
 10
52.950871999999997
 20
18.419063999999999
 30
0.0
  0
VERTEX
  5
FB25
  8
PACKAGE_GEOMETRY_SILKSCREE
 10
51.951127999999997
 20
18.419063999999999
 30
0.0
  0
SEQEND
  5
FB26
  8
PACKAGE_GEOMETRY_SILKSCREE
  0
POLYLINE
  5
1931
  8
PIN_TOP
 66
     1
 10
0.0
 20
0.0
 30
0.0
 70
     1
  0
VERTEX
  5
FB27
  8
PIN_TOP
 10
60.100464000000002
 20
8.0009999999999977
 30
0.0
  0
VERTEX
  5
FB28
  8
PIN_TOP
 10
60.100464000000002
 20
7.6962000000000002
 30
0.0
  0
VERTEX
  5
FB29
  8
PIN_TOP
 10
59.795664000000002
 20
7.6962000000000002
 30
0.0
  0
VERTEX
  5
FB2A
  8
PIN_TOP
 10
59.795664000000002
 20
8.0009999999999977
 30
0.0
  0
SEQEND
  5
FB2B
  8
PIN_TOP
  0
POLYLINE
  5
1937
  8
PIN_TOP
 66
     1
 10
0.0
 20
0.0
 30
0.0
 70
     1
  0
VERTEX
  5
FB2C
  8
PIN_TOP
 10
60.600335999999999
 20
8.0009999999999977
 30
0.0
  0
VERTEX
  5
FB2D
  8
PIN_TOP
 10
60.600335999999999
 20
7.6962000000000002
 30
0.0
  0
VERTEX
  5
FB2E
  8
PIN_TOP
 10
60.295535999999991
 20
7.6962000000000002
 30
0.0
  0
VERTEX
  5
FB2F
  8
PIN_TOP
 10
60.295535999999991
 20
8.0009999999999977
 30
0.0
  0
SEQEND
  5
FB30
  8
PIN_TOP
  0
POLYLINE
  5
193D
  8
PACKAGE_GEOMETRY_SILKSCREE
 66
     1
 10
0.0
 20
0.0
 30
0.0
 40
0.1524
 41
0.1524
  0
VERTEX
  5
FB31
  8
PACKAGE_GEOMETRY_SILKSCREE
 10
60.697871999999997
 20
8.0985359999999975
 30
0.0
  0
VERTEX
  5
FB32
  8
PACKAGE_GEOMETRY_SILKSCREE
 10
60.697871999999997
 20
7.5986640000000003
 30
0.0
  0
SEQEND
  5
FB33
  8
PACKAGE_GEOMETRY_SILKSCREE
  0
POLYLINE
  5
1941
  8
PACKAGE_GEOMETRY_SILKSCREE
 66
     1
 10
0.0
 20
0.0
 30
0.0
 40
0.1524
 41
0.1524
  0
VERTEX
  5
FB34
  8
PACKAGE_GEOMETRY_SILKSCREE
 10
59.69812799999999
 20
8.0985359999999975
 30
0.0
  0
VERTEX
  5
FB35
  8
PACKAGE_GEOMETRY_SILKSCREE
 10
60.697871999999997
 20
8.0985359999999975
 30
0.0
  0
SEQEND
  5
FB36
  8
PACKAGE_GEOMETRY_SILKSCREE
  0
POLYLINE
  5
1945
  8
PACKAGE_GEOMETRY_SILKSCREE
 66
     1
 10
0.0
 20
0.0
 30
0.0
 40
0.1524
 41
0.1524
  0
VERTEX
  5
FB37
  8
PACKAGE_GEOMETRY_SILKSCREE
 10
59.69812799999999
 20
7.5986640000000003
 30
0.0
  0
VERTEX
  5
FB38
  8
PACKAGE_GEOMETRY_SILKSCREE
 10
59.69812799999999
 20
8.0985359999999975
 30
0.0
  0
SEQEND
  5
FB39
  8
PACKAGE_GEOMETRY_SILKSCREE
  0
POLYLINE
  5
1949
  8
PACKAGE_GEOMETRY_SILKSCREE
 66
     1
 10
0.0
 20
0.0
 30
0.0
 40
0.1524
 41
0.1524
  0
VERTEX
  5
FB3A
  8
PACKAGE_GEOMETRY_SILKSCREE
 10
60.697871999999997
 20
7.5986640000000003
 30
0.0
  0
VERTEX
  5
FB3B
  8
PACKAGE_GEOMETRY_SILKSCREE
 10
59.69812799999999
 20
7.5986640000000003
 30
0.0
  0
SEQEND
  5
FB3C
  8
PACKAGE_GEOMETRY_SILKSCREE
  0
POLYLINE
  5
194D
  8
PIN_TOP
 66
     1
 10
0.0
 20
0.0
 30
0.0
 70
     1
  0
VERTEX
  5
FB3D
  8
PIN_TOP
 10
18.698464000000001
 20
23.3934
 30
0.0
  0
VERTEX
  5
FB3E
  8
PIN_TOP
 10
18.698464000000001
 20
23.0886
 30
0.0
  0
VERTEX
  5
FB3F
  8
PIN_TOP
 10
18.393664000000001
 20
23.0886
 30
0.0
  0
VERTEX
  5
FB40
  8
PIN_TOP
 10
18.393664000000001
 20
23.3934
 30
0.0
  0
SEQEND
  5
FB41
  8
PIN_TOP
  0
POLYLINE
  5
1953
  8
PIN_TOP
 66
     1
 10
0.0
 20
0.0
 30
0.0
 70
     1
  0
VERTEX
  5
FB42
  8
PIN_TOP
 10
19.198336000000001
 20
23.3934
 30
0.0
  0
VERTEX
  5
FB43
  8
PIN_TOP
 10
19.198336000000001
 20
23.0886
 30
0.0
  0
VERTEX
  5
FB44
  8
PIN_TOP
 10
18.89353599999999
 20
23.0886
 30
0.0
  0
VERTEX
  5
FB45
  8
PIN_TOP
 10
18.89353599999999
 20
23.3934
 30
0.0
  0
SEQEND
  5
FB46
  8
PIN_TOP
  0
POLYLINE
  5
1959
  8
PACKAGE_GEOMETRY_SILKSCREE
 66
     1
 10
0.0
 20
0.0
 30
0.0
 40
0.1524
 41
0.1524
  0
VERTEX
  5
FB47
  8
PACKAGE_GEOMETRY_SILKSCREE
 10
19.295871999999999
 20
23.490936000000001
 30
0.0
  0
VERTEX
  5
FB48
  8
PACKAGE_GEOMETRY_SILKSCREE
 10
19.295871999999999
 20
22.991064000000001
 30
0.0
  0
SEQEND
  5
FB49
  8
PACKAGE_GEOMETRY_SILKSCREE
  0
POLYLINE
  5
195D
  8
PACKAGE_GEOMETRY_SILKSCREE
 66
     1
 10
0.0
 20
0.0
 30
0.0
 40
0.1524
 41
0.1524
  0
VERTEX
  5
FB4A
  8
PACKAGE_GEOMETRY_SILKSCREE
 10
18.296128
 20
23.490936000000001
 30
0.0
  0
VERTEX
  5
FB4B
  8
PACKAGE_GEOMETRY_SILKSCREE
 10
19.295871999999999
 20
23.490936000000001
 30
0.0
  0
SEQEND
  5
FB4C
  8
PACKAGE_GEOMETRY_SILKSCREE
  0
POLYLINE
  5
1961
  8
PACKAGE_GEOMETRY_SILKSCREE
 66
     1
 10
0.0
 20
0.0
 30
0.0
 40
0.1524
 41
0.1524
  0
VERTEX
  5
FB4D
  8
PACKAGE_GEOMETRY_SILKSCREE
 10
18.296128
 20
22.991064000000001
 30
0.0
  0
VERTEX
  5
FB4E
  8
PACKAGE_GEOMETRY_SILKSCREE
 10
18.296128
 20
23.490936000000001
 30
0.0
  0
SEQEND
  5
FB4F
  8
PACKAGE_GEOMETRY_SILKSCREE
  0
POLYLINE
  5
1965
  8
PACKAGE_GEOMETRY_SILKSCREE
 66
     1
 10
0.0
 20
0.0
 30
0.0
 40
0.1524
 41
0.1524
  0
VERTEX
  5
FB50
  8
PACKAGE_GEOMETRY_SILKSCREE
 10
19.295871999999999
 20
22.991064000000001
 30
0.0
  0
VERTEX
  5
FB51
  8
PACKAGE_GEOMETRY_SILKSCREE
 10
18.296128
 20
22.991064000000001
 30
0.0
  0
SEQEND
  5
FB52
  8
PACKAGE_GEOMETRY_SILKSCREE
  0
POLYLINE
  5
1969
  8
PIN_TOP
 66
     1
 10
0.0
 20
0.0
 30
0.0
 70
     1
  0
VERTEX
  5
FB53
  8
PIN_TOP
 10
14.097
 20
8.3525360000000006
 30
0.0
  0
VERTEX
  5
FB54
  8
PIN_TOP
 10
13.792199999999999
 20
8.3525360000000006
 30
0.0
  0
VERTEX
  5
FB55
  8
PIN_TOP
 10
13.792199999999999
 20
8.6573360000000008
 30
0.0
  0
VERTEX
  5
FB56
  8
PIN_TOP
 10
14.097
 20
8.6573360000000008
 30
0.0
  0
SEQEND
  5
FB57
  8
PIN_TOP
  0
POLYLINE
  5
196F
  8
PIN_TOP
 66
     1
 10
0.0
 20
0.0
 30
0.0
 70
     1
  0
VERTEX
  5
FB58
  8
PIN_TOP
 10
14.097
 20
7.8526639999999981
 30
0.0
  0
VERTEX
  5
FB59
  8
PIN_TOP
 10
13.792199999999999
 20
7.8526639999999981
 30
0.0
  0
VERTEX
  5
FB5A
  8
PIN_TOP
 10
13.792199999999999
 20
8.1574639999999992
 30
0.0
  0
VERTEX
  5
FB5B
  8
PIN_TOP
 10
14.097
 20
8.1574639999999992
 30
0.0
  0
SEQEND
  5
FB5C
  8
PIN_TOP
  0
POLYLINE
  5
1975
  8
PACKAGE_GEOMETRY_SILKSCREE
 66
     1
 10
0.0
 20
0.0
 30
0.0
 40
0.1524
 41
0.1524
  0
VERTEX
  5
FB5D
  8
PACKAGE_GEOMETRY_SILKSCREE
 10
14.194535999999999
 20
7.755128
 30
0.0
  0
VERTEX
  5
FB5E
  8
PACKAGE_GEOMETRY_SILKSCREE
 10
13.694664
 20
7.755128
 30
0.0
  0
SEQEND
  5
FB5F
  8
PACKAGE_GEOMETRY_SILKSCREE
  0
POLYLINE
  5
1979
  8
PACKAGE_GEOMETRY_SILKSCREE
 66
     1
 10
0.0
 20
0.0
 30
0.0
 40
0.1524
 41
0.1524
  0
VERTEX
  5
FB60
  8
PACKAGE_GEOMETRY_SILKSCREE
 10
14.194535999999999
 20
8.7548720000000007
 30
0.0
  0
VERTEX
  5
FB61
  8
PACKAGE_GEOMETRY_SILKSCREE
 10
14.194535999999999
 20
7.755128
 30
0.0
  0
SEQEND
  5
FB62
  8
PACKAGE_GEOMETRY_SILKSCREE
  0
POLYLINE
  5
197D
  8
PACKAGE_GEOMETRY_SILKSCREE
 66
     1
 10
0.0
 20
0.0
 30
0.0
 40
0.1524
 41
0.1524
  0
VERTEX
  5
FB63
  8
PACKAGE_GEOMETRY_SILKSCREE
 10
13.694664
 20
8.7548720000000007
 30
0.0
  0
VERTEX
  5
FB64
  8
PACKAGE_GEOMETRY_SILKSCREE
 10
14.194535999999999
 20
8.7548720000000007
 30
0.0
  0
SEQEND
  5
FB65
  8
PACKAGE_GEOMETRY_SILKSCREE
  0
POLYLINE
  5
1981
  8
PACKAGE_GEOMETRY_SILKSCREE
 66
     1
 10
0.0
 20
0.0
 30
0.0
 40
0.1524
 41
0.1524
  0
VERTEX
  5
FB66
  8
PACKAGE_GEOMETRY_SILKSCREE
 10
13.694664
 20
7.755128
 30
0.0
  0
VERTEX
  5
FB67
  8
PACKAGE_GEOMETRY_SILKSCREE
 10
13.694664
 20
8.7548720000000007
 30
0.0
  0
SEQEND
  5
FB68
  8
PACKAGE_GEOMETRY_SILKSCREE
  0
POLYLINE
  5
1985
  8
PIN_TOP
 66
     1
 10
0.0
 20
0.0
 30
0.0
 70
     1
  0
VERTEX
  5
FB69
  8
PIN_TOP
 10
11.078464
 20
23.3934
 30
0.0
  0
VERTEX
  5
FB6A
  8
PIN_TOP
 10
11.078464
 20
23.0886
 30
0.0
  0
VERTEX
  5
FB6B
  8
PIN_TOP
 10
10.773664
 20
23.0886
 30
0.0
  0
VERTEX
  5
FB6C
  8
PIN_TOP
 10
10.773664
 20
23.3934
 30
0.0
  0
SEQEND
  5
FB6D
  8
PIN_TOP
  0
POLYLINE
  5
198B
  8
PIN_TOP
 66
     1
 10
0.0
 20
0.0
 30
0.0
 70
     1
  0
VERTEX
  5
FB6E
  8
PIN_TOP
 10
11.578336
 20
23.3934
 30
0.0
  0
VERTEX
  5
FB6F
  8
PIN_TOP
 10
11.578336
 20
23.0886
 30
0.0
  0
VERTEX
  5
FB70
  8
PIN_TOP
 10
11.273536
 20
23.0886
 30
0.0
  0
VERTEX
  5
FB71
  8
PIN_TOP
 10
11.273536
 20
23.3934
 30
0.0
  0
SEQEND
  5
FB72
  8
PIN_TOP
  0
POLYLINE
  5
1991
  8
PACKAGE_GEOMETRY_SILKSCREE
 66
     1
 10
0.0
 20
0.0
 30
0.0
 40
0.1524
 41
0.1524
  0
VERTEX
  5
FB73
  8
PACKAGE_GEOMETRY_SILKSCREE
 10
11.675872
 20
23.490936000000001
 30
0.0
  0
VERTEX
  5
FB74
  8
PACKAGE_GEOMETRY_SILKSCREE
 10
11.675872
 20
22.991064000000001
 30
0.0
  0
SEQEND
  5
FB75
  8
PACKAGE_GEOMETRY_SILKSCREE
  0
POLYLINE
  5
1995
  8
PACKAGE_GEOMETRY_SILKSCREE
 66
     1
 10
0.0
 20
0.0
 30
0.0
 40
0.1524
 41
0.1524
  0
VERTEX
  5
FB76
  8
PACKAGE_GEOMETRY_SILKSCREE
 10
10.676128
 20
23.490936000000001
 30
0.0
  0
VERTEX
  5
FB77
  8
PACKAGE_GEOMETRY_SILKSCREE
 10
11.675872
 20
23.490936000000001
 30
0.0
  0
SEQEND
  5
FB78
  8
PACKAGE_GEOMETRY_SILKSCREE
  0
POLYLINE
  5
1999
  8
PACKAGE_GEOMETRY_SILKSCREE
 66
     1
 10
0.0
 20
0.0
 30
0.0
 40
0.1524
 41
0.1524
  0
VERTEX
  5
FB79
  8
PACKAGE_GEOMETRY_SILKSCREE
 10
10.676128
 20
22.991064000000001
 30
0.0
  0
VERTEX
  5
FB7A
  8
PACKAGE_GEOMETRY_SILKSCREE
 10
10.676128
 20
23.490936000000001
 30
0.0
  0
SEQEND
  5
FB7B
  8
PACKAGE_GEOMETRY_SILKSCREE
  0
POLYLINE
  5
199D
  8
PACKAGE_GEOMETRY_SILKSCREE
 66
     1
 10
0.0
 20
0.0
 30
0.0
 40
0.1524
 41
0.1524
  0
VERTEX
  5
FB7C
  8
PACKAGE_GEOMETRY_SILKSCREE
 10
11.675872
 20
22.991064000000001
 30
0.0
  0
VERTEX
  5
FB7D
  8
PACKAGE_GEOMETRY_SILKSCREE
 10
10.676128
 20
22.991064000000001
 30
0.0
  0
SEQEND
  5
FB7E
  8
PACKAGE_GEOMETRY_SILKSCREE
  0
POLYLINE
  5
19A1
  8
PIN_TOP
 66
     1
 10
0.0
 20
0.0
 30
0.0
 70
     1
  0
VERTEX
  5
FB7F
  8
PIN_TOP
 10
51.151536
 20
17.881599999999999
 30
0.0
  0
VERTEX
  5
FB80
  8
PIN_TOP
 10
51.151536
 20
18.186399999999999
 30
0.0
  0
VERTEX
  5
FB81
  8
PIN_TOP
 10
51.456336
 20
18.186399999999999
 30
0.0
  0
VERTEX
  5
FB82
  8
PIN_TOP
 10
51.456336
 20
17.881599999999999
 30
0.0
  0
SEQEND
  5
FB83
  8
PIN_TOP
  0
POLYLINE
  5
19A7
  8
PIN_TOP
 66
     1
 10
0.0
 20
0.0
 30
0.0
 70
     1
  0
VERTEX
  5
FB84
  8
PIN_TOP
 10
50.65166399999999
 20
17.881599999999999
 30
0.0
  0
VERTEX
  5
FB85
  8
PIN_TOP
 10
50.65166399999999
 20
18.186399999999999
 30
0.0
  0
VERTEX
  5
FB86
  8
PIN_TOP
 10
50.95646399999999
 20
18.186399999999999
 30
0.0
  0
VERTEX
  5
FB87
  8
PIN_TOP
 10
50.95646399999999
 20
17.881599999999999
 30
0.0
  0
SEQEND
  5
FB88
  8
PIN_TOP
  0
POLYLINE
  5
19AD
  8
PACKAGE_GEOMETRY_SILKSCREE
 66
     1
 10
0.0
 20
0.0
 30
0.0
 40
0.1524
 41
0.1524
  0
VERTEX
  5
FB89
  8
PACKAGE_GEOMETRY_SILKSCREE
 10
50.554127999999999
 20
17.784064000000001
 30
0.0
  0
VERTEX
  5
FB8A
  8
PACKAGE_GEOMETRY_SILKSCREE
 10
50.554127999999999
 20
18.283936000000001
 30
0.0
  0
SEQEND
  5
FB8B
  8
PACKAGE_GEOMETRY_SILKSCREE
  0
POLYLINE
  5
19B1
  8
PACKAGE_GEOMETRY_SILKSCREE
 66
     1
 10
0.0
 20
0.0
 30
0.0
 40
0.1524
 41
0.1524
  0
VERTEX
  5
FB8C
  8
PACKAGE_GEOMETRY_SILKSCREE
 10
51.553871999999991
 20
17.784064000000001
 30
0.0
  0
VERTEX
  5
FB8D
  8
PACKAGE_GEOMETRY_SILKSCREE
 10
50.554127999999999
 20
17.784064000000001
 30
0.0
  0
SEQEND
  5
FB8E
  8
PACKAGE_GEOMETRY_SILKSCREE
  0
POLYLINE
  5
19B5
  8
PACKAGE_GEOMETRY_SILKSCREE
 66
     1
 10
0.0
 20
0.0
 30
0.0
 40
0.1524
 41
0.1524
  0
VERTEX
  5
FB8F
  8
PACKAGE_GEOMETRY_SILKSCREE
 10
51.553871999999991
 20
18.283936000000001
 30
0.0
  0
VERTEX
  5
FB90
  8
PACKAGE_GEOMETRY_SILKSCREE
 10
51.553871999999991
 20
17.784064000000001
 30
0.0
  0
SEQEND
  5
FB91
  8
PACKAGE_GEOMETRY_SILKSCREE
  0
POLYLINE
  5
19B9
  8
PACKAGE_GEOMETRY_SILKSCREE
 66
     1
 10
0.0
 20
0.0
 30
0.0
 40
0.1524
 41
0.1524
  0
VERTEX
  5
FB92
  8
PACKAGE_GEOMETRY_SILKSCREE
 10
50.554127999999999
 20
18.283936000000001
 30
0.0
  0
VERTEX
  5
FB93
  8
PACKAGE_GEOMETRY_SILKSCREE
 10
51.553871999999991
 20
18.283936000000001
 30
0.0
  0
SEQEND
  5
FB94
  8
PACKAGE_GEOMETRY_SILKSCREE
  0
POLYLINE
  5
19BD
  8
PIN_TOP
 66
     1
 10
0.0
 20
0.0
 30
0.0
 70
     1
  0
VERTEX
  5
FB95
  8
PIN_TOP
 10
53.111400000000003
 20
11.400536000000001
 30
0.0
  0
VERTEX
  5
FB96
  8
PIN_TOP
 10
52.80660000000001
 20
11.400536000000001
 30
0.0
  0
VERTEX
  5
FB97
  8
PIN_TOP
 10
52.80660000000001
 20
11.705336000000001
 30
0.0
  0
VERTEX
  5
FB98
  8
PIN_TOP
 10
53.111400000000003
 20
11.705336000000001
 30
0.0
  0
SEQEND
  5
FB99
  8
PIN_TOP
  0
POLYLINE
  5
19C3
  8
PIN_TOP
 66
     1
 10
0.0
 20
0.0
 30
0.0
 70
     1
  0
VERTEX
  5
FB9A
  8
PIN_TOP
 10
53.111400000000003
 20
10.900664000000001
 30
0.0
  0
VERTEX
  5
FB9B
  8
PIN_TOP
 10
52.80660000000001
 20
10.900664000000001
 30
0.0
  0
VERTEX
  5
FB9C
  8
PIN_TOP
 10
52.80660000000001
 20
11.205463999999999
 30
0.0
  0
VERTEX
  5
FB9D
  8
PIN_TOP
 10
53.111400000000003
 20
11.205463999999999
 30
0.0
  0
SEQEND
  5
FB9E
  8
PIN_TOP
  0
POLYLINE
  5
19C9
  8
PACKAGE_GEOMETRY_SILKSCREE
 66
     1
 10
0.0
 20
0.0
 30
0.0
 40
0.1524
 41
0.1524
  0
VERTEX
  5
FB9F
  8
PACKAGE_GEOMETRY_SILKSCREE
 10
53.208936000000001
 20
10.803127999999999
 30
0.0
  0
VERTEX
  5
FBA0
  8
PACKAGE_GEOMETRY_SILKSCREE
 10
52.709063999999998
 20
10.803127999999999
 30
0.0
  0
SEQEND
  5
FBA1
  8
PACKAGE_GEOMETRY_SILKSCREE
  0
POLYLINE
  5
19CD
  8
PACKAGE_GEOMETRY_SILKSCREE
 66
     1
 10
0.0
 20
0.0
 30
0.0
 40
0.1524
 41
0.1524
  0
VERTEX
  5
FBA2
  8
PACKAGE_GEOMETRY_SILKSCREE
 10
53.208936000000001
 20
11.802872000000001
 30
0.0
  0
VERTEX
  5
FBA3
  8
PACKAGE_GEOMETRY_SILKSCREE
 10
53.208936000000001
 20
10.803127999999999
 30
0.0
  0
SEQEND
  5
FBA4
  8
PACKAGE_GEOMETRY_SILKSCREE
  0
POLYLINE
  5
19D1
  8
PACKAGE_GEOMETRY_SILKSCREE
 66
     1
 10
0.0
 20
0.0
 30
0.0
 40
0.1524
 41
0.1524
  0
VERTEX
  5
FBA5
  8
PACKAGE_GEOMETRY_SILKSCREE
 10
52.709063999999998
 20
11.802872000000001
 30
0.0
  0
VERTEX
  5
FBA6
  8
PACKAGE_GEOMETRY_SILKSCREE
 10
53.208936000000001
 20
11.802872000000001
 30
0.0
  0
SEQEND
  5
FBA7
  8
PACKAGE_GEOMETRY_SILKSCREE
  0
POLYLINE
  5
19D5
  8
PACKAGE_GEOMETRY_SILKSCREE
 66
     1
 10
0.0
 20
0.0
 30
0.0
 40
0.1524
 41
0.1524
  0
VERTEX
  5
FBA8
  8
PACKAGE_GEOMETRY_SILKSCREE
 10
52.709063999999998
 20
10.803127999999999
 30
0.0
  0
VERTEX
  5
FBA9
  8
PACKAGE_GEOMETRY_SILKSCREE
 10
52.709063999999998
 20
11.802872000000001
 30
0.0
  0
SEQEND
  5
FBAA
  8
PACKAGE_GEOMETRY_SILKSCREE
  0
POLYLINE
  5
19D9
  8
PIN_TOP
 66
     1
 10
0.0
 20
0.0
 30
0.0
 70
     1
  0
VERTEX
  5
FBAB
  8
PIN_TOP
 10
57.814464000000001
 20
20.599399999999999
 30
0.0
  0
VERTEX
  5
FBAC
  8
PIN_TOP
 10
57.814464000000001
 20
20.294599999999999
 30
0.0
  0
VERTEX
  5
FBAD
  8
PIN_TOP
 10
57.509664000000001
 20
20.294599999999999
 30
0.0
  0
VERTEX
  5
FBAE
  8
PIN_TOP
 10
57.509664000000001
 20
20.599399999999999
 30
0.0
  0
SEQEND
  5
FBAF
  8
PIN_TOP
  0
POLYLINE
  5
19DF
  8
PIN_TOP
 66
     1
 10
0.0
 20
0.0
 30
0.0
 70
     1
  0
VERTEX
  5
FBB0
  8
PIN_TOP
 10
58.314335999999997
 20
20.599399999999999
 30
0.0
  0
VERTEX
  5
FBB1
  8
PIN_TOP
 10
58.314335999999997
 20
20.294599999999999
 30
0.0
  0
VERTEX
  5
FBB2
  8
PIN_TOP
 10
58.00953599999999
 20
20.294599999999999
 30
0.0
  0
VERTEX
  5
FBB3
  8
PIN_TOP
 10
58.00953599999999
 20
20.599399999999999
 30
0.0
  0
SEQEND
  5
FBB4
  8
PIN_TOP
  0
POLYLINE
  5
19E5
  8
PACKAGE_GEOMETRY_SILKSCREE
 66
     1
 10
0.0
 20
0.0
 30
0.0
 40
0.1524
 41
0.1524
  0
VERTEX
  5
FBB5
  8
PACKAGE_GEOMETRY_SILKSCREE
 10
58.411872000000002
 20
20.696936000000001
 30
0.0
  0
VERTEX
  5
FBB6
  8
PACKAGE_GEOMETRY_SILKSCREE
 10
58.411872000000002
 20
20.197064000000001
 30
0.0
  0
SEQEND
  5
FBB7
  8
PACKAGE_GEOMETRY_SILKSCREE
  0
POLYLINE
  5
19E9
  8
PACKAGE_GEOMETRY_SILKSCREE
 66
     1
 10
0.0
 20
0.0
 30
0.0
 40
0.1524
 41
0.1524
  0
VERTEX
  5
FBB8
  8
PACKAGE_GEOMETRY_SILKSCREE
 10
57.412128000000003
 20
20.696936000000001
 30
0.0
  0
VERTEX
  5
FBB9
  8
PACKAGE_GEOMETRY_SILKSCREE
 10
58.411872000000002
 20
20.696936000000001
 30
0.0
  0
SEQEND
  5
FBBA
  8
PACKAGE_GEOMETRY_SILKSCREE
  0
POLYLINE
  5
19ED
  8
PACKAGE_GEOMETRY_SILKSCREE
 66
     1
 10
0.0
 20
0.0
 30
0.0
 40
0.1524
 41
0.1524
  0
VERTEX
  5
FBBB
  8
PACKAGE_GEOMETRY_SILKSCREE
 10
57.412128000000003
 20
20.197064000000001
 30
0.0
  0
VERTEX
  5
FBBC
  8
PACKAGE_GEOMETRY_SILKSCREE
 10
57.412128000000003
 20
20.696936000000001
 30
0.0
  0
SEQEND
  5
FBBD
  8
PACKAGE_GEOMETRY_SILKSCREE
  0
POLYLINE
  5
19F1
  8
PACKAGE_GEOMETRY_SILKSCREE
 66
     1
 10
0.0
 20
0.0
 30
0.0
 40
0.1524
 41
0.1524
  0
VERTEX
  5
FBBE
  8
PACKAGE_GEOMETRY_SILKSCREE
 10
58.411872000000002
 20
20.197064000000001
 30
0.0
  0
VERTEX
  5
FBBF
  8
PACKAGE_GEOMETRY_SILKSCREE
 10
57.412128000000003
 20
20.197064000000001
 30
0.0
  0
SEQEND
  5
FBC0
  8
PACKAGE_GEOMETRY_SILKSCREE
  0
POLYLINE
  5
19F5
  8
PIN_TOP
 66
     1
 10
0.0
 20
0.0
 30
0.0
 70
     1
  0
VERTEX
  5
FBC1
  8
PIN_TOP
 10
52.675536000000001
 20
23.4696
 30
0.0
  0
VERTEX
  5
FBC2
  8
PIN_TOP
 10
52.675536000000001
 20
23.7744
 30
0.0
  0
VERTEX
  5
FBC3
  8
PIN_TOP
 10
52.980336000000001
 20
23.7744
 30
0.0
  0
VERTEX
  5
FBC4
  8
PIN_TOP
 10
52.980336000000001
 20
23.4696
 30
0.0
  0
SEQEND
  5
FBC5
  8
PIN_TOP
  0
POLYLINE
  5
19FB
  8
PIN_TOP
 66
     1
 10
0.0
 20
0.0
 30
0.0
 70
     1
  0
VERTEX
  5
FBC6
  8
PIN_TOP
 10
52.17566399999999
 20
23.4696
 30
0.0
  0
VERTEX
  5
FBC7
  8
PIN_TOP
 10
52.17566399999999
 20
23.7744
 30
0.0
  0
VERTEX
  5
FBC8
  8
PIN_TOP
 10
52.480463999999991
 20
23.7744
 30
0.0
  0
VERTEX
  5
FBC9
  8
PIN_TOP
 10
52.480463999999991
 20
23.4696
 30
0.0
  0
SEQEND
  5
FBCA
  8
PIN_TOP
  0
POLYLINE
  5
1A01
  8
PACKAGE_GEOMETRY_SILKSCREE
 66
     1
 10
0.0
 20
0.0
 30
0.0
 40
0.1524
 41
0.1524
  0
VERTEX
  5
FBCB
  8
PACKAGE_GEOMETRY_SILKSCREE
 10
52.078128
 20
23.372064000000002
 30
0.0
  0
VERTEX
  5
FBCC
  8
PACKAGE_GEOMETRY_SILKSCREE
 10
52.078128
 20
23.871936000000002
 30
0.0
  0
SEQEND
  5
FBCD
  8
PACKAGE_GEOMETRY_SILKSCREE
  0
POLYLINE
  5
1A05
  8
PACKAGE_GEOMETRY_SILKSCREE
 66
     1
 10
0.0
 20
0.0
 30
0.0
 40
0.1524
 41
0.1524
  0
VERTEX
  5
FBCE
  8
PACKAGE_GEOMETRY_SILKSCREE
 10
53.077871999999992
 20
23.372064000000002
 30
0.0
  0
VERTEX
  5
FBCF
  8
PACKAGE_GEOMETRY_SILKSCREE
 10
52.078128
 20
23.372064000000002
 30
0.0
  0
SEQEND
  5
FBD0
  8
PACKAGE_GEOMETRY_SILKSCREE
  0
POLYLINE
  5
1A09
  8
PACKAGE_GEOMETRY_SILKSCREE
 66
     1
 10
0.0
 20
0.0
 30
0.0
 40
0.1524
 41
0.1524
  0
VERTEX
  5
FBD1
  8
PACKAGE_GEOMETRY_SILKSCREE
 10
53.077871999999992
 20
23.871936000000002
 30
0.0
  0
VERTEX
  5
FBD2
  8
PACKAGE_GEOMETRY_SILKSCREE
 10
53.077871999999992
 20
23.372064000000002
 30
0.0
  0
SEQEND
  5
FBD3
  8
PACKAGE_GEOMETRY_SILKSCREE
  0
POLYLINE
  5
1A0D
  8
PACKAGE_GEOMETRY_SILKSCREE
 66
     1
 10
0.0
 20
0.0
 30
0.0
 40
0.1524
 41
0.1524
  0
VERTEX
  5
FBD4
  8
PACKAGE_GEOMETRY_SILKSCREE
 10
52.078128
 20
23.871936000000002
 30
0.0
  0
VERTEX
  5
FBD5
  8
PACKAGE_GEOMETRY_SILKSCREE
 10
53.077871999999992
 20
23.871936000000002
 30
0.0
  0
SEQEND
  5
FBD6
  8
PACKAGE_GEOMETRY_SILKSCREE
  0
POLYLINE
  5
1A11
  8
PIN_TOP
 66
     1
 10
0.0
 20
0.0
 30
0.0
 70
     1
  0
VERTEX
  5
FBD7
  8
PIN_TOP
 10
52.675536000000001
 20
20.421600000000002
 30
0.0
  0
VERTEX
  5
FBD8
  8
PIN_TOP
 10
52.675536000000001
 20
20.726400000000002
 30
0.0
  0
VERTEX
  5
FBD9
  8
PIN_TOP
 10
52.980336000000001
 20
20.726400000000002
 30
0.0
  0
VERTEX
  5
FBDA
  8
PIN_TOP
 10
52.980336000000001
 20
20.421600000000002
 30
0.0
  0
SEQEND
  5
FBDB
  8
PIN_TOP
  0
POLYLINE
  5
1A17
  8
PIN_TOP
 66
     1
 10
0.0
 20
0.0
 30
0.0
 70
     1
  0
VERTEX
  5
FBDC
  8
PIN_TOP
 10
52.17566399999999
 20
20.421600000000002
 30
0.0
  0
VERTEX
  5
FBDD
  8
PIN_TOP
 10
52.17566399999999
 20
20.726400000000002
 30
0.0
  0
VERTEX
  5
FBDE
  8
PIN_TOP
 10
52.480463999999991
 20
20.726400000000002
 30
0.0
  0
VERTEX
  5
FBDF
  8
PIN_TOP
 10
52.480463999999991
 20
20.421600000000002
 30
0.0
  0
SEQEND
  5
FBE0
  8
PIN_TOP
  0
POLYLINE
  5
1A1D
  8
PACKAGE_GEOMETRY_SILKSCREE
 66
     1
 10
0.0
 20
0.0
 30
0.0
 40
0.1524
 41
0.1524
  0
VERTEX
  5
FBE1
  8
PACKAGE_GEOMETRY_SILKSCREE
 10
52.078128
 20
20.324064
 30
0.0
  0
VERTEX
  5
FBE2
  8
PACKAGE_GEOMETRY_SILKSCREE
 10
52.078128
 20
20.823936
 30
0.0
  0
SEQEND
  5
FBE3
  8
PACKAGE_GEOMETRY_SILKSCREE
  0
POLYLINE
  5
1A21
  8
PACKAGE_GEOMETRY_SILKSCREE
 66
     1
 10
0.0
 20
0.0
 30
0.0
 40
0.1524
 41
0.1524
  0
VERTEX
  5
FBE4
  8
PACKAGE_GEOMETRY_SILKSCREE
 10
53.077871999999992
 20
20.324064
 30
0.0
  0
VERTEX
  5
FBE5
  8
PACKAGE_GEOMETRY_SILKSCREE
 10
52.078128
 20
20.324064
 30
0.0
  0
SEQEND
  5
FBE6
  8
PACKAGE_GEOMETRY_SILKSCREE
  0
POLYLINE
  5
1A25
  8
PACKAGE_GEOMETRY_SILKSCREE
 66
     1
 10
0.0
 20
0.0
 30
0.0
 40
0.1524
 41
0.1524
  0
VERTEX
  5
FBE7
  8
PACKAGE_GEOMETRY_SILKSCREE
 10
53.077871999999992
 20
20.823936
 30
0.0
  0
VERTEX
  5
FBE8
  8
PACKAGE_GEOMETRY_SILKSCREE
 10
53.077871999999992
 20
20.324064
 30
0.0
  0
SEQEND
  5
FBE9
  8
PACKAGE_GEOMETRY_SILKSCREE
  0
POLYLINE
  5
1A29
  8
PACKAGE_GEOMETRY_SILKSCREE
 66
     1
 10
0.0
 20
0.0
 30
0.0
 40
0.1524
 41
0.1524
  0
VERTEX
  5
FBEA
  8
PACKAGE_GEOMETRY_SILKSCREE
 10
52.078128
 20
20.823936
 30
0.0
  0
VERTEX
  5
FBEB
  8
PACKAGE_GEOMETRY_SILKSCREE
 10
53.077871999999992
 20
20.823936
 30
0.0
  0
SEQEND
  5
FBEC
  8
PACKAGE_GEOMETRY_SILKSCREE
  0
POLYLINE
  5
1A2D
  8
PIN_TOP
 66
     1
 10
0.0
 20
0.0
 30
0.0
 70
     1
  0
VERTEX
  5
FBED
  8
PIN_TOP
 10
52.675536000000001
 20
21.4376
 30
0.0
  0
VERTEX
  5
FBEE
  8
PIN_TOP
 10
52.675536000000001
 20
21.7424
 30
0.0
  0
VERTEX
  5
FBEF
  8
PIN_TOP
 10
52.980336000000001
 20
21.7424
 30
0.0
  0
VERTEX
  5
FBF0
  8
PIN_TOP
 10
52.980336000000001
 20
21.4376
 30
0.0
  0
SEQEND
  5
FBF1
  8
PIN_TOP
  0
POLYLINE
  5
1A33
  8
PIN_TOP
 66
     1
 10
0.0
 20
0.0
 30
0.0
 70
     1
  0
VERTEX
  5
FBF2
  8
PIN_TOP
 10
52.17566399999999
 20
21.4376
 30
0.0
  0
VERTEX
  5
FBF3
  8
PIN_TOP
 10
52.17566399999999
 20
21.7424
 30
0.0
  0
VERTEX
  5
FBF4
  8
PIN_TOP
 10
52.480463999999991
 20
21.7424
 30
0.0
  0
VERTEX
  5
FBF5
  8
PIN_TOP
 10
52.480463999999991
 20
21.4376
 30
0.0
  0
SEQEND
  5
FBF6
  8
PIN_TOP
  0
POLYLINE
  5
1A39
  8
PACKAGE_GEOMETRY_SILKSCREE
 66
     1
 10
0.0
 20
0.0
 30
0.0
 40
0.1524
 41
0.1524
  0
VERTEX
  5
FBF7
  8
PACKAGE_GEOMETRY_SILKSCREE
 10
52.078128
 20
21.340064000000002
 30
0.0
  0
VERTEX
  5
FBF8
  8
PACKAGE_GEOMETRY_SILKSCREE
 10
52.078128
 20
21.839936000000002
 30
0.0
  0
SEQEND
  5
FBF9
  8
PACKAGE_GEOMETRY_SILKSCREE
  0
POLYLINE
  5
1A3D
  8
PACKAGE_GEOMETRY_SILKSCREE
 66
     1
 10
0.0
 20
0.0
 30
0.0
 40
0.1524
 41
0.1524
  0
VERTEX
  5
FBFA
  8
PACKAGE_GEOMETRY_SILKSCREE
 10
53.077871999999992
 20
21.340064000000002
 30
0.0
  0
VERTEX
  5
FBFB
  8
PACKAGE_GEOMETRY_SILKSCREE
 10
52.078128
 20
21.340064000000002
 30
0.0
  0
SEQEND
  5
FBFC
  8
PACKAGE_GEOMETRY_SILKSCREE
  0
POLYLINE
  5
1A41
  8
PACKAGE_GEOMETRY_SILKSCREE
 66
     1
 10
0.0
 20
0.0
 30
0.0
 40
0.1524
 41
0.1524
  0
VERTEX
  5
FBFD
  8
PACKAGE_GEOMETRY_SILKSCREE
 10
53.077871999999992
 20
21.839936000000002
 30
0.0
  0
VERTEX
  5
FBFE
  8
PACKAGE_GEOMETRY_SILKSCREE
 10
53.077871999999992
 20
21.340064000000002
 30
0.0
  0
SEQEND
  5
FBFF
  8
PACKAGE_GEOMETRY_SILKSCREE
  0
POLYLINE
  5
1A45
  8
PACKAGE_GEOMETRY_SILKSCREE
 66
     1
 10
0.0
 20
0.0
 30
0.0
 40
0.1524
 41
0.1524
  0
VERTEX
  5
FC00
  8
PACKAGE_GEOMETRY_SILKSCREE
 10
52.078128
 20
21.839936000000002
 30
0.0
  0
VERTEX
  5
FC01
  8
PACKAGE_GEOMETRY_SILKSCREE
 10
53.077871999999992
 20
21.839936000000002
 30
0.0
  0
SEQEND
  5
FC02
  8
PACKAGE_GEOMETRY_SILKSCREE
  0
POLYLINE
  5
1A49
  8
PIN_TOP
 66
     1
 10
0.0
 20
0.0
 30
0.0
 70
     1
  0
VERTEX
  5
FC03
  8
PIN_TOP
 10
52.675536000000001
 20
22.453600000000002
 30
0.0
  0
VERTEX
  5
FC04
  8
PIN_TOP
 10
52.675536000000001
 20
22.758400000000002
 30
0.0
  0
VERTEX
  5
FC05
  8
PIN_TOP
 10
52.980336000000001
 20
22.758400000000002
 30
0.0
  0
VERTEX
  5
FC06
  8
PIN_TOP
 10
52.980336000000001
 20
22.453600000000002
 30
0.0
  0
SEQEND
  5
FC07
  8
PIN_TOP
  0
POLYLINE
  5
1A4F
  8
PIN_TOP
 66
     1
 10
0.0
 20
0.0
 30
0.0
 70
     1
  0
VERTEX
  5
FC08
  8
PIN_TOP
 10
52.17566399999999
 20
22.453600000000002
 30
0.0
  0
VERTEX
  5
FC09
  8
PIN_TOP
 10
52.17566399999999
 20
22.758400000000002
 30
0.0
  0
VERTEX
  5
FC0A
  8
PIN_TOP
 10
52.480463999999991
 20
22.758400000000002
 30
0.0
  0
VERTEX
  5
FC0B
  8
PIN_TOP
 10
52.480463999999991
 20
22.453600000000002
 30
0.0
  0
SEQEND
  5
FC0C
  8
PIN_TOP
  0
POLYLINE
  5
1A55
  8
PACKAGE_GEOMETRY_SILKSCREE
 66
     1
 10
0.0
 20
0.0
 30
0.0
 40
0.1524
 41
0.1524
  0
VERTEX
  5
FC0D
  8
PACKAGE_GEOMETRY_SILKSCREE
 10
52.078128
 20
22.356064
 30
0.0
  0
VERTEX
  5
FC0E
  8
PACKAGE_GEOMETRY_SILKSCREE
 10
52.078128
 20
22.855936
 30
0.0
  0
SEQEND
  5
FC0F
  8
PACKAGE_GEOMETRY_SILKSCREE
  0
POLYLINE
  5
1A59
  8
PACKAGE_GEOMETRY_SILKSCREE
 66
     1
 10
0.0
 20
0.0
 30
0.0
 40
0.1524
 41
0.1524
  0
VERTEX
  5
FC10
  8
PACKAGE_GEOMETRY_SILKSCREE
 10
53.077871999999992
 20
22.356064
 30
0.0
  0
VERTEX
  5
FC11
  8
PACKAGE_GEOMETRY_SILKSCREE
 10
52.078128
 20
22.356064
 30
0.0
  0
SEQEND
  5
FC12
  8
PACKAGE_GEOMETRY_SILKSCREE
  0
POLYLINE
  5
1A5D
  8
PACKAGE_GEOMETRY_SILKSCREE
 66
     1
 10
0.0
 20
0.0
 30
0.0
 40
0.1524
 41
0.1524
  0
VERTEX
  5
FC13
  8
PACKAGE_GEOMETRY_SILKSCREE
 10
53.077871999999992
 20
22.855936
 30
0.0
  0
VERTEX
  5
FC14
  8
PACKAGE_GEOMETRY_SILKSCREE
 10
53.077871999999992
 20
22.356064
 30
0.0
  0
SEQEND
  5
FC15
  8
PACKAGE_GEOMETRY_SILKSCREE
  0
POLYLINE
  5
1A61
  8
PACKAGE_GEOMETRY_SILKSCREE
 66
     1
 10
0.0
 20
0.0
 30
0.0
 40
0.1524
 41
0.1524
  0
VERTEX
  5
FC16
  8
PACKAGE_GEOMETRY_SILKSCREE
 10
52.078128
 20
22.855936
 30
0.0
  0
VERTEX
  5
FC17
  8
PACKAGE_GEOMETRY_SILKSCREE
 10
53.077871999999992
 20
22.855936
 30
0.0
  0
SEQEND
  5
FC18
  8
PACKAGE_GEOMETRY_SILKSCREE
  0
POLYLINE
  5
1A65
  8
PIN_TOP
 66
     1
 10
0.0
 20
0.0
 30
0.0
 70
     1
  0
VERTEX
  5
FC19
  8
PIN_TOP
 10
20.345400000000001
 20
13.051536
 30
0.0
  0
VERTEX
  5
FC1A
  8
PIN_TOP
 10
20.040600000000001
 20
13.051536
 30
0.0
  0
VERTEX
  5
FC1B
  8
PIN_TOP
 10
20.040600000000001
 20
13.356336000000001
 30
0.0
  0
VERTEX
  5
FC1C
  8
PIN_TOP
 10
20.345400000000001
 20
13.356336000000001
 30
0.0
  0
SEQEND
  5
FC1D
  8
PIN_TOP
  0
POLYLINE
  5
1A6B
  8
PIN_TOP
 66
     1
 10
0.0
 20
0.0
 30
0.0
 70
     1
  0
VERTEX
  5
FC1E
  8
PIN_TOP
 10
20.345400000000001
 20
12.551664000000001
 30
0.0
  0
VERTEX
  5
FC1F
  8
PIN_TOP
 10
20.040600000000001
 20
12.551664000000001
 30
0.0
  0
VERTEX
  5
FC20
  8
PIN_TOP
 10
20.040600000000001
 20
12.856464000000001
 30
0.0
  0
VERTEX
  5
FC21
  8
PIN_TOP
 10
20.345400000000001
 20
12.856464000000001
 30
0.0
  0
SEQEND
  5
FC22
  8
PIN_TOP
  0
POLYLINE
  5
1A71
  8
PACKAGE_GEOMETRY_SILKSCREE
 66
     1
 10
0.0
 20
0.0
 30
0.0
 40
0.1524
 41
0.1524
  0
VERTEX
  5
FC23
  8
PACKAGE_GEOMETRY_SILKSCREE
 10
20.442936
 20
12.454128000000001
 30
0.0
  0
VERTEX
  5
FC24
  8
PACKAGE_GEOMETRY_SILKSCREE
 10
19.943064
 20
12.454128000000001
 30
0.0
  0
SEQEND
  5
FC25
  8
PACKAGE_GEOMETRY_SILKSCREE
  0
POLYLINE
  5
1A75
  8
PACKAGE_GEOMETRY_SILKSCREE
 66
     1
 10
0.0
 20
0.0
 30
0.0
 40
0.1524
 41
0.1524
  0
VERTEX
  5
FC26
  8
PACKAGE_GEOMETRY_SILKSCREE
 10
20.442936
 20
13.453872
 30
0.0
  0
VERTEX
  5
FC27
  8
PACKAGE_GEOMETRY_SILKSCREE
 10
20.442936
 20
12.454128000000001
 30
0.0
  0
SEQEND
  5
FC28
  8
PACKAGE_GEOMETRY_SILKSCREE
  0
POLYLINE
  5
1A79
  8
PACKAGE_GEOMETRY_SILKSCREE
 66
     1
 10
0.0
 20
0.0
 30
0.0
 40
0.1524
 41
0.1524
  0
VERTEX
  5
FC29
  8
PACKAGE_GEOMETRY_SILKSCREE
 10
19.943064
 20
13.453872
 30
0.0
  0
VERTEX
  5
FC2A
  8
PACKAGE_GEOMETRY_SILKSCREE
 10
20.442936
 20
13.453872
 30
0.0
  0
SEQEND
  5
FC2B
  8
PACKAGE_GEOMETRY_SILKSCREE
  0
POLYLINE
  5
1A7D
  8
PACKAGE_GEOMETRY_SILKSCREE
 66
     1
 10
0.0
 20
0.0
 30
0.0
 40
0.1524
 41
0.1524
  0
VERTEX
  5
FC2C
  8
PACKAGE_GEOMETRY_SILKSCREE
 10
19.943064
 20
12.454128000000001
 30
0.0
  0
VERTEX
  5
FC2D
  8
PACKAGE_GEOMETRY_SILKSCREE
 10
19.943064
 20
13.453872
 30
0.0
  0
SEQEND
  5
FC2E
  8
PACKAGE_GEOMETRY_SILKSCREE
  0
POLYLINE
  5
1A81
  8
PIN_TOP
 66
     1
 10
0.0
 20
0.0
 30
0.0
 70
     1
  0
VERTEX
  5
FC2F
  8
PIN_TOP
 10
14.3002
 20
8.1574639999999992
 30
0.0
  0
VERTEX
  5
FC30
  8
PIN_TOP
 10
14.605
 20
8.1574639999999992
 30
0.0
  0
VERTEX
  5
FC31
  8
PIN_TOP
 10
14.605
 20
7.8526639999999981
 30
0.0
  0
VERTEX
  5
FC32
  8
PIN_TOP
 10
14.3002
 20
7.8526639999999981
 30
0.0
  0
SEQEND
  5
FC33
  8
PIN_TOP
  0
POLYLINE
  5
1A87
  8
PIN_TOP
 66
     1
 10
0.0
 20
0.0
 30
0.0
 70
     1
  0
VERTEX
  5
FC34
  8
PIN_TOP
 10
14.3002
 20
8.6573360000000008
 30
0.0
  0
VERTEX
  5
FC35
  8
PIN_TOP
 10
14.605
 20
8.6573360000000008
 30
0.0
  0
VERTEX
  5
FC36
  8
PIN_TOP
 10
14.605
 20
8.3525360000000006
 30
0.0
  0
VERTEX
  5
FC37
  8
PIN_TOP
 10
14.3002
 20
8.3525360000000006
 30
0.0
  0
SEQEND
  5
FC38
  8
PIN_TOP
  0
POLYLINE
  5
1A8D
  8
PACKAGE_GEOMETRY_SILKSCREE
 66
     1
 10
0.0
 20
0.0
 30
0.0
 40
0.1524
 41
0.1524
  0
VERTEX
  5
FC39
  8
PACKAGE_GEOMETRY_SILKSCREE
 10
14.202664
 20
8.7548720000000007
 30
0.0
  0
VERTEX
  5
FC3A
  8
PACKAGE_GEOMETRY_SILKSCREE
 10
14.702536
 20
8.7548720000000007
 30
0.0
  0
SEQEND
  5
FC3B
  8
PACKAGE_GEOMETRY_SILKSCREE
  0
POLYLINE
  5
1A91
  8
PACKAGE_GEOMETRY_SILKSCREE
 66
     1
 10
0.0
 20
0.0
 30
0.0
 40
0.1524
 41
0.1524
  0
VERTEX
  5
FC3C
  8
PACKAGE_GEOMETRY_SILKSCREE
 10
14.202664
 20
7.755128
 30
0.0
  0
VERTEX
  5
FC3D
  8
PACKAGE_GEOMETRY_SILKSCREE
 10
14.202664
 20
8.7548720000000007
 30
0.0
  0
SEQEND
  5
FC3E
  8
PACKAGE_GEOMETRY_SILKSCREE
  0
POLYLINE
  5
1A95
  8
PACKAGE_GEOMETRY_SILKSCREE
 66
     1
 10
0.0
 20
0.0
 30
0.0
 40
0.1524
 41
0.1524
  0
VERTEX
  5
FC3F
  8
PACKAGE_GEOMETRY_SILKSCREE
 10
14.702536
 20
7.755128
 30
0.0
  0
VERTEX
  5
FC40
  8
PACKAGE_GEOMETRY_SILKSCREE
 10
14.202664
 20
7.755128
 30
0.0
  0
SEQEND
  5
FC41
  8
PACKAGE_GEOMETRY_SILKSCREE
  0
POLYLINE
  5
1A99
  8
PACKAGE_GEOMETRY_SILKSCREE
 66
     1
 10
0.0
 20
0.0
 30
0.0
 40
0.1524
 41
0.1524
  0
VERTEX
  5
FC42
  8
PACKAGE_GEOMETRY_SILKSCREE
 10
14.702536
 20
8.7548720000000007
 30
0.0
  0
VERTEX
  5
FC43
  8
PACKAGE_GEOMETRY_SILKSCREE
 10
14.702536
 20
7.755128
 30
0.0
  0
SEQEND
  5
FC44
  8
PACKAGE_GEOMETRY_SILKSCREE
  0
POLYLINE
  5
1A9D
  8
PIN_TOP
 66
     1
 10
0.0
 20
0.0
 30
0.0
 70
     1
  0
VERTEX
  5
FC45
  8
PIN_TOP
 10
60.295535999999991
 20
8.2295999999999978
 30
0.0
  0
VERTEX
  5
FC46
  8
PIN_TOP
 10
60.295535999999991
 20
8.5343999999999998
 30
0.0
  0
VERTEX
  5
FC47
  8
PIN_TOP
 10
60.600335999999999
 20
8.5343999999999998
 30
0.0
  0
VERTEX
  5
FC48
  8
PIN_TOP
 10
60.600335999999999
 20
8.2295999999999978
 30
0.0
  0
SEQEND
  5
FC49
  8
PIN_TOP
  0
POLYLINE
  5
1AA3
  8
PIN_TOP
 66
     1
 10
0.0
 20
0.0
 30
0.0
 70
     1
  0
VERTEX
  5
FC4A
  8
PIN_TOP
 10
59.795664000000002
 20
8.2295999999999978
 30
0.0
  0
VERTEX
  5
FC4B
  8
PIN_TOP
 10
59.795664000000002
 20
8.5343999999999998
 30
0.0
  0
VERTEX
  5
FC4C
  8
PIN_TOP
 10
60.100464000000002
 20
8.5343999999999998
 30
0.0
  0
VERTEX
  5
FC4D
  8
PIN_TOP
 10
60.100464000000002
 20
8.2295999999999978
 30
0.0
  0
SEQEND
  5
FC4E
  8
PIN_TOP
  0
POLYLINE
  5
1AA9
  8
PACKAGE_GEOMETRY_SILKSCREE
 66
     1
 10
0.0
 20
0.0
 30
0.0
 40
0.1524
 41
0.1524
  0
VERTEX
  5
FC4F
  8
PACKAGE_GEOMETRY_SILKSCREE
 10
59.69812799999999
 20
8.1320639999999962
 30
0.0
  0
VERTEX
  5
FC50
  8
PACKAGE_GEOMETRY_SILKSCREE
 10
59.69812799999999
 20
8.6319359999999978
 30
0.0
  0
SEQEND
  5
FC51
  8
PACKAGE_GEOMETRY_SILKSCREE
  0
POLYLINE
  5
1AAD
  8
PACKAGE_GEOMETRY_SILKSCREE
 66
     1
 10
0.0
 20
0.0
 30
0.0
 40
0.1524
 41
0.1524
  0
VERTEX
  5
FC52
  8
PACKAGE_GEOMETRY_SILKSCREE
 10
60.697871999999997
 20
8.1320639999999962
 30
0.0
  0
VERTEX
  5
FC53
  8
PACKAGE_GEOMETRY_SILKSCREE
 10
59.69812799999999
 20
8.1320639999999962
 30
0.0
  0
SEQEND
  5
FC54
  8
PACKAGE_GEOMETRY_SILKSCREE
  0
POLYLINE
  5
1AB1
  8
PACKAGE_GEOMETRY_SILKSCREE
 66
     1
 10
0.0
 20
0.0
 30
0.0
 40
0.1524
 41
0.1524
  0
VERTEX
  5
FC55
  8
PACKAGE_GEOMETRY_SILKSCREE
 10
60.697871999999997
 20
8.6319359999999978
 30
0.0
  0
VERTEX
  5
FC56
  8
PACKAGE_GEOMETRY_SILKSCREE
 10
60.697871999999997
 20
8.1320639999999962
 30
0.0
  0
SEQEND
  5
FC57
  8
PACKAGE_GEOMETRY_SILKSCREE
  0
POLYLINE
  5
1AB5
  8
PACKAGE_GEOMETRY_SILKSCREE
 66
     1
 10
0.0
 20
0.0
 30
0.0
 40
0.1524
 41
0.1524
  0
VERTEX
  5
FC58
  8
PACKAGE_GEOMETRY_SILKSCREE
 10
59.69812799999999
 20
8.6319359999999978
 30
0.0
  0
VERTEX
  5
FC59
  8
PACKAGE_GEOMETRY_SILKSCREE
 10
60.697871999999997
 20
8.6319359999999978
 30
0.0
  0
SEQEND
  5
FC5A
  8
PACKAGE_GEOMETRY_SILKSCREE
  0
POLYLINE
  5
1AB9
  8
PIN_TOP
 66
     1
 10
0.0
 20
0.0
 30
0.0
 70
     1
  0
VERTEX
  5
FC5B
  8
PIN_TOP
 10
9.2415359999999982
 20
9.2455999999999996
 30
0.0
  0
VERTEX
  5
FC5C
  8
PIN_TOP
 10
9.2415359999999982
 20
9.5503999999999998
 30
0.0
  0
VERTEX
  5
FC5D
  8
PIN_TOP
 10
9.5463360000000002
 20
9.5503999999999998
 30
0.0
  0
VERTEX
  5
FC5E
  8
PIN_TOP
 10
9.5463360000000002
 20
9.2455999999999996
 30
0.0
  0
SEQEND
  5
FC5F
  8
PIN_TOP
  0
POLYLINE
  5
1ABF
  8
PIN_TOP
 66
     1
 10
0.0
 20
0.0
 30
0.0
 70
     1
  0
VERTEX
  5
FC60
  8
PIN_TOP
 10
8.7416640000000001
 20
9.2455999999999996
 30
0.0
  0
VERTEX
  5
FC61
  8
PIN_TOP
 10
8.7416640000000001
 20
9.5503999999999998
 30
0.0
  0
VERTEX
  5
FC62
  8
PIN_TOP
 10
9.0464640000000003
 20
9.5503999999999998
 30
0.0
  0
VERTEX
  5
FC63
  8
PIN_TOP
 10
9.0464640000000003
 20
9.2455999999999996
 30
0.0
  0
SEQEND
  5
FC64
  8
PIN_TOP
  0
POLYLINE
  5
1AC5
  8
PACKAGE_GEOMETRY_SILKSCREE
 66
     1
 10
0.0
 20
0.0
 30
0.0
 40
0.1524
 41
0.1524
  0
VERTEX
  5
FC65
  8
PACKAGE_GEOMETRY_SILKSCREE
 10
8.6441280000000003
 20
9.1480639999999998
 30
0.0
  0
VERTEX
  5
FC66
  8
PACKAGE_GEOMETRY_SILKSCREE
 10
8.6441280000000003
 20
9.6479359999999996
 30
0.0
  0
SEQEND
  5
FC67
  8
PACKAGE_GEOMETRY_SILKSCREE
  0
POLYLINE
  5
1AC9
  8
PACKAGE_GEOMETRY_SILKSCREE
 66
     1
 10
0.0
 20
0.0
 30
0.0
 40
0.1524
 41
0.1524
  0
VERTEX
  5
FC68
  8
PACKAGE_GEOMETRY_SILKSCREE
 10
9.6438719999999982
 20
9.1480639999999998
 30
0.0
  0
VERTEX
  5
FC69
  8
PACKAGE_GEOMETRY_SILKSCREE
 10
8.6441280000000003
 20
9.1480639999999998
 30
0.0
  0
SEQEND
  5
FC6A
  8
PACKAGE_GEOMETRY_SILKSCREE
  0
POLYLINE
  5
1ACD
  8
PACKAGE_GEOMETRY_SILKSCREE
 66
     1
 10
0.0
 20
0.0
 30
0.0
 40
0.1524
 41
0.1524
  0
VERTEX
  5
FC6B
  8
PACKAGE_GEOMETRY_SILKSCREE
 10
9.6438719999999982
 20
9.6479359999999996
 30
0.0
  0
VERTEX
  5
FC6C
  8
PACKAGE_GEOMETRY_SILKSCREE
 10
9.6438719999999982
 20
9.1480639999999998
 30
0.0
  0
SEQEND
  5
FC6D
  8
PACKAGE_GEOMETRY_SILKSCREE
  0
POLYLINE
  5
1AD1
  8
PACKAGE_GEOMETRY_SILKSCREE
 66
     1
 10
0.0
 20
0.0
 30
0.0
 40
0.1524
 41
0.1524
  0
VERTEX
  5
FC6E
  8
PACKAGE_GEOMETRY_SILKSCREE
 10
8.6441280000000003
 20
9.6479359999999996
 30
0.0
  0
VERTEX
  5
FC6F
  8
PACKAGE_GEOMETRY_SILKSCREE
 10
9.6438719999999982
 20
9.6479359999999996
 30
0.0
  0
SEQEND
  5
FC70
  8
PACKAGE_GEOMETRY_SILKSCREE
  0
POLYLINE
  5
1AD5
  8
PIN_TOP
 66
     1
 10
0.0
 20
0.0
 30
0.0
 70
     1
  0
VERTEX
  5
FC71
  8
PIN_TOP
 10
17.961863999999991
 20
2.6415999999999991
 30
0.0
  0
VERTEX
  5
FC72
  8
PIN_TOP
 10
17.961863999999991
 20
2.9464000000000001
 30
0.0
  0
VERTEX
  5
FC73
  8
PIN_TOP
 10
18.266663999999999
 20
2.9464000000000001
 30
0.0
  0
VERTEX
  5
FC74
  8
PIN_TOP
 10
18.266663999999999
 20
2.6415999999999991
 30
0.0
  0
SEQEND
  5
FC75
  8
PIN_TOP
  0
POLYLINE
  5
1ADB
  8
PIN_TOP
 66
     1
 10
0.0
 20
0.0
 30
0.0
 70
     1
  0
VERTEX
  5
FC76
  8
PIN_TOP
 10
18.461735999999998
 20
2.6415999999999991
 30
0.0
  0
VERTEX
  5
FC77
  8
PIN_TOP
 10
18.461735999999998
 20
2.9464000000000001
 30
0.0
  0
VERTEX
  5
FC78
  8
PIN_TOP
 10
18.766535999999999
 20
2.9464000000000001
 30
0.0
  0
VERTEX
  5
FC79
  8
PIN_TOP
 10
18.766535999999999
 20
2.6415999999999991
 30
0.0
  0
SEQEND
  5
FC7A
  8
PIN_TOP
  0
POLYLINE
  5
1AE1
  8
PACKAGE_GEOMETRY_SILKSCREE
 66
     1
 10
0.0
 20
0.0
 30
0.0
 40
0.1524
 41
0.1524
  0
VERTEX
  5
FC7B
  8
PACKAGE_GEOMETRY_SILKSCREE
 10
17.864328
 20
2.5440640000000001
 30
0.0
  0
VERTEX
  5
FC7C
  8
PACKAGE_GEOMETRY_SILKSCREE
 10
17.864328
 20
3.0439359999999991
 30
0.0
  0
SEQEND
  5
FC7D
  8
PACKAGE_GEOMETRY_SILKSCREE
  0
POLYLINE
  5
1AE5
  8
PACKAGE_GEOMETRY_SILKSCREE
 66
     1
 10
0.0
 20
0.0
 30
0.0
 40
0.1524
 41
0.1524
  0
VERTEX
  5
FC7E
  8
PACKAGE_GEOMETRY_SILKSCREE
 10
18.864072
 20
2.5440640000000001
 30
0.0
  0
VERTEX
  5
FC7F
  8
PACKAGE_GEOMETRY_SILKSCREE
 10
17.864328
 20
2.5440640000000001
 30
0.0
  0
SEQEND
  5
FC80
  8
PACKAGE_GEOMETRY_SILKSCREE
  0
POLYLINE
  5
1AE9
  8
PACKAGE_GEOMETRY_SILKSCREE
 66
     1
 10
0.0
 20
0.0
 30
0.0
 40
0.1524
 41
0.1524
  0
VERTEX
  5
FC81
  8
PACKAGE_GEOMETRY_SILKSCREE
 10
18.864072
 20
3.0439359999999991
 30
0.0
  0
VERTEX
  5
FC82
  8
PACKAGE_GEOMETRY_SILKSCREE
 10
18.864072
 20
2.5440640000000001
 30
0.0
  0
SEQEND
  5
FC83
  8
PACKAGE_GEOMETRY_SILKSCREE
  0
POLYLINE
  5
1AED
  8
PACKAGE_GEOMETRY_SILKSCREE
 66
     1
 10
0.0
 20
0.0
 30
0.0
 40
0.1524
 41
0.1524
  0
VERTEX
  5
FC84
  8
PACKAGE_GEOMETRY_SILKSCREE
 10
17.864328
 20
3.0439359999999991
 30
0.0
  0
VERTEX
  5
FC85
  8
PACKAGE_GEOMETRY_SILKSCREE
 10
18.864072
 20
3.0439359999999991
 30
0.0
  0
SEQEND
  5
FC86
  8
PACKAGE_GEOMETRY_SILKSCREE
  0
POLYLINE
  5
1AF1
  8
PIN_TOP
 66
     1
 10
0.0
 20
0.0
 30
0.0
 70
     1
  0
VERTEX
  5
FC87
  8
PIN_TOP
 10
28.2194
 20
21.441663999999999
 30
0.0
  0
VERTEX
  5
FC88
  8
PIN_TOP
 10
27.9146
 20
21.441663999999999
 30
0.0
  0
VERTEX
  5
FC89
  8
PIN_TOP
 10
27.9146
 20
21.746464
 30
0.0
  0
VERTEX
  5
FC8A
  8
PIN_TOP
 10
28.2194
 20
21.746464
 30
0.0
  0
SEQEND
  5
FC8B
  8
PIN_TOP
  0
POLYLINE
  5
1AF7
  8
PIN_TOP
 66
     1
 10
0.0
 20
0.0
 30
0.0
 70
     1
  0
VERTEX
  5
FC8C
  8
PIN_TOP
 10
28.2194
 20
21.941535999999999
 30
0.0
  0
VERTEX
  5
FC8D
  8
PIN_TOP
 10
27.9146
 20
21.941535999999999
 30
0.0
  0
VERTEX
  5
FC8E
  8
PIN_TOP
 10
27.9146
 20
22.246335999999999
 30
0.0
  0
VERTEX
  5
FC8F
  8
PIN_TOP
 10
28.2194
 20
22.246335999999999
 30
0.0
  0
SEQEND
  5
FC90
  8
PIN_TOP
  0
POLYLINE
  5
1AFD
  8
PACKAGE_GEOMETRY_SILKSCREE
 66
     1
 10
0.0
 20
0.0
 30
0.0
 40
0.1524
 41
0.1524
  0
VERTEX
  5
FC91
  8
PACKAGE_GEOMETRY_SILKSCREE
 10
28.316935999999998
 20
21.344128000000001
 30
0.0
  0
VERTEX
  5
FC92
  8
PACKAGE_GEOMETRY_SILKSCREE
 10
27.817063999999998
 20
21.344128000000001
 30
0.0
  0
SEQEND
  5
FC93
  8
PACKAGE_GEOMETRY_SILKSCREE
  0
POLYLINE
  5
1B01
  8
PACKAGE_GEOMETRY_SILKSCREE
 66
     1
 10
0.0
 20
0.0
 30
0.0
 40
0.1524
 41
0.1524
  0
VERTEX
  5
FC94
  8
PACKAGE_GEOMETRY_SILKSCREE
 10
28.316935999999998
 20
22.343872000000001
 30
0.0
  0
VERTEX
  5
FC95
  8
PACKAGE_GEOMETRY_SILKSCREE
 10
28.316935999999998
 20
21.344128000000001
 30
0.0
  0
SEQEND
  5
FC96
  8
PACKAGE_GEOMETRY_SILKSCREE
  0
POLYLINE
  5
1B05
  8
PACKAGE_GEOMETRY_SILKSCREE
 66
     1
 10
0.0
 20
0.0
 30
0.0
 40
0.1524
 41
0.1524
  0
VERTEX
  5
FC97
  8
PACKAGE_GEOMETRY_SILKSCREE
 10
27.817063999999998
 20
22.343872000000001
 30
0.0
  0
VERTEX
  5
FC98
  8
PACKAGE_GEOMETRY_SILKSCREE
 10
28.316935999999998
 20
22.343872000000001
 30
0.0
  0
SEQEND
  5
FC99
  8
PACKAGE_GEOMETRY_SILKSCREE
  0
POLYLINE
  5
1B09
  8
PACKAGE_GEOMETRY_SILKSCREE
 66
     1
 10
0.0
 20
0.0
 30
0.0
 40
0.1524
 41
0.1524
  0
VERTEX
  5
FC9A
  8
PACKAGE_GEOMETRY_SILKSCREE
 10
27.817063999999998
 20
21.344128000000001
 30
0.0
  0
VERTEX
  5
FC9B
  8
PACKAGE_GEOMETRY_SILKSCREE
 10
27.817063999999998
 20
22.343872000000001
 30
0.0
  0
SEQEND
  5
FC9C
  8
PACKAGE_GEOMETRY_SILKSCREE
  0
POLYLINE
  5
1B0D
  8
PIN_TOP
 66
     1
 10
0.0
 20
0.0
 30
0.0
 70
     1
  0
VERTEX
  5
FC9D
  8
PIN_TOP
 10
47.472599999999993
 20
4.7203359999999988
 30
0.0
  0
VERTEX
  5
FC9E
  8
PIN_TOP
 10
47.7774
 20
4.7203359999999988
 30
0.0
  0
VERTEX
  5
FC9F
  8
PIN_TOP
 10
47.7774
 20
4.4155360000000003
 30
0.0
  0
VERTEX
  5
FCA0
  8
PIN_TOP
 10
47.472599999999993
 20
4.4155360000000003
 30
0.0
  0
SEQEND
  5
FCA1
  8
PIN_TOP
  0
POLYLINE
  5
1B13
  8
PIN_TOP
 66
     1
 10
0.0
 20
0.0
 30
0.0
 70
     1
  0
VERTEX
  5
FCA2
  8
PIN_TOP
 10
47.472599999999993
 20
4.220463999999998
 30
0.0
  0
VERTEX
  5
FCA3
  8
PIN_TOP
 10
47.7774
 20
4.220463999999998
 30
0.0
  0
VERTEX
  5
FCA4
  8
PIN_TOP
 10
47.7774
 20
3.9156639999999991
 30
0.0
  0
VERTEX
  5
FCA5
  8
PIN_TOP
 10
47.472599999999993
 20
3.9156639999999991
 30
0.0
  0
SEQEND
  5
FCA6
  8
PIN_TOP
  0
POLYLINE
  5
1B19
  8
PACKAGE_GEOMETRY_SILKSCREE
 66
     1
 10
0.0
 20
0.0
 30
0.0
 40
0.1524
 41
0.1524
  0
VERTEX
  5
FCA7
  8
PACKAGE_GEOMETRY_SILKSCREE
 10
47.375064000000002
 20
4.8178720000000004
 30
0.0
  0
VERTEX
  5
FCA8
  8
PACKAGE_GEOMETRY_SILKSCREE
 10
47.874935999999998
 20
4.8178720000000004
 30
0.0
  0
SEQEND
  5
FCA9
  8
PACKAGE_GEOMETRY_SILKSCREE
  0
POLYLINE
  5
1B1D
  8
PACKAGE_GEOMETRY_SILKSCREE
 66
     1
 10
0.0
 20
0.0
 30
0.0
 40
0.1524
 41
0.1524
  0
VERTEX
  5
FCAA
  8
PACKAGE_GEOMETRY_SILKSCREE
 10
47.375064000000002
 20
3.8181279999999989
 30
0.0
  0
VERTEX
  5
FCAB
  8
PACKAGE_GEOMETRY_SILKSCREE
 10
47.375064000000002
 20
4.8178720000000004
 30
0.0
  0
SEQEND
  5
FCAC
  8
PACKAGE_GEOMETRY_SILKSCREE
  0
POLYLINE
  5
1B21
  8
PACKAGE_GEOMETRY_SILKSCREE
 66
     1
 10
0.0
 20
0.0
 30
0.0
 40
0.1524
 41
0.1524
  0
VERTEX
  5
FCAD
  8
PACKAGE_GEOMETRY_SILKSCREE
 10
47.874935999999998
 20
3.8181279999999989
 30
0.0
  0
VERTEX
  5
FCAE
  8
PACKAGE_GEOMETRY_SILKSCREE
 10
47.375064000000002
 20
3.8181279999999989
 30
0.0
  0
SEQEND
  5
FCAF
  8
PACKAGE_GEOMETRY_SILKSCREE
  0
POLYLINE
  5
1B25
  8
PACKAGE_GEOMETRY_SILKSCREE
 66
     1
 10
0.0
 20
0.0
 30
0.0
 40
0.1524
 41
0.1524
  0
VERTEX
  5
FCB0
  8
PACKAGE_GEOMETRY_SILKSCREE
 10
47.874935999999998
 20
4.8178720000000004
 30
0.0
  0
VERTEX
  5
FCB1
  8
PACKAGE_GEOMETRY_SILKSCREE
 10
47.874935999999998
 20
3.8181279999999989
 30
0.0
  0
SEQEND
  5
FCB2
  8
PACKAGE_GEOMETRY_SILKSCREE
  0
POLYLINE
  5
1B29
  8
PIN_TOP
 66
     1
 10
0.0
 20
0.0
 30
0.0
 70
     1
  0
VERTEX
  5
FCB3
  8
PIN_TOP
 10
48.107599999999998
 20
4.7203359999999988
 30
0.0
  0
VERTEX
  5
FCB4
  8
PIN_TOP
 10
48.412399999999991
 20
4.7203359999999988
 30
0.0
  0
VERTEX
  5
FCB5
  8
PIN_TOP
 10
48.412399999999991
 20
4.4155360000000003
 30
0.0
  0
VERTEX
  5
FCB6
  8
PIN_TOP
 10
48.107599999999998
 20
4.4155360000000003
 30
0.0
  0
SEQEND
  5
FCB7
  8
PIN_TOP
  0
POLYLINE
  5
1B2F
  8
PIN_TOP
 66
     1
 10
0.0
 20
0.0
 30
0.0
 70
     1
  0
VERTEX
  5
FCB8
  8
PIN_TOP
 10
48.107599999999998
 20
4.220463999999998
 30
0.0
  0
VERTEX
  5
FCB9
  8
PIN_TOP
 10
48.412399999999991
 20
4.220463999999998
 30
0.0
  0
VERTEX
  5
FCBA
  8
PIN_TOP
 10
48.412399999999991
 20
3.9156639999999991
 30
0.0
  0
VERTEX
  5
FCBB
  8
PIN_TOP
 10
48.107599999999998
 20
3.9156639999999991
 30
0.0
  0
SEQEND
  5
FCBC
  8
PIN_TOP
  0
POLYLINE
  5
1B35
  8
PACKAGE_GEOMETRY_SILKSCREE
 66
     1
 10
0.0
 20
0.0
 30
0.0
 40
0.1524
 41
0.1524
  0
VERTEX
  5
FCBD
  8
PACKAGE_GEOMETRY_SILKSCREE
 10
48.010064
 20
4.8178720000000004
 30
0.0
  0
VERTEX
  5
FCBE
  8
PACKAGE_GEOMETRY_SILKSCREE
 10
48.509935999999982
 20
4.8178720000000004
 30
0.0
  0
SEQEND
  5
FCBF
  8
PACKAGE_GEOMETRY_SILKSCREE
  0
POLYLINE
  5
1B39
  8
PACKAGE_GEOMETRY_SILKSCREE
 66
     1
 10
0.0
 20
0.0
 30
0.0
 40
0.1524
 41
0.1524
  0
VERTEX
  5
FCC0
  8
PACKAGE_GEOMETRY_SILKSCREE
 10
48.010064
 20
3.8181279999999989
 30
0.0
  0
VERTEX
  5
FCC1
  8
PACKAGE_GEOMETRY_SILKSCREE
 10
48.010064
 20
4.8178720000000004
 30
0.0
  0
SEQEND
  5
FCC2
  8
PACKAGE_GEOMETRY_SILKSCREE
  0
POLYLINE
  5
1B3D
  8
PACKAGE_GEOMETRY_SILKSCREE
 66
     1
 10
0.0
 20
0.0
 30
0.0
 40
0.1524
 41
0.1524
  0
VERTEX
  5
FCC3
  8
PACKAGE_GEOMETRY_SILKSCREE
 10
48.509681999999998
 20
3.8181279999999989
 30
0.0
  0
VERTEX
  5
FCC4
  8
PACKAGE_GEOMETRY_SILKSCREE
 10
48.010064
 20
3.8181279999999989
 30
0.0
  0
SEQEND
  5
FCC5
  8
PACKAGE_GEOMETRY_SILKSCREE
  0
POLYLINE
  5
1B41
  8
PACKAGE_GEOMETRY_SILKSCREE
 66
     1
 10
0.0
 20
0.0
 30
0.0
 40
0.1524
 41
0.1524
  0
VERTEX
  5
FCC6
  8
PACKAGE_GEOMETRY_SILKSCREE
 10
48.509935999999982
 20
4.8178720000000004
 30
0.0
  0
VERTEX
  5
FCC7
  8
PACKAGE_GEOMETRY_SILKSCREE
 10
48.509681999999998
 20
3.8181279999999989
 30
0.0
  0
SEQEND
  5
FCC8
  8
PACKAGE_GEOMETRY_SILKSCREE
  0
POLYLINE
  5
1B45
  8
PIN_TOP
 66
     1
 10
0.0
 20
0.0
 30
0.0
 70
     1
  0
VERTEX
  5
FCC9
  8
PIN_TOP
 10
35.538663999999997
 20
5.9435999999999991
 30
0.0
  0
VERTEX
  5
FCCA
  8
PIN_TOP
 10
35.538663999999997
 20
6.2484000000000002
 30
0.0
  0
VERTEX
  5
FCCB
  8
PIN_TOP
 10
35.843464000000012
 20
6.2484000000000002
 30
0.0
  0
VERTEX
  5
FCCC
  8
PIN_TOP
 10
35.843464000000012
 20
5.9435999999999991
 30
0.0
  0
SEQEND
  5
FCCD
  8
PIN_TOP
  0
POLYLINE
  5
1B4B
  8
PIN_TOP
 66
     1
 10
0.0
 20
0.0
 30
0.0
 70
     1
  0
VERTEX
  5
FCCE
  8
PIN_TOP
 10
36.038536000000001
 20
5.9435999999999991
 30
0.0
  0
VERTEX
  5
FCCF
  8
PIN_TOP
 10
36.038536000000001
 20
6.2484000000000002
 30
0.0
  0
VERTEX
  5
FCD0
  8
PIN_TOP
 10
36.343336000000001
 20
6.2484000000000002
 30
0.0
  0
VERTEX
  5
FCD1
  8
PIN_TOP
 10
36.343336000000001
 20
5.9435999999999991
 30
0.0
  0
SEQEND
  5
FCD2
  8
PIN_TOP
  0
POLYLINE
  5
1B51
  8
PACKAGE_GEOMETRY_SILKSCREE
 66
     1
 10
0.0
 20
0.0
 30
0.0
 40
0.1524
 41
0.1524
  0
VERTEX
  5
FCD3
  8
PACKAGE_GEOMETRY_SILKSCREE
 10
35.441128000000013
 20
5.8460640000000001
 30
0.0
  0
VERTEX
  5
FCD4
  8
PACKAGE_GEOMETRY_SILKSCREE
 10
35.440874000000001
 20
6.345936
 30
0.0
  0
SEQEND
  5
FCD5
  8
PACKAGE_GEOMETRY_SILKSCREE
  0
POLYLINE
  5
1B55
  8
PACKAGE_GEOMETRY_SILKSCREE
 66
     1
 10
0.0
 20
0.0
 30
0.0
 40
0.1524
 41
0.1524
  0
VERTEX
  5
FCD6
  8
PACKAGE_GEOMETRY_SILKSCREE
 10
36.440618000000001
 20
5.8460640000000001
 30
0.0
  0
VERTEX
  5
FCD7
  8
PACKAGE_GEOMETRY_SILKSCREE
 10
35.441128000000013
 20
5.8460640000000001
 30
0.0
  0
SEQEND
  5
FCD8
  8
PACKAGE_GEOMETRY_SILKSCREE
  0
POLYLINE
  5
1B59
  8
PACKAGE_GEOMETRY_SILKSCREE
 66
     1
 10
0.0
 20
0.0
 30
0.0
 40
0.1524
 41
0.1524
  0
VERTEX
  5
FCD9
  8
PACKAGE_GEOMETRY_SILKSCREE
 10
36.440618000000001
 20
6.345936
 30
0.0
  0
VERTEX
  5
FCDA
  8
PACKAGE_GEOMETRY_SILKSCREE
 10
36.440618000000001
 20
5.8460640000000001
 30
0.0
  0
SEQEND
  5
FCDB
  8
PACKAGE_GEOMETRY_SILKSCREE
  0
POLYLINE
  5
1B5D
  8
PACKAGE_GEOMETRY_SILKSCREE
 66
     1
 10
0.0
 20
0.0
 30
0.0
 40
0.1524
 41
0.1524
  0
VERTEX
  5
FCDC
  8
PACKAGE_GEOMETRY_SILKSCREE
 10
35.440874000000001
 20
6.345936
 30
0.0
  0
VERTEX
  5
FCDD
  8
PACKAGE_GEOMETRY_SILKSCREE
 10
36.440618000000001
 20
6.345936
 30
0.0
  0
SEQEND
  5
FCDE
  8
PACKAGE_GEOMETRY_SILKSCREE
  0
POLYLINE
  5
1B61
  8
PIN_TOP
 66
     1
 10
0.0
 20
0.0
 30
0.0
 70
     1
  0
VERTEX
  5
FCDF
  8
PIN_TOP
 10
25.1206
 20
22.246335999999999
 30
0.0
  0
VERTEX
  5
FCE0
  8
PIN_TOP
 10
25.4254
 20
22.246335999999999
 30
0.0
  0
VERTEX
  5
FCE1
  8
PIN_TOP
 10
25.4254
 20
21.941535999999999
 30
0.0
  0
VERTEX
  5
FCE2
  8
PIN_TOP
 10
25.1206
 20
21.941535999999999
 30
0.0
  0
SEQEND
  5
FCE3
  8
PIN_TOP
  0
POLYLINE
  5
1B67
  8
PIN_TOP
 66
     1
 10
0.0
 20
0.0
 30
0.0
 70
     1
  0
VERTEX
  5
FCE4
  8
PIN_TOP
 10
25.1206
 20
21.746464
 30
0.0
  0
VERTEX
  5
FCE5
  8
PIN_TOP
 10
25.4254
 20
21.746464
 30
0.0
  0
VERTEX
  5
FCE6
  8
PIN_TOP
 10
25.4254
 20
21.441663999999999
 30
0.0
  0
VERTEX
  5
FCE7
  8
PIN_TOP
 10
25.1206
 20
21.441663999999999
 30
0.0
  0
SEQEND
  5
FCE8
  8
PIN_TOP
  0
POLYLINE
  5
1B6D
  8
PACKAGE_GEOMETRY_SILKSCREE
 66
     1
 10
0.0
 20
0.0
 30
0.0
 40
0.1524
 41
0.1524
  0
VERTEX
  5
FCE9
  8
PACKAGE_GEOMETRY_SILKSCREE
 10
25.023064000000002
 20
22.344125999999999
 30
0.0
  0
VERTEX
  5
FCEA
  8
PACKAGE_GEOMETRY_SILKSCREE
 10
25.522936000000001
 20
22.344125999999999
 30
0.0
  0
SEQEND
  5
FCEB
  8
PACKAGE_GEOMETRY_SILKSCREE
  0
POLYLINE
  5
1B71
  8
PACKAGE_GEOMETRY_SILKSCREE
 66
     1
 10
0.0
 20
0.0
 30
0.0
 40
0.1524
 41
0.1524
  0
VERTEX
  5
FCEC
  8
PACKAGE_GEOMETRY_SILKSCREE
 10
25.023064000000002
 20
21.344382
 30
0.0
  0
VERTEX
  5
FCED
  8
PACKAGE_GEOMETRY_SILKSCREE
 10
25.023064000000002
 20
22.344125999999999
 30
0.0
  0
SEQEND
  5
FCEE
  8
PACKAGE_GEOMETRY_SILKSCREE
  0
POLYLINE
  5
1B75
  8
PACKAGE_GEOMETRY_SILKSCREE
 66
     1
 10
0.0
 20
0.0
 30
0.0
 40
0.1524
 41
0.1524
  0
VERTEX
  5
FCEF
  8
PACKAGE_GEOMETRY_SILKSCREE
 10
25.522936000000001
 20
21.344128000000001
 30
0.0
  0
VERTEX
  5
FCF0
  8
PACKAGE_GEOMETRY_SILKSCREE
 10
25.023064000000002
 20
21.344382
 30
0.0
  0
SEQEND
  5
FCF1
  8
PACKAGE_GEOMETRY_SILKSCREE
  0
POLYLINE
  5
1B79
  8
PACKAGE_GEOMETRY_SILKSCREE
 66
     1
 10
0.0
 20
0.0
 30
0.0
 40
0.1524
 41
0.1524
  0
VERTEX
  5
FCF2
  8
PACKAGE_GEOMETRY_SILKSCREE
 10
25.522936000000001
 20
22.344125999999999
 30
0.0
  0
VERTEX
  5
FCF3
  8
PACKAGE_GEOMETRY_SILKSCREE
 10
25.522936000000001
 20
21.344128000000001
 30
0.0
  0
SEQEND
  5
FCF4
  8
PACKAGE_GEOMETRY_SILKSCREE
  0
POLYLINE
  5
1B7D
  8
PIN_TOP
 66
     1
 10
0.0
 20
0.0
 30
0.0
 70
     1
  0
VERTEX
  5
FCF5
  8
PIN_TOP
 10
25.759664000000001
 20
4.4195999999999991
 30
0.0
  0
VERTEX
  5
FCF6
  8
PIN_TOP
 10
25.759664000000001
 20
4.7244000000000002
 30
0.0
  0
VERTEX
  5
FCF7
  8
PIN_TOP
 10
26.064464000000001
 20
4.7244000000000002
 30
0.0
  0
VERTEX
  5
FCF8
  8
PIN_TOP
 10
26.064464000000001
 20
4.4195999999999991
 30
0.0
  0
SEQEND
  5
FCF9
  8
PIN_TOP
  0
POLYLINE
  5
1B83
  8
PIN_TOP
 66
     1
 10
0.0
 20
0.0
 30
0.0
 70
     1
  0
VERTEX
  5
FCFA
  8
PIN_TOP
 10
26.259536000000001
 20
4.4195999999999991
 30
0.0
  0
VERTEX
  5
FCFB
  8
PIN_TOP
 10
26.259536000000001
 20
4.7244000000000002
 30
0.0
  0
VERTEX
  5
FCFC
  8
PIN_TOP
 10
26.564336000000001
 20
4.7244000000000002
 30
0.0
  0
VERTEX
  5
FCFD
  8
PIN_TOP
 10
26.564336000000001
 20
4.4195999999999991
 30
0.0
  0
SEQEND
  5
FCFE
  8
PIN_TOP
  0
POLYLINE
  5
1B89
  8
PACKAGE_GEOMETRY_SILKSCREE
 66
     1
 10
0.0
 20
0.0
 30
0.0
 40
0.1524
 41
0.1524
  0
VERTEX
  5
FCFF
  8
PACKAGE_GEOMETRY_SILKSCREE
 10
25.662127999999999
 20
4.3220640000000001
 30
0.0
  0
VERTEX
  5
FD00
  8
PACKAGE_GEOMETRY_SILKSCREE
 10
25.662127999999999
 20
4.8219359999999991
 30
0.0
  0
SEQEND
  5
FD01
  8
PACKAGE_GEOMETRY_SILKSCREE
  0
POLYLINE
  5
1B8D
  8
PACKAGE_GEOMETRY_SILKSCREE
 66
     1
 10
0.0
 20
0.0
 30
0.0
 40
0.1524
 41
0.1524
  0
VERTEX
  5
FD02
  8
PACKAGE_GEOMETRY_SILKSCREE
 10
26.661871999999999
 20
4.3220640000000001
 30
0.0
  0
VERTEX
  5
FD03
  8
PACKAGE_GEOMETRY_SILKSCREE
 10
25.662127999999999
 20
4.3220640000000001
 30
0.0
  0
SEQEND
  5
FD04
  8
PACKAGE_GEOMETRY_SILKSCREE
  0
POLYLINE
  5
1B91
  8
PACKAGE_GEOMETRY_SILKSCREE
 66
     1
 10
0.0
 20
0.0
 30
0.0
 40
0.1524
 41
0.1524
  0
VERTEX
  5
FD05
  8
PACKAGE_GEOMETRY_SILKSCREE
 10
26.661871999999999
 20
4.8219359999999991
 30
0.0
  0
VERTEX
  5
FD06
  8
PACKAGE_GEOMETRY_SILKSCREE
 10
26.661871999999999
 20
4.3220640000000001
 30
0.0
  0
SEQEND
  5
FD07
  8
PACKAGE_GEOMETRY_SILKSCREE
  0
POLYLINE
  5
1B95
  8
PACKAGE_GEOMETRY_SILKSCREE
 66
     1
 10
0.0
 20
0.0
 30
0.0
 40
0.1524
 41
0.1524
  0
VERTEX
  5
FD08
  8
PACKAGE_GEOMETRY_SILKSCREE
 10
25.662127999999999
 20
4.8219359999999991
 30
0.0
  0
VERTEX
  5
FD09
  8
PACKAGE_GEOMETRY_SILKSCREE
 10
26.661871999999999
 20
4.8219359999999991
 30
0.0
  0
SEQEND
  5
FD0A
  8
PACKAGE_GEOMETRY_SILKSCREE
  0
POLYLINE
  5
1B99
  8
PIN_TOP
 66
     1
 10
0.0
 20
0.0
 30
0.0
 70
     1
  0
VERTEX
  5
FD0B
  8
PIN_TOP
 10
25.552399999999999
 20
3.9156639999999991
 30
0.0
  0
VERTEX
  5
FD0C
  8
PIN_TOP
 10
25.247599999999998
 20
3.9156639999999991
 30
0.0
  0
VERTEX
  5
FD0D
  8
PIN_TOP
 10
25.247599999999998
 20
4.220463999999998
 30
0.0
  0
VERTEX
  5
FD0E
  8
PIN_TOP
 10
25.552399999999999
 20
4.220463999999998
 30
0.0
  0
SEQEND
  5
FD0F
  8
PIN_TOP
  0
POLYLINE
  5
1B9F
  8
PIN_TOP
 66
     1
 10
0.0
 20
0.0
 30
0.0
 70
     1
  0
VERTEX
  5
FD10
  8
PIN_TOP
 10
25.552399999999999
 20
4.4155360000000003
 30
0.0
  0
VERTEX
  5
FD11
  8
PIN_TOP
 10
25.247599999999998
 20
4.4155360000000003
 30
0.0
  0
VERTEX
  5
FD12
  8
PIN_TOP
 10
25.247599999999998
 20
4.7203359999999988
 30
0.0
  0
VERTEX
  5
FD13
  8
PIN_TOP
 10
25.552399999999999
 20
4.7203359999999988
 30
0.0
  0
SEQEND
  5
FD14
  8
PIN_TOP
  0
POLYLINE
  5
1BA5
  8
PACKAGE_GEOMETRY_SILKSCREE
 66
     1
 10
0.0
 20
0.0
 30
0.0
 40
0.1524
 41
0.1524
  0
VERTEX
  5
FD15
  8
PACKAGE_GEOMETRY_SILKSCREE
 10
25.649936
 20
3.8181279999999989
 30
0.0
  0
VERTEX
  5
FD16
  8
PACKAGE_GEOMETRY_SILKSCREE
 10
25.150064
 20
3.8181279999999989
 30
0.0
  0
SEQEND
  5
FD17
  8
PACKAGE_GEOMETRY_SILKSCREE
  0
POLYLINE
  5
1BA9
  8
PACKAGE_GEOMETRY_SILKSCREE
 66
     1
 10
0.0
 20
0.0
 30
0.0
 40
0.1524
 41
0.1524
  0
VERTEX
  5
FD18
  8
PACKAGE_GEOMETRY_SILKSCREE
 10
25.649936
 20
4.8178720000000004
 30
0.0
  0
VERTEX
  5
FD19
  8
PACKAGE_GEOMETRY_SILKSCREE
 10
25.649936
 20
3.8181279999999989
 30
0.0
  0
SEQEND
  5
FD1A
  8
PACKAGE_GEOMETRY_SILKSCREE
  0
POLYLINE
  5
1BAD
  8
PACKAGE_GEOMETRY_SILKSCREE
 66
     1
 10
0.0
 20
0.0
 30
0.0
 40
0.1524
 41
0.1524
  0
VERTEX
  5
FD1B
  8
PACKAGE_GEOMETRY_SILKSCREE
 10
25.150064
 20
4.8178720000000004
 30
0.0
  0
VERTEX
  5
FD1C
  8
PACKAGE_GEOMETRY_SILKSCREE
 10
25.649936
 20
4.8178720000000004
 30
0.0
  0
SEQEND
  5
FD1D
  8
PACKAGE_GEOMETRY_SILKSCREE
  0
POLYLINE
  5
1BB1
  8
PACKAGE_GEOMETRY_SILKSCREE
 66
     1
 10
0.0
 20
0.0
 30
0.0
 40
0.1524
 41
0.1524
  0
VERTEX
  5
FD1E
  8
PACKAGE_GEOMETRY_SILKSCREE
 10
25.150064
 20
3.8181279999999989
 30
0.0
  0
VERTEX
  5
FD1F
  8
PACKAGE_GEOMETRY_SILKSCREE
 10
25.150064
 20
4.8178720000000004
 30
0.0
  0
SEQEND
  5
FD20
  8
PACKAGE_GEOMETRY_SILKSCREE
  0
POLYLINE
  5
1BB5
  8
PIN_TOP
 66
     1
 10
0.0
 20
0.0
 30
0.0
 70
     1
  0
VERTEX
  5
FD21
  8
PIN_TOP
 10
35.6616
 20
9.1653359999999982
 30
0.0
  0
VERTEX
  5
FD22
  8
PIN_TOP
 10
35.9664
 20
9.1653359999999982
 30
0.0
  0
VERTEX
  5
FD23
  8
PIN_TOP
 10
35.9664
 20
8.8605359999999962
 30
0.0
  0
VERTEX
  5
FD24
  8
PIN_TOP
 10
35.6616
 20
8.8605359999999962
 30
0.0
  0
SEQEND
  5
FD25
  8
PIN_TOP
  0
POLYLINE
  5
1BBB
  8
PIN_TOP
 66
     1
 10
0.0
 20
0.0
 30
0.0
 70
     1
  0
VERTEX
  5
FD26
  8
PIN_TOP
 10
35.6616
 20
8.6654640000000001
 30
0.0
  0
VERTEX
  5
FD27
  8
PIN_TOP
 10
35.9664
 20
8.6654640000000001
 30
0.0
  0
VERTEX
  5
FD28
  8
PIN_TOP
 10
35.9664
 20
8.3606639999999999
 30
0.0
  0
VERTEX
  5
FD29
  8
PIN_TOP
 10
35.6616
 20
8.3606639999999999
 30
0.0
  0
SEQEND
  5
FD2A
  8
PIN_TOP
  0
POLYLINE
  5
1BC1
  8
PACKAGE_GEOMETRY_SILKSCREE
 66
     1
 10
0.0
 20
0.0
 30
0.0
 40
0.1524
 41
0.1524
  0
VERTEX
  5
FD2B
  8
PACKAGE_GEOMETRY_SILKSCREE
 10
35.564064000000002
 20
9.2628719999999998
 30
0.0
  0
VERTEX
  5
FD2C
  8
PACKAGE_GEOMETRY_SILKSCREE
 10
36.063935999999998
 20
9.2626179999999998
 30
0.0
  0
SEQEND
  5
FD2D
  8
PACKAGE_GEOMETRY_SILKSCREE
  0
POLYLINE
  5
1BC5
  8
PACKAGE_GEOMETRY_SILKSCREE
 66
     1
 10
0.0
 20
0.0
 30
0.0
 40
0.1524
 41
0.1524
  0
VERTEX
  5
FD2E
  8
PACKAGE_GEOMETRY_SILKSCREE
 10
35.563809999999997
 20
8.2628740000000001
 30
0.0
  0
VERTEX
  5
FD2F
  8
PACKAGE_GEOMETRY_SILKSCREE
 10
35.564064000000002
 20
9.2628719999999998
 30
0.0
  0
SEQEND
  5
FD30
  8
PACKAGE_GEOMETRY_SILKSCREE
  0
POLYLINE
  5
1BC9
  8
PACKAGE_GEOMETRY_SILKSCREE
 66
     1
 10
0.0
 20
0.0
 30
0.0
 40
0.1524
 41
0.1524
  0
VERTEX
  5
FD31
  8
PACKAGE_GEOMETRY_SILKSCREE
 10
36.063935999999998
 20
8.2628740000000001
 30
0.0
  0
VERTEX
  5
FD32
  8
PACKAGE_GEOMETRY_SILKSCREE
 10
35.563809999999997
 20
8.2628740000000001
 30
0.0
  0
SEQEND
  5
FD33
  8
PACKAGE_GEOMETRY_SILKSCREE
  0
POLYLINE
  5
1BCD
  8
PACKAGE_GEOMETRY_SILKSCREE
 66
     1
 10
0.0
 20
0.0
 30
0.0
 40
0.1524
 41
0.1524
  0
VERTEX
  5
FD34
  8
PACKAGE_GEOMETRY_SILKSCREE
 10
36.063935999999998
 20
9.2626179999999998
 30
0.0
  0
VERTEX
  5
FD35
  8
PACKAGE_GEOMETRY_SILKSCREE
 10
36.063935999999998
 20
8.2628740000000001
 30
0.0
  0
SEQEND
  5
FD36
  8
PACKAGE_GEOMETRY_SILKSCREE
  0
POLYLINE
  5
1BD1
  8
PIN_TOP
 66
     1
 10
0.0
 20
0.0
 30
0.0
 70
     1
  0
VERTEX
  5
FD37
  8
PIN_TOP
 10
35.915599999999998
 20
4.517135999999998
 30
0.0
  0
VERTEX
  5
FD38
  8
PIN_TOP
 10
36.220399999999998
 20
4.517135999999998
 30
0.0
  0
VERTEX
  5
FD39
  8
PIN_TOP
 10
36.220399999999998
 20
4.2123359999999987
 30
0.0
  0
VERTEX
  5
FD3A
  8
PIN_TOP
 10
35.915599999999998
 20
4.2123359999999987
 30
0.0
  0
SEQEND
  5
FD3B
  8
PIN_TOP
  0
POLYLINE
  5
1BD7
  8
PIN_TOP
 66
     1
 10
0.0
 20
0.0
 30
0.0
 70
     1
  0
VERTEX
  5
FD3C
  8
PIN_TOP
 10
35.915599999999998
 20
4.0172639999999991
 30
0.0
  0
VERTEX
  5
FD3D
  8
PIN_TOP
 10
36.220399999999998
 20
4.0172639999999991
 30
0.0
  0
VERTEX
  5
FD3E
  8
PIN_TOP
 10
36.220399999999998
 20
3.7124639999999989
 30
0.0
  0
VERTEX
  5
FD3F
  8
PIN_TOP
 10
35.915599999999998
 20
3.7124639999999989
 30
0.0
  0
SEQEND
  5
FD40
  8
PIN_TOP
  0
POLYLINE
  5
1BDD
  8
PACKAGE_GEOMETRY_SILKSCREE
 66
     1
 10
0.0
 20
0.0
 30
0.0
 40
0.1524
 41
0.1524
  0
VERTEX
  5
FD41
  8
PACKAGE_GEOMETRY_SILKSCREE
 10
35.818064
 20
4.6144179999999979
 30
0.0
  0
VERTEX
  5
FD42
  8
PACKAGE_GEOMETRY_SILKSCREE
 10
36.317936000000003
 20
4.6146719999999988
 30
0.0
  0
SEQEND
  5
FD43
  8
PACKAGE_GEOMETRY_SILKSCREE
  0
POLYLINE
  5
1BE1
  8
PACKAGE_GEOMETRY_SILKSCREE
 66
     1
 10
0.0
 20
0.0
 30
0.0
 40
0.1524
 41
0.1524
  0
VERTEX
  5
FD44
  8
PACKAGE_GEOMETRY_SILKSCREE
 10
35.818064
 20
3.6146739999999991
 30
0.0
  0
VERTEX
  5
FD45
  8
PACKAGE_GEOMETRY_SILKSCREE
 10
35.818064
 20
4.6144179999999979
 30
0.0
  0
SEQEND
  5
FD46
  8
PACKAGE_GEOMETRY_SILKSCREE
  0
POLYLINE
  5
1BE5
  8
PACKAGE_GEOMETRY_SILKSCREE
 66
     1
 10
0.0
 20
0.0
 30
0.0
 40
0.1524
 41
0.1524
  0
VERTEX
  5
FD47
  8
PACKAGE_GEOMETRY_SILKSCREE
 10
36.317936000000003
 20
3.6146739999999991
 30
0.0
  0
VERTEX
  5
FD48
  8
PACKAGE_GEOMETRY_SILKSCREE
 10
35.818064
 20
3.6146739999999991
 30
0.0
  0
SEQEND
  5
FD49
  8
PACKAGE_GEOMETRY_SILKSCREE
  0
POLYLINE
  5
1BE9
  8
PACKAGE_GEOMETRY_SILKSCREE
 66
     1
 10
0.0
 20
0.0
 30
0.0
 40
0.1524
 41
0.1524
  0
VERTEX
  5
FD4A
  8
PACKAGE_GEOMETRY_SILKSCREE
 10
36.317936000000003
 20
4.6146719999999988
 30
0.0
  0
VERTEX
  5
FD4B
  8
PACKAGE_GEOMETRY_SILKSCREE
 10
36.317936000000003
 20
3.6146739999999991
 30
0.0
  0
SEQEND
  5
FD4C
  8
PACKAGE_GEOMETRY_SILKSCREE
  0
POLYLINE
  5
1BED
  8
PIN_TOP
 66
     1
 10
0.0
 20
0.0
 30
0.0
 70
     1
  0
VERTEX
  5
FD4D
  8
PIN_TOP
 10
9.8003359999999997
 20
7.8993999999999982
 30
0.0
  0
VERTEX
  5
FD4E
  8
PIN_TOP
 10
9.8003359999999997
 20
7.5945999999999989
 30
0.0
  0
VERTEX
  5
FD4F
  8
PIN_TOP
 10
9.4955359999999995
 20
7.5945999999999989
 30
0.0
  0
VERTEX
  5
FD50
  8
PIN_TOP
 10
9.4955359999999995
 20
7.8993999999999982
 30
0.0
  0
SEQEND
  5
FD51
  8
PIN_TOP
  0
POLYLINE
  5
1BF3
  8
PIN_TOP
 66
     1
 10
0.0
 20
0.0
 30
0.0
 70
     1
  0
VERTEX
  5
FD52
  8
PIN_TOP
 10
9.3004639999999998
 20
7.8993999999999982
 30
0.0
  0
VERTEX
  5
FD53
  8
PIN_TOP
 10
9.3004639999999998
 20
7.5945999999999989
 30
0.0
  0
VERTEX
  5
FD54
  8
PIN_TOP
 10
8.9956639999999979
 20
7.5945999999999989
 30
0.0
  0
VERTEX
  5
FD55
  8
PIN_TOP
 10
8.9956639999999979
 20
7.8993999999999982
 30
0.0
  0
SEQEND
  5
FD56
  8
PIN_TOP
  0
POLYLINE
  5
1BF9
  8
PACKAGE_GEOMETRY_SILKSCREE
 66
     1
 10
0.0
 20
0.0
 30
0.0
 40
0.1524
 41
0.1524
  0
VERTEX
  5
FD57
  8
PACKAGE_GEOMETRY_SILKSCREE
 10
9.8978719999999996
 20
7.9969359999999989
 30
0.0
  0
VERTEX
  5
FD58
  8
PACKAGE_GEOMETRY_SILKSCREE
 10
9.8978719999999996
 20
7.4970639999999982
 30
0.0
  0
SEQEND
  5
FD59
  8
PACKAGE_GEOMETRY_SILKSCREE
  0
POLYLINE
  5
1BFD
  8
PACKAGE_GEOMETRY_SILKSCREE
 66
     1
 10
0.0
 20
0.0
 30
0.0
 40
0.1524
 41
0.1524
  0
VERTEX
  5
FD5A
  8
PACKAGE_GEOMETRY_SILKSCREE
 10
8.8981279999999998
 20
7.9969359999999989
 30
0.0
  0
VERTEX
  5
FD5B
  8
PACKAGE_GEOMETRY_SILKSCREE
 10
9.8978719999999996
 20
7.9969359999999989
 30
0.0
  0
SEQEND
  5
FD5C
  8
PACKAGE_GEOMETRY_SILKSCREE
  0
POLYLINE
  5
1C01
  8
PACKAGE_GEOMETRY_SILKSCREE
 66
     1
 10
0.0
 20
0.0
 30
0.0
 40
0.1524
 41
0.1524
  0
VERTEX
  5
FD5D
  8
PACKAGE_GEOMETRY_SILKSCREE
 10
8.8981279999999998
 20
7.4970639999999982
 30
0.0
  0
VERTEX
  5
FD5E
  8
PACKAGE_GEOMETRY_SILKSCREE
 10
8.8981279999999998
 20
7.9969359999999989
 30
0.0
  0
SEQEND
  5
FD5F
  8
PACKAGE_GEOMETRY_SILKSCREE
  0
POLYLINE
  5
1C05
  8
PACKAGE_GEOMETRY_SILKSCREE
 66
     1
 10
0.0
 20
0.0
 30
0.0
 40
0.1524
 41
0.1524
  0
VERTEX
  5
FD60
  8
PACKAGE_GEOMETRY_SILKSCREE
 10
9.8978719999999996
 20
7.4970639999999982
 30
0.0
  0
VERTEX
  5
FD61
  8
PACKAGE_GEOMETRY_SILKSCREE
 10
8.8981279999999998
 20
7.4970639999999982
 30
0.0
  0
SEQEND
  5
FD62
  8
PACKAGE_GEOMETRY_SILKSCREE
  0
POLYLINE
  5
1C09
  8
PIN_TOP
 66
     1
 10
0.0
 20
0.0
 30
0.0
 70
     1
  0
VERTEX
  5
FD63
  8
PIN_TOP
 10
17.961863999999991
 20
2.0066000000000002
 30
0.0
  0
VERTEX
  5
FD64
  8
PIN_TOP
 10
17.961863999999991
 20
2.311399999999999
 30
0.0
  0
VERTEX
  5
FD65
  8
PIN_TOP
 10
18.266663999999999
 20
2.311399999999999
 30
0.0
  0
VERTEX
  5
FD66
  8
PIN_TOP
 10
18.266663999999999
 20
2.0066000000000002
 30
0.0
  0
SEQEND
  5
FD67
  8
PIN_TOP
  0
POLYLINE
  5
1C0F
  8
PIN_TOP
 66
     1
 10
0.0
 20
0.0
 30
0.0
 70
     1
  0
VERTEX
  5
FD68
  8
PIN_TOP
 10
18.461735999999998
 20
2.0066000000000002
 30
0.0
  0
VERTEX
  5
FD69
  8
PIN_TOP
 10
18.461735999999998
 20
2.311399999999999
 30
0.0
  0
VERTEX
  5
FD6A
  8
PIN_TOP
 10
18.766535999999999
 20
2.311399999999999
 30
0.0
  0
VERTEX
  5
FD6B
  8
PIN_TOP
 10
18.766535999999999
 20
2.0066000000000002
 30
0.0
  0
SEQEND
  5
FD6C
  8
PIN_TOP
  0
POLYLINE
  5
1C15
  8
PACKAGE_GEOMETRY_SILKSCREE
 66
     1
 10
0.0
 20
0.0
 30
0.0
 40
0.1524
 41
0.1524
  0
VERTEX
  5
FD6D
  8
PACKAGE_GEOMETRY_SILKSCREE
 10
17.864328
 20
1.909063999999999
 30
0.0
  0
VERTEX
  5
FD6E
  8
PACKAGE_GEOMETRY_SILKSCREE
 10
17.864328
 20
2.4089360000000002
 30
0.0
  0
SEQEND
  5
FD6F
  8
PACKAGE_GEOMETRY_SILKSCREE
  0
POLYLINE
  5
1C19
  8
PACKAGE_GEOMETRY_SILKSCREE
 66
     1
 10
0.0
 20
0.0
 30
0.0
 40
0.1524
 41
0.1524
  0
VERTEX
  5
FD70
  8
PACKAGE_GEOMETRY_SILKSCREE
 10
18.864072
 20
1.909063999999999
 30
0.0
  0
VERTEX
  5
FD71
  8
PACKAGE_GEOMETRY_SILKSCREE
 10
17.864328
 20
1.909063999999999
 30
0.0
  0
SEQEND
  5
FD72
  8
PACKAGE_GEOMETRY_SILKSCREE
  0
POLYLINE
  5
1C1D
  8
PACKAGE_GEOMETRY_SILKSCREE
 66
     1
 10
0.0
 20
0.0
 30
0.0
 40
0.1524
 41
0.1524
  0
VERTEX
  5
FD73
  8
PACKAGE_GEOMETRY_SILKSCREE
 10
18.864072
 20
2.4089360000000002
 30
0.0
  0
VERTEX
  5
FD74
  8
PACKAGE_GEOMETRY_SILKSCREE
 10
18.864072
 20
1.909063999999999
 30
0.0
  0
SEQEND
  5
FD75
  8
PACKAGE_GEOMETRY_SILKSCREE
  0
POLYLINE
  5
1C21
  8
PACKAGE_GEOMETRY_SILKSCREE
 66
     1
 10
0.0
 20
0.0
 30
0.0
 40
0.1524
 41
0.1524
  0
VERTEX
  5
FD76
  8
PACKAGE_GEOMETRY_SILKSCREE
 10
17.864328
 20
2.4089360000000002
 30
0.0
  0
VERTEX
  5
FD77
  8
PACKAGE_GEOMETRY_SILKSCREE
 10
18.864072
 20
2.4089360000000002
 30
0.0
  0
SEQEND
  5
FD78
  8
PACKAGE_GEOMETRY_SILKSCREE
  0
POLYLINE
  5
1C25
  8
PIN_TOP
 66
     1
 10
0.0
 20
0.0
 30
0.0
 70
     1
  0
VERTEX
  5
FD79
  8
PIN_TOP
 10
19.028663999999999
 20
1.4985999999999979
 30
0.0
  0
VERTEX
  5
FD7A
  8
PIN_TOP
 10
19.028663999999999
 20
1.803399999999999
 30
0.0
  0
VERTEX
  5
FD7B
  8
PIN_TOP
 10
19.333463999999999
 20
1.803399999999999
 30
0.0
  0
VERTEX
  5
FD7C
  8
PIN_TOP
 10
19.333463999999999
 20
1.4985999999999979
 30
0.0
  0
SEQEND
  5
FD7D
  8
PIN_TOP
  0
POLYLINE
  5
1C2B
  8
PIN_TOP
 66
     1
 10
0.0
 20
0.0
 30
0.0
 70
     1
  0
VERTEX
  5
FD7E
  8
PIN_TOP
 10
19.528535999999999
 20
1.4985999999999979
 30
0.0
  0
VERTEX
  5
FD7F
  8
PIN_TOP
 10
19.528535999999999
 20
1.803399999999999
 30
0.0
  0
VERTEX
  5
FD80
  8
PIN_TOP
 10
19.833335999999999
 20
1.803399999999999
 30
0.0
  0
VERTEX
  5
FD81
  8
PIN_TOP
 10
19.833335999999999
 20
1.4985999999999979
 30
0.0
  0
SEQEND
  5
FD82
  8
PIN_TOP
  0
POLYLINE
  5
1C31
  8
PACKAGE_GEOMETRY_SILKSCREE
 66
     1
 10
0.0
 20
0.0
 30
0.0
 40
0.1524
 41
0.1524
  0
VERTEX
  5
FD83
  8
PACKAGE_GEOMETRY_SILKSCREE
 10
18.931128000000001
 20
1.4013180000000001
 30
0.0
  0
VERTEX
  5
FD84
  8
PACKAGE_GEOMETRY_SILKSCREE
 10
18.931128000000001
 20
1.9009359999999991
 30
0.0
  0
SEQEND
  5
FD85
  8
PACKAGE_GEOMETRY_SILKSCREE
  0
POLYLINE
  5
1C35
  8
PACKAGE_GEOMETRY_SILKSCREE
 66
     1
 10
0.0
 20
0.0
 30
0.0
 40
0.1524
 41
0.1524
  0
VERTEX
  5
FD86
  8
PACKAGE_GEOMETRY_SILKSCREE
 10
19.930872000000001
 20
1.4013180000000001
 30
0.0
  0
VERTEX
  5
FD87
  8
PACKAGE_GEOMETRY_SILKSCREE
 10
18.931128000000001
 20
1.4013180000000001
 30
0.0
  0
SEQEND
  5
FD88
  8
PACKAGE_GEOMETRY_SILKSCREE
  0
POLYLINE
  5
1C39
  8
PACKAGE_GEOMETRY_SILKSCREE
 66
     1
 10
0.0
 20
0.0
 30
0.0
 40
0.1524
 41
0.1524
  0
VERTEX
  5
FD89
  8
PACKAGE_GEOMETRY_SILKSCREE
 10
19.930872000000001
 20
1.9009359999999991
 30
0.0
  0
VERTEX
  5
FD8A
  8
PACKAGE_GEOMETRY_SILKSCREE
 10
19.930872000000001
 20
1.4013180000000001
 30
0.0
  0
SEQEND
  5
FD8B
  8
PACKAGE_GEOMETRY_SILKSCREE
  0
POLYLINE
  5
1C3D
  8
PACKAGE_GEOMETRY_SILKSCREE
 66
     1
 10
0.0
 20
0.0
 30
0.0
 40
0.1524
 41
0.1524
  0
VERTEX
  5
FD8C
  8
PACKAGE_GEOMETRY_SILKSCREE
 10
18.931128000000001
 20
1.9009359999999991
 30
0.0
  0
VERTEX
  5
FD8D
  8
PACKAGE_GEOMETRY_SILKSCREE
 10
19.930872000000001
 20
1.9009359999999991
 30
0.0
  0
SEQEND
  5
FD8E
  8
PACKAGE_GEOMETRY_SILKSCREE
  0
POLYLINE
  5
1C41
  8
PIN_TOP
 66
     1
 10
0.0
 20
0.0
 30
0.0
 70
     1
  0
VERTEX
  5
FD8F
  8
PIN_TOP
 10
55.422800000000002
 20
8.9113360000000004
 30
0.0
  0
VERTEX
  5
FD90
  8
PIN_TOP
 10
55.727600000000002
 20
8.9113360000000004
 30
0.0
  0
VERTEX
  5
FD91
  8
PIN_TOP
 10
55.727600000000002
 20
8.6065360000000002
 30
0.0
  0
VERTEX
  5
FD92
  8
PIN_TOP
 10
55.422800000000002
 20
8.6065360000000002
 30
0.0
  0
SEQEND
  5
FD93
  8
PIN_TOP
  0
POLYLINE
  5
1C47
  8
PIN_TOP
 66
     1
 10
0.0
 20
0.0
 30
0.0
 70
     1
  0
VERTEX
  5
FD94
  8
PIN_TOP
 10
55.422800000000002
 20
8.4114640000000005
 30
0.0
  0
VERTEX
  5
FD95
  8
PIN_TOP
 10
55.727600000000002
 20
8.4114640000000005
 30
0.0
  0
VERTEX
  5
FD96
  8
PIN_TOP
 10
55.727600000000002
 20
8.1066640000000003
 30
0.0
  0
VERTEX
  5
FD97
  8
PIN_TOP
 10
55.422800000000002
 20
8.1066640000000003
 30
0.0
  0
SEQEND
  5
FD98
  8
PIN_TOP
  0
POLYLINE
  5
1C4D
  8
PACKAGE_GEOMETRY_SILKSCREE
 66
     1
 10
0.0
 20
0.0
 30
0.0
 40
0.1524
 41
0.1524
  0
VERTEX
  5
FD99
  8
PACKAGE_GEOMETRY_SILKSCREE
 10
55.325263999999997
 20
9.0088720000000002
 30
0.0
  0
VERTEX
  5
FD9A
  8
PACKAGE_GEOMETRY_SILKSCREE
 10
55.825136000000001
 20
9.0088720000000002
 30
0.0
  0
SEQEND
  5
FD9B
  8
PACKAGE_GEOMETRY_SILKSCREE
  0
POLYLINE
  5
1C51
  8
PACKAGE_GEOMETRY_SILKSCREE
 66
     1
 10
0.0
 20
0.0
 30
0.0
 40
0.1524
 41
0.1524
  0
VERTEX
  5
FD9C
  8
PACKAGE_GEOMETRY_SILKSCREE
 10
55.325263999999997
 20
8.0091280000000005
 30
0.0
  0
VERTEX
  5
FD9D
  8
PACKAGE_GEOMETRY_SILKSCREE
 10
55.325263999999997
 20
9.0088720000000002
 30
0.0
  0
SEQEND
  5
FD9E
  8
PACKAGE_GEOMETRY_SILKSCREE
  0
POLYLINE
  5
1C55
  8
PACKAGE_GEOMETRY_SILKSCREE
 66
     1
 10
0.0
 20
0.0
 30
0.0
 40
0.1524
 41
0.1524
  0
VERTEX
  5
FD9F
  8
PACKAGE_GEOMETRY_SILKSCREE
 10
55.825136000000001
 20
8.0091280000000005
 30
0.0
  0
VERTEX
  5
FDA0
  8
PACKAGE_GEOMETRY_SILKSCREE
 10
55.325263999999997
 20
8.0091280000000005
 30
0.0
  0
SEQEND
  5
FDA1
  8
PACKAGE_GEOMETRY_SILKSCREE
  0
POLYLINE
  5
1C59
  8
PACKAGE_GEOMETRY_SILKSCREE
 66
     1
 10
0.0
 20
0.0
 30
0.0
 40
0.1524
 41
0.1524
  0
VERTEX
  5
FDA2
  8
PACKAGE_GEOMETRY_SILKSCREE
 10
55.825136000000001
 20
9.0088720000000002
 30
0.0
  0
VERTEX
  5
FDA3
  8
PACKAGE_GEOMETRY_SILKSCREE
 10
55.825136000000001
 20
8.0091280000000005
 30
0.0
  0
SEQEND
  5
FDA4
  8
PACKAGE_GEOMETRY_SILKSCREE
  0
POLYLINE
  5
1C5D
  8
PIN_TOP
 66
     1
 10
0.0
 20
0.0
 30
0.0
 70
     1
  0
VERTEX
  5
FDA5
  8
PIN_TOP
 10
18.4404
 20
5.1856640000000001
 30
0.0
  0
VERTEX
  5
FDA6
  8
PIN_TOP
 10
18.1356
 20
5.1856640000000001
 30
0.0
  0
VERTEX
  5
FDA7
  8
PIN_TOP
 10
18.1356
 20
5.4904640000000002
 30
0.0
  0
VERTEX
  5
FDA8
  8
PIN_TOP
 10
18.4404
 20
5.4904640000000002
 30
0.0
  0
SEQEND
  5
FDA9
  8
PIN_TOP
  0
POLYLINE
  5
1C63
  8
PIN_TOP
 66
     1
 10
0.0
 20
0.0
 30
0.0
 70
     1
  0
VERTEX
  5
FDAA
  8
PIN_TOP
 10
18.4404
 20
5.685535999999999
 30
0.0
  0
VERTEX
  5
FDAB
  8
PIN_TOP
 10
18.1356
 20
5.685535999999999
 30
0.0
  0
VERTEX
  5
FDAC
  8
PIN_TOP
 10
18.1356
 20
5.9903360000000001
 30
0.0
  0
VERTEX
  5
FDAD
  8
PIN_TOP
 10
18.4404
 20
5.9903360000000001
 30
0.0
  0
SEQEND
  5
FDAE
  8
PIN_TOP
  0
POLYLINE
  5
1C69
  8
PACKAGE_GEOMETRY_SILKSCREE
 66
     1
 10
0.0
 20
0.0
 30
0.0
 40
0.1524
 41
0.1524
  0
VERTEX
  5
FDAF
  8
PACKAGE_GEOMETRY_SILKSCREE
 10
18.537935999999998
 20
5.0881280000000002
 30
0.0
  0
VERTEX
  5
FDB0
  8
PACKAGE_GEOMETRY_SILKSCREE
 10
18.038063999999999
 20
5.0881280000000002
 30
0.0
  0
SEQEND
  5
FDB1
  8
PACKAGE_GEOMETRY_SILKSCREE
  0
POLYLINE
  5
1C6D
  8
PACKAGE_GEOMETRY_SILKSCREE
 66
     1
 10
0.0
 20
0.0
 30
0.0
 40
0.1524
 41
0.1524
  0
VERTEX
  5
FDB2
  8
PACKAGE_GEOMETRY_SILKSCREE
 10
18.537935999999998
 20
6.0878719999999991
 30
0.0
  0
VERTEX
  5
FDB3
  8
PACKAGE_GEOMETRY_SILKSCREE
 10
18.537935999999998
 20
5.0881280000000002
 30
0.0
  0
SEQEND
  5
FDB4
  8
PACKAGE_GEOMETRY_SILKSCREE
  0
POLYLINE
  5
1C71
  8
PACKAGE_GEOMETRY_SILKSCREE
 66
     1
 10
0.0
 20
0.0
 30
0.0
 40
0.1524
 41
0.1524
  0
VERTEX
  5
FDB5
  8
PACKAGE_GEOMETRY_SILKSCREE
 10
18.038063999999999
 20
6.0878719999999991
 30
0.0
  0
VERTEX
  5
FDB6
  8
PACKAGE_GEOMETRY_SILKSCREE
 10
18.537935999999998
 20
6.0878719999999991
 30
0.0
  0
SEQEND
  5
FDB7
  8
PACKAGE_GEOMETRY_SILKSCREE
  0
POLYLINE
  5
1C75
  8
PACKAGE_GEOMETRY_SILKSCREE
 66
     1
 10
0.0
 20
0.0
 30
0.0
 40
0.1524
 41
0.1524
  0
VERTEX
  5
FDB8
  8
PACKAGE_GEOMETRY_SILKSCREE
 10
18.038063999999999
 20
5.0881280000000002
 30
0.0
  0
VERTEX
  5
FDB9
  8
PACKAGE_GEOMETRY_SILKSCREE
 10
18.038063999999999
 20
6.0878719999999991
 30
0.0
  0
SEQEND
  5
FDBA
  8
PACKAGE_GEOMETRY_SILKSCREE
  0
POLYLINE
  5
1C79
  8
PIN_TOP
 66
     1
 10
0.0
 20
0.0
 30
0.0
 70
     1
  0
VERTEX
  5
FDBB
  8
PIN_TOP
 10
54.9148
 20
8.9113360000000004
 30
0.0
  0
VERTEX
  5
FDBC
  8
PIN_TOP
 10
55.219599999999993
 20
8.9113360000000004
 30
0.0
  0
VERTEX
  5
FDBD
  8
PIN_TOP
 10
55.219599999999993
 20
8.6065360000000002
 30
0.0
  0
VERTEX
  5
FDBE
  8
PIN_TOP
 10
54.9148
 20
8.6065360000000002
 30
0.0
  0
SEQEND
  5
FDBF
  8
PIN_TOP
  0
POLYLINE
  5
1C7F
  8
PIN_TOP
 66
     1
 10
0.0
 20
0.0
 30
0.0
 70
     1
  0
VERTEX
  5
FDC0
  8
PIN_TOP
 10
54.9148
 20
8.4114640000000005
 30
0.0
  0
VERTEX
  5
FDC1
  8
PIN_TOP
 10
55.219599999999993
 20
8.4114640000000005
 30
0.0
  0
VERTEX
  5
FDC2
  8
PIN_TOP
 10
55.219599999999993
 20
8.1066640000000003
 30
0.0
  0
VERTEX
  5
FDC3
  8
PIN_TOP
 10
54.9148
 20
8.1066640000000003
 30
0.0
  0
SEQEND
  5
FDC4
  8
PIN_TOP
  0
POLYLINE
  5
1C85
  8
PACKAGE_GEOMETRY_SILKSCREE
 66
     1
 10
0.0
 20
0.0
 30
0.0
 40
0.1524
 41
0.1524
  0
VERTEX
  5
FDC5
  8
PACKAGE_GEOMETRY_SILKSCREE
 10
54.817264000000002
 20
9.0088720000000002
 30
0.0
  0
VERTEX
  5
FDC6
  8
PACKAGE_GEOMETRY_SILKSCREE
 10
55.317135999999991
 20
9.0088720000000002
 30
0.0
  0
SEQEND
  5
FDC7
  8
PACKAGE_GEOMETRY_SILKSCREE
  0
POLYLINE
  5
1C89
  8
PACKAGE_GEOMETRY_SILKSCREE
 66
     1
 10
0.0
 20
0.0
 30
0.0
 40
0.1524
 41
0.1524
  0
VERTEX
  5
FDC8
  8
PACKAGE_GEOMETRY_SILKSCREE
 10
54.817264000000002
 20
8.0091280000000005
 30
0.0
  0
VERTEX
  5
FDC9
  8
PACKAGE_GEOMETRY_SILKSCREE
 10
54.817264000000002
 20
9.0088720000000002
 30
0.0
  0
SEQEND
  5
FDCA
  8
PACKAGE_GEOMETRY_SILKSCREE
  0
POLYLINE
  5
1C8D
  8
PACKAGE_GEOMETRY_SILKSCREE
 66
     1
 10
0.0
 20
0.0
 30
0.0
 40
0.1524
 41
0.1524
  0
VERTEX
  5
FDCB
  8
PACKAGE_GEOMETRY_SILKSCREE
 10
55.317135999999991
 20
8.0091280000000005
 30
0.0
  0
VERTEX
  5
FDCC
  8
PACKAGE_GEOMETRY_SILKSCREE
 10
54.817264000000002
 20
8.0091280000000005
 30
0.0
  0
SEQEND
  5
FDCD
  8
PACKAGE_GEOMETRY_SILKSCREE
  0
POLYLINE
  5
1C91
  8
PACKAGE_GEOMETRY_SILKSCREE
 66
     1
 10
0.0
 20
0.0
 30
0.0
 40
0.1524
 41
0.1524
  0
VERTEX
  5
FDCE
  8
PACKAGE_GEOMETRY_SILKSCREE
 10
55.317135999999991
 20
9.0088720000000002
 30
0.0
  0
VERTEX
  5
FDCF
  8
PACKAGE_GEOMETRY_SILKSCREE
 10
55.317135999999991
 20
8.0091280000000005
 30
0.0
  0
SEQEND
  5
FDD0
  8
PACKAGE_GEOMETRY_SILKSCREE
  0
POLYLINE
  5
1C95
  8
PIN_TOP
 66
     1
 10
0.0
 20
0.0
 30
0.0
 70
     1
  0
VERTEX
  5
FDD1
  8
PIN_TOP
 10
19.452335999999999
 20
5.994399999999998
 30
0.0
  0
VERTEX
  5
FDD2
  8
PIN_TOP
 10
19.452335999999999
 20
5.6896000000000004
 30
0.0
  0
VERTEX
  5
FDD3
  8
PIN_TOP
 10
19.147535999999999
 20
5.6896000000000004
 30
0.0
  0
VERTEX
  5
FDD4
  8
PIN_TOP
 10
19.147535999999999
 20
5.994399999999998
 30
0.0
  0
SEQEND
  5
FDD5
  8
PIN_TOP
  0
POLYLINE
  5
1C9B
  8
PIN_TOP
 66
     1
 10
0.0
 20
0.0
 30
0.0
 70
     1
  0
VERTEX
  5
FDD6
  8
PIN_TOP
 10
18.952463999999999
 20
5.994399999999998
 30
0.0
  0
VERTEX
  5
FDD7
  8
PIN_TOP
 10
18.952463999999999
 20
5.6896000000000004
 30
0.0
  0
VERTEX
  5
FDD8
  8
PIN_TOP
 10
18.647663999999999
 20
5.6896000000000004
 30
0.0
  0
VERTEX
  5
FDD9
  8
PIN_TOP
 10
18.647663999999999
 20
5.994399999999998
 30
0.0
  0
SEQEND
  5
FDDA
  8
PIN_TOP
  0
POLYLINE
  5
1CA1
  8
PACKAGE_GEOMETRY_SILKSCREE
 66
     1
 10
0.0
 20
0.0
 30
0.0
 40
0.1524
 41
0.1524
  0
VERTEX
  5
FDDB
  8
PACKAGE_GEOMETRY_SILKSCREE
 10
19.549872000000001
 20
6.0919359999999987
 30
0.0
  0
VERTEX
  5
FDDC
  8
PACKAGE_GEOMETRY_SILKSCREE
 10
19.549872000000001
 20
5.5920639999999979
 30
0.0
  0
SEQEND
  5
FDDD
  8
PACKAGE_GEOMETRY_SILKSCREE
  0
POLYLINE
  5
1CA5
  8
PACKAGE_GEOMETRY_SILKSCREE
 66
     1
 10
0.0
 20
0.0
 30
0.0
 40
0.1524
 41
0.1524
  0
VERTEX
  5
FDDE
  8
PACKAGE_GEOMETRY_SILKSCREE
 10
18.550128000000001
 20
6.0919359999999987
 30
0.0
  0
VERTEX
  5
FDDF
  8
PACKAGE_GEOMETRY_SILKSCREE
 10
19.549872000000001
 20
6.0919359999999987
 30
0.0
  0
SEQEND
  5
FDE0
  8
PACKAGE_GEOMETRY_SILKSCREE
  0
POLYLINE
  5
1CA9
  8
PACKAGE_GEOMETRY_SILKSCREE
 66
     1
 10
0.0
 20
0.0
 30
0.0
 40
0.1524
 41
0.1524
  0
VERTEX
  5
FDE1
  8
PACKAGE_GEOMETRY_SILKSCREE
 10
18.550128000000001
 20
5.5920639999999979
 30
0.0
  0
VERTEX
  5
FDE2
  8
PACKAGE_GEOMETRY_SILKSCREE
 10
18.550128000000001
 20
6.0919359999999987
 30
0.0
  0
SEQEND
  5
FDE3
  8
PACKAGE_GEOMETRY_SILKSCREE
  0
POLYLINE
  5
1CAD
  8
PACKAGE_GEOMETRY_SILKSCREE
 66
     1
 10
0.0
 20
0.0
 30
0.0
 40
0.1524
 41
0.1524
  0
VERTEX
  5
FDE4
  8
PACKAGE_GEOMETRY_SILKSCREE
 10
19.549872000000001
 20
5.5920639999999979
 30
0.0
  0
VERTEX
  5
FDE5
  8
PACKAGE_GEOMETRY_SILKSCREE
 10
18.550128000000001
 20
5.5920639999999979
 30
0.0
  0
SEQEND
  5
FDE6
  8
PACKAGE_GEOMETRY_SILKSCREE
  0
POLYLINE
  5
1CB1
  8
PIN_TOP
 66
     1
 10
0.0
 20
0.0
 30
0.0
 70
     1
  0
VERTEX
  5
FDE7
  8
PIN_TOP
 10
15.642336
 20
8.1533999999999978
 30
0.0
  0
VERTEX
  5
FDE8
  8
PIN_TOP
 10
15.642336
 20
7.8486000000000002
 30
0.0
  0
VERTEX
  5
FDE9
  8
PIN_TOP
 10
15.337536
 20
7.8486000000000002
 30
0.0
  0
VERTEX
  5
FDEA
  8
PIN_TOP
 10
15.337536
 20
8.1533999999999978
 30
0.0
  0
SEQEND
  5
FDEB
  8
PIN_TOP
  0
POLYLINE
  5
1CB7
  8
PIN_TOP
 66
     1
 10
0.0
 20
0.0
 30
0.0
 70
     1
  0
VERTEX
  5
FDEC
  8
PIN_TOP
 10
15.142464
 20
8.1533999999999978
 30
0.0
  0
VERTEX
  5
FDED
  8
PIN_TOP
 10
15.142464
 20
7.8486000000000002
 30
0.0
  0
VERTEX
  5
FDEE
  8
PIN_TOP
 10
14.837664
 20
7.8486000000000002
 30
0.0
  0
VERTEX
  5
FDEF
  8
PIN_TOP
 10
14.837664
 20
8.1533999999999978
 30
0.0
  0
SEQEND
  5
FDF0
  8
PIN_TOP
  0
POLYLINE
  5
1CBD
  8
PACKAGE_GEOMETRY_SILKSCREE
 66
     1
 10
0.0
 20
0.0
 30
0.0
 40
0.1524
 41
0.1524
  0
VERTEX
  5
FDF1
  8
PACKAGE_GEOMETRY_SILKSCREE
 10
15.739872
 20
8.2509359999999976
 30
0.0
  0
VERTEX
  5
FDF2
  8
PACKAGE_GEOMETRY_SILKSCREE
 10
15.739872
 20
7.7510639999999977
 30
0.0
  0
SEQEND
  5
FDF3
  8
PACKAGE_GEOMETRY_SILKSCREE
  0
POLYLINE
  5
1CC1
  8
PACKAGE_GEOMETRY_SILKSCREE
 66
     1
 10
0.0
 20
0.0
 30
0.0
 40
0.1524
 41
0.1524
  0
VERTEX
  5
FDF4
  8
PACKAGE_GEOMETRY_SILKSCREE
 10
14.740128
 20
8.2509359999999976
 30
0.0
  0
VERTEX
  5
FDF5
  8
PACKAGE_GEOMETRY_SILKSCREE
 10
15.739872
 20
8.2509359999999976
 30
0.0
  0
SEQEND
  5
FDF6
  8
PACKAGE_GEOMETRY_SILKSCREE
  0
POLYLINE
  5
1CC5
  8
PACKAGE_GEOMETRY_SILKSCREE
 66
     1
 10
0.0
 20
0.0
 30
0.0
 40
0.1524
 41
0.1524
  0
VERTEX
  5
FDF7
  8
PACKAGE_GEOMETRY_SILKSCREE
 10
14.740128
 20
7.7510639999999977
 30
0.0
  0
VERTEX
  5
FDF8
  8
PACKAGE_GEOMETRY_SILKSCREE
 10
14.740128
 20
8.2509359999999976
 30
0.0
  0
SEQEND
  5
FDF9
  8
PACKAGE_GEOMETRY_SILKSCREE
  0
POLYLINE
  5
1CC9
  8
PACKAGE_GEOMETRY_SILKSCREE
 66
     1
 10
0.0
 20
0.0
 30
0.0
 40
0.1524
 41
0.1524
  0
VERTEX
  5
FDFA
  8
PACKAGE_GEOMETRY_SILKSCREE
 10
15.739872
 20
7.7510639999999977
 30
0.0
  0
VERTEX
  5
FDFB
  8
PACKAGE_GEOMETRY_SILKSCREE
 10
14.740128
 20
7.7510639999999977
 30
0.0
  0
SEQEND
  5
FDFC
  8
PACKAGE_GEOMETRY_SILKSCREE
  0
POLYLINE
  5
1CCD
  8
PIN_TOP
 66
     1
 10
0.0
 20
0.0
 30
0.0
 70
     1
  0
VERTEX
  5
FDFD
  8
PIN_TOP
 10
30.200600000000001
 20
3.9583360000000001
 30
0.0
  0
VERTEX
  5
FDFE
  8
PIN_TOP
 10
30.505400000000002
 20
3.9583360000000001
 30
0.0
  0
VERTEX
  5
FDFF
  8
PIN_TOP
 10
30.505400000000002
 20
3.653535999999999
 30
0.0
  0
VERTEX
  5
FE00
  8
PIN_TOP
 10
30.200600000000001
 20
3.653535999999999
 30
0.0
  0
SEQEND
  5
FE01
  8
PIN_TOP
  0
POLYLINE
  5
1CD3
  8
PIN_TOP
 66
     1
 10
0.0
 20
0.0
 30
0.0
 70
     1
  0
VERTEX
  5
FE02
  8
PIN_TOP
 10
30.200600000000001
 20
3.458463999999998
 30
0.0
  0
VERTEX
  5
FE03
  8
PIN_TOP
 10
30.505400000000002
 20
3.458463999999998
 30
0.0
  0
VERTEX
  5
FE04
  8
PIN_TOP
 10
30.505400000000002
 20
3.153664
 30
0.0
  0
VERTEX
  5
FE05
  8
PIN_TOP
 10
30.200600000000001
 20
3.153664
 30
0.0
  0
SEQEND
  5
FE06
  8
PIN_TOP
  0
POLYLINE
  5
1CD9
  8
PACKAGE_GEOMETRY_SILKSCREE
 66
     1
 10
0.0
 20
0.0
 30
0.0
 40
0.1524
 41
0.1524
  0
VERTEX
  5
FE07
  8
PACKAGE_GEOMETRY_SILKSCREE
 10
30.103064
 20
4.055871999999999
 30
0.0
  0
VERTEX
  5
FE08
  8
PACKAGE_GEOMETRY_SILKSCREE
 10
30.602936
 20
4.055871999999999
 30
0.0
  0
SEQEND
  5
FE09
  8
PACKAGE_GEOMETRY_SILKSCREE
  0
POLYLINE
  5
1CDD
  8
PACKAGE_GEOMETRY_SILKSCREE
 66
     1
 10
0.0
 20
0.0
 30
0.0
 40
0.1524
 41
0.1524
  0
VERTEX
  5
FE0A
  8
PACKAGE_GEOMETRY_SILKSCREE
 10
30.103064
 20
3.056127999999998
 30
0.0
  0
VERTEX
  5
FE0B
  8
PACKAGE_GEOMETRY_SILKSCREE
 10
30.103064
 20
4.055871999999999
 30
0.0
  0
SEQEND
  5
FE0C
  8
PACKAGE_GEOMETRY_SILKSCREE
  0
POLYLINE
  5
1CE1
  8
PACKAGE_GEOMETRY_SILKSCREE
 66
     1
 10
0.0
 20
0.0
 30
0.0
 40
0.1524
 41
0.1524
  0
VERTEX
  5
FE0D
  8
PACKAGE_GEOMETRY_SILKSCREE
 10
30.602936
 20
3.056127999999998
 30
0.0
  0
VERTEX
  5
FE0E
  8
PACKAGE_GEOMETRY_SILKSCREE
 10
30.103064
 20
3.056127999999998
 30
0.0
  0
SEQEND
  5
FE0F
  8
PACKAGE_GEOMETRY_SILKSCREE
  0
POLYLINE
  5
1CE5
  8
PACKAGE_GEOMETRY_SILKSCREE
 66
     1
 10
0.0
 20
0.0
 30
0.0
 40
0.1524
 41
0.1524
  0
VERTEX
  5
FE10
  8
PACKAGE_GEOMETRY_SILKSCREE
 10
30.602936
 20
4.055871999999999
 30
0.0
  0
VERTEX
  5
FE11
  8
PACKAGE_GEOMETRY_SILKSCREE
 10
30.602936
 20
3.056127999999998
 30
0.0
  0
SEQEND
  5
FE12
  8
PACKAGE_GEOMETRY_SILKSCREE
  0
POLYLINE
  5
1CE9
  8
PIN_TOP
 66
     1
 10
0.0
 20
0.0
 30
0.0
 70
     1
  0
VERTEX
  5
FE13
  8
PIN_TOP
 10
29.061664
 20
1.752599999999999
 30
0.0
  0
VERTEX
  5
FE14
  8
PIN_TOP
 10
29.061664
 20
2.057399999999999
 30
0.0
  0
VERTEX
  5
FE15
  8
PIN_TOP
 10
29.366464000000001
 20
2.057399999999999
 30
0.0
  0
VERTEX
  5
FE16
  8
PIN_TOP
 10
29.366464000000001
 20
1.752599999999999
 30
0.0
  0
SEQEND
  5
FE17
  8
PIN_TOP
  0
POLYLINE
  5
1CEF
  8
PIN_TOP
 66
     1
 10
0.0
 20
0.0
 30
0.0
 70
     1
  0
VERTEX
  5
FE18
  8
PIN_TOP
 10
29.561536
 20
1.752599999999999
 30
0.0
  0
VERTEX
  5
FE19
  8
PIN_TOP
 10
29.561536
 20
2.057399999999999
 30
0.0
  0
VERTEX
  5
FE1A
  8
PIN_TOP
 10
29.866336
 20
2.057399999999999
 30
0.0
  0
VERTEX
  5
FE1B
  8
PIN_TOP
 10
29.866336
 20
1.752599999999999
 30
0.0
  0
SEQEND
  5
FE1C
  8
PIN_TOP
  0
POLYLINE
  5
1CF5
  8
PACKAGE_GEOMETRY_SILKSCREE
 66
     1
 10
0.0
 20
0.0
 30
0.0
 40
0.1524
 41
0.1524
  0
VERTEX
  5
FE1D
  8
PACKAGE_GEOMETRY_SILKSCREE
 10
28.964127999999999
 20
1.655063999999999
 30
0.0
  0
VERTEX
  5
FE1E
  8
PACKAGE_GEOMETRY_SILKSCREE
 10
28.964127999999999
 20
2.1549360000000002
 30
0.0
  0
SEQEND
  5
FE1F
  8
PACKAGE_GEOMETRY_SILKSCREE
  0
POLYLINE
  5
1CF9
  8
PACKAGE_GEOMETRY_SILKSCREE
 66
     1
 10
0.0
 20
0.0
 30
0.0
 40
0.1524
 41
0.1524
  0
VERTEX
  5
FE20
  8
PACKAGE_GEOMETRY_SILKSCREE
 10
29.963871999999999
 20
1.655063999999999
 30
0.0
  0
VERTEX
  5
FE21
  8
PACKAGE_GEOMETRY_SILKSCREE
 10
28.964127999999999
 20
1.655063999999999
 30
0.0
  0
SEQEND
  5
FE22
  8
PACKAGE_GEOMETRY_SILKSCREE
  0
POLYLINE
  5
1CFD
  8
PACKAGE_GEOMETRY_SILKSCREE
 66
     1
 10
0.0
 20
0.0
 30
0.0
 40
0.1524
 41
0.1524
  0
VERTEX
  5
FE23
  8
PACKAGE_GEOMETRY_SILKSCREE
 10
29.963871999999999
 20
2.1549360000000002
 30
0.0
  0
VERTEX
  5
FE24
  8
PACKAGE_GEOMETRY_SILKSCREE
 10
29.963871999999999
 20
1.655063999999999
 30
0.0
  0
SEQEND
  5
FE25
  8
PACKAGE_GEOMETRY_SILKSCREE
  0
POLYLINE
  5
1D01
  8
PACKAGE_GEOMETRY_SILKSCREE
 66
     1
 10
0.0
 20
0.0
 30
0.0
 40
0.1524
 41
0.1524
  0
VERTEX
  5
FE26
  8
PACKAGE_GEOMETRY_SILKSCREE
 10
28.964127999999999
 20
2.1549360000000002
 30
0.0
  0
VERTEX
  5
FE27
  8
PACKAGE_GEOMETRY_SILKSCREE
 10
29.963871999999999
 20
2.1549360000000002
 30
0.0
  0
SEQEND
  5
FE28
  8
PACKAGE_GEOMETRY_SILKSCREE
  0
POLYLINE
  5
1D05
  8
PIN_TOP
 66
     1
 10
0.0
 20
0.0
 30
0.0
 70
     1
  0
VERTEX
  5
FE29
  8
PIN_TOP
 10
25.4254
 20
22.584664
 30
0.0
  0
VERTEX
  5
FE2A
  8
PIN_TOP
 10
25.1206
 20
22.584664
 30
0.0
  0
VERTEX
  5
FE2B
  8
PIN_TOP
 10
25.1206
 20
22.889464
 30
0.0
  0
VERTEX
  5
FE2C
  8
PIN_TOP
 10
25.4254
 20
22.889464
 30
0.0
  0
SEQEND
  5
FE2D
  8
PIN_TOP
  0
POLYLINE
  5
1D0B
  8
PIN_TOP
 66
     1
 10
0.0
 20
0.0
 30
0.0
 70
     1
  0
VERTEX
  5
FE2E
  8
PIN_TOP
 10
25.4254
 20
23.084536
 30
0.0
  0
VERTEX
  5
FE2F
  8
PIN_TOP
 10
25.1206
 20
23.084536
 30
0.0
  0
VERTEX
  5
FE30
  8
PIN_TOP
 10
25.1206
 20
23.389336
 30
0.0
  0
VERTEX
  5
FE31
  8
PIN_TOP
 10
25.4254
 20
23.389336
 30
0.0
  0
SEQEND
  5
FE32
  8
PIN_TOP
  0
POLYLINE
  5
1D11
  8
PACKAGE_GEOMETRY_SILKSCREE
 66
     1
 10
0.0
 20
0.0
 30
0.0
 40
0.1524
 41
0.1524
  0
VERTEX
  5
FE33
  8
PACKAGE_GEOMETRY_SILKSCREE
 10
25.023064000000002
 20
22.487127999999998
 30
0.0
  0
VERTEX
  5
FE34
  8
PACKAGE_GEOMETRY_SILKSCREE
 10
25.023064000000002
 20
23.487126
 30
0.0
  0
SEQEND
  5
FE35
  8
PACKAGE_GEOMETRY_SILKSCREE
  0
POLYLINE
  5
1D15
  8
PACKAGE_GEOMETRY_SILKSCREE
 66
     1
 10
0.0
 20
0.0
 30
0.0
 40
0.1524
 41
0.1524
  0
VERTEX
  5
FE36
  8
PACKAGE_GEOMETRY_SILKSCREE
 10
25.023064000000002
 20
23.487126
 30
0.0
  0
VERTEX
  5
FE37
  8
PACKAGE_GEOMETRY_SILKSCREE
 10
25.522936000000001
 20
23.487126
 30
0.0
  0
SEQEND
  5
FE38
  8
PACKAGE_GEOMETRY_SILKSCREE
  0
POLYLINE
  5
1D19
  8
PACKAGE_GEOMETRY_SILKSCREE
 66
     1
 10
0.0
 20
0.0
 30
0.0
 40
0.1524
 41
0.1524
  0
VERTEX
  5
FE39
  8
PACKAGE_GEOMETRY_SILKSCREE
 10
25.522936000000001
 20
23.487126
 30
0.0
  0
VERTEX
  5
FE3A
  8
PACKAGE_GEOMETRY_SILKSCREE
 10
25.522936000000001
 20
22.487382
 30
0.0
  0
SEQEND
  5
FE3B
  8
PACKAGE_GEOMETRY_SILKSCREE
  0
POLYLINE
  5
1D1D
  8
PACKAGE_GEOMETRY_SILKSCREE
 66
     1
 10
0.0
 20
0.0
 30
0.0
 40
0.1524
 41
0.1524
  0
VERTEX
  5
FE3C
  8
PACKAGE_GEOMETRY_SILKSCREE
 10
25.522936000000001
 20
22.487382
 30
0.0
  0
VERTEX
  5
FE3D
  8
PACKAGE_GEOMETRY_SILKSCREE
 10
25.023064000000002
 20
22.487127999999998
 30
0.0
  0
SEQEND
  5
FE3E
  8
PACKAGE_GEOMETRY_SILKSCREE
  0
POLYLINE
  5
1D21
  8
PIN_TOP
 66
     1
 10
0.0
 20
0.0
 30
0.0
 70
     1
  0
VERTEX
  5
FE3F
  8
PIN_TOP
 10
26.390599999999999
 20
22.246335999999999
 30
0.0
  0
VERTEX
  5
FE40
  8
PIN_TOP
 10
26.695399999999999
 20
22.246335999999999
 30
0.0
  0
VERTEX
  5
FE41
  8
PIN_TOP
 10
26.695399999999999
 20
21.941535999999999
 30
0.0
  0
VERTEX
  5
FE42
  8
PIN_TOP
 10
26.390599999999999
 20
21.941535999999999
 30
0.0
  0
SEQEND
  5
FE43
  8
PIN_TOP
  0
POLYLINE
  5
1D27
  8
PIN_TOP
 66
     1
 10
0.0
 20
0.0
 30
0.0
 70
     1
  0
VERTEX
  5
FE44
  8
PIN_TOP
 10
26.390599999999999
 20
21.746464
 30
0.0
  0
VERTEX
  5
FE45
  8
PIN_TOP
 10
26.695399999999999
 20
21.746464
 30
0.0
  0
VERTEX
  5
FE46
  8
PIN_TOP
 10
26.695399999999999
 20
21.441663999999999
 30
0.0
  0
VERTEX
  5
FE47
  8
PIN_TOP
 10
26.390599999999999
 20
21.441663999999999
 30
0.0
  0
SEQEND
  5
FE48
  8
PIN_TOP
  0
POLYLINE
  5
1D2D
  8
PACKAGE_GEOMETRY_SILKSCREE
 66
     1
 10
0.0
 20
0.0
 30
0.0
 40
0.1524
 41
0.1524
  0
VERTEX
  5
FE49
  8
PACKAGE_GEOMETRY_SILKSCREE
 10
26.792681999999999
 20
22.343872000000001
 30
0.0
  0
VERTEX
  5
FE4A
  8
PACKAGE_GEOMETRY_SILKSCREE
 10
26.792681999999999
 20
21.344128000000001
 30
0.0
  0
SEQEND
  5
FE4B
  8
PACKAGE_GEOMETRY_SILKSCREE
  0
POLYLINE
  5
1D31
  8
PACKAGE_GEOMETRY_SILKSCREE
 66
     1
 10
0.0
 20
0.0
 30
0.0
 40
0.1524
 41
0.1524
  0
VERTEX
  5
FE4C
  8
PACKAGE_GEOMETRY_SILKSCREE
 10
26.792681999999999
 20
21.344128000000001
 30
0.0
  0
VERTEX
  5
FE4D
  8
PACKAGE_GEOMETRY_SILKSCREE
 10
26.292809999999999
 20
21.344128000000001
 30
0.0
  0
SEQEND
  5
FE4E
  8
PACKAGE_GEOMETRY_SILKSCREE
  0
POLYLINE
  5
1D35
  8
PACKAGE_GEOMETRY_SILKSCREE
 66
     1
 10
0.0
 20
0.0
 30
0.0
 40
0.1524
 41
0.1524
  0
VERTEX
  5
FE4F
  8
PACKAGE_GEOMETRY_SILKSCREE
 10
26.292809999999999
 20
21.344128000000001
 30
0.0
  0
VERTEX
  5
FE50
  8
PACKAGE_GEOMETRY_SILKSCREE
 10
26.292809999999999
 20
22.343872000000001
 30
0.0
  0
SEQEND
  5
FE51
  8
PACKAGE_GEOMETRY_SILKSCREE
  0
POLYLINE
  5
1D39
  8
PACKAGE_GEOMETRY_SILKSCREE
 66
     1
 10
0.0
 20
0.0
 30
0.0
 40
0.1524
 41
0.1524
  0
VERTEX
  5
FE52
  8
PACKAGE_GEOMETRY_SILKSCREE
 10
26.292809999999999
 20
22.343872000000001
 30
0.0
  0
VERTEX
  5
FE53
  8
PACKAGE_GEOMETRY_SILKSCREE
 10
26.792681999999999
 20
22.343872000000001
 30
0.0
  0
SEQEND
  5
FE54
  8
PACKAGE_GEOMETRY_SILKSCREE
  0
POLYLINE
  5
1D3D
  8
PIN_TOP
 66
     1
 10
0.0
 20
0.0
 30
0.0
 70
     1
  0
VERTEX
  5
FE55
  8
PIN_TOP
 10
25.8826
 20
22.246335999999999
 30
0.0
  0
VERTEX
  5
FE56
  8
PIN_TOP
 10
26.1874
 20
22.246335999999999
 30
0.0
  0
VERTEX
  5
FE57
  8
PIN_TOP
 10
26.1874
 20
21.941535999999999
 30
0.0
  0
VERTEX
  5
FE58
  8
PIN_TOP
 10
25.8826
 20
21.941535999999999
 30
0.0
  0
SEQEND
  5
FE59
  8
PIN_TOP
  0
POLYLINE
  5
1D43
  8
PIN_TOP
 66
     1
 10
0.0
 20
0.0
 30
0.0
 70
     1
  0
VERTEX
  5
FE5A
  8
PIN_TOP
 10
25.8826
 20
21.746464
 30
0.0
  0
VERTEX
  5
FE5B
  8
PIN_TOP
 10
26.1874
 20
21.746464
 30
0.0
  0
VERTEX
  5
FE5C
  8
PIN_TOP
 10
26.1874
 20
21.441663999999999
 30
0.0
  0
VERTEX
  5
FE5D
  8
PIN_TOP
 10
25.8826
 20
21.441663999999999
 30
0.0
  0
SEQEND
  5
FE5E
  8
PIN_TOP
  0
POLYLINE
  5
1D49
  8
PACKAGE_GEOMETRY_SILKSCREE
 66
     1
 10
0.0
 20
0.0
 30
0.0
 40
0.1524
 41
0.1524
  0
VERTEX
  5
FE5F
  8
PACKAGE_GEOMETRY_SILKSCREE
 10
26.285190000000011
 20
22.343872000000001
 30
0.0
  0
VERTEX
  5
FE60
  8
PACKAGE_GEOMETRY_SILKSCREE
 10
26.285190000000011
 20
21.344128000000001
 30
0.0
  0
SEQEND
  5
FE61
  8
PACKAGE_GEOMETRY_SILKSCREE
  0
POLYLINE
  5
1D4D
  8
PACKAGE_GEOMETRY_SILKSCREE
 66
     1
 10
0.0
 20
0.0
 30
0.0
 40
0.1524
 41
0.1524
  0
VERTEX
  5
FE62
  8
PACKAGE_GEOMETRY_SILKSCREE
 10
26.285190000000011
 20
21.344128000000001
 30
0.0
  0
VERTEX
  5
FE63
  8
PACKAGE_GEOMETRY_SILKSCREE
 10
25.785318
 20
21.344128000000001
 30
0.0
  0
SEQEND
  5
FE64
  8
PACKAGE_GEOMETRY_SILKSCREE
  0
POLYLINE
  5
1D51
  8
PACKAGE_GEOMETRY_SILKSCREE
 66
     1
 10
0.0
 20
0.0
 30
0.0
 40
0.1524
 41
0.1524
  0
VERTEX
  5
FE65
  8
PACKAGE_GEOMETRY_SILKSCREE
 10
25.785318
 20
21.344128000000001
 30
0.0
  0
VERTEX
  5
FE66
  8
PACKAGE_GEOMETRY_SILKSCREE
 10
25.785318
 20
22.343872000000001
 30
0.0
  0
SEQEND
  5
FE67
  8
PACKAGE_GEOMETRY_SILKSCREE
  0
POLYLINE
  5
1D55
  8
PACKAGE_GEOMETRY_SILKSCREE
 66
     1
 10
0.0
 20
0.0
 30
0.0
 40
0.1524
 41
0.1524
  0
VERTEX
  5
FE68
  8
PACKAGE_GEOMETRY_SILKSCREE
 10
25.785318
 20
22.343872000000001
 30
0.0
  0
VERTEX
  5
FE69
  8
PACKAGE_GEOMETRY_SILKSCREE
 10
26.285190000000011
 20
22.343872000000001
 30
0.0
  0
SEQEND
  5
FE6A
  8
PACKAGE_GEOMETRY_SILKSCREE
  0
POLYLINE
  5
1D59
  8
PIN_TOP
 66
     1
 10
0.0
 20
0.0
 30
0.0
 70
     1
  0
VERTEX
  5
FE6B
  8
PIN_TOP
 10
27.279599999999999
 20
21.746464
 30
0.0
  0
VERTEX
  5
FE6C
  8
PIN_TOP
 10
27.584399999999999
 20
21.746464
 30
0.0
  0
VERTEX
  5
FE6D
  8
PIN_TOP
 10
27.584399999999999
 20
21.441663999999999
 30
0.0
  0
VERTEX
  5
FE6E
  8
PIN_TOP
 10
27.279599999999999
 20
21.441663999999999
 30
0.0
  0
SEQEND
  5
FE6F
  8
PIN_TOP
  0
POLYLINE
  5
1D5F
  8
PIN_TOP
 66
     1
 10
0.0
 20
0.0
 30
0.0
 70
     1
  0
VERTEX
  5
FE70
  8
PIN_TOP
 10
27.279599999999999
 20
22.246335999999999
 30
0.0
  0
VERTEX
  5
FE71
  8
PIN_TOP
 10
27.584399999999999
 20
22.246335999999999
 30
0.0
  0
VERTEX
  5
FE72
  8
PIN_TOP
 10
27.584399999999999
 20
21.941535999999999
 30
0.0
  0
VERTEX
  5
FE73
  8
PIN_TOP
 10
27.279599999999999
 20
21.941535999999999
 30
0.0
  0
SEQEND
  5
FE74
  8
PIN_TOP
  0
POLYLINE
  5
1D65
  8
PACKAGE_GEOMETRY_SILKSCREE
 66
     1
 10
0.0
 20
0.0
 30
0.0
 40
0.1524
 41
0.1524
  0
VERTEX
  5
FE75
  8
PACKAGE_GEOMETRY_SILKSCREE
 10
27.182064
 20
22.343872000000001
 30
0.0
  0
VERTEX
  5
FE76
  8
PACKAGE_GEOMETRY_SILKSCREE
 10
27.681681999999999
 20
22.343872000000001
 30
0.0
  0
SEQEND
  5
FE77
  8
PACKAGE_GEOMETRY_SILKSCREE
  0
POLYLINE
  5
1D69
  8
PACKAGE_GEOMETRY_SILKSCREE
 66
     1
 10
0.0
 20
0.0
 30
0.0
 40
0.1524
 41
0.1524
  0
VERTEX
  5
FE78
  8
PACKAGE_GEOMETRY_SILKSCREE
 10
27.181809999999999
 20
21.344128000000001
 30
0.0
  0
VERTEX
  5
FE79
  8
PACKAGE_GEOMETRY_SILKSCREE
 10
27.182064
 20
22.343872000000001
 30
0.0
  0
SEQEND
  5
FE7A
  8
PACKAGE_GEOMETRY_SILKSCREE
  0
POLYLINE
  5
1D6D
  8
PACKAGE_GEOMETRY_SILKSCREE
 66
     1
 10
0.0
 20
0.0
 30
0.0
 40
0.1524
 41
0.1524
  0
VERTEX
  5
FE7B
  8
PACKAGE_GEOMETRY_SILKSCREE
 10
27.681681999999999
 20
21.344128000000001
 30
0.0
  0
VERTEX
  5
FE7C
  8
PACKAGE_GEOMETRY_SILKSCREE
 10
27.181809999999999
 20
21.344128000000001
 30
0.0
  0
SEQEND
  5
FE7D
  8
PACKAGE_GEOMETRY_SILKSCREE
  0
POLYLINE
  5
1D71
  8
PACKAGE_GEOMETRY_SILKSCREE
 66
     1
 10
0.0
 20
0.0
 30
0.0
 40
0.1524
 41
0.1524
  0
VERTEX
  5
FE7E
  8
PACKAGE_GEOMETRY_SILKSCREE
 10
27.681681999999999
 20
22.343872000000001
 30
0.0
  0
VERTEX
  5
FE7F
  8
PACKAGE_GEOMETRY_SILKSCREE
 10
27.681681999999999
 20
21.344128000000001
 30
0.0
  0
SEQEND
  5
FE80
  8
PACKAGE_GEOMETRY_SILKSCREE
  0
POLYLINE
  5
1D75
  8
PIN_TOP
 66
     1
 10
0.0
 20
0.0
 30
0.0
 70
     1
  0
VERTEX
  5
FE81
  8
PIN_TOP
 10
23.723600000000001
 20
2.3154639999999991
 30
0.0
  0
VERTEX
  5
FE82
  8
PIN_TOP
 10
24.028400000000001
 20
2.3154639999999991
 30
0.0
  0
VERTEX
  5
FE83
  8
PIN_TOP
 10
24.028400000000001
 20
2.010663999999998
 30
0.0
  0
VERTEX
  5
FE84
  8
PIN_TOP
 10
23.723600000000001
 20
2.010663999999998
 30
0.0
  0
SEQEND
  5
FE85
  8
PIN_TOP
  0
POLYLINE
  5
1D7B
  8
PIN_TOP
 66
     1
 10
0.0
 20
0.0
 30
0.0
 70
     1
  0
VERTEX
  5
FE86
  8
PIN_TOP
 10
23.723600000000001
 20
2.8153359999999981
 30
0.0
  0
VERTEX
  5
FE87
  8
PIN_TOP
 10
24.028400000000001
 20
2.8153359999999981
 30
0.0
  0
VERTEX
  5
FE88
  8
PIN_TOP
 10
24.028400000000001
 20
2.5105360000000001
 30
0.0
  0
VERTEX
  5
FE89
  8
PIN_TOP
 10
23.723600000000001
 20
2.5105360000000001
 30
0.0
  0
SEQEND
  5
FE8A
  8
PIN_TOP
  0
POLYLINE
  5
1D81
  8
PACKAGE_GEOMETRY_SILKSCREE
 66
     1
 10
0.0
 20
0.0
 30
0.0
 40
0.1524
 41
0.1524
  0
VERTEX
  5
FE8B
  8
PACKAGE_GEOMETRY_SILKSCREE
 10
23.626064
 20
2.9128720000000001
 30
0.0
  0
VERTEX
  5
FE8C
  8
PACKAGE_GEOMETRY_SILKSCREE
 10
24.125935999999999
 20
2.9128720000000001
 30
0.0
  0
SEQEND
  5
FE8D
  8
PACKAGE_GEOMETRY_SILKSCREE
  0
POLYLINE
  5
1D85
  8
PACKAGE_GEOMETRY_SILKSCREE
 66
     1
 10
0.0
 20
0.0
 30
0.0
 40
0.1524
 41
0.1524
  0
VERTEX
  5
FE8E
  8
PACKAGE_GEOMETRY_SILKSCREE
 10
23.626064
 20
1.9131279999999999
 30
0.0
  0
VERTEX
  5
FE8F
  8
PACKAGE_GEOMETRY_SILKSCREE
 10
23.626064
 20
2.9128720000000001
 30
0.0
  0
SEQEND
  5
FE90
  8
PACKAGE_GEOMETRY_SILKSCREE
  0
POLYLINE
  5
1D89
  8
PACKAGE_GEOMETRY_SILKSCREE
 66
     1
 10
0.0
 20
0.0
 30
0.0
 40
0.1524
 41
0.1524
  0
VERTEX
  5
FE91
  8
PACKAGE_GEOMETRY_SILKSCREE
 10
24.125935999999999
 20
1.9131279999999999
 30
0.0
  0
VERTEX
  5
FE92
  8
PACKAGE_GEOMETRY_SILKSCREE
 10
23.626064
 20
1.9131279999999999
 30
0.0
  0
SEQEND
  5
FE93
  8
PACKAGE_GEOMETRY_SILKSCREE
  0
POLYLINE
  5
1D8D
  8
PACKAGE_GEOMETRY_SILKSCREE
 66
     1
 10
0.0
 20
0.0
 30
0.0
 40
0.1524
 41
0.1524
  0
VERTEX
  5
FE94
  8
PACKAGE_GEOMETRY_SILKSCREE
 10
24.125935999999999
 20
2.9128720000000001
 30
0.0
  0
VERTEX
  5
FE95
  8
PACKAGE_GEOMETRY_SILKSCREE
 10
24.125935999999999
 20
1.9131279999999999
 30
0.0
  0
SEQEND
  5
FE96
  8
PACKAGE_GEOMETRY_SILKSCREE
  0
POLYLINE
  5
1D91
  8
PIN_TOP
 66
     1
 10
0.0
 20
0.0
 30
0.0
 70
     1
  0
VERTEX
  5
FE97
  8
PIN_TOP
 10
24.028400000000001
 20
3.5265360000000001
 30
0.0
  0
VERTEX
  5
FE98
  8
PIN_TOP
 10
23.723600000000001
 20
3.5265360000000001
 30
0.0
  0
VERTEX
  5
FE99
  8
PIN_TOP
 10
23.723600000000001
 20
3.8313359999999981
 30
0.0
  0
VERTEX
  5
FE9A
  8
PIN_TOP
 10
24.028400000000001
 20
3.8313359999999981
 30
0.0
  0
SEQEND
  5
FE9B
  8
PIN_TOP
  0
POLYLINE
  5
1D97
  8
PIN_TOP
 66
     1
 10
0.0
 20
0.0
 30
0.0
 70
     1
  0
VERTEX
  5
FE9C
  8
PIN_TOP
 10
24.028400000000001
 20
3.026663999999998
 30
0.0
  0
VERTEX
  5
FE9D
  8
PIN_TOP
 10
23.723600000000001
 20
3.026663999999998
 30
0.0
  0
VERTEX
  5
FE9E
  8
PIN_TOP
 10
23.723600000000001
 20
3.3314639999999991
 30
0.0
  0
VERTEX
  5
FE9F
  8
PIN_TOP
 10
24.028400000000001
 20
3.3314639999999991
 30
0.0
  0
SEQEND
  5
FEA0
  8
PIN_TOP
  0
POLYLINE
  5
1D9D
  8
PACKAGE_GEOMETRY_SILKSCREE
 66
     1
 10
0.0
 20
0.0
 30
0.0
 40
0.1524
 41
0.1524
  0
VERTEX
  5
FEA1
  8
PACKAGE_GEOMETRY_SILKSCREE
 10
24.125935999999999
 20
2.929128
 30
0.0
  0
VERTEX
  5
FEA2
  8
PACKAGE_GEOMETRY_SILKSCREE
 10
23.626064
 20
2.929128
 30
0.0
  0
SEQEND
  5
FEA3
  8
PACKAGE_GEOMETRY_SILKSCREE
  0
POLYLINE
  5
1DA1
  8
PACKAGE_GEOMETRY_SILKSCREE
 66
     1
 10
0.0
 20
0.0
 30
0.0
 40
0.1524
 41
0.1524
  0
VERTEX
  5
FEA4
  8
PACKAGE_GEOMETRY_SILKSCREE
 10
24.125935999999999
 20
3.9288720000000001
 30
0.0
  0
VERTEX
  5
FEA5
  8
PACKAGE_GEOMETRY_SILKSCREE
 10
24.125935999999999
 20
2.929128
 30
0.0
  0
SEQEND
  5
FEA6
  8
PACKAGE_GEOMETRY_SILKSCREE
  0
POLYLINE
  5
1DA5
  8
PACKAGE_GEOMETRY_SILKSCREE
 66
     1
 10
0.0
 20
0.0
 30
0.0
 40
0.1524
 41
0.1524
  0
VERTEX
  5
FEA7
  8
PACKAGE_GEOMETRY_SILKSCREE
 10
23.626064
 20
3.9288720000000001
 30
0.0
  0
VERTEX
  5
FEA8
  8
PACKAGE_GEOMETRY_SILKSCREE
 10
24.125935999999999
 20
3.9288720000000001
 30
0.0
  0
SEQEND
  5
FEA9
  8
PACKAGE_GEOMETRY_SILKSCREE
  0
POLYLINE
  5
1DA9
  8
PACKAGE_GEOMETRY_SILKSCREE
 66
     1
 10
0.0
 20
0.0
 30
0.0
 40
0.1524
 41
0.1524
  0
VERTEX
  5
FEAA
  8
PACKAGE_GEOMETRY_SILKSCREE
 10
23.626064
 20
2.929128
 30
0.0
  0
VERTEX
  5
FEAB
  8
PACKAGE_GEOMETRY_SILKSCREE
 10
23.626064
 20
3.9288720000000001
 30
0.0
  0
SEQEND
  5
FEAC
  8
PACKAGE_GEOMETRY_SILKSCREE
  0
POLYLINE
  5
1DAD
  8
PIN_TOP
 66
     1
 10
0.0
 20
0.0
 30
0.0
 70
     1
  0
VERTEX
  5
FEAD
  8
PIN_TOP
 10
57.467500000000001
 20
22.134575999999999
 30
0.0
  0
VERTEX
  5
FEAE
  8
PIN_TOP
 10
58.356499999999997
 20
22.134575999999999
 30
0.0
  0
VERTEX
  5
FEAF
  8
PIN_TOP
 10
58.356499999999997
 20
21.423376000000001
 30
0.0
  0
VERTEX
  5
FEB0
  8
PIN_TOP
 10
57.467500000000001
 20
21.423376000000001
 30
0.0
  0
SEQEND
  5
FEB1
  8
PIN_TOP
  0
POLYLINE
  5
1DB3
  8
PIN_TOP
 66
     1
 10
0.0
 20
0.0
 30
0.0
 70
     1
  0
VERTEX
  5
FEB2
  8
PIN_TOP
 10
57.467500000000001
 20
23.534624000000001
 30
0.0
  0
VERTEX
  5
FEB3
  8
PIN_TOP
 10
58.356499999999997
 20
23.534624000000001
 30
0.0
  0
VERTEX
  5
FEB4
  8
PIN_TOP
 10
58.356499999999997
 20
22.823423999999999
 30
0.0
  0
VERTEX
  5
FEB5
  8
PIN_TOP
 10
57.467500000000001
 20
22.823423999999999
 30
0.0
  0
SEQEND
  5
FEB6
  8
PIN_TOP
  0
POLYLINE
  5
1DB9
  8
PACKAGE_GEOMETRY_SILKSCREE
 66
     1
 10
0.0
 20
0.0
 30
0.0
 40
0.1524
 41
0.1524
  0
VERTEX
  5
FEB7
  8
PACKAGE_GEOMETRY_SILKSCREE
 10
58.511947999999997
 20
21.279104
 30
0.0
  0
VERTEX
  5
FEB8
  8
PACKAGE_GEOMETRY_SILKSCREE
 10
58.511947999999997
 20
22.179026
 30
0.0
  0
SEQEND
  5
FEB9
  8
PACKAGE_GEOMETRY_SILKSCREE
  0
POLYLINE
  5
1DBD
  8
PACKAGE_GEOMETRY_SILKSCREE
 66
     1
 10
0.0
 20
0.0
 30
0.0
 40
0.1524
 41
0.1524
  0
VERTEX
  5
FEBA
  8
PACKAGE_GEOMETRY_SILKSCREE
 10
57.312052000000001
 20
21.279104
 30
0.0
  0
VERTEX
  5
FEBB
  8
PACKAGE_GEOMETRY_SILKSCREE
 10
58.511947999999997
 20
21.279104
 30
0.0
  0
SEQEND
  5
FEBC
  8
PACKAGE_GEOMETRY_SILKSCREE
  0
POLYLINE
  5
1DC1
  8
PACKAGE_GEOMETRY_SILKSCREE
 66
     1
 10
0.0
 20
0.0
 30
0.0
 40
0.1524
 41
0.1524
  0
VERTEX
  5
FEBD
  8
PACKAGE_GEOMETRY_SILKSCREE
 10
57.312052000000001
 20
22.179026
 30
0.0
  0
VERTEX
  5
FEBE
  8
PACKAGE_GEOMETRY_SILKSCREE
 10
57.312052000000001
 20
21.279104
 30
0.0
  0
SEQEND
  5
FEBF
  8
PACKAGE_GEOMETRY_SILKSCREE
  0
POLYLINE
  5
1DC5
  8
PACKAGE_GEOMETRY_SILKSCREE
 66
     1
 10
0.0
 20
0.0
 30
0.0
 40
0.1524
 41
0.1524
  0
VERTEX
  5
FEC0
  8
PACKAGE_GEOMETRY_SILKSCREE
 10
57.312052000000001
 20
23.678896000000002
 30
0.0
  0
VERTEX
  5
FEC1
  8
PACKAGE_GEOMETRY_SILKSCREE
 10
57.312052000000001
 20
22.778974000000002
 30
0.0
  0
SEQEND
  5
FEC2
  8
PACKAGE_GEOMETRY_SILKSCREE
  0
POLYLINE
  5
1DC9
  8
PACKAGE_GEOMETRY_SILKSCREE
 66
     1
 10
0.0
 20
0.0
 30
0.0
 40
0.1524
 41
0.1524
  0
VERTEX
  5
FEC3
  8
PACKAGE_GEOMETRY_SILKSCREE
 10
58.511947999999997
 20
23.678896000000002
 30
0.0
  0
VERTEX
  5
FEC4
  8
PACKAGE_GEOMETRY_SILKSCREE
 10
57.312052000000001
 20
23.678896000000002
 30
0.0
  0
SEQEND
  5
FEC5
  8
PACKAGE_GEOMETRY_SILKSCREE
  0
POLYLINE
  5
1DCD
  8
PACKAGE_GEOMETRY_SILKSCREE
 66
     1
 10
0.0
 20
0.0
 30
0.0
 40
0.1524
 41
0.1524
  0
VERTEX
  5
FEC6
  8
PACKAGE_GEOMETRY_SILKSCREE
 10
58.511947999999997
 20
22.778974000000002
 30
0.0
  0
VERTEX
  5
FEC7
  8
PACKAGE_GEOMETRY_SILKSCREE
 10
58.511947999999997
 20
23.678896000000002
 30
0.0
  0
SEQEND
  5
FEC8
  8
PACKAGE_GEOMETRY_SILKSCREE
  0
POLYLINE
  5
1DD1
  8
PIN_TOP
 66
     1
 10
0.0
 20
0.0
 30
0.0
 70
     1
  0
VERTEX
  5
FEC9
  8
PIN_TOP
 10
63.893700000000003
 20
8.9804240000000011
 30
0.0
  0
VERTEX
  5
FECA
  8
PIN_TOP
 10
63.0047
 20
8.9804240000000011
 30
0.0
  0
VERTEX
  5
FECB
  8
PIN_TOP
 10
63.0047
 20
9.6916239999999991
 30
0.0
  0
VERTEX
  5
FECC
  8
PIN_TOP
 10
63.893700000000003
 20
9.6916239999999991
 30
0.0
  0
SEQEND
  5
FECD
  8
PIN_TOP
  0
POLYLINE
  5
1DD7
  8
PIN_TOP
 66
     1
 10
0.0
 20
0.0
 30
0.0
 70
     1
  0
VERTEX
  5
FECE
  8
PIN_TOP
 10
63.893700000000003
 20
7.5803759999999976
 30
0.0
  0
VERTEX
  5
FECF
  8
PIN_TOP
 10
63.0047
 20
7.5803759999999976
 30
0.0
  0
VERTEX
  5
FED0
  8
PIN_TOP
 10
63.0047
 20
8.2915759999999992
 30
0.0
  0
VERTEX
  5
FED1
  8
PIN_TOP
 10
63.893700000000003
 20
8.2915759999999992
 30
0.0
  0
SEQEND
  5
FED2
  8
PIN_TOP
  0
POLYLINE
  5
1DDD
  8
PACKAGE_GEOMETRY_SILKSCREE
 66
     1
 10
0.0
 20
0.0
 30
0.0
 40
0.1524
 41
0.1524
  0
VERTEX
  5
FED3
  8
PACKAGE_GEOMETRY_SILKSCREE
 10
62.849251999999993
 20
9.8358959999999982
 30
0.0
  0
VERTEX
  5
FED4
  8
PACKAGE_GEOMETRY_SILKSCREE
 10
62.849251999999993
 20
8.9359739999999999
 30
0.0
  0
SEQEND
  5
FED5
  8
PACKAGE_GEOMETRY_SILKSCREE
  0
POLYLINE
  5
1DE1
  8
PACKAGE_GEOMETRY_SILKSCREE
 66
     1
 10
0.0
 20
0.0
 30
0.0
 40
0.1524
 41
0.1524
  0
VERTEX
  5
FED6
  8
PACKAGE_GEOMETRY_SILKSCREE
 10
64.049148000000002
 20
9.8358959999999982
 30
0.0
  0
VERTEX
  5
FED7
  8
PACKAGE_GEOMETRY_SILKSCREE
 10
62.849251999999993
 20
9.8358959999999982
 30
0.0
  0
SEQEND
  5
FED8
  8
PACKAGE_GEOMETRY_SILKSCREE
  0
POLYLINE
  5
1DE5
  8
PACKAGE_GEOMETRY_SILKSCREE
 66
     1
 10
0.0
 20
0.0
 30
0.0
 40
0.1524
 41
0.1524
  0
VERTEX
  5
FED9
  8
PACKAGE_GEOMETRY_SILKSCREE
 10
64.049148000000002
 20
8.9359739999999999
 30
0.0
  0
VERTEX
  5
FEDA
  8
PACKAGE_GEOMETRY_SILKSCREE
 10
64.049148000000002
 20
9.8358959999999982
 30
0.0
  0
SEQEND
  5
FEDB
  8
PACKAGE_GEOMETRY_SILKSCREE
  0
POLYLINE
  5
1DE9
  8
PACKAGE_GEOMETRY_SILKSCREE
 66
     1
 10
0.0
 20
0.0
 30
0.0
 40
0.1524
 41
0.1524
  0
VERTEX
  5
FEDC
  8
PACKAGE_GEOMETRY_SILKSCREE
 10
64.049148000000002
 20
7.4361039999999976
 30
0.0
  0
VERTEX
  5
FEDD
  8
PACKAGE_GEOMETRY_SILKSCREE
 10
64.049148000000002
 20
8.3360259999999986
 30
0.0
  0
SEQEND
  5
FEDE
  8
PACKAGE_GEOMETRY_SILKSCREE
  0
POLYLINE
  5
1DED
  8
PACKAGE_GEOMETRY_SILKSCREE
 66
     1
 10
0.0
 20
0.0
 30
0.0
 40
0.1524
 41
0.1524
  0
VERTEX
  5
FEDF
  8
PACKAGE_GEOMETRY_SILKSCREE
 10
62.849251999999993
 20
7.4361039999999976
 30
0.0
  0
VERTEX
  5
FEE0
  8
PACKAGE_GEOMETRY_SILKSCREE
 10
64.049148000000002
 20
7.4361039999999976
 30
0.0
  0
SEQEND
  5
FEE1
  8
PACKAGE_GEOMETRY_SILKSCREE
  0
POLYLINE
  5
1DF1
  8
PACKAGE_GEOMETRY_SILKSCREE
 66
     1
 10
0.0
 20
0.0
 30
0.0
 40
0.1524
 41
0.1524
  0
VERTEX
  5
FEE2
  8
PACKAGE_GEOMETRY_SILKSCREE
 10
62.849251999999993
 20
8.3360259999999986
 30
0.0
  0
VERTEX
  5
FEE3
  8
PACKAGE_GEOMETRY_SILKSCREE
 10
62.849251999999993
 20
7.4361039999999976
 30
0.0
  0
SEQEND
  5
FEE4
  8
PACKAGE_GEOMETRY_SILKSCREE
  0
POLYLINE
  5
1DF5
  8
PIN_TOP
 66
     1
 10
0.0
 20
0.0
 30
0.0
 70
     1
  0
VERTEX
  5
FEE5
  8
PIN_TOP
 10
63.209423999999991
 20
10.096500000000001
 30
0.0
  0
VERTEX
  5
FEE6
  8
PIN_TOP
 10
63.209423999999991
 20
10.9855
 30
0.0
  0
VERTEX
  5
FEE7
  8
PIN_TOP
 10
63.920623999999997
 20
10.9855
 30
0.0
  0
VERTEX
  5
FEE8
  8
PIN_TOP
 10
63.920623999999997
 20
10.096500000000001
 30
0.0
  0
SEQEND
  5
FEE9
  8
PIN_TOP
  0
POLYLINE
  5
1DFB
  8
PIN_TOP
 66
     1
 10
0.0
 20
0.0
 30
0.0
 70
     1
  0
VERTEX
  5
FEEA
  8
PIN_TOP
 10
61.809376
 20
10.096500000000001
 30
0.0
  0
VERTEX
  5
FEEB
  8
PIN_TOP
 10
61.809376
 20
10.9855
 30
0.0
  0
VERTEX
  5
FEEC
  8
PIN_TOP
 10
62.520575999999998
 20
10.9855
 30
0.0
  0
VERTEX
  5
FEED
  8
PIN_TOP
 10
62.520575999999998
 20
10.096500000000001
 30
0.0
  0
SEQEND
  5
FEEE
  8
PIN_TOP
  0
POLYLINE
  5
1E01
  8
PACKAGE_GEOMETRY_SILKSCREE
 66
     1
 10
0.0
 20
0.0
 30
0.0
 40
0.1524
 41
0.1524
  0
VERTEX
  5
FEEF
  8
PACKAGE_GEOMETRY_SILKSCREE
 10
64.06489599999999
 20
11.140948
 30
0.0
  0
VERTEX
  5
FEF0
  8
PACKAGE_GEOMETRY_SILKSCREE
 10
63.164974000000001
 20
11.140948
 30
0.0
  0
SEQEND
  5
FEF1
  8
PACKAGE_GEOMETRY_SILKSCREE
  0
POLYLINE
  5
1E05
  8
PACKAGE_GEOMETRY_SILKSCREE
 66
     1
 10
0.0
 20
0.0
 30
0.0
 40
0.1524
 41
0.1524
  0
VERTEX
  5
FEF2
  8
PACKAGE_GEOMETRY_SILKSCREE
 10
64.06489599999999
 20
9.9410520000000009
 30
0.0
  0
VERTEX
  5
FEF3
  8
PACKAGE_GEOMETRY_SILKSCREE
 10
64.06489599999999
 20
11.140948
 30
0.0
  0
SEQEND
  5
FEF4
  8
PACKAGE_GEOMETRY_SILKSCREE
  0
POLYLINE
  5
1E09
  8
PACKAGE_GEOMETRY_SILKSCREE
 66
     1
 10
0.0
 20
0.0
 30
0.0
 40
0.1524
 41
0.1524
  0
VERTEX
  5
FEF5
  8
PACKAGE_GEOMETRY_SILKSCREE
 10
63.164974000000001
 20
9.9410520000000009
 30
0.0
  0
VERTEX
  5
FEF6
  8
PACKAGE_GEOMETRY_SILKSCREE
 10
64.06489599999999
 20
9.9410520000000009
 30
0.0
  0
SEQEND
  5
FEF7
  8
PACKAGE_GEOMETRY_SILKSCREE
  0
POLYLINE
  5
1E0D
  8
PACKAGE_GEOMETRY_SILKSCREE
 66
     1
 10
0.0
 20
0.0
 30
0.0
 40
0.1524
 41
0.1524
  0
VERTEX
  5
FEF8
  8
PACKAGE_GEOMETRY_SILKSCREE
 10
61.665103999999992
 20
9.9410520000000009
 30
0.0
  0
VERTEX
  5
FEF9
  8
PACKAGE_GEOMETRY_SILKSCREE
 10
62.56502600000001
 20
9.9410520000000009
 30
0.0
  0
SEQEND
  5
FEFA
  8
PACKAGE_GEOMETRY_SILKSCREE
  0
POLYLINE
  5
1E11
  8
PACKAGE_GEOMETRY_SILKSCREE
 66
     1
 10
0.0
 20
0.0
 30
0.0
 40
0.1524
 41
0.1524
  0
VERTEX
  5
FEFB
  8
PACKAGE_GEOMETRY_SILKSCREE
 10
61.665103999999992
 20
11.140948
 30
0.0
  0
VERTEX
  5
FEFC
  8
PACKAGE_GEOMETRY_SILKSCREE
 10
61.665103999999992
 20
9.9410520000000009
 30
0.0
  0
SEQEND
  5
FEFD
  8
PACKAGE_GEOMETRY_SILKSCREE
  0
POLYLINE
  5
1E15
  8
PACKAGE_GEOMETRY_SILKSCREE
 66
     1
 10
0.0
 20
0.0
 30
0.0
 40
0.1524
 41
0.1524
  0
VERTEX
  5
FEFE
  8
PACKAGE_GEOMETRY_SILKSCREE
 10
62.56502600000001
 20
11.140948
 30
0.0
  0
VERTEX
  5
FEFF
  8
PACKAGE_GEOMETRY_SILKSCREE
 10
61.665103999999992
 20
11.140948
 30
0.0
  0
SEQEND
  5
FF00
  8
PACKAGE_GEOMETRY_SILKSCREE
  0
POLYLINE
  5
1E19
  8
PIN_TOP
 66
     1
 10
0.0
 20
0.0
 30
0.0
 70
     1
  0
VERTEX
  5
FF01
  8
PIN_TOP
 10
50.101500000000001
 20
18.632424
 30
0.0
  0
VERTEX
  5
FF02
  8
PIN_TOP
 10
49.212499999999999
 20
18.632424
 30
0.0
  0
VERTEX
  5
FF03
  8
PIN_TOP
 10
49.212499999999999
 20
19.343623999999998
 30
0.0
  0
VERTEX
  5
FF04
  8
PIN_TOP
 10
50.101500000000001
 20
19.343623999999998
 30
0.0
  0
SEQEND
  5
FF05
  8
PIN_TOP
  0
POLYLINE
  5
1E1F
  8
PIN_TOP
 66
     1
 10
0.0
 20
0.0
 30
0.0
 70
     1
  0
VERTEX
  5
FF06
  8
PIN_TOP
 10
50.101500000000001
 20
17.232375999999999
 30
0.0
  0
VERTEX
  5
FF07
  8
PIN_TOP
 10
49.212499999999999
 20
17.232375999999999
 30
0.0
  0
VERTEX
  5
FF08
  8
PIN_TOP
 10
49.212499999999999
 20
17.943576
 30
0.0
  0
VERTEX
  5
FF09
  8
PIN_TOP
 10
50.101500000000001
 20
17.943576
 30
0.0
  0
SEQEND
  5
FF0A
  8
PIN_TOP
  0
POLYLINE
  5
1E25
  8
PACKAGE_GEOMETRY_SILKSCREE
 66
     1
 10
0.0
 20
0.0
 30
0.0
 40
0.1524
 41
0.1524
  0
VERTEX
  5
FF0B
  8
PACKAGE_GEOMETRY_SILKSCREE
 10
49.057051999999992
 20
19.487895999999999
 30
0.0
  0
VERTEX
  5
FF0C
  8
PACKAGE_GEOMETRY_SILKSCREE
 10
49.057051999999992
 20
18.587973999999999
 30
0.0
  0
SEQEND
  5
FF0D
  8
PACKAGE_GEOMETRY_SILKSCREE
  0
POLYLINE
  5
1E29
  8
PACKAGE_GEOMETRY_SILKSCREE
 66
     1
 10
0.0
 20
0.0
 30
0.0
 40
0.1524
 41
0.1524
  0
VERTEX
  5
FF0E
  8
PACKAGE_GEOMETRY_SILKSCREE
 10
50.256948000000001
 20
19.487895999999999
 30
0.0
  0
VERTEX
  5
FF0F
  8
PACKAGE_GEOMETRY_SILKSCREE
 10
49.057051999999992
 20
19.487895999999999
 30
0.0
  0
SEQEND
  5
FF10
  8
PACKAGE_GEOMETRY_SILKSCREE
  0
POLYLINE
  5
1E2D
  8
PACKAGE_GEOMETRY_SILKSCREE
 66
     1
 10
0.0
 20
0.0
 30
0.0
 40
0.1524
 41
0.1524
  0
VERTEX
  5
FF11
  8
PACKAGE_GEOMETRY_SILKSCREE
 10
50.256948000000001
 20
18.587973999999999
 30
0.0
  0
VERTEX
  5
FF12
  8
PACKAGE_GEOMETRY_SILKSCREE
 10
50.256948000000001
 20
19.487895999999999
 30
0.0
  0
SEQEND
  5
FF13
  8
PACKAGE_GEOMETRY_SILKSCREE
  0
POLYLINE
  5
1E31
  8
PACKAGE_GEOMETRY_SILKSCREE
 66
     1
 10
0.0
 20
0.0
 30
0.0
 40
0.1524
 41
0.1524
  0
VERTEX
  5
FF14
  8
PACKAGE_GEOMETRY_SILKSCREE
 10
50.256948000000001
 20
17.088104000000001
 30
0.0
  0
VERTEX
  5
FF15
  8
PACKAGE_GEOMETRY_SILKSCREE
 10
50.256948000000001
 20
17.988026000000001
 30
0.0
  0
SEQEND
  5
FF16
  8
PACKAGE_GEOMETRY_SILKSCREE
  0
POLYLINE
  5
1E35
  8
PACKAGE_GEOMETRY_SILKSCREE
 66
     1
 10
0.0
 20
0.0
 30
0.0
 40
0.1524
 41
0.1524
  0
VERTEX
  5
FF17
  8
PACKAGE_GEOMETRY_SILKSCREE
 10
49.057051999999992
 20
17.088104000000001
 30
0.0
  0
VERTEX
  5
FF18
  8
PACKAGE_GEOMETRY_SILKSCREE
 10
50.256948000000001
 20
17.088104000000001
 30
0.0
  0
SEQEND
  5
FF19
  8
PACKAGE_GEOMETRY_SILKSCREE
  0
POLYLINE
  5
1E39
  8
PACKAGE_GEOMETRY_SILKSCREE
 66
     1
 10
0.0
 20
0.0
 30
0.0
 40
0.1524
 41
0.1524
  0
VERTEX
  5
FF1A
  8
PACKAGE_GEOMETRY_SILKSCREE
 10
49.057051999999992
 20
17.988026000000001
 30
0.0
  0
VERTEX
  5
FF1B
  8
PACKAGE_GEOMETRY_SILKSCREE
 10
49.057051999999992
 20
17.088104000000001
 30
0.0
  0
SEQEND
  5
FF1C
  8
PACKAGE_GEOMETRY_SILKSCREE
  0
POLYLINE
  5
1E3D
  8
PIN_TOP
 66
     1
 10
0.0
 20
0.0
 30
0.0
 70
     1
  0
VERTEX
  5
FF1D
  8
PIN_TOP
 10
49.212499999999999
 20
15.403575999999999
 30
0.0
  0
VERTEX
  5
FF1E
  8
PIN_TOP
 10
50.101500000000001
 20
15.403575999999999
 30
0.0
  0
VERTEX
  5
FF1F
  8
PIN_TOP
 10
50.101500000000001
 20
14.692375999999999
 30
0.0
  0
VERTEX
  5
FF20
  8
PIN_TOP
 10
49.212499999999999
 20
14.692375999999999
 30
0.0
  0
SEQEND
  5
FF21
  8
PIN_TOP
  0
POLYLINE
  5
1E43
  8
PIN_TOP
 66
     1
 10
0.0
 20
0.0
 30
0.0
 70
     1
  0
VERTEX
  5
FF22
  8
PIN_TOP
 10
49.212499999999999
 20
16.803623999999999
 30
0.0
  0
VERTEX
  5
FF23
  8
PIN_TOP
 10
50.101500000000001
 20
16.803623999999999
 30
0.0
  0
VERTEX
  5
FF24
  8
PIN_TOP
 10
50.101500000000001
 20
16.092424000000001
 30
0.0
  0
VERTEX
  5
FF25
  8
PIN_TOP
 10
49.212499999999999
 20
16.092424000000001
 30
0.0
  0
SEQEND
  5
FF26
  8
PIN_TOP
  0
POLYLINE
  5
1E49
  8
PACKAGE_GEOMETRY_SILKSCREE
 66
     1
 10
0.0
 20
0.0
 30
0.0
 40
0.1524
 41
0.1524
  0
VERTEX
  5
FF27
  8
PACKAGE_GEOMETRY_SILKSCREE
 10
50.256948000000001
 20
14.548104
 30
0.0
  0
VERTEX
  5
FF28
  8
PACKAGE_GEOMETRY_SILKSCREE
 10
50.256948000000001
 20
15.448026
 30
0.0
  0
SEQEND
  5
FF29
  8
PACKAGE_GEOMETRY_SILKSCREE
  0
POLYLINE
  5
1E4D
  8
PACKAGE_GEOMETRY_SILKSCREE
 66
     1
 10
0.0
 20
0.0
 30
0.0
 40
0.1524
 41
0.1524
  0
VERTEX
  5
FF2A
  8
PACKAGE_GEOMETRY_SILKSCREE
 10
49.057051999999992
 20
14.548104
 30
0.0
  0
VERTEX
  5
FF2B
  8
PACKAGE_GEOMETRY_SILKSCREE
 10
50.256948000000001
 20
14.548104
 30
0.0
  0
SEQEND
  5
FF2C
  8
PACKAGE_GEOMETRY_SILKSCREE
  0
POLYLINE
  5
1E51
  8
PACKAGE_GEOMETRY_SILKSCREE
 66
     1
 10
0.0
 20
0.0
 30
0.0
 40
0.1524
 41
0.1524
  0
VERTEX
  5
FF2D
  8
PACKAGE_GEOMETRY_SILKSCREE
 10
49.057051999999992
 20
15.448026
 30
0.0
  0
VERTEX
  5
FF2E
  8
PACKAGE_GEOMETRY_SILKSCREE
 10
49.057051999999992
 20
14.548104
 30
0.0
  0
SEQEND
  5
FF2F
  8
PACKAGE_GEOMETRY_SILKSCREE
  0
POLYLINE
  5
1E55
  8
PACKAGE_GEOMETRY_SILKSCREE
 66
     1
 10
0.0
 20
0.0
 30
0.0
 40
0.1524
 41
0.1524
  0
VERTEX
  5
FF30
  8
PACKAGE_GEOMETRY_SILKSCREE
 10
49.057051999999992
 20
16.947896
 30
0.0
  0
VERTEX
  5
FF31
  8
PACKAGE_GEOMETRY_SILKSCREE
 10
49.057051999999992
 20
16.047974
 30
0.0
  0
SEQEND
  5
FF32
  8
PACKAGE_GEOMETRY_SILKSCREE
  0
POLYLINE
  5
1E59
  8
PACKAGE_GEOMETRY_SILKSCREE
 66
     1
 10
0.0
 20
0.0
 30
0.0
 40
0.1524
 41
0.1524
  0
VERTEX
  5
FF33
  8
PACKAGE_GEOMETRY_SILKSCREE
 10
50.256948000000001
 20
16.947896
 30
0.0
  0
VERTEX
  5
FF34
  8
PACKAGE_GEOMETRY_SILKSCREE
 10
49.057051999999992
 20
16.947896
 30
0.0
  0
SEQEND
  5
FF35
  8
PACKAGE_GEOMETRY_SILKSCREE
  0
POLYLINE
  5
1E5D
  8
PACKAGE_GEOMETRY_SILKSCREE
 66
     1
 10
0.0
 20
0.0
 30
0.0
 40
0.1524
 41
0.1524
  0
VERTEX
  5
FF36
  8
PACKAGE_GEOMETRY_SILKSCREE
 10
50.256948000000001
 20
16.047974
 30
0.0
  0
VERTEX
  5
FF37
  8
PACKAGE_GEOMETRY_SILKSCREE
 10
50.256948000000001
 20
16.947896
 30
0.0
  0
SEQEND
  5
FF38
  8
PACKAGE_GEOMETRY_SILKSCREE
  0
POLYLINE
  5
1E61
  8
PIN_TOP
 66
     1
 10
0.0
 20
0.0
 30
0.0
 70
     1
  0
VERTEX
  5
FF39
  8
PIN_TOP
 10
49.947575999999991
 20
11.6205
 30
0.0
  0
VERTEX
  5
FF3A
  8
PIN_TOP
 10
49.947575999999991
 20
10.7315
 30
0.0
  0
VERTEX
  5
FF3B
  8
PIN_TOP
 10
49.236376
 20
10.7315
 30
0.0
  0
VERTEX
  5
FF3C
  8
PIN_TOP
 10
49.236376
 20
11.6205
 30
0.0
  0
SEQEND
  5
FF3D
  8
PIN_TOP
  0
POLYLINE
  5
1E67
  8
PIN_TOP
 66
     1
 10
0.0
 20
0.0
 30
0.0
 70
     1
  0
VERTEX
  5
FF3E
  8
PIN_TOP
 10
51.347623999999989
 20
11.6205
 30
0.0
  0
VERTEX
  5
FF3F
  8
PIN_TOP
 10
51.347623999999989
 20
10.7315
 30
0.0
  0
VERTEX
  5
FF40
  8
PIN_TOP
 10
50.636423999999991
 20
10.7315
 30
0.0
  0
VERTEX
  5
FF41
  8
PIN_TOP
 10
50.636423999999991
 20
11.6205
 30
0.0
  0
SEQEND
  5
FF42
  8
PIN_TOP
  0
POLYLINE
  5
1E6D
  8
PACKAGE_GEOMETRY_SILKSCREE
 66
     1
 10
0.0
 20
0.0
 30
0.0
 40
0.1524
 41
0.1524
  0
VERTEX
  5
FF43
  8
PACKAGE_GEOMETRY_SILKSCREE
 10
49.092103999999999
 20
10.576052000000001
 30
0.0
  0
VERTEX
  5
FF44
  8
PACKAGE_GEOMETRY_SILKSCREE
 10
49.992026000000003
 20
10.576052000000001
 30
0.0
  0
SEQEND
  5
FF45
  8
PACKAGE_GEOMETRY_SILKSCREE
  0
POLYLINE
  5
1E71
  8
PACKAGE_GEOMETRY_SILKSCREE
 66
     1
 10
0.0
 20
0.0
 30
0.0
 40
0.1524
 41
0.1524
  0
VERTEX
  5
FF46
  8
PACKAGE_GEOMETRY_SILKSCREE
 10
49.092103999999999
 20
11.775948
 30
0.0
  0
VERTEX
  5
FF47
  8
PACKAGE_GEOMETRY_SILKSCREE
 10
49.092103999999999
 20
10.576052000000001
 30
0.0
  0
SEQEND
  5
FF48
  8
PACKAGE_GEOMETRY_SILKSCREE
  0
POLYLINE
  5
1E75
  8
PACKAGE_GEOMETRY_SILKSCREE
 66
     1
 10
0.0
 20
0.0
 30
0.0
 40
0.1524
 41
0.1524
  0
VERTEX
  5
FF49
  8
PACKAGE_GEOMETRY_SILKSCREE
 10
49.992026000000003
 20
11.775948
 30
0.0
  0
VERTEX
  5
FF4A
  8
PACKAGE_GEOMETRY_SILKSCREE
 10
49.092103999999999
 20
11.775948
 30
0.0
  0
SEQEND
  5
FF4B
  8
PACKAGE_GEOMETRY_SILKSCREE
  0
POLYLINE
  5
1E79
  8
PACKAGE_GEOMETRY_SILKSCREE
 66
     1
 10
0.0
 20
0.0
 30
0.0
 40
0.1524
 41
0.1524
  0
VERTEX
  5
FF4C
  8
PACKAGE_GEOMETRY_SILKSCREE
 10
51.49189599999999
 20
11.775948
 30
0.0
  0
VERTEX
  5
FF4D
  8
PACKAGE_GEOMETRY_SILKSCREE
 10
50.591974
 20
11.775948
 30
0.0
  0
SEQEND
  5
FF4E
  8
PACKAGE_GEOMETRY_SILKSCREE
  0
POLYLINE
  5
1E7D
  8
PACKAGE_GEOMETRY_SILKSCREE
 66
     1
 10
0.0
 20
0.0
 30
0.0
 40
0.1524
 41
0.1524
  0
VERTEX
  5
FF4F
  8
PACKAGE_GEOMETRY_SILKSCREE
 10
51.49189599999999
 20
10.576052000000001
 30
0.0
  0
VERTEX
  5
FF50
  8
PACKAGE_GEOMETRY_SILKSCREE
 10
51.49189599999999
 20
11.775948
 30
0.0
  0
SEQEND
  5
FF51
  8
PACKAGE_GEOMETRY_SILKSCREE
  0
POLYLINE
  5
1E81
  8
PACKAGE_GEOMETRY_SILKSCREE
 66
     1
 10
0.0
 20
0.0
 30
0.0
 40
0.1524
 41
0.1524
  0
VERTEX
  5
FF52
  8
PACKAGE_GEOMETRY_SILKSCREE
 10
50.591974
 20
10.576052000000001
 30
0.0
  0
VERTEX
  5
FF53
  8
PACKAGE_GEOMETRY_SILKSCREE
 10
51.49189599999999
 20
10.576052000000001
 30
0.0
  0
SEQEND
  5
FF54
  8
PACKAGE_GEOMETRY_SILKSCREE
  0
POLYLINE
  5
1E85
  8
PIN_TOP
 66
     1
 10
0.0
 20
0.0
 30
0.0
 70
     1
  0
VERTEX
  5
FF55
  8
PIN_TOP
 10
50.101500000000001
 20
13.552424
 30
0.0
  0
VERTEX
  5
FF56
  8
PIN_TOP
 10
49.212499999999999
 20
13.552424
 30
0.0
  0
VERTEX
  5
FF57
  8
PIN_TOP
 10
49.212499999999999
 20
14.263624
 30
0.0
  0
VERTEX
  5
FF58
  8
PIN_TOP
 10
50.101500000000001
 20
14.263624
 30
0.0
  0
SEQEND
  5
FF59
  8
PIN_TOP
  0
POLYLINE
  5
1E8B
  8
PIN_TOP
 66
     1
 10
0.0
 20
0.0
 30
0.0
 70
     1
  0
VERTEX
  5
FF5A
  8
PIN_TOP
 10
50.101500000000001
 20
12.152376
 30
0.0
  0
VERTEX
  5
FF5B
  8
PIN_TOP
 10
49.212499999999999
 20
12.152376
 30
0.0
  0
VERTEX
  5
FF5C
  8
PIN_TOP
 10
49.212499999999999
 20
12.863576
 30
0.0
  0
VERTEX
  5
FF5D
  8
PIN_TOP
 10
50.101500000000001
 20
12.863576
 30
0.0
  0
SEQEND
  5
FF5E
  8
PIN_TOP
  0
POLYLINE
  5
1E91
  8
PACKAGE_GEOMETRY_SILKSCREE
 66
     1
 10
0.0
 20
0.0
 30
0.0
 40
0.1524
 41
0.1524
  0
VERTEX
  5
FF5F
  8
PACKAGE_GEOMETRY_SILKSCREE
 10
49.057051999999992
 20
14.407895999999999
 30
0.0
  0
VERTEX
  5
FF60
  8
PACKAGE_GEOMETRY_SILKSCREE
 10
49.057051999999992
 20
13.507974000000001
 30
0.0
  0
SEQEND
  5
FF61
  8
PACKAGE_GEOMETRY_SILKSCREE
  0
POLYLINE
  5
1E95
  8
PACKAGE_GEOMETRY_SILKSCREE
 66
     1
 10
0.0
 20
0.0
 30
0.0
 40
0.1524
 41
0.1524
  0
VERTEX
  5
FF62
  8
PACKAGE_GEOMETRY_SILKSCREE
 10
50.256948000000001
 20
14.407895999999999
 30
0.0
  0
VERTEX
  5
FF63
  8
PACKAGE_GEOMETRY_SILKSCREE
 10
49.057051999999992
 20
14.407895999999999
 30
0.0
  0
SEQEND
  5
FF64
  8
PACKAGE_GEOMETRY_SILKSCREE
  0
POLYLINE
  5
1E99
  8
PACKAGE_GEOMETRY_SILKSCREE
 66
     1
 10
0.0
 20
0.0
 30
0.0
 40
0.1524
 41
0.1524
  0
VERTEX
  5
FF65
  8
PACKAGE_GEOMETRY_SILKSCREE
 10
50.256948000000001
 20
13.507974000000001
 30
0.0
  0
VERTEX
  5
FF66
  8
PACKAGE_GEOMETRY_SILKSCREE
 10
50.256948000000001
 20
14.407895999999999
 30
0.0
  0
SEQEND
  5
FF67
  8
PACKAGE_GEOMETRY_SILKSCREE
  0
POLYLINE
  5
1E9D
  8
PACKAGE_GEOMETRY_SILKSCREE
 66
     1
 10
0.0
 20
0.0
 30
0.0
 40
0.1524
 41
0.1524
  0
VERTEX
  5
FF68
  8
PACKAGE_GEOMETRY_SILKSCREE
 10
50.256948000000001
 20
12.008103999999999
 30
0.0
  0
VERTEX
  5
FF69
  8
PACKAGE_GEOMETRY_SILKSCREE
 10
50.256948000000001
 20
12.908026
 30
0.0
  0
SEQEND
  5
FF6A
  8
PACKAGE_GEOMETRY_SILKSCREE
  0
POLYLINE
  5
1EA1
  8
PACKAGE_GEOMETRY_SILKSCREE
 66
     1
 10
0.0
 20
0.0
 30
0.0
 40
0.1524
 41
0.1524
  0
VERTEX
  5
FF6B
  8
PACKAGE_GEOMETRY_SILKSCREE
 10
49.057051999999992
 20
12.008103999999999
 30
0.0
  0
VERTEX
  5
FF6C
  8
PACKAGE_GEOMETRY_SILKSCREE
 10
50.256948000000001
 20
12.008103999999999
 30
0.0
  0
SEQEND
  5
FF6D
  8
PACKAGE_GEOMETRY_SILKSCREE
  0
POLYLINE
  5
1EA5
  8
PACKAGE_GEOMETRY_SILKSCREE
 66
     1
 10
0.0
 20
0.0
 30
0.0
 40
0.1524
 41
0.1524
  0
VERTEX
  5
FF6E
  8
PACKAGE_GEOMETRY_SILKSCREE
 10
49.057051999999992
 20
12.908026
 30
0.0
  0
VERTEX
  5
FF6F
  8
PACKAGE_GEOMETRY_SILKSCREE
 10
49.057051999999992
 20
12.008103999999999
 30
0.0
  0
SEQEND
  5
FF70
  8
PACKAGE_GEOMETRY_SILKSCREE
  0
POLYLINE
  5
1EA9
  8
PIN_TOP
 66
     1
 10
0.0
 20
0.0
 30
0.0
 70
     1
  0
VERTEX
  5
FF71
  8
PIN_TOP
 10
54.546500000000002
 20
21.807424000000001
 30
0.0
  0
VERTEX
  5
FF72
  8
PIN_TOP
 10
53.657499999999999
 20
21.807424000000001
 30
0.0
  0
VERTEX
  5
FF73
  8
PIN_TOP
 10
53.657499999999999
 20
22.518623999999999
 30
0.0
  0
VERTEX
  5
FF74
  8
PIN_TOP
 10
54.546500000000002
 20
22.518623999999999
 30
0.0
  0
SEQEND
  5
FF75
  8
PIN_TOP
  0
POLYLINE
  5
1EAF
  8
PIN_TOP
 66
     1
 10
0.0
 20
0.0
 30
0.0
 70
     1
  0
VERTEX
  5
FF76
  8
PIN_TOP
 10
54.546500000000002
 20
20.407375999999999
 30
0.0
  0
VERTEX
  5
FF77
  8
PIN_TOP
 10
53.657499999999999
 20
20.407375999999999
 30
0.0
  0
VERTEX
  5
FF78
  8
PIN_TOP
 10
53.657499999999999
 20
21.118576000000001
 30
0.0
  0
VERTEX
  5
FF79
  8
PIN_TOP
 10
54.546500000000002
 20
21.118576000000001
 30
0.0
  0
SEQEND
  5
FF7A
  8
PIN_TOP
  0
POLYLINE
  5
1EB5
  8
PACKAGE_GEOMETRY_SILKSCREE
 66
     1
 10
0.0
 20
0.0
 30
0.0
 40
0.1524
 41
0.1524
  0
VERTEX
  5
FF7B
  8
PACKAGE_GEOMETRY_SILKSCREE
 10
53.502051999999999
 20
22.662896
 30
0.0
  0
VERTEX
  5
FF7C
  8
PACKAGE_GEOMETRY_SILKSCREE
 10
53.502051999999999
 20
21.762974
 30
0.0
  0
SEQEND
  5
FF7D
  8
PACKAGE_GEOMETRY_SILKSCREE
  0
POLYLINE
  5
1EB9
  8
PACKAGE_GEOMETRY_SILKSCREE
 66
     1
 10
0.0
 20
0.0
 30
0.0
 40
0.1524
 41
0.1524
  0
VERTEX
  5
FF7E
  8
PACKAGE_GEOMETRY_SILKSCREE
 10
54.701948000000002
 20
22.662896
 30
0.0
  0
VERTEX
  5
FF7F
  8
PACKAGE_GEOMETRY_SILKSCREE
 10
53.502051999999999
 20
22.662896
 30
0.0
  0
SEQEND
  5
FF80
  8
PACKAGE_GEOMETRY_SILKSCREE
  0
POLYLINE
  5
1EBD
  8
PACKAGE_GEOMETRY_SILKSCREE
 66
     1
 10
0.0
 20
0.0
 30
0.0
 40
0.1524
 41
0.1524
  0
VERTEX
  5
FF81
  8
PACKAGE_GEOMETRY_SILKSCREE
 10
54.701948000000002
 20
21.762974
 30
0.0
  0
VERTEX
  5
FF82
  8
PACKAGE_GEOMETRY_SILKSCREE
 10
54.701948000000002
 20
22.662896
 30
0.0
  0
SEQEND
  5
FF83
  8
PACKAGE_GEOMETRY_SILKSCREE
  0
POLYLINE
  5
1EC1
  8
PACKAGE_GEOMETRY_SILKSCREE
 66
     1
 10
0.0
 20
0.0
 30
0.0
 40
0.1524
 41
0.1524
  0
VERTEX
  5
FF84
  8
PACKAGE_GEOMETRY_SILKSCREE
 10
54.701948000000002
 20
20.263103999999998
 30
0.0
  0
VERTEX
  5
FF85
  8
PACKAGE_GEOMETRY_SILKSCREE
 10
54.701948000000002
 20
21.163025999999999
 30
0.0
  0
SEQEND
  5
FF86
  8
PACKAGE_GEOMETRY_SILKSCREE
  0
POLYLINE
  5
1EC5
  8
PACKAGE_GEOMETRY_SILKSCREE
 66
     1
 10
0.0
 20
0.0
 30
0.0
 40
0.1524
 41
0.1524
  0
VERTEX
  5
FF87
  8
PACKAGE_GEOMETRY_SILKSCREE
 10
53.502051999999999
 20
20.263103999999998
 30
0.0
  0
VERTEX
  5
FF88
  8
PACKAGE_GEOMETRY_SILKSCREE
 10
54.701948000000002
 20
20.263103999999998
 30
0.0
  0
SEQEND
  5
FF89
  8
PACKAGE_GEOMETRY_SILKSCREE
  0
POLYLINE
  5
1EC9
  8
PACKAGE_GEOMETRY_SILKSCREE
 66
     1
 10
0.0
 20
0.0
 30
0.0
 40
0.1524
 41
0.1524
  0
VERTEX
  5
FF8A
  8
PACKAGE_GEOMETRY_SILKSCREE
 10
53.502051999999999
 20
21.163025999999999
 30
0.0
  0
VERTEX
  5
FF8B
  8
PACKAGE_GEOMETRY_SILKSCREE
 10
53.502051999999999
 20
20.263103999999998
 30
0.0
  0
SEQEND
  5
FF8C
  8
PACKAGE_GEOMETRY_SILKSCREE
  0
POLYLINE
  5
1ECD
  8
PIN_TOP
 66
     1
 10
0.0
 20
0.0
 30
0.0
 70
     1
  0
VERTEX
  5
FF8D
  8
PIN_TOP
 10
4.862575999999998
 20
10.096500000000001
 30
0.0
  0
VERTEX
  5
FF8E
  8
PIN_TOP
 10
4.862575999999998
 20
9.2074999999999996
 30
0.0
  0
VERTEX
  5
FF8F
  8
PIN_TOP
 10
4.1513759999999991
 20
9.2074999999999996
 30
0.0
  0
VERTEX
  5
FF90
  8
PIN_TOP
 10
4.1513759999999991
 20
10.096500000000001
 30
0.0
  0
SEQEND
  5
FF91
  8
PIN_TOP
  0
POLYLINE
  5
1ED3
  8
PIN_TOP
 66
     1
 10
0.0
 20
0.0
 30
0.0
 70
     1
  0
VERTEX
  5
FF92
  8
PIN_TOP
 10
6.262623999999998
 20
10.096500000000001
 30
0.0
  0
VERTEX
  5
FF93
  8
PIN_TOP
 10
6.262623999999998
 20
9.2074999999999996
 30
0.0
  0
VERTEX
  5
FF94
  8
PIN_TOP
 10
5.551423999999999
 20
9.2074999999999996
 30
0.0
  0
VERTEX
  5
FF95
  8
PIN_TOP
 10
5.551423999999999
 20
10.096500000000001
 30
0.0
  0
SEQEND
  5
FF96
  8
PIN_TOP
  0
POLYLINE
  5
1ED9
  8
PACKAGE_GEOMETRY_SILKSCREE
 66
     1
 10
0.0
 20
0.0
 30
0.0
 40
0.1524
 41
0.1524
  0
VERTEX
  5
FF97
  8
PACKAGE_GEOMETRY_SILKSCREE
 10
4.0071039999999991
 20
9.0520519999999998
 30
0.0
  0
VERTEX
  5
FF98
  8
PACKAGE_GEOMETRY_SILKSCREE
 10
4.9070260000000001
 20
9.0520519999999998
 30
0.0
  0
SEQEND
  5
FF99
  8
PACKAGE_GEOMETRY_SILKSCREE
  0
POLYLINE
  5
1EDD
  8
PACKAGE_GEOMETRY_SILKSCREE
 66
     1
 10
0.0
 20
0.0
 30
0.0
 40
0.1524
 41
0.1524
  0
VERTEX
  5
FF9A
  8
PACKAGE_GEOMETRY_SILKSCREE
 10
4.0071039999999991
 20
10.251948000000001
 30
0.0
  0
VERTEX
  5
FF9B
  8
PACKAGE_GEOMETRY_SILKSCREE
 10
4.0071039999999991
 20
9.0520519999999998
 30
0.0
  0
SEQEND
  5
FF9C
  8
PACKAGE_GEOMETRY_SILKSCREE
  0
POLYLINE
  5
1EE1
  8
PACKAGE_GEOMETRY_SILKSCREE
 66
     1
 10
0.0
 20
0.0
 30
0.0
 40
0.1524
 41
0.1524
  0
VERTEX
  5
FF9D
  8
PACKAGE_GEOMETRY_SILKSCREE
 10
4.9070260000000001
 20
10.251948000000001
 30
0.0
  0
VERTEX
  5
FF9E
  8
PACKAGE_GEOMETRY_SILKSCREE
 10
4.0071039999999991
 20
10.251948000000001
 30
0.0
  0
SEQEND
  5
FF9F
  8
PACKAGE_GEOMETRY_SILKSCREE
  0
POLYLINE
  5
1EE5
  8
PACKAGE_GEOMETRY_SILKSCREE
 66
     1
 10
0.0
 20
0.0
 30
0.0
 40
0.1524
 41
0.1524
  0
VERTEX
  5
FFA0
  8
PACKAGE_GEOMETRY_SILKSCREE
 10
6.4068959999999979
 20
10.251948000000001
 30
0.0
  0
VERTEX
  5
FFA1
  8
PACKAGE_GEOMETRY_SILKSCREE
 10
5.5069739999999987
 20
10.251948000000001
 30
0.0
  0
SEQEND
  5
FFA2
  8
PACKAGE_GEOMETRY_SILKSCREE
  0
POLYLINE
  5
1EE9
  8
PACKAGE_GEOMETRY_SILKSCREE
 66
     1
 10
0.0
 20
0.0
 30
0.0
 40
0.1524
 41
0.1524
  0
VERTEX
  5
FFA3
  8
PACKAGE_GEOMETRY_SILKSCREE
 10
6.4068959999999979
 20
9.0520519999999998
 30
0.0
  0
VERTEX
  5
FFA4
  8
PACKAGE_GEOMETRY_SILKSCREE
 10
6.4068959999999979
 20
10.251948000000001
 30
0.0
  0
SEQEND
  5
FFA5
  8
PACKAGE_GEOMETRY_SILKSCREE
  0
POLYLINE
  5
1EED
  8
PACKAGE_GEOMETRY_SILKSCREE
 66
     1
 10
0.0
 20
0.0
 30
0.0
 40
0.1524
 41
0.1524
  0
VERTEX
  5
FFA6
  8
PACKAGE_GEOMETRY_SILKSCREE
 10
5.5069739999999987
 20
9.0520519999999998
 30
0.0
  0
VERTEX
  5
FFA7
  8
PACKAGE_GEOMETRY_SILKSCREE
 10
6.4068959999999979
 20
9.0520519999999998
 30
0.0
  0
SEQEND
  5
FFA8
  8
PACKAGE_GEOMETRY_SILKSCREE
  0
POLYLINE
  5
1EF1
  8
PIN_TOP
 66
     1
 10
0.0
 20
0.0
 30
0.0
 70
     1
  0
VERTEX
  5
FFA9
  8
PIN_TOP
 10
30.924499999999998
 20
3.287776
 30
0.0
  0
VERTEX
  5
FFAA
  8
PIN_TOP
 10
31.813500000000001
 20
3.287776
 30
0.0
  0
VERTEX
  5
FFAB
  8
PIN_TOP
 10
31.813500000000001
 20
2.576575999999998
 30
0.0
  0
VERTEX
  5
FFAC
  8
PIN_TOP
 10
30.924499999999998
 20
2.576575999999998
 30
0.0
  0
SEQEND
  5
FFAD
  8
PIN_TOP
  0
POLYLINE
  5
1EF7
  8
PIN_TOP
 66
     1
 10
0.0
 20
0.0
 30
0.0
 70
     1
  0
VERTEX
  5
FFAE
  8
PIN_TOP
 10
30.924499999999998
 20
4.6878239999999991
 30
0.0
  0
VERTEX
  5
FFAF
  8
PIN_TOP
 10
31.813500000000001
 20
4.6878239999999991
 30
0.0
  0
VERTEX
  5
FFB0
  8
PIN_TOP
 10
31.813500000000001
 20
3.9766239999999988
 30
0.0
  0
VERTEX
  5
FFB1
  8
PIN_TOP
 10
30.924499999999998
 20
3.9766239999999988
 30
0.0
  0
SEQEND
  5
FFB2
  8
PIN_TOP
  0
POLYLINE
  5
1EFD
  8
PACKAGE_GEOMETRY_SILKSCREE
 66
     1
 10
0.0
 20
0.0
 30
0.0
 40
0.1524
 41
0.1524
  0
VERTEX
  5
FFB3
  8
PACKAGE_GEOMETRY_SILKSCREE
 10
31.968948000000001
 20
2.4323039999999989
 30
0.0
  0
VERTEX
  5
FFB4
  8
PACKAGE_GEOMETRY_SILKSCREE
 10
31.968948000000001
 20
3.332225999999999
 30
0.0
  0
SEQEND
  5
FFB5
  8
PACKAGE_GEOMETRY_SILKSCREE
  0
POLYLINE
  5
1F01
  8
PACKAGE_GEOMETRY_SILKSCREE
 66
     1
 10
0.0
 20
0.0
 30
0.0
 40
0.1524
 41
0.1524
  0
VERTEX
  5
FFB6
  8
PACKAGE_GEOMETRY_SILKSCREE
 10
30.769052000000009
 20
2.4323039999999989
 30
0.0
  0
VERTEX
  5
FFB7
  8
PACKAGE_GEOMETRY_SILKSCREE
 10
31.968948000000001
 20
2.4323039999999989
 30
0.0
  0
SEQEND
  5
FFB8
  8
PACKAGE_GEOMETRY_SILKSCREE
  0
POLYLINE
  5
1F05
  8
PACKAGE_GEOMETRY_SILKSCREE
 66
     1
 10
0.0
 20
0.0
 30
0.0
 40
0.1524
 41
0.1524
  0
VERTEX
  5
FFB9
  8
PACKAGE_GEOMETRY_SILKSCREE
 10
30.769052000000009
 20
3.332225999999999
 30
0.0
  0
VERTEX
  5
FFBA
  8
PACKAGE_GEOMETRY_SILKSCREE
 10
30.769052000000009
 20
2.4323039999999989
 30
0.0
  0
SEQEND
  5
FFBB
  8
PACKAGE_GEOMETRY_SILKSCREE
  0
POLYLINE
  5
1F09
  8
PACKAGE_GEOMETRY_SILKSCREE
 66
     1
 10
0.0
 20
0.0
 30
0.0
 40
0.1524
 41
0.1524
  0
VERTEX
  5
FFBC
  8
PACKAGE_GEOMETRY_SILKSCREE
 10
30.769052000000009
 20
4.8320959999999991
 30
0.0
  0
VERTEX
  5
FFBD
  8
PACKAGE_GEOMETRY_SILKSCREE
 10
30.769052000000009
 20
3.9321739999999989
 30
0.0
  0
SEQEND
  5
FFBE
  8
PACKAGE_GEOMETRY_SILKSCREE
  0
POLYLINE
  5
1F0D
  8
PACKAGE_GEOMETRY_SILKSCREE
 66
     1
 10
0.0
 20
0.0
 30
0.0
 40
0.1524
 41
0.1524
  0
VERTEX
  5
FFBF
  8
PACKAGE_GEOMETRY_SILKSCREE
 10
31.968948000000001
 20
4.8320959999999991
 30
0.0
  0
VERTEX
  5
FFC0
  8
PACKAGE_GEOMETRY_SILKSCREE
 10
30.769052000000009
 20
4.8320959999999991
 30
0.0
  0
SEQEND
  5
FFC1
  8
PACKAGE_GEOMETRY_SILKSCREE
  0
POLYLINE
  5
1F11
  8
PACKAGE_GEOMETRY_SILKSCREE
 66
     1
 10
0.0
 20
0.0
 30
0.0
 40
0.1524
 41
0.1524
  0
VERTEX
  5
FFC2
  8
PACKAGE_GEOMETRY_SILKSCREE
 10
31.968948000000001
 20
3.9321739999999989
 30
0.0
  0
VERTEX
  5
FFC3
  8
PACKAGE_GEOMETRY_SILKSCREE
 10
31.968948000000001
 20
4.8320959999999991
 30
0.0
  0
SEQEND
  5
FFC4
  8
PACKAGE_GEOMETRY_SILKSCREE
  0
POLYLINE
  5
1F15
  8
PIN_TOP
 66
     1
 10
0.0
 20
0.0
 30
0.0
 70
     1
  0
VERTEX
  5
FFC5
  8
PIN_TOP
 10
32.1691
 20
3.287776
 30
0.0
  0
VERTEX
  5
FFC6
  8
PIN_TOP
 10
33.05810000000001
 20
3.287776
 30
0.0
  0
VERTEX
  5
FFC7
  8
PIN_TOP
 10
33.05810000000001
 20
2.576575999999998
 30
0.0
  0
VERTEX
  5
FFC8
  8
PIN_TOP
 10
32.1691
 20
2.576575999999998
 30
0.0
  0
SEQEND
  5
FFC9
  8
PIN_TOP
  0
POLYLINE
  5
1F1B
  8
PIN_TOP
 66
     1
 10
0.0
 20
0.0
 30
0.0
 70
     1
  0
VERTEX
  5
FFCA
  8
PIN_TOP
 10
32.1691
 20
4.6878239999999991
 30
0.0
  0
VERTEX
  5
FFCB
  8
PIN_TOP
 10
33.05810000000001
 20
4.6878239999999991
 30
0.0
  0
VERTEX
  5
FFCC
  8
PIN_TOP
 10
33.05810000000001
 20
3.9766239999999988
 30
0.0
  0
VERTEX
  5
FFCD
  8
PIN_TOP
 10
32.1691
 20
3.9766239999999988
 30
0.0
  0
SEQEND
  5
FFCE
  8
PIN_TOP
  0
POLYLINE
  5
1F21
  8
PACKAGE_GEOMETRY_SILKSCREE
 66
     1
 10
0.0
 20
0.0
 30
0.0
 40
0.1524
 41
0.1524
  0
VERTEX
  5
FFCF
  8
PACKAGE_GEOMETRY_SILKSCREE
 10
33.213548000000003
 20
2.4323039999999989
 30
0.0
  0
VERTEX
  5
FFD0
  8
PACKAGE_GEOMETRY_SILKSCREE
 10
33.213548000000003
 20
3.332225999999999
 30
0.0
  0
SEQEND
  5
FFD1
  8
PACKAGE_GEOMETRY_SILKSCREE
  0
POLYLINE
  5
1F25
  8
PACKAGE_GEOMETRY_SILKSCREE
 66
     1
 10
0.0
 20
0.0
 30
0.0
 40
0.1524
 41
0.1524
  0
VERTEX
  5
FFD2
  8
PACKAGE_GEOMETRY_SILKSCREE
 10
32.013652
 20
2.4323039999999989
 30
0.0
  0
VERTEX
  5
FFD3
  8
PACKAGE_GEOMETRY_SILKSCREE
 10
33.213548000000003
 20
2.4323039999999989
 30
0.0
  0
SEQEND
  5
FFD4
  8
PACKAGE_GEOMETRY_SILKSCREE
  0
POLYLINE
  5
1F29
  8
PACKAGE_GEOMETRY_SILKSCREE
 66
     1
 10
0.0
 20
0.0
 30
0.0
 40
0.1524
 41
0.1524
  0
VERTEX
  5
FFD5
  8
PACKAGE_GEOMETRY_SILKSCREE
 10
32.013652
 20
3.332225999999999
 30
0.0
  0
VERTEX
  5
FFD6
  8
PACKAGE_GEOMETRY_SILKSCREE
 10
32.013652
 20
2.4323039999999989
 30
0.0
  0
SEQEND
  5
FFD7
  8
PACKAGE_GEOMETRY_SILKSCREE
  0
POLYLINE
  5
1F2D
  8
PACKAGE_GEOMETRY_SILKSCREE
 66
     1
 10
0.0
 20
0.0
 30
0.0
 40
0.1524
 41
0.1524
  0
VERTEX
  5
FFD8
  8
PACKAGE_GEOMETRY_SILKSCREE
 10
32.013652
 20
4.8320959999999991
 30
0.0
  0
VERTEX
  5
FFD9
  8
PACKAGE_GEOMETRY_SILKSCREE
 10
32.013652
 20
3.9321739999999989
 30
0.0
  0
SEQEND
  5
FFDA
  8
PACKAGE_GEOMETRY_SILKSCREE
  0
POLYLINE
  5
1F31
  8
PACKAGE_GEOMETRY_SILKSCREE
 66
     1
 10
0.0
 20
0.0
 30
0.0
 40
0.1524
 41
0.1524
  0
VERTEX
  5
FFDB
  8
PACKAGE_GEOMETRY_SILKSCREE
 10
33.213548000000003
 20
4.8320959999999991
 30
0.0
  0
VERTEX
  5
FFDC
  8
PACKAGE_GEOMETRY_SILKSCREE
 10
32.013652
 20
4.8320959999999991
 30
0.0
  0
SEQEND
  5
FFDD
  8
PACKAGE_GEOMETRY_SILKSCREE
  0
POLYLINE
  5
1F35
  8
PACKAGE_GEOMETRY_SILKSCREE
 66
     1
 10
0.0
 20
0.0
 30
0.0
 40
0.1524
 41
0.1524
  0
VERTEX
  5
FFDE
  8
PACKAGE_GEOMETRY_SILKSCREE
 10
33.213548000000003
 20
3.9321739999999989
 30
0.0
  0
VERTEX
  5
FFDF
  8
PACKAGE_GEOMETRY_SILKSCREE
 10
33.213548000000003
 20
4.8320959999999991
 30
0.0
  0
SEQEND
  5
FFE0
  8
PACKAGE_GEOMETRY_SILKSCREE
  0
POLYLINE
  5
1F39
  8
PIN_TOP
 66
     1
 10
0.0
 20
0.0
 30
0.0
 70
     1
  0
VERTEX
  5
FFE1
  8
PIN_TOP
 10
52.157375999999999
 20
8.3185000000000002
 30
0.0
  0
VERTEX
  5
FFE2
  8
PIN_TOP
 10
52.157375999999999
 20
9.2074999999999996
 30
0.0
  0
VERTEX
  5
FFE3
  8
PIN_TOP
 10
52.868576000000012
 20
9.2074999999999996
 30
0.0
  0
VERTEX
  5
FFE4
  8
PIN_TOP
 10
52.868576000000012
 20
8.3185000000000002
 30
0.0
  0
SEQEND
  5
FFE5
  8
PIN_TOP
  0
POLYLINE
  5
1F3F
  8
PIN_TOP
 66
     1
 10
0.0
 20
0.0
 30
0.0
 70
     1
  0
VERTEX
  5
FFE6
  8
PIN_TOP
 10
53.557423999999997
 20
8.3185000000000002
 30
0.0
  0
VERTEX
  5
FFE7
  8
PIN_TOP
 10
53.557423999999997
 20
9.2074999999999996
 30
0.0
  0
VERTEX
  5
FFE8
  8
PIN_TOP
 10
54.268624000000003
 20
9.2074999999999996
 30
0.0
  0
VERTEX
  5
FFE9
  8
PIN_TOP
 10
54.268624000000003
 20
8.3185000000000002
 30
0.0
  0
SEQEND
  5
FFEA
  8
PIN_TOP
  0
POLYLINE
  5
1F45
  8
PACKAGE_GEOMETRY_SILKSCREE
 66
     1
 10
0.0
 20
0.0
 30
0.0
 40
0.1524
 41
0.1524
  0
VERTEX
  5
FFEB
  8
PACKAGE_GEOMETRY_SILKSCREE
 10
54.412896000000011
 20
9.3629479999999994
 30
0.0
  0
VERTEX
  5
FFEC
  8
PACKAGE_GEOMETRY_SILKSCREE
 10
53.512973999999993
 20
9.3626939999999994
 30
0.0
  0
SEQEND
  5
FFED
  8
PACKAGE_GEOMETRY_SILKSCREE
  0
POLYLINE
  5
1F49
  8
PACKAGE_GEOMETRY_SILKSCREE
 66
     1
 10
0.0
 20
0.0
 30
0.0
 40
0.1524
 41
0.1524
  0
VERTEX
  5
FFEE
  8
PACKAGE_GEOMETRY_SILKSCREE
 10
54.412896000000011
 20
8.1627980000000004
 30
0.0
  0
VERTEX
  5
FFEF
  8
PACKAGE_GEOMETRY_SILKSCREE
 10
54.412896000000011
 20
9.3629479999999994
 30
0.0
  0
SEQEND
  5
FFF0
  8
PACKAGE_GEOMETRY_SILKSCREE
  0
POLYLINE
  5
1F4D
  8
PACKAGE_GEOMETRY_SILKSCREE
 66
     1
 10
0.0
 20
0.0
 30
0.0
 40
0.1524
 41
0.1524
  0
VERTEX
  5
FFF1
  8
PACKAGE_GEOMETRY_SILKSCREE
 10
53.512973999999993
 20
8.1630520000000004
 30
0.0
  0
VERTEX
  5
FFF2
  8
PACKAGE_GEOMETRY_SILKSCREE
 10
54.412896000000011
 20
8.1627980000000004
 30
0.0
  0
SEQEND
  5
FFF3
  8
PACKAGE_GEOMETRY_SILKSCREE
  0
POLYLINE
  5
1F51
  8
PACKAGE_GEOMETRY_SILKSCREE
 66
     1
 10
0.0
 20
0.0
 30
0.0
 40
0.1524
 41
0.1524
  0
VERTEX
  5
FFF4
  8
PACKAGE_GEOMETRY_SILKSCREE
 10
52.013103999999998
 20
8.1627980000000004
 30
0.0
  0
VERTEX
  5
FFF5
  8
PACKAGE_GEOMETRY_SILKSCREE
 10
52.913026000000002
 20
8.1630520000000004
 30
0.0
  0
SEQEND
  5
FFF6
  8
PACKAGE_GEOMETRY_SILKSCREE
  0
POLYLINE
  5
1F55
  8
PACKAGE_GEOMETRY_SILKSCREE
 66
     1
 10
0.0
 20
0.0
 30
0.0
 40
0.1524
 41
0.1524
  0
VERTEX
  5
FFF7
  8
PACKAGE_GEOMETRY_SILKSCREE
 10
52.013103999999998
 20
9.3629479999999994
 30
0.0
  0
VERTEX
  5
FFF8
  8
PACKAGE_GEOMETRY_SILKSCREE
 10
52.013103999999998
 20
8.1627980000000004
 30
0.0
  0
SEQEND
  5
FFF9
  8
PACKAGE_GEOMETRY_SILKSCREE
  0
POLYLINE
  5
1F59
  8
PACKAGE_GEOMETRY_SILKSCREE
 66
     1
 10
0.0
 20
0.0
 30
0.0
 40
0.1524
 41
0.1524
  0
VERTEX
  5
FFFA
  8
PACKAGE_GEOMETRY_SILKSCREE
 10
52.913026000000002
 20
9.3626939999999994
 30
0.0
  0
VERTEX
  5
FFFB
  8
PACKAGE_GEOMETRY_SILKSCREE
 10
52.013103999999998
 20
9.3629479999999994
 30
0.0
  0
SEQEND
  5
FFFC
  8
PACKAGE_GEOMETRY_SILKSCREE
  0
POLYLINE
  5
1F5D
  8
PIN_TOP
 66
     1
 10
0.0
 20
0.0
 30
0.0
 70
     1
  0
VERTEX
  5
FFFD
  8
PIN_TOP
 10
55.6768
 20
12.623799999999999
 30
0.0
  0
VERTEX
  5
FFFE
  8
PIN_TOP
 10
55.6768
 20
18.110199999999999
 30
0.0
  0
VERTEX
  5
FFFF
  8
PIN_TOP
 10
61.163200000000003
 20
18.110199999999999
 30
0.0
  0
VERTEX
  5
10000
  8
PIN_TOP
 10
61.163200000000003
 20
12.623799999999999
 30
0.0
  0
SEQEND
  5
10001
  8
PIN_TOP
  0
POLYLINE
  5
1F63
  8
PIN_TOP
 66
     1
 10
0.0
 20
0.0
 30
0.0
 70
     1
  0
VERTEX
  5
10002
  8
PIN_TOP
 10
55.499254000000001
 20
18.460719999999998
 30
0.0
  0
VERTEX
  5
10003
  8
PIN_TOP
 10
55.499254000000001
 20
19.273520000000001
 30
0.0
  0
VERTEX
  5
10004
  8
PIN_TOP
 10
55.740554000000003
 20
19.273520000000001
 30
0.0
  0
VERTEX
  5
10005
  8
PIN_TOP
 10
55.740554000000003
 20
18.460719999999998
 30
0.0
  0
SEQEND
  5
10006
  8
PIN_TOP
  0
POLYLINE
  5
1F69
  8
PIN_TOP
 66
     1
 10
0.0
 20
0.0
 30
0.0
 70
     1
  0
VERTEX
  5
10007
  8
PIN_TOP
 10
55.849266
 20
18.460719999999998
 30
0.0
  0
VERTEX
  5
10008
  8
PIN_TOP
 10
55.849266
 20
19.273520000000001
 30
0.0
  0
VERTEX
  5
10009
  8
PIN_TOP
 10
56.090566000000003
 20
19.273520000000001
 30
0.0
  0
VERTEX
  5
1000A
  8
PIN_TOP
 10
56.090566000000003
 20
18.460719999999998
 30
0.0
  0
SEQEND
  5
1000B
  8
PIN_TOP
  0
POLYLINE
  5
1F6F
  8
PIN_TOP
 66
     1
 10
0.0
 20
0.0
 30
0.0
 70
     1
  0
VERTEX
  5
1000C
  8
PIN_TOP
 10
56.199278
 20
18.460719999999998
 30
0.0
  0
VERTEX
  5
1000D
  8
PIN_TOP
 10
56.199278
 20
19.273520000000001
 30
0.0
  0
VERTEX
  5
1000E
  8
PIN_TOP
 10
56.440578000000002
 20
19.273520000000001
 30
0.0
  0
VERTEX
  5
1000F
  8
PIN_TOP
 10
56.440578000000002
 20
18.460719999999998
 30
0.0
  0
SEQEND
  5
10010
  8
PIN_TOP
  0
POLYLINE
  5
1F75
  8
PIN_TOP
 66
     1
 10
0.0
 20
0.0
 30
0.0
 70
     1
  0
VERTEX
  5
10011
  8
PIN_TOP
 10
56.549289999999999
 20
18.460719999999998
 30
0.0
  0
VERTEX
  5
10012
  8
PIN_TOP
 10
56.549289999999999
 20
19.273520000000001
 30
0.0
  0
VERTEX
  5
10013
  8
PIN_TOP
 10
56.790590000000002
 20
19.273520000000001
 30
0.0
  0
VERTEX
  5
10014
  8
PIN_TOP
 10
56.790590000000002
 20
18.460719999999998
 30
0.0
  0
SEQEND
  5
10015
  8
PIN_TOP
  0
POLYLINE
  5
1F7B
  8
PIN_TOP
 66
     1
 10
0.0
 20
0.0
 30
0.0
 70
     1
  0
VERTEX
  5
10016
  8
PIN_TOP
 10
56.899301999999999
 20
18.460719999999998
 30
0.0
  0
VERTEX
  5
10017
  8
PIN_TOP
 10
56.899301999999999
 20
19.273520000000001
 30
0.0
  0
VERTEX
  5
10018
  8
PIN_TOP
 10
57.140602000000001
 20
19.273520000000001
 30
0.0
  0
VERTEX
  5
10019
  8
PIN_TOP
 10
57.140602000000001
 20
18.460719999999998
 30
0.0
  0
SEQEND
  5
1001A
  8
PIN_TOP
  0
POLYLINE
  5
1F81
  8
PIN_TOP
 66
     1
 10
0.0
 20
0.0
 30
0.0
 70
     1
  0
VERTEX
  5
1001B
  8
PIN_TOP
 10
57.249313999999998
 20
18.460719999999998
 30
0.0
  0
VERTEX
  5
1001C
  8
PIN_TOP
 10
57.249313999999998
 20
19.273520000000001
 30
0.0
  0
VERTEX
  5
1001D
  8
PIN_TOP
 10
57.490614000000001
 20
19.273520000000001
 30
0.0
  0
VERTEX
  5
1001E
  8
PIN_TOP
 10
57.490614000000001
 20
18.460719999999998
 30
0.0
  0
SEQEND
  5
1001F
  8
PIN_TOP
  0
POLYLINE
  5
1F87
  8
PIN_TOP
 66
     1
 10
0.0
 20
0.0
 30
0.0
 70
     1
  0
VERTEX
  5
10020
  8
PIN_TOP
 10
57.599325999999991
 20
18.460719999999998
 30
0.0
  0
VERTEX
  5
10021
  8
PIN_TOP
 10
57.599325999999991
 20
19.273520000000001
 30
0.0
  0
VERTEX
  5
10022
  8
PIN_TOP
 10
57.840626
 20
19.273520000000001
 30
0.0
  0
VERTEX
  5
10023
  8
PIN_TOP
 10
57.840626
 20
18.460719999999998
 30
0.0
  0
SEQEND
  5
10024
  8
PIN_TOP
  0
POLYLINE
  5
1F8D
  8
PIN_TOP
 66
     1
 10
0.0
 20
0.0
 30
0.0
 70
     1
  0
VERTEX
  5
10025
  8
PIN_TOP
 10
57.94933799999999
 20
18.460719999999998
 30
0.0
  0
VERTEX
  5
10026
  8
PIN_TOP
 10
57.94933799999999
 20
19.273520000000001
 30
0.0
  0
VERTEX
  5
10027
  8
PIN_TOP
 10
58.190638
 20
19.273520000000001
 30
0.0
  0
VERTEX
  5
10028
  8
PIN_TOP
 10
58.190638
 20
18.460719999999998
 30
0.0
  0
SEQEND
  5
10029
  8
PIN_TOP
  0
POLYLINE
  5
1F93
  8
PIN_TOP
 66
     1
 10
0.0
 20
0.0
 30
0.0
 70
     1
  0
VERTEX
  5
1002A
  8
PIN_TOP
 10
58.299349999999983
 20
18.460719999999998
 30
0.0
  0
VERTEX
  5
1002B
  8
PIN_TOP
 10
58.299349999999983
 20
19.273520000000001
 30
0.0
  0
VERTEX
  5
1002C
  8
PIN_TOP
 10
58.540649999999999
 20
19.273520000000001
 30
0.0
  0
VERTEX
  5
1002D
  8
PIN_TOP
 10
58.540649999999999
 20
18.460719999999998
 30
0.0
  0
SEQEND
  5
1002E
  8
PIN_TOP
  0
POLYLINE
  5
1F99
  8
PIN_TOP
 66
     1
 10
0.0
 20
0.0
 30
0.0
 70
     1
  0
VERTEX
  5
1002F
  8
PIN_TOP
 10
58.649361999999982
 20
18.460719999999998
 30
0.0
  0
VERTEX
  5
10030
  8
PIN_TOP
 10
58.649361999999982
 20
19.273520000000001
 30
0.0
  0
VERTEX
  5
10031
  8
PIN_TOP
 10
58.890661999999999
 20
19.273520000000001
 30
0.0
  0
VERTEX
  5
10032
  8
PIN_TOP
 10
58.890661999999999
 20
18.460719999999998
 30
0.0
  0
SEQEND
  5
10033
  8
PIN_TOP
  0
POLYLINE
  5
1F9F
  8
PIN_TOP
 66
     1
 10
0.0
 20
0.0
 30
0.0
 70
     1
  0
VERTEX
  5
10034
  8
PIN_TOP
 10
58.999373999999982
 20
18.460719999999998
 30
0.0
  0
VERTEX
  5
10035
  8
PIN_TOP
 10
58.999373999999982
 20
19.273520000000001
 30
0.0
  0
VERTEX
  5
10036
  8
PIN_TOP
 10
59.240673999999999
 20
19.273520000000001
 30
0.0
  0
VERTEX
  5
10037
  8
PIN_TOP
 10
59.240673999999999
 20
18.460719999999998
 30
0.0
  0
SEQEND
  5
10038
  8
PIN_TOP
  0
POLYLINE
  5
1FA5
  8
PIN_TOP
 66
     1
 10
0.0
 20
0.0
 30
0.0
 70
     1
  0
VERTEX
  5
10039
  8
PIN_TOP
 10
59.349385999999981
 20
18.460719999999998
 30
0.0
  0
VERTEX
  5
1003A
  8
PIN_TOP
 10
59.349385999999981
 20
19.273520000000001
 30
0.0
  0
VERTEX
  5
1003B
  8
PIN_TOP
 10
59.590685999999998
 20
19.273520000000001
 30
0.0
  0
VERTEX
  5
1003C
  8
PIN_TOP
 10
59.590685999999998
 20
18.460719999999998
 30
0.0
  0
SEQEND
  5
1003D
  8
PIN_TOP
  0
POLYLINE
  5
1FAB
  8
PIN_TOP
 66
     1
 10
0.0
 20
0.0
 30
0.0
 70
     1
  0
VERTEX
  5
1003E
  8
PIN_TOP
 10
59.699397999999981
 20
18.460719999999998
 30
0.0
  0
VERTEX
  5
1003F
  8
PIN_TOP
 10
59.699397999999981
 20
19.273520000000001
 30
0.0
  0
VERTEX
  5
10040
  8
PIN_TOP
 10
59.940697999999998
 20
19.273520000000001
 30
0.0
  0
VERTEX
  5
10041
  8
PIN_TOP
 10
59.940697999999998
 20
18.460719999999998
 30
0.0
  0
SEQEND
  5
10042
  8
PIN_TOP
  0
POLYLINE
  5
1FB1
  8
PIN_TOP
 66
     1
 10
0.0
 20
0.0
 30
0.0
 70
     1
  0
VERTEX
  5
10043
  8
PIN_TOP
 10
60.04940999999998
 20
18.460719999999998
 30
0.0
  0
VERTEX
  5
10044
  8
PIN_TOP
 10
60.04940999999998
 20
19.273520000000001
 30
0.0
  0
VERTEX
  5
10045
  8
PIN_TOP
 10
60.290709999999997
 20
19.273520000000001
 30
0.0
  0
VERTEX
  5
10046
  8
PIN_TOP
 10
60.290709999999997
 20
18.460719999999998
 30
0.0
  0
SEQEND
  5
10047
  8
PIN_TOP
  0
POLYLINE
  5
1FB7
  8
PIN_TOP
 66
     1
 10
0.0
 20
0.0
 30
0.0
 70
     1
  0
VERTEX
  5
10048
  8
PIN_TOP
 10
60.39942199999998
 20
18.460719999999998
 30
0.0
  0
VERTEX
  5
10049
  8
PIN_TOP
 10
60.39942199999998
 20
19.273520000000001
 30
0.0
  0
VERTEX
  5
1004A
  8
PIN_TOP
 10
60.640721999999997
 20
19.273520000000001
 30
0.0
  0
VERTEX
  5
1004B
  8
PIN_TOP
 10
60.640721999999997
 20
18.460719999999998
 30
0.0
  0
SEQEND
  5
1004C
  8
PIN_TOP
  0
POLYLINE
  5
1FBD
  8
PIN_TOP
 66
     1
 10
0.0
 20
0.0
 30
0.0
 70
     1
  0
VERTEX
  5
1004D
  8
PIN_TOP
 10
60.749433999999987
 20
18.460719999999998
 30
0.0
  0
VERTEX
  5
1004E
  8
PIN_TOP
 10
60.749433999999987
 20
19.273520000000001
 30
0.0
  0
VERTEX
  5
1004F
  8
PIN_TOP
 10
60.990733999999989
 20
19.273520000000001
 30
0.0
  0
VERTEX
  5
10050
  8
PIN_TOP
 10
60.990733999999989
 20
18.460719999999998
 30
0.0
  0
SEQEND
  5
10051
  8
PIN_TOP
  0
POLYLINE
  5
1FC3
  8
PIN_TOP
 66
     1
 10
0.0
 20
0.0
 30
0.0
 70
     1
  0
VERTEX
  5
10052
  8
PIN_TOP
 10
61.099445999999993
 20
18.460719999999998
 30
0.0
  0
VERTEX
  5
10053
  8
PIN_TOP
 10
61.099445999999993
 20
19.273520000000001
 30
0.0
  0
VERTEX
  5
10054
  8
PIN_TOP
 10
61.340745999999989
 20
19.273520000000001
 30
0.0
  0
VERTEX
  5
10055
  8
PIN_TOP
 10
61.340745999999989
 20
18.460719999999998
 30
0.0
  0
SEQEND
  5
10056
  8
PIN_TOP
  0
POLYLINE
  5
1FC9
  8
PIN_TOP
 66
     1
 10
0.0
 20
0.0
 30
0.0
 70
     1
  0
VERTEX
  5
10057
  8
PIN_TOP
 10
61.513719999999992
 20
18.046446
 30
0.0
  0
VERTEX
  5
10058
  8
PIN_TOP
 10
61.513719999999992
 20
18.287745999999999
 30
0.0
  0
VERTEX
  5
10059
  8
PIN_TOP
 10
62.326519999999981
 20
18.287745999999999
 30
0.0
  0
VERTEX
  5
1005A
  8
PIN_TOP
 10
62.326519999999981
 20
18.046446
 30
0.0
  0
SEQEND
  5
1005B
  8
PIN_TOP
  0
POLYLINE
  5
1FCF
  8
PIN_TOP
 66
     1
 10
0.0
 20
0.0
 30
0.0
 70
     1
  0
VERTEX
  5
1005C
  8
PIN_TOP
 10
61.513719999999992
 20
17.696434
 30
0.0
  0
VERTEX
  5
1005D
  8
PIN_TOP
 10
61.513719999999992
 20
17.937733999999999
 30
0.0
  0
VERTEX
  5
1005E
  8
PIN_TOP
 10
62.326519999999981
 20
17.937733999999999
 30
0.0
  0
VERTEX
  5
1005F
  8
PIN_TOP
 10
62.326519999999981
 20
17.696434
 30
0.0
  0
SEQEND
  5
10060
  8
PIN_TOP
  0
POLYLINE
  5
1FD5
  8
PIN_TOP
 66
     1
 10
0.0
 20
0.0
 30
0.0
 70
     1
  0
VERTEX
  5
10061
  8
PIN_TOP
 10
61.513719999999992
 20
17.346422
 30
0.0
  0
VERTEX
  5
10062
  8
PIN_TOP
 10
61.513719999999992
 20
17.587721999999999
 30
0.0
  0
VERTEX
  5
10063
  8
PIN_TOP
 10
62.326519999999981
 20
17.587721999999999
 30
0.0
  0
VERTEX
  5
10064
  8
PIN_TOP
 10
62.326519999999981
 20
17.346422
 30
0.0
  0
SEQEND
  5
10065
  8
PIN_TOP
  0
POLYLINE
  5
1FDB
  8
PIN_TOP
 66
     1
 10
0.0
 20
0.0
 30
0.0
 70
     1
  0
VERTEX
  5
10066
  8
PIN_TOP
 10
61.513719999999992
 20
16.996410000000001
 30
0.0
  0
VERTEX
  5
10067
  8
PIN_TOP
 10
61.513719999999992
 20
17.23771
 30
0.0
  0
VERTEX
  5
10068
  8
PIN_TOP
 10
62.326519999999981
 20
17.23771
 30
0.0
  0
VERTEX
  5
10069
  8
PIN_TOP
 10
62.326519999999981
 20
16.996410000000001
 30
0.0
  0
SEQEND
  5
1006A
  8
PIN_TOP
  0
POLYLINE
  5
1FE1
  8
PIN_TOP
 66
     1
 10
0.0
 20
0.0
 30
0.0
 70
     1
  0
VERTEX
  5
1006B
  8
PIN_TOP
 10
61.513719999999992
 20
16.646398000000001
 30
0.0
  0
VERTEX
  5
1006C
  8
PIN_TOP
 10
61.513719999999992
 20
16.887698
 30
0.0
  0
VERTEX
  5
1006D
  8
PIN_TOP
 10
62.326519999999981
 20
16.887698
 30
0.0
  0
VERTEX
  5
1006E
  8
PIN_TOP
 10
62.326519999999981
 20
16.646398000000001
 30
0.0
  0
SEQEND
  5
1006F
  8
PIN_TOP
  0
POLYLINE
  5
1FE7
  8
PIN_TOP
 66
     1
 10
0.0
 20
0.0
 30
0.0
 70
     1
  0
VERTEX
  5
10070
  8
PIN_TOP
 10
61.513719999999992
 20
16.296385999999998
 30
0.0
  0
VERTEX
  5
10071
  8
PIN_TOP
 10
61.513719999999992
 20
16.537686000000001
 30
0.0
  0
VERTEX
  5
10072
  8
PIN_TOP
 10
62.326519999999981
 20
16.537686000000001
 30
0.0
  0
VERTEX
  5
10073
  8
PIN_TOP
 10
62.326519999999981
 20
16.296385999999998
 30
0.0
  0
SEQEND
  5
10074
  8
PIN_TOP
  0
POLYLINE
  5
1FED
  8
PIN_TOP
 66
     1
 10
0.0
 20
0.0
 30
0.0
 70
     1
  0
VERTEX
  5
10075
  8
PIN_TOP
 10
61.513719999999992
 20
15.946374
 30
0.0
  0
VERTEX
  5
10076
  8
PIN_TOP
 10
61.513719999999992
 20
16.187674000000001
 30
0.0
  0
VERTEX
  5
10077
  8
PIN_TOP
 10
62.326519999999981
 20
16.187674000000001
 30
0.0
  0
VERTEX
  5
10078
  8
PIN_TOP
 10
62.326519999999981
 20
15.946374
 30
0.0
  0
SEQEND
  5
10079
  8
PIN_TOP
  0
POLYLINE
  5
1FF3
  8
PIN_TOP
 66
     1
 10
0.0
 20
0.0
 30
0.0
 70
     1
  0
VERTEX
  5
1007A
  8
PIN_TOP
 10
61.513719999999992
 20
15.596361999999999
 30
0.0
  0
VERTEX
  5
1007B
  8
PIN_TOP
 10
61.513719999999992
 20
15.837662
 30
0.0
  0
VERTEX
  5
1007C
  8
PIN_TOP
 10
62.326519999999981
 20
15.837662
 30
0.0
  0
VERTEX
  5
1007D
  8
PIN_TOP
 10
62.326519999999981
 20
15.596361999999999
 30
0.0
  0
SEQEND
  5
1007E
  8
PIN_TOP
  0
POLYLINE
  5
1FF9
  8
PIN_TOP
 66
     1
 10
0.0
 20
0.0
 30
0.0
 70
     1
  0
VERTEX
  5
1007F
  8
PIN_TOP
 10
61.513719999999992
 20
15.24635
 30
0.0
  0
VERTEX
  5
10080
  8
PIN_TOP
 10
61.513719999999992
 20
15.48765
 30
0.0
  0
VERTEX
  5
10081
  8
PIN_TOP
 10
62.326519999999981
 20
15.48765
 30
0.0
  0
VERTEX
  5
10082
  8
PIN_TOP
 10
62.326519999999981
 20
15.24635
 30
0.0
  0
SEQEND
  5
10083
  8
PIN_TOP
  0
POLYLINE
  5
1FFF
  8
PIN_TOP
 66
     1
 10
0.0
 20
0.0
 30
0.0
 70
     1
  0
VERTEX
  5
10084
  8
PIN_TOP
 10
61.513719999999992
 20
14.896338
 30
0.0
  0
VERTEX
  5
10085
  8
PIN_TOP
 10
61.513719999999992
 20
15.137638000000001
 30
0.0
  0
VERTEX
  5
10086
  8
PIN_TOP
 10
62.326519999999981
 20
15.137638000000001
 30
0.0
  0
VERTEX
  5
10087
  8
PIN_TOP
 10
62.326519999999981
 20
14.896338
 30
0.0
  0
SEQEND
  5
10088
  8
PIN_TOP
  0
POLYLINE
  5
2005
  8
PIN_TOP
 66
     1
 10
0.0
 20
0.0
 30
0.0
 70
     1
  0
VERTEX
  5
10089
  8
PIN_TOP
 10
61.513719999999992
 20
14.546326000000001
 30
0.0
  0
VERTEX
  5
1008A
  8
PIN_TOP
 10
61.513719999999992
 20
14.787625999999999
 30
0.0
  0
VERTEX
  5
1008B
  8
PIN_TOP
 10
62.326519999999981
 20
14.787625999999999
 30
0.0
  0
VERTEX
  5
1008C
  8
PIN_TOP
 10
62.326519999999981
 20
14.546326000000001
 30
0.0
  0
SEQEND
  5
1008D
  8
PIN_TOP
  0
POLYLINE
  5
200B
  8
PIN_TOP
 66
     1
 10
0.0
 20
0.0
 30
0.0
 70
     1
  0
VERTEX
  5
1008E
  8
PIN_TOP
 10
61.513719999999992
 20
14.196313999999999
 30
0.0
  0
VERTEX
  5
1008F
  8
PIN_TOP
 10
61.513719999999992
 20
14.437614
 30
0.0
  0
VERTEX
  5
10090
  8
PIN_TOP
 10
62.326519999999981
 20
14.437614
 30
0.0
  0
VERTEX
  5
10091
  8
PIN_TOP
 10
62.326519999999981
 20
14.196313999999999
 30
0.0
  0
SEQEND
  5
10092
  8
PIN_TOP
  0
POLYLINE
  5
2011
  8
PIN_TOP
 66
     1
 10
0.0
 20
0.0
 30
0.0
 70
     1
  0
VERTEX
  5
10093
  8
PIN_TOP
 10
61.513719999999992
 20
13.846302
 30
0.0
  0
VERTEX
  5
10094
  8
PIN_TOP
 10
61.513719999999992
 20
14.087602
 30
0.0
  0
VERTEX
  5
10095
  8
PIN_TOP
 10
62.326519999999981
 20
14.087602
 30
0.0
  0
VERTEX
  5
10096
  8
PIN_TOP
 10
62.326519999999981
 20
13.846302
 30
0.0
  0
SEQEND
  5
10097
  8
PIN_TOP
  0
POLYLINE
  5
2017
  8
PIN_TOP
 66
     1
 10
0.0
 20
0.0
 30
0.0
 70
     1
  0
VERTEX
  5
10098
  8
PIN_TOP
 10
61.513719999999992
 20
13.49629
 30
0.0
  0
VERTEX
  5
10099
  8
PIN_TOP
 10
61.513719999999992
 20
13.737590000000001
 30
0.0
  0
VERTEX
  5
1009A
  8
PIN_TOP
 10
62.326519999999981
 20
13.737590000000001
 30
0.0
  0
VERTEX
  5
1009B
  8
PIN_TOP
 10
62.326519999999981
 20
13.49629
 30
0.0
  0
SEQEND
  5
1009C
  8
PIN_TOP
  0
POLYLINE
  5
201D
  8
PIN_TOP
 66
     1
 10
0.0
 20
0.0
 30
0.0
 70
     1
  0
VERTEX
  5
1009D
  8
PIN_TOP
 10
61.513719999999992
 20
13.146278000000001
 30
0.0
  0
VERTEX
  5
1009E
  8
PIN_TOP
 10
61.513719999999992
 20
13.387578
 30
0.0
  0
VERTEX
  5
1009F
  8
PIN_TOP
 10
62.326519999999981
 20
13.387578
 30
0.0
  0
VERTEX
  5
100A0
  8
PIN_TOP
 10
62.326519999999981
 20
13.146278000000001
 30
0.0
  0
SEQEND
  5
100A1
  8
PIN_TOP
  0
POLYLINE
  5
2023
  8
PIN_TOP
 66
     1
 10
0.0
 20
0.0
 30
0.0
 70
     1
  0
VERTEX
  5
100A2
  8
PIN_TOP
 10
61.513719999999992
 20
12.796265999999999
 30
0.0
  0
VERTEX
  5
100A3
  8
PIN_TOP
 10
61.513719999999992
 20
13.037566
 30
0.0
  0
VERTEX
  5
100A4
  8
PIN_TOP
 10
62.326519999999981
 20
13.037566
 30
0.0
  0
VERTEX
  5
100A5
  8
PIN_TOP
 10
62.326519999999981
 20
12.796265999999999
 30
0.0
  0
SEQEND
  5
100A6
  8
PIN_TOP
  0
POLYLINE
  5
2029
  8
PIN_TOP
 66
     1
 10
0.0
 20
0.0
 30
0.0
 70
     1
  0
VERTEX
  5
100A7
  8
PIN_TOP
 10
61.513719999999992
 20
12.446254
 30
0.0
  0
VERTEX
  5
100A8
  8
PIN_TOP
 10
61.513719999999992
 20
12.687554
 30
0.0
  0
VERTEX
  5
100A9
  8
PIN_TOP
 10
62.326519999999981
 20
12.687554
 30
0.0
  0
VERTEX
  5
100AA
  8
PIN_TOP
 10
62.326519999999981
 20
12.446254
 30
0.0
  0
SEQEND
  5
100AB
  8
PIN_TOP
  0
POLYLINE
  5
202F
  8
PIN_TOP
 66
     1
 10
0.0
 20
0.0
 30
0.0
 70
     1
  0
VERTEX
  5
100AC
  8
PIN_TOP
 10
61.099445999999993
 20
11.46048
 30
0.0
  0
VERTEX
  5
100AD
  8
PIN_TOP
 10
61.099445999999993
 20
12.27328
 30
0.0
  0
VERTEX
  5
100AE
  8
PIN_TOP
 10
61.340745999999989
 20
12.27328
 30
0.0
  0
VERTEX
  5
100AF
  8
PIN_TOP
 10
61.340745999999989
 20
11.46048
 30
0.0
  0
SEQEND
  5
100B0
  8
PIN_TOP
  0
POLYLINE
  5
2035
  8
PIN_TOP
 66
     1
 10
0.0
 20
0.0
 30
0.0
 70
     1
  0
VERTEX
  5
100B1
  8
PIN_TOP
 10
60.749433999999987
 20
11.46048
 30
0.0
  0
VERTEX
  5
100B2
  8
PIN_TOP
 10
60.749433999999987
 20
12.27328
 30
0.0
  0
VERTEX
  5
100B3
  8
PIN_TOP
 10
60.990733999999989
 20
12.27328
 30
0.0
  0
VERTEX
  5
100B4
  8
PIN_TOP
 10
60.990733999999989
 20
11.46048
 30
0.0
  0
SEQEND
  5
100B5
  8
PIN_TOP
  0
POLYLINE
  5
203B
  8
PIN_TOP
 66
     1
 10
0.0
 20
0.0
 30
0.0
 70
     1
  0
VERTEX
  5
100B6
  8
PIN_TOP
 10
60.39942199999998
 20
11.46048
 30
0.0
  0
VERTEX
  5
100B7
  8
PIN_TOP
 10
60.39942199999998
 20
12.27328
 30
0.0
  0
VERTEX
  5
100B8
  8
PIN_TOP
 10
60.640721999999997
 20
12.27328
 30
0.0
  0
VERTEX
  5
100B9
  8
PIN_TOP
 10
60.640721999999997
 20
11.46048
 30
0.0
  0
SEQEND
  5
100BA
  8
PIN_TOP
  0
POLYLINE
  5
2041
  8
PIN_TOP
 66
     1
 10
0.0
 20
0.0
 30
0.0
 70
     1
  0
VERTEX
  5
100BB
  8
PIN_TOP
 10
60.04940999999998
 20
11.46048
 30
0.0
  0
VERTEX
  5
100BC
  8
PIN_TOP
 10
60.04940999999998
 20
12.27328
 30
0.0
  0
VERTEX
  5
100BD
  8
PIN_TOP
 10
60.290709999999997
 20
12.27328
 30
0.0
  0
VERTEX
  5
100BE
  8
PIN_TOP
 10
60.290709999999997
 20
11.46048
 30
0.0
  0
SEQEND
  5
100BF
  8
PIN_TOP
  0
POLYLINE
  5
2047
  8
PIN_TOP
 66
     1
 10
0.0
 20
0.0
 30
0.0
 70
     1
  0
VERTEX
  5
100C0
  8
PIN_TOP
 10
59.699397999999981
 20
11.46048
 30
0.0
  0
VERTEX
  5
100C1
  8
PIN_TOP
 10
59.699397999999981
 20
12.27328
 30
0.0
  0
VERTEX
  5
100C2
  8
PIN_TOP
 10
59.940697999999998
 20
12.27328
 30
0.0
  0
VERTEX
  5
100C3
  8
PIN_TOP
 10
59.940697999999998
 20
11.46048
 30
0.0
  0
SEQEND
  5
100C4
  8
PIN_TOP
  0
POLYLINE
  5
204D
  8
PIN_TOP
 66
     1
 10
0.0
 20
0.0
 30
0.0
 70
     1
  0
VERTEX
  5
100C5
  8
PIN_TOP
 10
59.349385999999981
 20
11.46048
 30
0.0
  0
VERTEX
  5
100C6
  8
PIN_TOP
 10
59.349385999999981
 20
12.27328
 30
0.0
  0
VERTEX
  5
100C7
  8
PIN_TOP
 10
59.590685999999998
 20
12.27328
 30
0.0
  0
VERTEX
  5
100C8
  8
PIN_TOP
 10
59.590685999999998
 20
11.46048
 30
0.0
  0
SEQEND
  5
100C9
  8
PIN_TOP
  0
POLYLINE
  5
2053
  8
PIN_TOP
 66
     1
 10
0.0
 20
0.0
 30
0.0
 70
     1
  0
VERTEX
  5
100CA
  8
PIN_TOP
 10
58.999373999999982
 20
11.46048
 30
0.0
  0
VERTEX
  5
100CB
  8
PIN_TOP
 10
58.999373999999982
 20
12.27328
 30
0.0
  0
VERTEX
  5
100CC
  8
PIN_TOP
 10
59.240673999999999
 20
12.27328
 30
0.0
  0
VERTEX
  5
100CD
  8
PIN_TOP
 10
59.240673999999999
 20
11.46048
 30
0.0
  0
SEQEND
  5
100CE
  8
PIN_TOP
  0
POLYLINE
  5
2059
  8
PIN_TOP
 66
     1
 10
0.0
 20
0.0
 30
0.0
 70
     1
  0
VERTEX
  5
100CF
  8
PIN_TOP
 10
58.649361999999982
 20
11.46048
 30
0.0
  0
VERTEX
  5
100D0
  8
PIN_TOP
 10
58.649361999999982
 20
12.27328
 30
0.0
  0
VERTEX
  5
100D1
  8
PIN_TOP
 10
58.890661999999999
 20
12.27328
 30
0.0
  0
VERTEX
  5
100D2
  8
PIN_TOP
 10
58.890661999999999
 20
11.46048
 30
0.0
  0
SEQEND
  5
100D3
  8
PIN_TOP
  0
POLYLINE
  5
205F
  8
PIN_TOP
 66
     1
 10
0.0
 20
0.0
 30
0.0
 70
     1
  0
VERTEX
  5
100D4
  8
PIN_TOP
 10
58.299349999999983
 20
11.46048
 30
0.0
  0
VERTEX
  5
100D5
  8
PIN_TOP
 10
58.299349999999983
 20
12.27328
 30
0.0
  0
VERTEX
  5
100D6
  8
PIN_TOP
 10
58.540649999999999
 20
12.27328
 30
0.0
  0
VERTEX
  5
100D7
  8
PIN_TOP
 10
58.540649999999999
 20
11.46048
 30
0.0
  0
SEQEND
  5
100D8
  8
PIN_TOP
  0
POLYLINE
  5
2065
  8
PIN_TOP
 66
     1
 10
0.0
 20
0.0
 30
0.0
 70
     1
  0
VERTEX
  5
100D9
  8
PIN_TOP
 10
57.94933799999999
 20
11.46048
 30
0.0
  0
VERTEX
  5
100DA
  8
PIN_TOP
 10
57.94933799999999
 20
12.27328
 30
0.0
  0
VERTEX
  5
100DB
  8
PIN_TOP
 10
58.190638
 20
12.27328
 30
0.0
  0
VERTEX
  5
100DC
  8
PIN_TOP
 10
58.190638
 20
11.46048
 30
0.0
  0
SEQEND
  5
100DD
  8
PIN_TOP
  0
POLYLINE
  5
206B
  8
PIN_TOP
 66
     1
 10
0.0
 20
0.0
 30
0.0
 70
     1
  0
VERTEX
  5
100DE
  8
PIN_TOP
 10
57.599325999999991
 20
11.46048
 30
0.0
  0
VERTEX
  5
100DF
  8
PIN_TOP
 10
57.599325999999991
 20
12.27328
 30
0.0
  0
VERTEX
  5
100E0
  8
PIN_TOP
 10
57.840626
 20
12.27328
 30
0.0
  0
VERTEX
  5
100E1
  8
PIN_TOP
 10
57.840626
 20
11.46048
 30
0.0
  0
SEQEND
  5
100E2
  8
PIN_TOP
  0
POLYLINE
  5
2071
  8
PIN_TOP
 66
     1
 10
0.0
 20
0.0
 30
0.0
 70
     1
  0
VERTEX
  5
100E3
  8
PIN_TOP
 10
57.249313999999998
 20
11.46048
 30
0.0
  0
VERTEX
  5
100E4
  8
PIN_TOP
 10
57.249313999999998
 20
12.27328
 30
0.0
  0
VERTEX
  5
100E5
  8
PIN_TOP
 10
57.490614000000001
 20
12.27328
 30
0.0
  0
VERTEX
  5
100E6
  8
PIN_TOP
 10
57.490614000000001
 20
11.46048
 30
0.0
  0
SEQEND
  5
100E7
  8
PIN_TOP
  0
POLYLINE
  5
2077
  8
PIN_TOP
 66
     1
 10
0.0
 20
0.0
 30
0.0
 70
     1
  0
VERTEX
  5
100E8
  8
PIN_TOP
 10
56.899301999999999
 20
11.46048
 30
0.0
  0
VERTEX
  5
100E9
  8
PIN_TOP
 10
56.899301999999999
 20
12.27328
 30
0.0
  0
VERTEX
  5
100EA
  8
PIN_TOP
 10
57.140602000000001
 20
12.27328
 30
0.0
  0
VERTEX
  5
100EB
  8
PIN_TOP
 10
57.140602000000001
 20
11.46048
 30
0.0
  0
SEQEND
  5
100EC
  8
PIN_TOP
  0
POLYLINE
  5
207D
  8
PIN_TOP
 66
     1
 10
0.0
 20
0.0
 30
0.0
 70
     1
  0
VERTEX
  5
100ED
  8
PIN_TOP
 10
56.549289999999999
 20
11.46048
 30
0.0
  0
VERTEX
  5
100EE
  8
PIN_TOP
 10
56.549289999999999
 20
12.27328
 30
0.0
  0
VERTEX
  5
100EF
  8
PIN_TOP
 10
56.790590000000002
 20
12.27328
 30
0.0
  0
VERTEX
  5
100F0
  8
PIN_TOP
 10
56.790590000000002
 20
11.46048
 30
0.0
  0
SEQEND
  5
100F1
  8
PIN_TOP
  0
POLYLINE
  5
2083
  8
PIN_TOP
 66
     1
 10
0.0
 20
0.0
 30
0.0
 70
     1
  0
VERTEX
  5
100F2
  8
PIN_TOP
 10
56.199278
 20
11.46048
 30
0.0
  0
VERTEX
  5
100F3
  8
PIN_TOP
 10
56.199278
 20
12.27328
 30
0.0
  0
VERTEX
  5
100F4
  8
PIN_TOP
 10
56.440578000000002
 20
12.27328
 30
0.0
  0
VERTEX
  5
100F5
  8
PIN_TOP
 10
56.440578000000002
 20
11.46048
 30
0.0
  0
SEQEND
  5
100F6
  8
PIN_TOP
  0
POLYLINE
  5
2089
  8
PIN_TOP
 66
     1
 10
0.0
 20
0.0
 30
0.0
 70
     1
  0
VERTEX
  5
100F7
  8
PIN_TOP
 10
55.849266
 20
11.46048
 30
0.0
  0
VERTEX
  5
100F8
  8
PIN_TOP
 10
55.849266
 20
12.27328
 30
0.0
  0
VERTEX
  5
100F9
  8
PIN_TOP
 10
56.090566000000003
 20
12.27328
 30
0.0
  0
VERTEX
  5
100FA
  8
PIN_TOP
 10
56.090566000000003
 20
11.46048
 30
0.0
  0
SEQEND
  5
100FB
  8
PIN_TOP
  0
POLYLINE
  5
208F
  8
PIN_TOP
 66
     1
 10
0.0
 20
0.0
 30
0.0
 70
     1
  0
VERTEX
  5
100FC
  8
PIN_TOP
 10
55.499254000000001
 20
11.46048
 30
0.0
  0
VERTEX
  5
100FD
  8
PIN_TOP
 10
55.499254000000001
 20
12.27328
 30
0.0
  0
VERTEX
  5
100FE
  8
PIN_TOP
 10
55.740554000000003
 20
12.27328
 30
0.0
  0
VERTEX
  5
100FF
  8
PIN_TOP
 10
55.740554000000003
 20
11.46048
 30
0.0
  0
SEQEND
  5
10100
  8
PIN_TOP
  0
POLYLINE
  5
2095
  8
PIN_TOP
 66
     1
 10
0.0
 20
0.0
 30
0.0
 70
     1
  0
VERTEX
  5
10101
  8
PIN_TOP
 10
54.513480000000001
 20
12.446254
 30
0.0
  0
VERTEX
  5
10102
  8
PIN_TOP
 10
54.513480000000001
 20
12.687554
 30
0.0
  0
VERTEX
  5
10103
  8
PIN_TOP
 10
55.32627999999999
 20
12.687554
 30
0.0
  0
VERTEX
  5
10104
  8
PIN_TOP
 10
55.32627999999999
 20
12.446254
 30
0.0
  0
SEQEND
  5
10105
  8
PIN_TOP
  0
POLYLINE
  5
209B
  8
PIN_TOP
 66
     1
 10
0.0
 20
0.0
 30
0.0
 70
     1
  0
VERTEX
  5
10106
  8
PIN_TOP
 10
54.513480000000001
 20
12.796265999999999
 30
0.0
  0
VERTEX
  5
10107
  8
PIN_TOP
 10
54.513480000000001
 20
13.037566
 30
0.0
  0
VERTEX
  5
10108
  8
PIN_TOP
 10
55.32627999999999
 20
13.037566
 30
0.0
  0
VERTEX
  5
10109
  8
PIN_TOP
 10
55.32627999999999
 20
12.796265999999999
 30
0.0
  0
SEQEND
  5
1010A
  8
PIN_TOP
  0
POLYLINE
  5
20A1
  8
PIN_TOP
 66
     1
 10
0.0
 20
0.0
 30
0.0
 70
     1
  0
VERTEX
  5
1010B
  8
PIN_TOP
 10
54.513480000000001
 20
13.146278000000001
 30
0.0
  0
VERTEX
  5
1010C
  8
PIN_TOP
 10
54.513480000000001
 20
13.387578
 30
0.0
  0
VERTEX
  5
1010D
  8
PIN_TOP
 10
55.32627999999999
 20
13.387578
 30
0.0
  0
VERTEX
  5
1010E
  8
PIN_TOP
 10
55.32627999999999
 20
13.146278000000001
 30
0.0
  0
SEQEND
  5
1010F
  8
PIN_TOP
  0
POLYLINE
  5
20A7
  8
PIN_TOP
 66
     1
 10
0.0
 20
0.0
 30
0.0
 70
     1
  0
VERTEX
  5
10110
  8
PIN_TOP
 10
54.513480000000001
 20
13.49629
 30
0.0
  0
VERTEX
  5
10111
  8
PIN_TOP
 10
54.513480000000001
 20
13.737590000000001
 30
0.0
  0
VERTEX
  5
10112
  8
PIN_TOP
 10
55.32627999999999
 20
13.737590000000001
 30
0.0
  0
VERTEX
  5
10113
  8
PIN_TOP
 10
55.32627999999999
 20
13.49629
 30
0.0
  0
SEQEND
  5
10114
  8
PIN_TOP
  0
POLYLINE
  5
20AD
  8
PIN_TOP
 66
     1
 10
0.0
 20
0.0
 30
0.0
 70
     1
  0
VERTEX
  5
10115
  8
PIN_TOP
 10
54.513480000000001
 20
13.846302
 30
0.0
  0
VERTEX
  5
10116
  8
PIN_TOP
 10
54.513480000000001
 20
14.087602
 30
0.0
  0
VERTEX
  5
10117
  8
PIN_TOP
 10
55.32627999999999
 20
14.087602
 30
0.0
  0
VERTEX
  5
10118
  8
PIN_TOP
 10
55.32627999999999
 20
13.846302
 30
0.0
  0
SEQEND
  5
10119
  8
PIN_TOP
  0
POLYLINE
  5
20B3
  8
PIN_TOP
 66
     1
 10
0.0
 20
0.0
 30
0.0
 70
     1
  0
VERTEX
  5
1011A
  8
PIN_TOP
 10
54.513480000000001
 20
14.196313999999999
 30
0.0
  0
VERTEX
  5
1011B
  8
PIN_TOP
 10
54.513480000000001
 20
14.437614
 30
0.0
  0
VERTEX
  5
1011C
  8
PIN_TOP
 10
55.32627999999999
 20
14.437614
 30
0.0
  0
VERTEX
  5
1011D
  8
PIN_TOP
 10
55.32627999999999
 20
14.196313999999999
 30
0.0
  0
SEQEND
  5
1011E
  8
PIN_TOP
  0
POLYLINE
  5
20B9
  8
PIN_TOP
 66
     1
 10
0.0
 20
0.0
 30
0.0
 70
     1
  0
VERTEX
  5
1011F
  8
PIN_TOP
 10
54.513480000000001
 20
14.546326000000001
 30
0.0
  0
VERTEX
  5
10120
  8
PIN_TOP
 10
54.513480000000001
 20
14.787625999999999
 30
0.0
  0
VERTEX
  5
10121
  8
PIN_TOP
 10
55.32627999999999
 20
14.787625999999999
 30
0.0
  0
VERTEX
  5
10122
  8
PIN_TOP
 10
55.32627999999999
 20
14.546326000000001
 30
0.0
  0
SEQEND
  5
10123
  8
PIN_TOP
  0
POLYLINE
  5
20BF
  8
PIN_TOP
 66
     1
 10
0.0
 20
0.0
 30
0.0
 70
     1
  0
VERTEX
  5
10124
  8
PIN_TOP
 10
54.513480000000001
 20
14.896338
 30
0.0
  0
VERTEX
  5
10125
  8
PIN_TOP
 10
54.513480000000001
 20
15.137638000000001
 30
0.0
  0
VERTEX
  5
10126
  8
PIN_TOP
 10
55.32627999999999
 20
15.137638000000001
 30
0.0
  0
VERTEX
  5
10127
  8
PIN_TOP
 10
55.32627999999999
 20
14.896338
 30
0.0
  0
SEQEND
  5
10128
  8
PIN_TOP
  0
POLYLINE
  5
20C5
  8
PIN_TOP
 66
     1
 10
0.0
 20
0.0
 30
0.0
 70
     1
  0
VERTEX
  5
10129
  8
PIN_TOP
 10
54.513480000000001
 20
15.24635
 30
0.0
  0
VERTEX
  5
1012A
  8
PIN_TOP
 10
54.513480000000001
 20
15.48765
 30
0.0
  0
VERTEX
  5
1012B
  8
PIN_TOP
 10
55.32627999999999
 20
15.48765
 30
0.0
  0
VERTEX
  5
1012C
  8
PIN_TOP
 10
55.32627999999999
 20
15.24635
 30
0.0
  0
SEQEND
  5
1012D
  8
PIN_TOP
  0
POLYLINE
  5
20CB
  8
PIN_TOP
 66
     1
 10
0.0
 20
0.0
 30
0.0
 70
     1
  0
VERTEX
  5
1012E
  8
PIN_TOP
 10
54.513480000000001
 20
15.596361999999999
 30
0.0
  0
VERTEX
  5
1012F
  8
PIN_TOP
 10
54.513480000000001
 20
15.837662
 30
0.0
  0
VERTEX
  5
10130
  8
PIN_TOP
 10
55.32627999999999
 20
15.837662
 30
0.0
  0
VERTEX
  5
10131
  8
PIN_TOP
 10
55.32627999999999
 20
15.596361999999999
 30
0.0
  0
SEQEND
  5
10132
  8
PIN_TOP
  0
POLYLINE
  5
20D1
  8
PIN_TOP
 66
     1
 10
0.0
 20
0.0
 30
0.0
 70
     1
  0
VERTEX
  5
10133
  8
PIN_TOP
 10
54.513480000000001
 20
15.946374
 30
0.0
  0
VERTEX
  5
10134
  8
PIN_TOP
 10
54.513480000000001
 20
16.187674000000001
 30
0.0
  0
VERTEX
  5
10135
  8
PIN_TOP
 10
55.32627999999999
 20
16.187674000000001
 30
0.0
  0
VERTEX
  5
10136
  8
PIN_TOP
 10
55.32627999999999
 20
15.946374
 30
0.0
  0
SEQEND
  5
10137
  8
PIN_TOP
  0
POLYLINE
  5
20D7
  8
PIN_TOP
 66
     1
 10
0.0
 20
0.0
 30
0.0
 70
     1
  0
VERTEX
  5
10138
  8
PIN_TOP
 10
54.513480000000001
 20
16.296385999999998
 30
0.0
  0
VERTEX
  5
10139
  8
PIN_TOP
 10
54.513480000000001
 20
16.537686000000001
 30
0.0
  0
VERTEX
  5
1013A
  8
PIN_TOP
 10
55.32627999999999
 20
16.537686000000001
 30
0.0
  0
VERTEX
  5
1013B
  8
PIN_TOP
 10
55.32627999999999
 20
16.296385999999998
 30
0.0
  0
SEQEND
  5
1013C
  8
PIN_TOP
  0
POLYLINE
  5
20DD
  8
PIN_TOP
 66
     1
 10
0.0
 20
0.0
 30
0.0
 70
     1
  0
VERTEX
  5
1013D
  8
PIN_TOP
 10
54.513480000000001
 20
16.646398000000001
 30
0.0
  0
VERTEX
  5
1013E
  8
PIN_TOP
 10
54.513480000000001
 20
16.887698
 30
0.0
  0
VERTEX
  5
1013F
  8
PIN_TOP
 10
55.32627999999999
 20
16.887698
 30
0.0
  0
VERTEX
  5
10140
  8
PIN_TOP
 10
55.32627999999999
 20
16.646398000000001
 30
0.0
  0
SEQEND
  5
10141
  8
PIN_TOP
  0
POLYLINE
  5
20E3
  8
PIN_TOP
 66
     1
 10
0.0
 20
0.0
 30
0.0
 70
     1
  0
VERTEX
  5
10142
  8
PIN_TOP
 10
54.513480000000001
 20
16.996410000000001
 30
0.0
  0
VERTEX
  5
10143
  8
PIN_TOP
 10
54.513480000000001
 20
17.23771
 30
0.0
  0
VERTEX
  5
10144
  8
PIN_TOP
 10
55.32627999999999
 20
17.23771
 30
0.0
  0
VERTEX
  5
10145
  8
PIN_TOP
 10
55.32627999999999
 20
16.996410000000001
 30
0.0
  0
SEQEND
  5
10146
  8
PIN_TOP
  0
POLYLINE
  5
20E9
  8
PIN_TOP
 66
     1
 10
0.0
 20
0.0
 30
0.0
 70
     1
  0
VERTEX
  5
10147
  8
PIN_TOP
 10
54.513480000000001
 20
17.346422
 30
0.0
  0
VERTEX
  5
10148
  8
PIN_TOP
 10
54.513480000000001
 20
17.587721999999999
 30
0.0
  0
VERTEX
  5
10149
  8
PIN_TOP
 10
55.32627999999999
 20
17.587721999999999
 30
0.0
  0
VERTEX
  5
1014A
  8
PIN_TOP
 10
55.32627999999999
 20
17.346422
 30
0.0
  0
SEQEND
  5
1014B
  8
PIN_TOP
  0
POLYLINE
  5
20EF
  8
PIN_TOP
 66
     1
 10
0.0
 20
0.0
 30
0.0
 70
     1
  0
VERTEX
  5
1014C
  8
PIN_TOP
 10
54.513480000000001
 20
17.696434
 30
0.0
  0
VERTEX
  5
1014D
  8
PIN_TOP
 10
54.513480000000001
 20
17.937733999999999
 30
0.0
  0
VERTEX
  5
1014E
  8
PIN_TOP
 10
55.32627999999999
 20
17.937733999999999
 30
0.0
  0
VERTEX
  5
1014F
  8
PIN_TOP
 10
55.32627999999999
 20
17.696434
 30
0.0
  0
SEQEND
  5
10150
  8
PIN_TOP
  0
POLYLINE
  5
20F5
  8
PIN_TOP
 66
     1
 10
0.0
 20
0.0
 30
0.0
 70
     1
  0
VERTEX
  5
10151
  8
PIN_TOP
 10
54.513480000000001
 20
18.046446
 30
0.0
  0
VERTEX
  5
10152
  8
PIN_TOP
 10
54.513480000000001
 20
18.287745999999999
 30
0.0
  0
VERTEX
  5
10153
  8
PIN_TOP
 10
55.32627999999999
 20
18.287745999999999
 30
0.0
  0
VERTEX
  5
10154
  8
PIN_TOP
 10
55.32627999999999
 20
18.046446
 30
0.0
  0
SEQEND
  5
10155
  8
PIN_TOP
  0
POLYLINE
  5
20FB
  8
PACKAGE_GEOMETRY_SILKSCREE
 66
     1
 10
0.0
 20
0.0
 30
0.0
 40
0.1524
 41
0.1524
  0
VERTEX
  5
10156
  8
PACKAGE_GEOMETRY_SILKSCREE
 10
54.924706
 20
19.112991999999998
 30
0.0
 42
1.000024
  0
VERTEX
  5
10157
  8
PACKAGE_GEOMETRY_SILKSCREE
 10
54.270910000000001
 20
19.112991999999998
 30
0.0
 42
0.999976
  0
VERTEX
  5
10158
  8
PACKAGE_GEOMETRY_SILKSCREE
 10
54.924706
 20
19.112991999999998
 30
0.0
  0
SEQEND
  5
10159
  8
PACKAGE_GEOMETRY_SILKSCREE
  0
POLYLINE
  5
2100
  8
PACKAGE_GEOMETRY_SILKSCREE
 66
     1
 10
0.0
 20
0.0
 30
0.0
 40
0.1524
 41
0.1524
  0
VERTEX
  5
1015A
  8
PACKAGE_GEOMETRY_SILKSCREE
 10
61.920119999999997
 20
11.86688
 30
0.0
  0
VERTEX
  5
1015B
  8
PACKAGE_GEOMETRY_SILKSCREE
 10
61.456062000000003
 20
11.86688
 30
0.0
  0
SEQEND
  5
1015C
  8
PACKAGE_GEOMETRY_SILKSCREE
  0
POLYLINE
  5
2104
  8
PACKAGE_GEOMETRY_SILKSCREE
 66
     1
 10
0.0
 20
0.0
 30
0.0
 40
0.1524
 41
0.1524
  0
VERTEX
  5
1015D
  8
PACKAGE_GEOMETRY_SILKSCREE
 10
54.919879999999999
 20
11.86688
 30
0.0
  0
VERTEX
  5
1015E
  8
PACKAGE_GEOMETRY_SILKSCREE
 10
55.405781999999981
 20
11.86688
 30
0.0
  0
SEQEND
  5
1015F
  8
PACKAGE_GEOMETRY_SILKSCREE
  0
POLYLINE
  5
2108
  8
PACKAGE_GEOMETRY_SILKSCREE
 66
     1
 10
0.0
 20
0.0
 30
0.0
 40
0.1524
 41
0.1524
  0
VERTEX
  5
10160
  8
PACKAGE_GEOMETRY_SILKSCREE
 10
54.919879999999999
 20
18.86712
 30
0.0
  0
VERTEX
  5
10161
  8
PACKAGE_GEOMETRY_SILKSCREE
 10
55.405781999999981
 20
18.86712
 30
0.0
  0
SEQEND
  5
10162
  8
PACKAGE_GEOMETRY_SILKSCREE
  0
POLYLINE
  5
210C
  8
PACKAGE_GEOMETRY_SILKSCREE
 66
     1
 10
0.0
 20
0.0
 30
0.0
 40
0.1524
 41
0.1524
  0
VERTEX
  5
10163
  8
PACKAGE_GEOMETRY_SILKSCREE
 10
61.920119999999997
 20
18.86712
 30
0.0
  0
VERTEX
  5
10164
  8
PACKAGE_GEOMETRY_SILKSCREE
 10
61.456062000000003
 20
18.86712
 30
0.0
  0
SEQEND
  5
10165
  8
PACKAGE_GEOMETRY_SILKSCREE
  0
POLYLINE
  5
2110
  8
PACKAGE_GEOMETRY_SILKSCREE
 66
     1
 10
0.0
 20
0.0
 30
0.0
 40
0.1524
 41
0.1524
  0
VERTEX
  5
10166
  8
PACKAGE_GEOMETRY_SILKSCREE
 10
54.919879999999999
 20
18.86712
 30
0.0
  0
VERTEX
  5
10167
  8
PACKAGE_GEOMETRY_SILKSCREE
 10
54.919879999999999
 20
18.424651999999998
 30
0.0
  0
SEQEND
  5
10168
  8
PACKAGE_GEOMETRY_SILKSCREE
  0
POLYLINE
  5
2114
  8
PACKAGE_GEOMETRY_SILKSCREE
 66
     1
 10
0.0
 20
0.0
 30
0.0
 40
0.1524
 41
0.1524
  0
VERTEX
  5
10169
  8
PACKAGE_GEOMETRY_SILKSCREE
 10
61.920119999999997
 20
18.86712
 30
0.0
  0
VERTEX
  5
1016A
  8
PACKAGE_GEOMETRY_SILKSCREE
 10
61.920119999999997
 20
18.424651999999998
 30
0.0
  0
SEQEND
  5
1016B
  8
PACKAGE_GEOMETRY_SILKSCREE
  0
POLYLINE
  5
2118
  8
PACKAGE_GEOMETRY_SILKSCREE
 66
     1
 10
0.0
 20
0.0
 30
0.0
 40
0.1524
 41
0.1524
  0
VERTEX
  5
1016C
  8
PACKAGE_GEOMETRY_SILKSCREE
 10
54.919879999999999
 20
11.86688
 30
0.0
  0
VERTEX
  5
1016D
  8
PACKAGE_GEOMETRY_SILKSCREE
 10
54.919879999999999
 20
12.320016000000001
 30
0.0
  0
SEQEND
  5
1016E
  8
PACKAGE_GEOMETRY_SILKSCREE
  0
POLYLINE
  5
211C
  8
PACKAGE_GEOMETRY_SILKSCREE
 66
     1
 10
0.0
 20
0.0
 30
0.0
 40
0.1524
 41
0.1524
  0
VERTEX
  5
1016F
  8
PACKAGE_GEOMETRY_SILKSCREE
 10
61.920119999999997
 20
11.86688
 30
0.0
  0
VERTEX
  5
10170
  8
PACKAGE_GEOMETRY_SILKSCREE
 10
61.920119999999997
 20
12.320016000000001
 30
0.0
  0
SEQEND
  5
10171
  8
PACKAGE_GEOMETRY_SILKSCREE
  0
POLYLINE
  5
2120
  8
PACKAGE_GEOMETRY_SILKSCREE
 66
     1
 10
0.0
 20
0.0
 30
0.0
 40
0.199898
 41
0.199898
  0
VERTEX
  5
10172
  8
PACKAGE_GEOMETRY_SILKSCREE
 10
54.249574000000003
 20
18.1356
 30
0.0
  0
VERTEX
  5
10173
  8
PACKAGE_GEOMETRY_SILKSCREE
 10
53.749701999999992
 20
18.385535999999998
 30
0.0
  0
VERTEX
  5
10174
  8
PACKAGE_GEOMETRY_SILKSCREE
 10
53.749701999999992
 20
17.885663999999991
 30
0.0
  0
VERTEX
  5
10175
  8
PACKAGE_GEOMETRY_SILKSCREE
 10
54.249574000000003
 20
18.1356
 30
0.0
  0
VERTEX
  5
10176
  8
PACKAGE_GEOMETRY_SILKSCREE
 10
53.849524000000002
 20
18.1356
 30
0.0
  0
SEQEND
  5
10177
  8
PACKAGE_GEOMETRY_SILKSCREE
  0
CIRCLE
  5
2127
  8
PIN_TOP
 10
20.218399999999999
 20
5.0292000000000003
 30
0.0
 40
0.3556
  0
POLYLINE
  5
2128
  8
PACKAGE_GEOMETRY_SILKSCREE
 66
     1
 10
0.0
 20
0.0
 30
0.0
 40
0.1524
 41
0.1524
  0
VERTEX
  5
10178
  8
PACKAGE_GEOMETRY_SILKSCREE
 10
20.726400000000002
 20
5.0292000000000003
 30
0.0
 42
1.0
  0
VERTEX
  5
10179
  8
PACKAGE_GEOMETRY_SILKSCREE
 10
19.7104
 20
5.0292000000000003
 30
0.0
 42
1.0
  0
VERTEX
  5
1017A
  8
PACKAGE_GEOMETRY_SILKSCREE
 10
20.726400000000002
 20
5.0292000000000003
 30
0.0
  0
SEQEND
  5
1017B
  8
PACKAGE_GEOMETRY_SILKSCREE
  0
CIRCLE
  5
212D
  8
PIN_TOP
 10
15.367000000000001
 20
8.8900000000000006
 30
0.0
 40
0.3556
  0
POLYLINE
  5
212E
  8
PACKAGE_GEOMETRY_SILKSCREE
 66
     1
 10
0.0
 20
0.0
 30
0.0
 40
0.1524
 41
0.1524
  0
VERTEX
  5
1017C
  8
PACKAGE_GEOMETRY_SILKSCREE
 10
15.875
 20
8.8900000000000006
 30
0.0
 42
1.0
  0
VERTEX
  5
1017D
  8
PACKAGE_GEOMETRY_SILKSCREE
 10
14.859
 20
8.8900000000000006
 30
0.0
 42
1.0
  0
VERTEX
  5
1017E
  8
PACKAGE_GEOMETRY_SILKSCREE
 10
15.875
 20
8.8900000000000006
 30
0.0
  0
SEQEND
  5
1017F
  8
PACKAGE_GEOMETRY_SILKSCREE
  0
CIRCLE
  5
2133
  8
PIN_TOP
 10
36.067999999999998
 20
5.130799999999998
 30
0.0
 40
0.3556
  0
POLYLINE
  5
2134
  8
PACKAGE_GEOMETRY_SILKSCREE
 66
     1
 10
0.0
 20
0.0
 30
0.0
 40
0.1524
 41
0.1524
  0
VERTEX
  5
10180
  8
PACKAGE_GEOMETRY_SILKSCREE
 10
36.576000000000001
 20
5.130799999999998
 30
0.0
 42
0.9999360000000001
  0
VERTEX
  5
10181
  8
PACKAGE_GEOMETRY_SILKSCREE
 10
35.560000000000002
 20
5.131053999999998
 30
0.0
 42
1.0000639999999981
  0
VERTEX
  5
10182
  8
PACKAGE_GEOMETRY_SILKSCREE
 10
36.576000000000001
 20
5.130799999999998
 30
0.0
  0
SEQEND
  5
10183
  8
PACKAGE_GEOMETRY_SILKSCREE
  0
POLYLINE
  5
2139
  8
PIN_TOP
 66
     1
 10
0.0
 20
0.0
 30
0.0
 70
     1
  0
VERTEX
  5
10184
  8
PIN_TOP
 10
50.292000000000002
 20
20.935949999999998
 30
0.0
  0
VERTEX
  5
10185
  8
PIN_TOP
 10
50.799999999999997
 20
20.935949999999998
 30
0.0
  0
VERTEX
  5
10186
  8
PIN_TOP
 10
50.799999999999997
 20
20.427949999999999
 30
0.0
  0
VERTEX
  5
10187
  8
PIN_TOP
 10
50.292000000000002
 20
20.427949999999999
 30
0.0
  0
SEQEND
  5
10188
  8
PIN_TOP
  0
POLYLINE
  5
213F
  8
PIN_TOP
 66
     1
 10
0.0
 20
0.0
 30
0.0
 70
     1
  0
VERTEX
  5
10189
  8
PIN_TOP
 10
50.292000000000002
 20
21.736049999999999
 30
0.0
  0
VERTEX
  5
1018A
  8
PIN_TOP
 10
50.799999999999997
 20
21.736049999999999
 30
0.0
  0
VERTEX
  5
1018B
  8
PIN_TOP
 10
50.799999999999997
 20
21.22805
 30
0.0
  0
VERTEX
  5
1018C
  8
PIN_TOP
 10
50.292000000000002
 20
21.22805
 30
0.0
  0
SEQEND
  5
1018D
  8
PIN_TOP
  0
POLYLINE
  5
2145
  8
PACKAGE_GEOMETRY_SILKSCREE
 66
     1
 10
0.0
 20
0.0
 30
0.0
 40
0.1524
 41
0.1524
  0
VERTEX
  5
1018E
  8
PACKAGE_GEOMETRY_SILKSCREE
 10
50.145949999999992
 20
21.882100000000001
 30
0.0
  0
VERTEX
  5
1018F
  8
PACKAGE_GEOMETRY_SILKSCREE
 10
50.94605
 20
21.882100000000001
 30
0.0
  0
SEQEND
  5
10190
  8
PACKAGE_GEOMETRY_SILKSCREE
  0
POLYLINE
  5
2149
  8
PACKAGE_GEOMETRY_SILKSCREE
 66
     1
 10
0.0
 20
0.0
 30
0.0
 40
0.1524
 41
0.1524
  0
VERTEX
  5
10191
  8
PACKAGE_GEOMETRY_SILKSCREE
 10
50.145949999999992
 20
20.2819
 30
0.0
  0
VERTEX
  5
10192
  8
PACKAGE_GEOMETRY_SILKSCREE
 10
50.145949999999992
 20
21.882100000000001
 30
0.0
  0
SEQEND
  5
10193
  8
PACKAGE_GEOMETRY_SILKSCREE
  0
POLYLINE
  5
214D
  8
PACKAGE_GEOMETRY_SILKSCREE
 66
     1
 10
0.0
 20
0.0
 30
0.0
 40
0.1524
 41
0.1524
  0
VERTEX
  5
10194
  8
PACKAGE_GEOMETRY_SILKSCREE
 10
50.94605
 20
20.2819
 30
0.0
  0
VERTEX
  5
10195
  8
PACKAGE_GEOMETRY_SILKSCREE
 10
50.145949999999992
 20
20.2819
 30
0.0
  0
SEQEND
  5
10196
  8
PACKAGE_GEOMETRY_SILKSCREE
  0
POLYLINE
  5
2151
  8
PACKAGE_GEOMETRY_SILKSCREE
 66
     1
 10
0.0
 20
0.0
 30
0.0
 40
0.1524
 41
0.1524
  0
VERTEX
  5
10197
  8
PACKAGE_GEOMETRY_SILKSCREE
 10
50.94605
 20
21.882100000000001
 30
0.0
  0
VERTEX
  5
10198
  8
PACKAGE_GEOMETRY_SILKSCREE
 10
50.94605
 20
20.2819
 30
0.0
  0
SEQEND
  5
10199
  8
PACKAGE_GEOMETRY_SILKSCREE
  0
POLYLINE
  5
2155
  8
PIN_TOP
 66
     1
 10
0.0
 20
0.0
 30
0.0
 70
     1
  0
VERTEX
  5
1019A
  8
PIN_TOP
 10
49.276000000000003
 20
20.935949999999998
 30
0.0
  0
VERTEX
  5
1019B
  8
PIN_TOP
 10
49.783999999999999
 20
20.935949999999998
 30
0.0
  0
VERTEX
  5
1019C
  8
PIN_TOP
 10
49.783999999999999
 20
20.427949999999999
 30
0.0
  0
VERTEX
  5
1019D
  8
PIN_TOP
 10
49.276000000000003
 20
20.427949999999999
 30
0.0
  0
SEQEND
  5
1019E
  8
PIN_TOP
  0
POLYLINE
  5
215B
  8
PIN_TOP
 66
     1
 10
0.0
 20
0.0
 30
0.0
 70
     1
  0
VERTEX
  5
1019F
  8
PIN_TOP
 10
49.276000000000003
 20
21.736049999999999
 30
0.0
  0
VERTEX
  5
101A0
  8
PIN_TOP
 10
49.783999999999999
 20
21.736049999999999
 30
0.0
  0
VERTEX
  5
101A1
  8
PIN_TOP
 10
49.783999999999999
 20
21.22805
 30
0.0
  0
VERTEX
  5
101A2
  8
PIN_TOP
 10
49.276000000000003
 20
21.22805
 30
0.0
  0
SEQEND
  5
101A3
  8
PIN_TOP
  0
POLYLINE
  5
2161
  8
PACKAGE_GEOMETRY_SILKSCREE
 66
     1
 10
0.0
 20
0.0
 30
0.0
 40
0.1524
 41
0.1524
  0
VERTEX
  5
101A4
  8
PACKAGE_GEOMETRY_SILKSCREE
 10
49.129950000000001
 20
21.882100000000001
 30
0.0
  0
VERTEX
  5
101A5
  8
PACKAGE_GEOMETRY_SILKSCREE
 10
49.930050000000001
 20
21.882100000000001
 30
0.0
  0
SEQEND
  5
101A6
  8
PACKAGE_GEOMETRY_SILKSCREE
  0
POLYLINE
  5
2165
  8
PACKAGE_GEOMETRY_SILKSCREE
 66
     1
 10
0.0
 20
0.0
 30
0.0
 40
0.1524
 41
0.1524
  0
VERTEX
  5
101A7
  8
PACKAGE_GEOMETRY_SILKSCREE
 10
49.129950000000001
 20
20.2819
 30
0.0
  0
VERTEX
  5
101A8
  8
PACKAGE_GEOMETRY_SILKSCREE
 10
49.129950000000001
 20
21.882100000000001
 30
0.0
  0
SEQEND
  5
101A9
  8
PACKAGE_GEOMETRY_SILKSCREE
  0
POLYLINE
  5
2169
  8
PACKAGE_GEOMETRY_SILKSCREE
 66
     1
 10
0.0
 20
0.0
 30
0.0
 40
0.1524
 41
0.1524
  0
VERTEX
  5
101AA
  8
PACKAGE_GEOMETRY_SILKSCREE
 10
49.930050000000001
 20
20.2819
 30
0.0
  0
VERTEX
  5
101AB
  8
PACKAGE_GEOMETRY_SILKSCREE
 10
49.129950000000001
 20
20.2819
 30
0.0
  0
SEQEND
  5
101AC
  8
PACKAGE_GEOMETRY_SILKSCREE
  0
POLYLINE
  5
216D
  8
PACKAGE_GEOMETRY_SILKSCREE
 66
     1
 10
0.0
 20
0.0
 30
0.0
 40
0.1524
 41
0.1524
  0
VERTEX
  5
101AD
  8
PACKAGE_GEOMETRY_SILKSCREE
 10
49.930050000000001
 20
21.882100000000001
 30
0.0
  0
VERTEX
  5
101AE
  8
PACKAGE_GEOMETRY_SILKSCREE
 10
49.930050000000001
 20
20.2819
 30
0.0
  0
SEQEND
  5
101AF
  8
PACKAGE_GEOMETRY_SILKSCREE
  0
POLYLINE
  5
2171
  8
PIN_TOP
 66
     1
 10
0.0
 20
0.0
 30
0.0
 70
     1
  0
VERTEX
  5
101B0
  8
PIN_TOP
 10
51.308
 20
21.736049999999999
 30
0.0
  0
VERTEX
  5
101B1
  8
PIN_TOP
 10
51.816000000000003
 20
21.736049999999999
 30
0.0
  0
VERTEX
  5
101B2
  8
PIN_TOP
 10
51.816000000000003
 20
21.22805
 30
0.0
  0
VERTEX
  5
101B3
  8
PIN_TOP
 10
51.308
 20
21.22805
 30
0.0
  0
SEQEND
  5
101B4
  8
PIN_TOP
  0
POLYLINE
  5
2177
  8
PIN_TOP
 66
     1
 10
0.0
 20
0.0
 30
0.0
 70
     1
  0
VERTEX
  5
101B5
  8
PIN_TOP
 10
51.308
 20
20.935949999999998
 30
0.0
  0
VERTEX
  5
101B6
  8
PIN_TOP
 10
51.816000000000003
 20
20.935949999999998
 30
0.0
  0
VERTEX
  5
101B7
  8
PIN_TOP
 10
51.816000000000003
 20
20.427949999999999
 30
0.0
  0
VERTEX
  5
101B8
  8
PIN_TOP
 10
51.308
 20
20.427949999999999
 30
0.0
  0
SEQEND
  5
101B9
  8
PIN_TOP
  0
POLYLINE
  5
217D
  8
PACKAGE_GEOMETRY_SILKSCREE
 66
     1
 10
0.0
 20
0.0
 30
0.0
 40
0.1524
 41
0.1524
  0
VERTEX
  5
101BA
  8
PACKAGE_GEOMETRY_SILKSCREE
 10
51.161949999999997
 20
21.882100000000001
 30
0.0
  0
VERTEX
  5
101BB
  8
PACKAGE_GEOMETRY_SILKSCREE
 10
51.962049999999991
 20
21.882100000000001
 30
0.0
  0
SEQEND
  5
101BC
  8
PACKAGE_GEOMETRY_SILKSCREE
  0
POLYLINE
  5
2181
  8
PACKAGE_GEOMETRY_SILKSCREE
 66
     1
 10
0.0
 20
0.0
 30
0.0
 40
0.1524
 41
0.1524
  0
VERTEX
  5
101BD
  8
PACKAGE_GEOMETRY_SILKSCREE
 10
51.161949999999997
 20
20.2819
 30
0.0
  0
VERTEX
  5
101BE
  8
PACKAGE_GEOMETRY_SILKSCREE
 10
51.161949999999997
 20
21.882100000000001
 30
0.0
  0
SEQEND
  5
101BF
  8
PACKAGE_GEOMETRY_SILKSCREE
  0
POLYLINE
  5
2185
  8
PACKAGE_GEOMETRY_SILKSCREE
 66
     1
 10
0.0
 20
0.0
 30
0.0
 40
0.1524
 41
0.1524
  0
VERTEX
  5
101C0
  8
PACKAGE_GEOMETRY_SILKSCREE
 10
51.962049999999991
 20
20.2819
 30
0.0
  0
VERTEX
  5
101C1
  8
PACKAGE_GEOMETRY_SILKSCREE
 10
51.161949999999997
 20
20.2819
 30
0.0
  0
SEQEND
  5
101C2
  8
PACKAGE_GEOMETRY_SILKSCREE
  0
POLYLINE
  5
2189
  8
PACKAGE_GEOMETRY_SILKSCREE
 66
     1
 10
0.0
 20
0.0
 30
0.0
 40
0.1524
 41
0.1524
  0
VERTEX
  5
101C3
  8
PACKAGE_GEOMETRY_SILKSCREE
 10
51.962049999999991
 20
21.882100000000001
 30
0.0
  0
VERTEX
  5
101C4
  8
PACKAGE_GEOMETRY_SILKSCREE
 10
51.962049999999991
 20
20.2819
 30
0.0
  0
SEQEND
  5
101C5
  8
PACKAGE_GEOMETRY_SILKSCREE
  0
POLYLINE
  5
218D
  8
PIN_TOP
 66
     1
 10
0.0
 20
0.0
 30
0.0
 70
     1
  0
VERTEX
  5
101C6
  8
PIN_TOP
 10
63.881
 20
13.86205
 30
0.0
  0
VERTEX
  5
101C7
  8
PIN_TOP
 10
63.37299999999999
 20
13.86205
 30
0.0
  0
VERTEX
  5
101C8
  8
PIN_TOP
 10
63.37299999999999
 20
14.370050000000001
 30
0.0
  0
VERTEX
  5
101C9
  8
PIN_TOP
 10
63.881
 20
14.370050000000001
 30
0.0
  0
SEQEND
  5
101CA
  8
PIN_TOP
  0
POLYLINE
  5
2193
  8
PIN_TOP
 66
     1
 10
0.0
 20
0.0
 30
0.0
 70
     1
  0
VERTEX
  5
101CB
  8
PIN_TOP
 10
63.881
 20
13.06195
 30
0.0
  0
VERTEX
  5
101CC
  8
PIN_TOP
 10
63.37299999999999
 20
13.06195
 30
0.0
  0
VERTEX
  5
101CD
  8
PIN_TOP
 10
63.37299999999999
 20
13.56995
 30
0.0
  0
VERTEX
  5
101CE
  8
PIN_TOP
 10
63.881
 20
13.56995
 30
0.0
  0
SEQEND
  5
101CF
  8
PIN_TOP
  0
POLYLINE
  5
2199
  8
PACKAGE_GEOMETRY_SILKSCREE
 66
     1
 10
0.0
 20
0.0
 30
0.0
 40
0.1524
 41
0.1524
  0
VERTEX
  5
101D0
  8
PACKAGE_GEOMETRY_SILKSCREE
 10
63.226950000000002
 20
14.5161
 30
0.0
  0
VERTEX
  5
101D1
  8
PACKAGE_GEOMETRY_SILKSCREE
 10
63.226950000000002
 20
13.866114
 30
0.0
  0
SEQEND
  5
101D2
  8
PACKAGE_GEOMETRY_SILKSCREE
  0
POLYLINE
  5
219D
  8
PACKAGE_GEOMETRY_SILKSCREE
 66
     1
 10
0.0
 20
0.0
 30
0.0
 40
0.1524
 41
0.1524
  0
VERTEX
  5
101D3
  8
PACKAGE_GEOMETRY_SILKSCREE
 10
64.027050000000003
 20
14.5161
 30
0.0
  0
VERTEX
  5
101D4
  8
PACKAGE_GEOMETRY_SILKSCREE
 10
63.226950000000002
 20
14.5161
 30
0.0
  0
SEQEND
  5
101D5
  8
PACKAGE_GEOMETRY_SILKSCREE
  0
POLYLINE
  5
21A1
  8
PACKAGE_GEOMETRY_SILKSCREE
 66
     1
 10
0.0
 20
0.0
 30
0.0
 40
0.1524
 41
0.1524
  0
VERTEX
  5
101D6
  8
PACKAGE_GEOMETRY_SILKSCREE
 10
64.027050000000003
 20
13.866114
 30
0.0
  0
VERTEX
  5
101D7
  8
PACKAGE_GEOMETRY_SILKSCREE
 10
64.027050000000003
 20
14.5161
 30
0.0
  0
SEQEND
  5
101D8
  8
PACKAGE_GEOMETRY_SILKSCREE
  0
POLYLINE
  5
21A5
  8
PACKAGE_GEOMETRY_SILKSCREE
 66
     1
 10
0.0
 20
0.0
 30
0.0
 40
0.1524
 41
0.1524
  0
VERTEX
  5
101D9
  8
PACKAGE_GEOMETRY_SILKSCREE
 10
64.027050000000003
 20
12.915900000000001
 30
0.0
  0
VERTEX
  5
101DA
  8
PACKAGE_GEOMETRY_SILKSCREE
 10
64.027050000000003
 20
13.565886000000001
 30
0.0
  0
SEQEND
  5
101DB
  8
PACKAGE_GEOMETRY_SILKSCREE
  0
POLYLINE
  5
21A9
  8
PACKAGE_GEOMETRY_SILKSCREE
 66
     1
 10
0.0
 20
0.0
 30
0.0
 40
0.1524
 41
0.1524
  0
VERTEX
  5
101DC
  8
PACKAGE_GEOMETRY_SILKSCREE
 10
63.226950000000002
 20
12.915900000000001
 30
0.0
  0
VERTEX
  5
101DD
  8
PACKAGE_GEOMETRY_SILKSCREE
 10
64.027050000000003
 20
12.915900000000001
 30
0.0
  0
SEQEND
  5
101DE
  8
PACKAGE_GEOMETRY_SILKSCREE
  0
POLYLINE
  5
21AD
  8
PACKAGE_GEOMETRY_SILKSCREE
 66
     1
 10
0.0
 20
0.0
 30
0.0
 40
0.1524
 41
0.1524
  0
VERTEX
  5
101DF
  8
PACKAGE_GEOMETRY_SILKSCREE
 10
63.226950000000002
 20
13.565886000000001
 30
0.0
  0
VERTEX
  5
101E0
  8
PACKAGE_GEOMETRY_SILKSCREE
 10
63.226950000000002
 20
12.915900000000001
 30
0.0
  0
SEQEND
  5
101E1
  8
PACKAGE_GEOMETRY_SILKSCREE
  0
POLYLINE
  5
21B1
  8
PIN_TOP
 66
     1
 10
0.0
 20
0.0
 30
0.0
 70
     1
  0
VERTEX
  5
101E2
  8
PIN_TOP
 10
60.725050000000003
 20
8.8900000000000006
 30
0.0
  0
VERTEX
  5
101E3
  8
PIN_TOP
 10
60.725050000000003
 20
9.3979999999999997
 30
0.0
  0
VERTEX
  5
101E4
  8
PIN_TOP
 10
61.233049999999999
 20
9.3979999999999997
 30
0.0
  0
VERTEX
  5
101E5
  8
PIN_TOP
 10
61.233049999999999
 20
8.8900000000000006
 30
0.0
  0
SEQEND
  5
101E6
  8
PIN_TOP
  0
POLYLINE
  5
21B7
  8
PIN_TOP
 66
     1
 10
0.0
 20
0.0
 30
0.0
 70
     1
  0
VERTEX
  5
101E7
  8
PIN_TOP
 10
59.924950000000003
 20
8.8900000000000006
 30
0.0
  0
VERTEX
  5
101E8
  8
PIN_TOP
 10
59.924950000000003
 20
9.3979999999999997
 30
0.0
  0
VERTEX
  5
101E9
  8
PIN_TOP
 10
60.432949999999998
 20
9.3979999999999997
 30
0.0
  0
VERTEX
  5
101EA
  8
PIN_TOP
 10
60.432949999999998
 20
8.8900000000000006
 30
0.0
  0
SEQEND
  5
101EB
  8
PIN_TOP
  0
POLYLINE
  5
21BD
  8
PACKAGE_GEOMETRY_SILKSCREE
 66
     1
 10
0.0
 20
0.0
 30
0.0
 40
0.1524
 41
0.1524
  0
VERTEX
  5
101EC
  8
PACKAGE_GEOMETRY_SILKSCREE
 10
61.379100000000001
 20
9.5440500000000004
 30
0.0
  0
VERTEX
  5
101ED
  8
PACKAGE_GEOMETRY_SILKSCREE
 10
60.729114000000003
 20
9.5440500000000004
 30
0.0
  0
SEQEND
  5
101EE
  8
PACKAGE_GEOMETRY_SILKSCREE
  0
POLYLINE
  5
21C1
  8
PACKAGE_GEOMETRY_SILKSCREE
 66
     1
 10
0.0
 20
0.0
 30
0.0
 40
0.1524
 41
0.1524
  0
VERTEX
  5
101EF
  8
PACKAGE_GEOMETRY_SILKSCREE
 10
61.379100000000001
 20
8.7439499999999981
 30
0.0
  0
VERTEX
  5
101F0
  8
PACKAGE_GEOMETRY_SILKSCREE
 10
61.379100000000001
 20
9.5440500000000004
 30
0.0
  0
SEQEND
  5
101F1
  8
PACKAGE_GEOMETRY_SILKSCREE
  0
POLYLINE
  5
21C5
  8
PACKAGE_GEOMETRY_SILKSCREE
 66
     1
 10
0.0
 20
0.0
 30
0.0
 40
0.1524
 41
0.1524
  0
VERTEX
  5
101F2
  8
PACKAGE_GEOMETRY_SILKSCREE
 10
60.729114000000003
 20
8.7439499999999981
 30
0.0
  0
VERTEX
  5
101F3
  8
PACKAGE_GEOMETRY_SILKSCREE
 10
61.379100000000001
 20
8.7439499999999981
 30
0.0
  0
SEQEND
  5
101F4
  8
PACKAGE_GEOMETRY_SILKSCREE
  0
POLYLINE
  5
21C9
  8
PACKAGE_GEOMETRY_SILKSCREE
 66
     1
 10
0.0
 20
0.0
 30
0.0
 40
0.1524
 41
0.1524
  0
VERTEX
  5
101F5
  8
PACKAGE_GEOMETRY_SILKSCREE
 10
59.7789
 20
8.7439499999999981
 30
0.0
  0
VERTEX
  5
101F6
  8
PACKAGE_GEOMETRY_SILKSCREE
 10
60.428885999999999
 20
8.7439499999999981
 30
0.0
  0
SEQEND
  5
101F7
  8
PACKAGE_GEOMETRY_SILKSCREE
  0
POLYLINE
  5
21CD
  8
PACKAGE_GEOMETRY_SILKSCREE
 66
     1
 10
0.0
 20
0.0
 30
0.0
 40
0.1524
 41
0.1524
  0
VERTEX
  5
101F8
  8
PACKAGE_GEOMETRY_SILKSCREE
 10
59.7789
 20
9.5440500000000004
 30
0.0
  0
VERTEX
  5
101F9
  8
PACKAGE_GEOMETRY_SILKSCREE
 10
59.7789
 20
8.7439499999999981
 30
0.0
  0
SEQEND
  5
101FA
  8
PACKAGE_GEOMETRY_SILKSCREE
  0
POLYLINE
  5
21D1
  8
PACKAGE_GEOMETRY_SILKSCREE
 66
     1
 10
0.0
 20
0.0
 30
0.0
 40
0.1524
 41
0.1524
  0
VERTEX
  5
101FB
  8
PACKAGE_GEOMETRY_SILKSCREE
 10
60.428885999999999
 20
9.5440500000000004
 30
0.0
  0
VERTEX
  5
101FC
  8
PACKAGE_GEOMETRY_SILKSCREE
 10
59.7789
 20
9.5440500000000004
 30
0.0
  0
SEQEND
  5
101FD
  8
PACKAGE_GEOMETRY_SILKSCREE
  0
POLYLINE
  5
21D5
  8
PIN_TOP
 66
     1
 10
0.0
 20
0.0
 30
0.0
 70
     1
  0
VERTEX
  5
101FE
  8
PIN_TOP
 10
19.303999999999998
 20
7.2199499999999981
 30
0.0
  0
VERTEX
  5
101FF
  8
PIN_TOP
 10
19.812000000000001
 20
7.2199499999999981
 30
0.0
  0
VERTEX
  5
10200
  8
PIN_TOP
 10
19.812000000000001
 20
6.7119499999999981
 30
0.0
  0
VERTEX
  5
10201
  8
PIN_TOP
 10
19.303999999999998
 20
6.7119499999999981
 30
0.0
  0
SEQEND
  5
10202
  8
PIN_TOP
  0
POLYLINE
  5
21DB
  8
PIN_TOP
 66
     1
 10
0.0
 20
0.0
 30
0.0
 70
     1
  0
VERTEX
  5
10203
  8
PIN_TOP
 10
19.303999999999998
 20
8.0200499999999977
 30
0.0
  0
VERTEX
  5
10204
  8
PIN_TOP
 10
19.812000000000001
 20
8.0200499999999977
 30
0.0
  0
VERTEX
  5
10205
  8
PIN_TOP
 10
19.812000000000001
 20
7.5120500000000003
 30
0.0
  0
VERTEX
  5
10206
  8
PIN_TOP
 10
19.303999999999998
 20
7.5120500000000003
 30
0.0
  0
SEQEND
  5
10207
  8
PIN_TOP
  0
POLYLINE
  5
21E1
  8
PACKAGE_GEOMETRY_SILKSCREE
 66
     1
 10
0.0
 20
0.0
 30
0.0
 40
0.1524
 41
0.1524
  0
VERTEX
  5
10208
  8
PACKAGE_GEOMETRY_SILKSCREE
 10
19.95805
 20
6.5659000000000001
 30
0.0
  0
VERTEX
  5
10209
  8
PACKAGE_GEOMETRY_SILKSCREE
 10
19.95805
 20
7.2158860000000002
 30
0.0
  0
SEQEND
  5
1020A
  8
PACKAGE_GEOMETRY_SILKSCREE
  0
POLYLINE
  5
21E5
  8
PACKAGE_GEOMETRY_SILKSCREE
 66
     1
 10
0.0
 20
0.0
 30
0.0
 40
0.1524
 41
0.1524
  0
VERTEX
  5
1020B
  8
PACKAGE_GEOMETRY_SILKSCREE
 10
19.15795
 20
6.5659000000000001
 30
0.0
  0
VERTEX
  5
1020C
  8
PACKAGE_GEOMETRY_SILKSCREE
 10
19.95805
 20
6.5659000000000001
 30
0.0
  0
SEQEND
  5
1020D
  8
PACKAGE_GEOMETRY_SILKSCREE
  0
POLYLINE
  5
21E9
  8
PACKAGE_GEOMETRY_SILKSCREE
 66
     1
 10
0.0
 20
0.0
 30
0.0
 40
0.1524
 41
0.1524
  0
VERTEX
  5
1020E
  8
PACKAGE_GEOMETRY_SILKSCREE
 10
19.15795
 20
7.2158860000000002
 30
0.0
  0
VERTEX
  5
1020F
  8
PACKAGE_GEOMETRY_SILKSCREE
 10
19.15795
 20
6.5659000000000001
 30
0.0
  0
SEQEND
  5
10210
  8
PACKAGE_GEOMETRY_SILKSCREE
  0
POLYLINE
  5
21ED
  8
PACKAGE_GEOMETRY_SILKSCREE
 66
     1
 10
0.0
 20
0.0
 30
0.0
 40
0.1524
 41
0.1524
  0
VERTEX
  5
10211
  8
PACKAGE_GEOMETRY_SILKSCREE
 10
19.15795
 20
8.1661000000000001
 30
0.0
  0
VERTEX
  5
10212
  8
PACKAGE_GEOMETRY_SILKSCREE
 10
19.15795
 20
7.5161139999999982
 30
0.0
  0
SEQEND
  5
10213
  8
PACKAGE_GEOMETRY_SILKSCREE
  0
POLYLINE
  5
21F1
  8
PACKAGE_GEOMETRY_SILKSCREE
 66
     1
 10
0.0
 20
0.0
 30
0.0
 40
0.1524
 41
0.1524
  0
VERTEX
  5
10214
  8
PACKAGE_GEOMETRY_SILKSCREE
 10
19.95805
 20
8.1661000000000001
 30
0.0
  0
VERTEX
  5
10215
  8
PACKAGE_GEOMETRY_SILKSCREE
 10
19.15795
 20
8.1661000000000001
 30
0.0
  0
SEQEND
  5
10216
  8
PACKAGE_GEOMETRY_SILKSCREE
  0
POLYLINE
  5
21F5
  8
PACKAGE_GEOMETRY_SILKSCREE
 66
     1
 10
0.0
 20
0.0
 30
0.0
 40
0.1524
 41
0.1524
  0
VERTEX
  5
10217
  8
PACKAGE_GEOMETRY_SILKSCREE
 10
19.95805
 20
7.5161139999999982
 30
0.0
  0
VERTEX
  5
10218
  8
PACKAGE_GEOMETRY_SILKSCREE
 10
19.95805
 20
8.1661000000000001
 30
0.0
  0
SEQEND
  5
10219
  8
PACKAGE_GEOMETRY_SILKSCREE
  0
POLYLINE
  5
21F9
  8
PIN_TOP
 66
     1
 10
0.0
 20
0.0
 30
0.0
 70
     1
  0
VERTEX
  5
1021A
  8
PIN_TOP
 10
63.37299999999999
 20
11.918950000000001
 30
0.0
  0
VERTEX
  5
1021B
  8
PIN_TOP
 10
63.881
 20
11.918950000000001
 30
0.0
  0
VERTEX
  5
1021C
  8
PIN_TOP
 10
63.881
 20
11.41095
 30
0.0
  0
VERTEX
  5
1021D
  8
PIN_TOP
 10
63.37299999999999
 20
11.41095
 30
0.0
  0
SEQEND
  5
1021E
  8
PIN_TOP
  0
POLYLINE
  5
21FF
  8
PIN_TOP
 66
     1
 10
0.0
 20
0.0
 30
0.0
 70
     1
  0
VERTEX
  5
1021F
  8
PIN_TOP
 10
63.37299999999999
 20
12.719049999999999
 30
0.0
  0
VERTEX
  5
10220
  8
PIN_TOP
 10
63.881
 20
12.719049999999999
 30
0.0
  0
VERTEX
  5
10221
  8
PIN_TOP
 10
63.881
 20
12.21105
 30
0.0
  0
VERTEX
  5
10222
  8
PIN_TOP
 10
63.37299999999999
 20
12.21105
 30
0.0
  0
SEQEND
  5
10223
  8
PIN_TOP
  0
POLYLINE
  5
2205
  8
PACKAGE_GEOMETRY_SILKSCREE
 66
     1
 10
0.0
 20
0.0
 30
0.0
 40
0.1524
 41
0.1524
  0
VERTEX
  5
10224
  8
PACKAGE_GEOMETRY_SILKSCREE
 10
64.027050000000003
 20
11.264900000000001
 30
0.0
  0
VERTEX
  5
10225
  8
PACKAGE_GEOMETRY_SILKSCREE
 10
64.027050000000003
 20
11.914885999999999
 30
0.0
  0
SEQEND
  5
10226
  8
PACKAGE_GEOMETRY_SILKSCREE
  0
POLYLINE
  5
2209
  8
PACKAGE_GEOMETRY_SILKSCREE
 66
     1
 10
0.0
 20
0.0
 30
0.0
 40
0.1524
 41
0.1524
  0
VERTEX
  5
10227
  8
PACKAGE_GEOMETRY_SILKSCREE
 10
63.226950000000002
 20
11.264900000000001
 30
0.0
  0
VERTEX
  5
10228
  8
PACKAGE_GEOMETRY_SILKSCREE
 10
64.027050000000003
 20
11.264900000000001
 30
0.0
  0
SEQEND
  5
10229
  8
PACKAGE_GEOMETRY_SILKSCREE
  0
POLYLINE
  5
220D
  8
PACKAGE_GEOMETRY_SILKSCREE
 66
     1
 10
0.0
 20
0.0
 30
0.0
 40
0.1524
 41
0.1524
  0
VERTEX
  5
1022A
  8
PACKAGE_GEOMETRY_SILKSCREE
 10
63.226950000000002
 20
11.914885999999999
 30
0.0
  0
VERTEX
  5
1022B
  8
PACKAGE_GEOMETRY_SILKSCREE
 10
63.226950000000002
 20
11.264900000000001
 30
0.0
  0
SEQEND
  5
1022C
  8
PACKAGE_GEOMETRY_SILKSCREE
  0
POLYLINE
  5
2211
  8
PACKAGE_GEOMETRY_SILKSCREE
 66
     1
 10
0.0
 20
0.0
 30
0.0
 40
0.1524
 41
0.1524
  0
VERTEX
  5
1022D
  8
PACKAGE_GEOMETRY_SILKSCREE
 10
63.226950000000002
 20
12.8651
 30
0.0
  0
VERTEX
  5
1022E
  8
PACKAGE_GEOMETRY_SILKSCREE
 10
63.226950000000002
 20
12.215114
 30
0.0
  0
SEQEND
  5
1022F
  8
PACKAGE_GEOMETRY_SILKSCREE
  0
POLYLINE
  5
2215
  8
PACKAGE_GEOMETRY_SILKSCREE
 66
     1
 10
0.0
 20
0.0
 30
0.0
 40
0.1524
 41
0.1524
  0
VERTEX
  5
10230
  8
PACKAGE_GEOMETRY_SILKSCREE
 10
64.027050000000003
 20
12.8651
 30
0.0
  0
VERTEX
  5
10231
  8
PACKAGE_GEOMETRY_SILKSCREE
 10
63.226950000000002
 20
12.8651
 30
0.0
  0
SEQEND
  5
10232
  8
PACKAGE_GEOMETRY_SILKSCREE
  0
POLYLINE
  5
2219
  8
PACKAGE_GEOMETRY_SILKSCREE
 66
     1
 10
0.0
 20
0.0
 30
0.0
 40
0.1524
 41
0.1524
  0
VERTEX
  5
10233
  8
PACKAGE_GEOMETRY_SILKSCREE
 10
64.027050000000003
 20
12.215114
 30
0.0
  0
VERTEX
  5
10234
  8
PACKAGE_GEOMETRY_SILKSCREE
 10
64.027050000000003
 20
12.8651
 30
0.0
  0
SEQEND
  5
10235
  8
PACKAGE_GEOMETRY_SILKSCREE
  0
POLYLINE
  5
221D
  8
PIN_TOP
 66
     1
 10
0.0
 20
0.0
 30
0.0
 70
     1
  0
VERTEX
  5
10236
  8
PIN_TOP
 10
26.893774000000001
 20
0.712216
 30
0.0
  0
VERTEX
  5
10237
  8
PIN_TOP
 10
26.893774000000001
 20
1.906015999999999
 30
0.0
  0
VERTEX
  5
10238
  8
PIN_TOP
 10
28.290773999999999
 20
1.906015999999999
 30
0.0
  0
VERTEX
  5
10239
  8
PIN_TOP
 10
28.290773999999999
 20
0.712216
 30
0.0
  0
SEQEND
  5
1023A
  8
PIN_TOP
  0
POLYLINE
  5
2223
  8
PIN_TOP
 66
     1
 10
0.0
 20
0.0
 30
0.0
 70
     1
  0
VERTEX
  5
1023B
  8
PIN_TOP
 10
24.693625999999998
 20
2.411983999999999
 30
0.0
  0
VERTEX
  5
1023C
  8
PIN_TOP
 10
24.693625999999998
 20
3.6057839999999981
 30
0.0
  0
VERTEX
  5
1023D
  8
PIN_TOP
 10
26.090626
 20
3.6057839999999981
 30
0.0
  0
VERTEX
  5
1023E
  8
PIN_TOP
 10
26.090626
 20
2.411983999999999
 30
0.0
  0
SEQEND
  5
1023F
  8
PIN_TOP
  0
POLYLINE
  5
2229
  8
PIN_TOP
 66
     1
 10
0.0
 20
0.0
 30
0.0
 70
     1
  0
VERTEX
  5
10240
  8
PIN_TOP
 10
24.693625999999998
 20
0.712216
 30
0.0
  0
VERTEX
  5
10241
  8
PIN_TOP
 10
24.693625999999998
 20
1.906015999999999
 30
0.0
  0
VERTEX
  5
10242
  8
PIN_TOP
 10
26.090626
 20
1.906015999999999
 30
0.0
  0
VERTEX
  5
10243
  8
PIN_TOP
 10
26.090626
 20
0.712216
 30
0.0
  0
SEQEND
  5
10244
  8
PIN_TOP
  0
POLYLINE
  5
222F
  8
PIN_TOP
 66
     1
 10
0.0
 20
0.0
 30
0.0
 70
     1
  0
VERTEX
  5
10245
  8
PIN_TOP
 10
26.893774000000001
 20
2.411983999999999
 30
0.0
  0
VERTEX
  5
10246
  8
PIN_TOP
 10
26.893774000000001
 20
3.6057839999999981
 30
0.0
  0
VERTEX
  5
10247
  8
PIN_TOP
 10
28.290773999999999
 20
3.6057839999999981
 30
0.0
  0
VERTEX
  5
10248
  8
PIN_TOP
 10
28.290773999999999
 20
2.411983999999999
 30
0.0
  0
SEQEND
  5
10249
  8
PIN_TOP
  0
POLYLINE
  5
2235
  8
PACKAGE_GEOMETRY_SILKSCREE
 66
     1
 10
0.0
 20
0.0
 30
0.0
 40
0.1524
 41
0.1524
  0
VERTEX
  5
1024A
  8
PACKAGE_GEOMETRY_SILKSCREE
 10
24.421084
 20
0.9644379999999998
 30
0.0
 42
1.0000020000000001
  0
VERTEX
  5
1024B
  8
PACKAGE_GEOMETRY_SILKSCREE
 10
24.031956000000001
 20
0.9644379999999998
 30
0.0
 42
0.9999979999999998
  0
VERTEX
  5
1024C
  8
PACKAGE_GEOMETRY_SILKSCREE
 10
24.421084
 20
0.9644379999999998
 30
0.0
  0
SEQEND
  5
1024D
  8
PACKAGE_GEOMETRY_SILKSCREE
  0
POLYLINE
  5
223A
  8
PACKAGE_GEOMETRY_SILKSCREE
 66
     1
 10
0.0
 20
0.0
 30
0.0
 40
0.1524
 41
0.1524
  0
VERTEX
  5
1024E
  8
PACKAGE_GEOMETRY_SILKSCREE
 10
26.226261999999998
 20
3.422142
 30
0.0
  0
VERTEX
  5
1024F
  8
PACKAGE_GEOMETRY_SILKSCREE
 10
26.771599999999999
 20
3.422142
 30
0.0
  0
SEQEND
  5
10250
  8
PACKAGE_GEOMETRY_SILKSCREE
  0
POLYLINE
  5
223E
  8
PACKAGE_GEOMETRY_SILKSCREE
 66
     1
 10
0.0
 20
0.0
 30
0.0
 40
0.1524
 41
0.1524
  0
VERTEX
  5
10251
  8
PACKAGE_GEOMETRY_SILKSCREE
 10
24.892254000000001
 20
2.341625999999998
 30
0.0
  0
VERTEX
  5
10252
  8
PACKAGE_GEOMETRY_SILKSCREE
 10
24.892254000000001
 20
2.0165060000000001
 30
0.0
  0
SEQEND
  5
10253
  8
PACKAGE_GEOMETRY_SILKSCREE
  0
POLYLINE
  5
2242
  8
PACKAGE_GEOMETRY_SILKSCREE
 66
     1
 10
0.0
 20
0.0
 30
0.0
 40
0.1524
 41
0.1524
  0
VERTEX
  5
10254
  8
PACKAGE_GEOMETRY_SILKSCREE
 10
26.226261999999998
 20
0.9090659999999999
 30
0.0
  0
VERTEX
  5
10255
  8
PACKAGE_GEOMETRY_SILKSCREE
 10
26.771346000000001
 20
0.9090659999999999
 30
0.0
  0
SEQEND
  5
10256
  8
PACKAGE_GEOMETRY_SILKSCREE
  0
POLYLINE
  5
2246
  8
PACKAGE_GEOMETRY_SILKSCREE
 66
     1
 10
0.0
 20
0.0
 30
0.0
 40
0.1524
 41
0.1524
  0
VERTEX
  5
10257
  8
PACKAGE_GEOMETRY_SILKSCREE
 10
28.09214600000001
 20
2.330449999999999
 30
0.0
  0
VERTEX
  5
10258
  8
PACKAGE_GEOMETRY_SILKSCREE
 10
28.09214600000001
 20
2.0124419999999992
 30
0.0
  0
SEQEND
  5
10259
  8
PACKAGE_GEOMETRY_SILKSCREE
  0
POLYLINE
  5
224A
  8
PIN_TOP
 66
     1
 10
0.0
 20
0.0
 30
0.0
 70
     1
  0
VERTEX
  5
1025A
  8
PIN_TOP
 10
33.540700000000001
 20
4.402835999999998
 30
0.0
  0
VERTEX
  5
1025B
  8
PIN_TOP
 10
35.5473
 20
4.402835999999998
 30
0.0
  0
VERTEX
  5
1025C
  8
PIN_TOP
 10
35.5473
 20
3.691635999999999
 30
0.0
  0
VERTEX
  5
1025D
  8
PIN_TOP
 10
33.540700000000001
 20
3.691635999999999
 30
0.0
  0
SEQEND
  5
1025E
  8
PIN_TOP
  0
POLYLINE
  5
2250
  8
PIN_TOP
 66
     1
 10
0.0
 20
0.0
 30
0.0
 70
     1
  0
VERTEX
  5
1025F
  8
PIN_TOP
 10
33.540700000000001
 20
2.302763999999998
 30
0.0
  0
VERTEX
  5
10260
  8
PIN_TOP
 10
35.5473
 20
2.302763999999998
 30
0.0
  0
VERTEX
  5
10261
  8
PIN_TOP
 10
35.5473
 20
1.5915639999999991
 30
0.0
  0
VERTEX
  5
10262
  8
PIN_TOP
 10
33.540700000000001
 20
1.5915639999999991
 30
0.0
  0
SEQEND
  5
10263
  8
PIN_TOP
  0
POLYLINE
  5
2256
  8
PACKAGE_GEOMETRY_SILKSCREE
 66
     1
 10
0.0
 20
0.0
 30
0.0
 40
0.1524
 41
0.1524
  0
VERTEX
  5
10264
  8
PACKAGE_GEOMETRY_SILKSCREE
 10
35.543998000000002
 20
2.4127459999999981
 30
0.0
  0
VERTEX
  5
10265
  8
PACKAGE_GEOMETRY_SILKSCREE
 10
35.543998000000002
 20
3.5534599999999981
 30
0.0
  0
SEQEND
  5
10266
  8
PACKAGE_GEOMETRY_SILKSCREE
  0
POLYLINE
  5
225A
  8
PACKAGE_GEOMETRY_SILKSCREE
 66
     1
 10
0.0
 20
0.0
 30
0.0
 40
0.1524
 41
0.1524
  0
VERTEX
  5
10267
  8
PACKAGE_GEOMETRY_SILKSCREE
 10
33.544001999999999
 20
2.4127459999999981
 30
0.0
  0
VERTEX
  5
10268
  8
PACKAGE_GEOMETRY_SILKSCREE
 10
33.544001999999999
 20
3.5534599999999981
 30
0.0
  0
SEQEND
  5
10269
  8
PACKAGE_GEOMETRY_SILKSCREE
  0
CIRCLE
  5
225E
  8
PIN_TOP
 10
32.931100000000001
 20
2.1239479999999991
 30
0.0
 40
0.109982
  0
CIRCLE
  5
225F
  8
PIN_TOP
 10
32.931100000000001
 20
1.723897999999999
 30
0.0
 40
0.109982
  0
CIRCLE
  5
2260
  8
PIN_TOP
 10
32.931100000000001
 20
1.324101999999999
 30
0.0
 40
0.109982
  0
CIRCLE
  5
2261
  8
PIN_TOP
 10
32.931100000000001
 20
0.924052
 30
0.0
 40
0.109982
  0
CIRCLE
  5
2262
  8
PIN_TOP
 10
32.53105
 20
2.1239479999999991
 30
0.0
 40
0.109982
  0
CIRCLE
  5
2263
  8
PIN_TOP
 10
32.53105
 20
1.723897999999999
 30
0.0
 40
0.109982
  0
CIRCLE
  5
2264
  8
PIN_TOP
 10
32.53105
 20
1.324101999999999
 30
0.0
 40
0.109982
  0
CIRCLE
  5
2265
  8
PIN_TOP
 10
32.53105
 20
0.924052
 30
0.0
 40
0.109982
  0
CIRCLE
  5
2266
  8
PIN_TOP
 10
32.131
 20
2.1239479999999991
 30
0.0
 40
0.109982
  0
CIRCLE
  5
2267
  8
PIN_TOP
 10
32.131
 20
1.723897999999999
 30
0.0
 40
0.109982
  0
CIRCLE
  5
2268
  8
PIN_TOP
 10
32.131
 20
1.324101999999999
 30
0.0
 40
0.109982
  0
CIRCLE
  5
2269
  8
PIN_TOP
 10
32.131
 20
0.924052
 30
0.0
 40
0.109982
  0
CIRCLE
  5
226A
  8
PIN_TOP
 10
31.73095
 20
2.1239479999999991
 30
0.0
 40
0.109982
  0
CIRCLE
  5
226B
  8
PIN_TOP
 10
31.73095
 20
1.723897999999999
 30
0.0
 40
0.109982
  0
CIRCLE
  5
226C
  8
PIN_TOP
 10
31.73095
 20
1.324101999999999
 30
0.0
 40
0.109982
  0
CIRCLE
  5
226D
  8
PIN_TOP
 10
31.73095
 20
0.924052
 30
0.0
 40
0.109982
  0
CIRCLE
  5
226E
  8
PIN_TOP
 10
31.3309
 20
2.1239479999999991
 30
0.0
 40
0.109982
  0
CIRCLE
  5
226F
  8
PIN_TOP
 10
31.3309
 20
1.723897999999999
 30
0.0
 40
0.109982
  0
CIRCLE
  5
2270
  8
PIN_TOP
 10
31.3309
 20
1.324101999999999
 30
0.0
 40
0.109982
  0
CIRCLE
  5
2271
  8
PIN_TOP
 10
31.3309
 20
0.924052
 30
0.0
 40
0.109982
  0
POLYLINE
  5
2272
  8
PACKAGE_GEOMETRY_SILKSCREE
 66
     1
 10
0.0
 20
0.0
 30
0.0
 40
0.1524
 41
0.1524
  0
VERTEX
  5
1026A
  8
PACKAGE_GEOMETRY_SILKSCREE
 10
31.092901999999999
 20
0.624078
 30
0.0
 42
1.0004379999999991
  0
VERTEX
  5
1026B
  8
PACKAGE_GEOMETRY_SILKSCREE
 10
30.869128
 20
0.6238240000000001
 30
0.0
 42
0.999562
  0
VERTEX
  5
1026C
  8
PACKAGE_GEOMETRY_SILKSCREE
 10
31.092901999999999
 20
0.624078
 30
0.0
  0
SEQEND
  5
1026D
  8
PACKAGE_GEOMETRY_SILKSCREE
  0
POLYLINE
  5
2277
  8
PACKAGE_GEOMETRY_SILKSCREE
 66
     1
 10
0.0
 20
0.0
 30
0.0
 40
0.1524
 41
0.1524
  0
VERTEX
  5
1026E
  8
PACKAGE_GEOMETRY_SILKSCREE
 10
33.130997999999998
 20
2.3241000000000001
 30
0.0
  0
VERTEX
  5
1026F
  8
PACKAGE_GEOMETRY_SILKSCREE
 10
33.130997999999998
 20
0.7239
 30
0.0
  0
SEQEND
  5
10270
  8
PACKAGE_GEOMETRY_SILKSCREE
  0
POLYLINE
  5
227B
  8
PACKAGE_GEOMETRY_SILKSCREE
 66
     1
 10
0.0
 20
0.0
 30
0.0
 40
0.1524
 41
0.1524
  0
VERTEX
  5
10271
  8
PACKAGE_GEOMETRY_SILKSCREE
 10
31.131001999999999
 20
2.3241000000000001
 30
0.0
  0
VERTEX
  5
10272
  8
PACKAGE_GEOMETRY_SILKSCREE
 10
33.130997999999998
 20
2.3241000000000001
 30
0.0
  0
SEQEND
  5
10273
  8
PACKAGE_GEOMETRY_SILKSCREE
  0
POLYLINE
  5
227F
  8
PACKAGE_GEOMETRY_SILKSCREE
 66
     1
 10
0.0
 20
0.0
 30
0.0
 40
0.1524
 41
0.1524
  0
VERTEX
  5
10274
  8
PACKAGE_GEOMETRY_SILKSCREE
 10
31.131001999999999
 20
0.823976
 30
0.0
  0
VERTEX
  5
10275
  8
PACKAGE_GEOMETRY_SILKSCREE
 10
31.131001999999999
 20
2.3241000000000001
 30
0.0
  0
SEQEND
  5
10276
  8
PACKAGE_GEOMETRY_SILKSCREE
  0
POLYLINE
  5
2283
  8
PACKAGE_GEOMETRY_SILKSCREE
 66
     1
 10
0.0
 20
0.0
 30
0.0
 40
0.1524
 41
0.1524
  0
VERTEX
  5
10277
  8
PACKAGE_GEOMETRY_SILKSCREE
 10
31.231078
 20
0.7239
 30
0.0
  0
VERTEX
  5
10278
  8
PACKAGE_GEOMETRY_SILKSCREE
 10
31.131001999999999
 20
0.823976
 30
0.0
  0
SEQEND
  5
10279
  8
PACKAGE_GEOMETRY_SILKSCREE
  0
POLYLINE
  5
2287
  8
PACKAGE_GEOMETRY_SILKSCREE
 66
     1
 10
0.0
 20
0.0
 30
0.0
 40
0.1524
 41
0.1524
  0
VERTEX
  5
1027A
  8
PACKAGE_GEOMETRY_SILKSCREE
 10
33.130997999999998
 20
0.7239
 30
0.0
  0
VERTEX
  5
1027B
  8
PACKAGE_GEOMETRY_SILKSCREE
 10
31.231078
 20
0.7239
 30
0.0
  0
SEQEND
  5
1027C
  8
PACKAGE_GEOMETRY_SILKSCREE
  0
TEXT
  5
228B
  8
PACKAGE_GEOMETRY_SILKSCREE
 10
30.937200000000001
 20
0.762
 30
0.0
 40
0.635
  1
1
 50
90.0
 41
1.004
  0
TEXT
  5
228C
  8
PACKAGE_GEOMETRY_SILKSCREE
 10
30.98800000000001
 20
1.778
 30
0.0
 40
0.635
  1
4
 50
90.0
 41
1.004
  0
POLYLINE
  5
228D
  8
PIN_TOP
 66
     1
 10
0.0
 20
0.0
 30
0.0
 70
     1
  0
VERTEX
  5
1027D
  8
PIN_TOP
 10
17.503011999999998
 20
4.3268560000000003
 30
0.0
  0
VERTEX
  5
1027E
  8
PIN_TOP
 10
17.898143999999991
 20
4.7219879999999987
 30
0.0
  0
VERTEX
  5
1027F
  8
PIN_TOP
 10
18.185511999999999
 20
4.434619999999998
 30
0.0
  0
VERTEX
  5
10280
  8
PIN_TOP
 10
17.790379999999999
 20
4.0394879999999986
 30
0.0
  0
SEQEND
  5
10281
  8
PIN_TOP
  0
POLYLINE
  5
2293
  8
PIN_TOP
 66
     1
 10
0.0
 20
0.0
 30
0.0
 70
     1
  0
VERTEX
  5
10282
  8
PIN_TOP
 10
16.866488
 20
4.963379999999999
 30
0.0
  0
VERTEX
  5
10283
  8
PIN_TOP
 10
17.261620000000001
 20
5.3585120000000002
 30
0.0
  0
VERTEX
  5
10284
  8
PIN_TOP
 10
17.548988000000001
 20
5.0711440000000003
 30
0.0
  0
VERTEX
  5
10285
  8
PIN_TOP
 10
17.153856000000001
 20
4.6760120000000001
 30
0.0
  0
SEQEND
  5
10286
  8
PIN_TOP
  0
POLYLINE
  5
2299
  8
PACKAGE_GEOMETRY_SILKSCREE
 66
     1
 10
0.0
 20
0.0
 30
0.0
 40
0.100076
 41
0.100076
  0
VERTEX
  5
10287
  8
PACKAGE_GEOMETRY_SILKSCREE
 10
16.656303999999999
 20
4.9888139999999987
 30
0.0
  0
VERTEX
  5
10288
  8
PACKAGE_GEOMETRY_SILKSCREE
 10
17.837150000000001
 20
3.8082220000000002
 30
0.0
  0
SEQEND
  5
10289
  8
PACKAGE_GEOMETRY_SILKSCREE
  0
POLYLINE
  5
229D
  8
PACKAGE_GEOMETRY_SILKSCREE
 66
     1
 10
0.0
 20
0.0
 30
0.0
 40
0.100076
 41
0.100076
  0
VERTEX
  5
1028A
  8
PACKAGE_GEOMETRY_SILKSCREE
 10
17.243297999999999
 20
5.5758080000000003
 30
0.0
  0
VERTEX
  5
1028B
  8
PACKAGE_GEOMETRY_SILKSCREE
 10
16.656303999999999
 20
4.9888139999999987
 30
0.0
  0
SEQEND
  5
1028C
  8
PACKAGE_GEOMETRY_SILKSCREE
  0
POLYLINE
  5
22A1
  8
PACKAGE_GEOMETRY_SILKSCREE
 66
     1
 10
0.0
 20
0.0
 30
0.0
 40
0.100076
 41
0.100076
  0
VERTEX
  5
1028D
  8
PACKAGE_GEOMETRY_SILKSCREE
 10
18.424143999999998
 20
4.3952159999999987
 30
0.0
  0
VERTEX
  5
1028E
  8
PACKAGE_GEOMETRY_SILKSCREE
 10
17.243297999999999
 20
5.5758080000000003
 30
0.0
  0
SEQEND
  5
1028F
  8
PACKAGE_GEOMETRY_SILKSCREE
  0
POLYLINE
  5
22A5
  8
PACKAGE_GEOMETRY_SILKSCREE
 66
     1
 10
0.0
 20
0.0
 30
0.0
 40
0.100076
 41
0.100076
  0
VERTEX
  5
10290
  8
PACKAGE_GEOMETRY_SILKSCREE
 10
17.837150000000001
 20
3.8082220000000002
 30
0.0
  0
VERTEX
  5
10291
  8
PACKAGE_GEOMETRY_SILKSCREE
 10
18.424143999999998
 20
4.3952159999999987
 30
0.0
  0
SEQEND
  5
10292
  8
PACKAGE_GEOMETRY_SILKSCREE
  0
POLYLINE
  5
22A9
  8
PIN_TOP
 66
     1
 10
0.0
 20
0.0
 30
0.0
 70
     1
  0
VERTEX
  5
10293
  8
PIN_TOP
 10
17.119599999999998
 20
2.166112
 30
0.0
  0
VERTEX
  5
10294
  8
PIN_TOP
 10
17.6784
 20
2.166112
 30
0.0
  0
VERTEX
  5
10295
  8
PIN_TOP
 10
17.6784
 20
1.7597119999999991
 30
0.0
  0
VERTEX
  5
10296
  8
PIN_TOP
 10
17.119599999999998
 20
1.7597119999999991
 30
0.0
  0
SEQEND
  5
10297
  8
PIN_TOP
  0
POLYLINE
  5
22AF
  8
PIN_TOP
 66
     1
 10
0.0
 20
0.0
 30
0.0
 70
     1
  0
VERTEX
  5
10298
  8
PIN_TOP
 10
17.119599999999998
 20
3.0662880000000001
 30
0.0
  0
VERTEX
  5
10299
  8
PIN_TOP
 10
17.6784
 20
3.0662880000000001
 30
0.0
  0
VERTEX
  5
1029A
  8
PIN_TOP
 10
17.6784
 20
2.659888
 30
0.0
  0
VERTEX
  5
1029B
  8
PIN_TOP
 10
17.119599999999998
 20
2.659888
 30
0.0
  0
SEQEND
  5
1029C
  8
PIN_TOP
  0
POLYLINE
  5
22B5
  8
PACKAGE_GEOMETRY_SILKSCREE
 66
     1
 10
0.0
 20
0.0
 30
0.0
 40
0.100076
 41
0.100076
  0
VERTEX
  5
1029D
  8
PACKAGE_GEOMETRY_SILKSCREE
 10
16.989044
 20
3.232911999999998
 30
0.0
  0
VERTEX
  5
1029E
  8
PACKAGE_GEOMETRY_SILKSCREE
 10
16.989044
 20
1.5631159999999991
 30
0.0
  0
SEQEND
  5
1029F
  8
PACKAGE_GEOMETRY_SILKSCREE
  0
POLYLINE
  5
22B9
  8
PACKAGE_GEOMETRY_SILKSCREE
 66
     1
 10
0.0
 20
0.0
 30
0.0
 40
0.100076
 41
0.100076
  0
VERTEX
  5
102A0
  8
PACKAGE_GEOMETRY_SILKSCREE
 10
17.819116000000001
 20
3.232911999999998
 30
0.0
  0
VERTEX
  5
102A1
  8
PACKAGE_GEOMETRY_SILKSCREE
 10
16.989044
 20
3.232911999999998
 30
0.0
  0
SEQEND
  5
102A2
  8
PACKAGE_GEOMETRY_SILKSCREE
  0
POLYLINE
  5
22BD
  8
PACKAGE_GEOMETRY_SILKSCREE
 66
     1
 10
0.0
 20
0.0
 30
0.0
 40
0.100076
 41
0.100076
  0
VERTEX
  5
102A3
  8
PACKAGE_GEOMETRY_SILKSCREE
 10
17.819116000000001
 20
1.5631159999999991
 30
0.0
  0
VERTEX
  5
102A4
  8
PACKAGE_GEOMETRY_SILKSCREE
 10
17.819116000000001
 20
3.232911999999998
 30
0.0
  0
SEQEND
  5
102A5
  8
PACKAGE_GEOMETRY_SILKSCREE
  0
POLYLINE
  5
22C1
  8
PACKAGE_GEOMETRY_SILKSCREE
 66
     1
 10
0.0
 20
0.0
 30
0.0
 40
0.100076
 41
0.100076
  0
VERTEX
  5
102A6
  8
PACKAGE_GEOMETRY_SILKSCREE
 10
16.989044
 20
1.5631159999999991
 30
0.0
  0
VERTEX
  5
102A7
  8
PACKAGE_GEOMETRY_SILKSCREE
 10
17.819116000000001
 20
1.5631159999999991
 30
0.0
  0
SEQEND
  5
102A8
  8
PACKAGE_GEOMETRY_SILKSCREE
  0
POLYLINE
  5
22C5
  8
PIN_TOP
 66
     1
 10
0.0
 20
0.0
 30
0.0
 70
     1
  0
VERTEX
  5
102A9
  8
PIN_TOP
 10
25.762712000000001
 20
22.5806
 30
0.0
  0
VERTEX
  5
102AA
  8
PIN_TOP
 10
25.762712000000001
 20
23.139399999999998
 30
0.0
  0
VERTEX
  5
102AB
  8
PIN_TOP
 10
26.169111999999998
 20
23.139399999999998
 30
0.0
  0
VERTEX
  5
102AC
  8
PIN_TOP
 10
26.169111999999998
 20
22.5806
 30
0.0
  0
SEQEND
  5
102AD
  8
PIN_TOP
  0
POLYLINE
  5
22CB
  8
PIN_TOP
 66
     1
 10
0.0
 20
0.0
 30
0.0
 70
     1
  0
VERTEX
  5
102AE
  8
PIN_TOP
 10
26.662887999999999
 20
22.5806
 30
0.0
  0
VERTEX
  5
102AF
  8
PIN_TOP
 10
26.662887999999999
 20
23.139399999999998
 30
0.0
  0
VERTEX
  5
102B0
  8
PIN_TOP
 10
27.069288
 20
23.139399999999998
 30
0.0
  0
VERTEX
  5
102B1
  8
PIN_TOP
 10
27.069288
 20
22.5806
 30
0.0
  0
SEQEND
  5
102B2
  8
PIN_TOP
  0
POLYLINE
  5
22D1
  8
PACKAGE_GEOMETRY_SILKSCREE
 66
     1
 10
0.0
 20
0.0
 30
0.0
 40
0.100076
 41
0.100076
  0
VERTEX
  5
102B3
  8
PACKAGE_GEOMETRY_SILKSCREE
 10
27.26588400000001
 20
22.450043999999998
 30
0.0
  0
VERTEX
  5
102B4
  8
PACKAGE_GEOMETRY_SILKSCREE
 10
27.26588400000001
 20
23.280116
 30
0.0
  0
SEQEND
  5
102B5
  8
PACKAGE_GEOMETRY_SILKSCREE
  0
POLYLINE
  5
22D5
  8
PACKAGE_GEOMETRY_SILKSCREE
 66
     1
 10
0.0
 20
0.0
 30
0.0
 40
0.100076
 41
0.100076
  0
VERTEX
  5
102B6
  8
PACKAGE_GEOMETRY_SILKSCREE
 10
27.26588400000001
 20
23.280116
 30
0.0
  0
VERTEX
  5
102B7
  8
PACKAGE_GEOMETRY_SILKSCREE
 10
25.596088000000002
 20
23.280116
 30
0.0
  0
SEQEND
  5
102B8
  8
PACKAGE_GEOMETRY_SILKSCREE
  0
POLYLINE
  5
22D9
  8
PACKAGE_GEOMETRY_SILKSCREE
 66
     1
 10
0.0
 20
0.0
 30
0.0
 40
0.100076
 41
0.100076
  0
VERTEX
  5
102B9
  8
PACKAGE_GEOMETRY_SILKSCREE
 10
25.596088000000002
 20
23.280116
 30
0.0
  0
VERTEX
  5
102BA
  8
PACKAGE_GEOMETRY_SILKSCREE
 10
25.596088000000002
 20
22.450043999999998
 30
0.0
  0
SEQEND
  5
102BB
  8
PACKAGE_GEOMETRY_SILKSCREE
  0
POLYLINE
  5
22DD
  8
PACKAGE_GEOMETRY_SILKSCREE
 66
     1
 10
0.0
 20
0.0
 30
0.0
 40
0.100076
 41
0.100076
  0
VERTEX
  5
102BC
  8
PACKAGE_GEOMETRY_SILKSCREE
 10
25.596088000000002
 20
22.450043999999998
 30
0.0
  0
VERTEX
  5
102BD
  8
PACKAGE_GEOMETRY_SILKSCREE
 10
27.26588400000001
 20
22.450043999999998
 30
0.0
  0
SEQEND
  5
102BE
  8
PACKAGE_GEOMETRY_SILKSCREE
  0
POLYLINE
  5
22E1
  8
PIN_TOP
 66
     1
 10
0.0
 20
0.0
 30
0.0
 70
     1
  0
VERTEX
  5
102BF
  8
PIN_TOP
 10
28.847287999999999
 20
23.139399999999998
 30
0.0
  0
VERTEX
  5
102C0
  8
PIN_TOP
 10
28.847287999999999
 20
22.5806
 30
0.0
  0
VERTEX
  5
102C1
  8
PIN_TOP
 10
28.440888000000001
 20
22.5806
 30
0.0
  0
VERTEX
  5
102C2
  8
PIN_TOP
 10
28.440888000000001
 20
23.139399999999998
 30
0.0
  0
SEQEND
  5
102C3
  8
PIN_TOP
  0
POLYLINE
  5
22E7
  8
PIN_TOP
 66
     1
 10
0.0
 20
0.0
 30
0.0
 70
     1
  0
VERTEX
  5
102C4
  8
PIN_TOP
 10
27.947112000000001
 20
23.139399999999998
 30
0.0
  0
VERTEX
  5
102C5
  8
PIN_TOP
 10
27.947112000000001
 20
22.5806
 30
0.0
  0
VERTEX
  5
102C6
  8
PIN_TOP
 10
27.540711999999999
 20
22.5806
 30
0.0
  0
VERTEX
  5
102C7
  8
PIN_TOP
 10
27.540711999999999
 20
23.139399999999998
 30
0.0
  0
SEQEND
  5
102C8
  8
PIN_TOP
  0
POLYLINE
  5
22ED
  8
PACKAGE_GEOMETRY_SILKSCREE
 66
     1
 10
0.0
 20
0.0
 30
0.0
 40
0.100076
 41
0.100076
  0
VERTEX
  5
102C9
  8
PACKAGE_GEOMETRY_SILKSCREE
 10
27.344116
 20
23.269956000000001
 30
0.0
  0
VERTEX
  5
102CA
  8
PACKAGE_GEOMETRY_SILKSCREE
 10
27.344116
 20
22.439883999999999
 30
0.0
  0
SEQEND
  5
102CB
  8
PACKAGE_GEOMETRY_SILKSCREE
  0
POLYLINE
  5
22F1
  8
PACKAGE_GEOMETRY_SILKSCREE
 66
     1
 10
0.0
 20
0.0
 30
0.0
 40
0.100076
 41
0.100076
  0
VERTEX
  5
102CC
  8
PACKAGE_GEOMETRY_SILKSCREE
 10
27.344116
 20
22.439883999999999
 30
0.0
  0
VERTEX
  5
102CD
  8
PACKAGE_GEOMETRY_SILKSCREE
 10
29.013912000000001
 20
22.439883999999999
 30
0.0
  0
SEQEND
  5
102CE
  8
PACKAGE_GEOMETRY_SILKSCREE
  0
POLYLINE
  5
22F5
  8
PACKAGE_GEOMETRY_SILKSCREE
 66
     1
 10
0.0
 20
0.0
 30
0.0
 40
0.100076
 41
0.100076
  0
VERTEX
  5
102CF
  8
PACKAGE_GEOMETRY_SILKSCREE
 10
29.013912000000001
 20
22.439883999999999
 30
0.0
  0
VERTEX
  5
102D0
  8
PACKAGE_GEOMETRY_SILKSCREE
 10
29.013912000000001
 20
23.269956000000001
 30
0.0
  0
SEQEND
  5
102D1
  8
PACKAGE_GEOMETRY_SILKSCREE
  0
POLYLINE
  5
22F9
  8
PACKAGE_GEOMETRY_SILKSCREE
 66
     1
 10
0.0
 20
0.0
 30
0.0
 40
0.100076
 41
0.100076
  0
VERTEX
  5
102D2
  8
PACKAGE_GEOMETRY_SILKSCREE
 10
29.013912000000001
 20
23.269956000000001
 30
0.0
  0
VERTEX
  5
102D3
  8
PACKAGE_GEOMETRY_SILKSCREE
 10
27.344116
 20
23.269956000000001
 30
0.0
  0
SEQEND
  5
102D4
  8
PACKAGE_GEOMETRY_SILKSCREE
  0
POLYLINE
  5
22FD
  8
PIN_TOP
 66
     1
 10
0.0
 20
0.0
 30
0.0
 70
     1
  0
VERTEX
  5
102D5
  8
PIN_TOP
 10
14.154911999999999
 20
6.9596
 30
0.0
  0
VERTEX
  5
102D6
  8
PIN_TOP
 10
14.154911999999999
 20
7.5183999999999989
 30
0.0
  0
VERTEX
  5
102D7
  8
PIN_TOP
 10
14.561311999999999
 20
7.5183999999999989
 30
0.0
  0
VERTEX
  5
102D8
  8
PIN_TOP
 10
14.561311999999999
 20
6.9596
 30
0.0
  0
SEQEND
  5
102D9
  8
PIN_TOP
  0
POLYLINE
  5
2303
  8
PIN_TOP
 66
     1
 10
0.0
 20
0.0
 30
0.0
 70
     1
  0
VERTEX
  5
102DA
  8
PIN_TOP
 10
15.055088
 20
6.9596
 30
0.0
  0
VERTEX
  5
102DB
  8
PIN_TOP
 10
15.055088
 20
7.5183999999999989
 30
0.0
  0
VERTEX
  5
102DC
  8
PIN_TOP
 10
15.461487999999999
 20
7.5183999999999989
 30
0.0
  0
VERTEX
  5
102DD
  8
PIN_TOP
 10
15.461487999999999
 20
6.9596
 30
0.0
  0
SEQEND
  5
102DE
  8
PIN_TOP
  0
POLYLINE
  5
2309
  8
PACKAGE_GEOMETRY_SILKSCREE
 66
     1
 10
0.0
 20
0.0
 30
0.0
 40
0.100076
 41
0.100076
  0
VERTEX
  5
102DF
  8
PACKAGE_GEOMETRY_SILKSCREE
 10
13.988288000000001
 20
6.8290439999999988
 30
0.0
  0
VERTEX
  5
102E0
  8
PACKAGE_GEOMETRY_SILKSCREE
 10
15.658084000000001
 20
6.8290439999999988
 30
0.0
  0
SEQEND
  5
102E1
  8
PACKAGE_GEOMETRY_SILKSCREE
  0
POLYLINE
  5
230D
  8
PACKAGE_GEOMETRY_SILKSCREE
 66
     1
 10
0.0
 20
0.0
 30
0.0
 40
0.100076
 41
0.100076
  0
VERTEX
  5
102E2
  8
PACKAGE_GEOMETRY_SILKSCREE
 10
13.988288000000001
 20
7.659116
 30
0.0
  0
VERTEX
  5
102E3
  8
PACKAGE_GEOMETRY_SILKSCREE
 10
13.988288000000001
 20
6.8290439999999988
 30
0.0
  0
SEQEND
  5
102E4
  8
PACKAGE_GEOMETRY_SILKSCREE
  0
POLYLINE
  5
2311
  8
PACKAGE_GEOMETRY_SILKSCREE
 66
     1
 10
0.0
 20
0.0
 30
0.0
 40
0.100076
 41
0.100076
  0
VERTEX
  5
102E5
  8
PACKAGE_GEOMETRY_SILKSCREE
 10
15.658084000000001
 20
7.659116
 30
0.0
  0
VERTEX
  5
102E6
  8
PACKAGE_GEOMETRY_SILKSCREE
 10
13.988288000000001
 20
7.659116
 30
0.0
  0
SEQEND
  5
102E7
  8
PACKAGE_GEOMETRY_SILKSCREE
  0
POLYLINE
  5
2315
  8
PACKAGE_GEOMETRY_SILKSCREE
 66
     1
 10
0.0
 20
0.0
 30
0.0
 40
0.100076
 41
0.100076
  0
VERTEX
  5
102E8
  8
PACKAGE_GEOMETRY_SILKSCREE
 10
15.658084000000001
 20
6.8290439999999988
 30
0.0
  0
VERTEX
  5
102E9
  8
PACKAGE_GEOMETRY_SILKSCREE
 10
15.658084000000001
 20
7.659116
 30
0.0
  0
SEQEND
  5
102EA
  8
PACKAGE_GEOMETRY_SILKSCREE
  0
POLYLINE
  5
2319
  8
PIN_TOP
 66
     1
 10
0.0
 20
0.0
 30
0.0
 70
     1
  0
VERTEX
  5
102EB
  8
PIN_TOP
 10
11.411712
 20
7.3406000000000002
 30
0.0
  0
VERTEX
  5
102EC
  8
PIN_TOP
 10
11.411712
 20
7.8993999999999982
 30
0.0
  0
VERTEX
  5
102ED
  8
PIN_TOP
 10
11.818111999999999
 20
7.8993999999999982
 30
0.0
  0
VERTEX
  5
102EE
  8
PIN_TOP
 10
11.818111999999999
 20
7.3406000000000002
 30
0.0
  0
SEQEND
  5
102EF
  8
PIN_TOP
  0
POLYLINE
  5
231F
  8
PIN_TOP
 66
     1
 10
0.0
 20
0.0
 30
0.0
 70
     1
  0
VERTEX
  5
102F0
  8
PIN_TOP
 10
12.311888
 20
7.3406000000000002
 30
0.0
  0
VERTEX
  5
102F1
  8
PIN_TOP
 10
12.311888
 20
7.8993999999999982
 30
0.0
  0
VERTEX
  5
102F2
  8
PIN_TOP
 10
12.718287999999999
 20
7.8993999999999982
 30
0.0
  0
VERTEX
  5
102F3
  8
PIN_TOP
 10
12.718287999999999
 20
7.3406000000000002
 30
0.0
  0
SEQEND
  5
102F4
  8
PIN_TOP
  0
POLYLINE
  5
2325
  8
PACKAGE_GEOMETRY_SILKSCREE
 66
     1
 10
0.0
 20
0.0
 30
0.0
 40
0.100076
 41
0.100076
  0
VERTEX
  5
102F5
  8
PACKAGE_GEOMETRY_SILKSCREE
 10
11.245088000000001
 20
7.210043999999999
 30
0.0
  0
VERTEX
  5
102F6
  8
PACKAGE_GEOMETRY_SILKSCREE
 10
12.914884000000001
 20
7.210043999999999
 30
0.0
  0
SEQEND
  5
102F7
  8
PACKAGE_GEOMETRY_SILKSCREE
  0
POLYLINE
  5
2329
  8
PACKAGE_GEOMETRY_SILKSCREE
 66
     1
 10
0.0
 20
0.0
 30
0.0
 40
0.100076
 41
0.100076
  0
VERTEX
  5
102F8
  8
PACKAGE_GEOMETRY_SILKSCREE
 10
11.245088000000001
 20
8.0401160000000012
 30
0.0
  0
VERTEX
  5
102F9
  8
PACKAGE_GEOMETRY_SILKSCREE
 10
11.245088000000001
 20
7.210043999999999
 30
0.0
  0
SEQEND
  5
102FA
  8
PACKAGE_GEOMETRY_SILKSCREE
  0
POLYLINE
  5
232D
  8
PACKAGE_GEOMETRY_SILKSCREE
 66
     1
 10
0.0
 20
0.0
 30
0.0
 40
0.100076
 41
0.100076
  0
VERTEX
  5
102FB
  8
PACKAGE_GEOMETRY_SILKSCREE
 10
12.914884000000001
 20
8.0401160000000012
 30
0.0
  0
VERTEX
  5
102FC
  8
PACKAGE_GEOMETRY_SILKSCREE
 10
11.245088000000001
 20
8.0401160000000012
 30
0.0
  0
SEQEND
  5
102FD
  8
PACKAGE_GEOMETRY_SILKSCREE
  0
POLYLINE
  5
2331
  8
PACKAGE_GEOMETRY_SILKSCREE
 66
     1
 10
0.0
 20
0.0
 30
0.0
 40
0.100076
 41
0.100076
  0
VERTEX
  5
102FE
  8
PACKAGE_GEOMETRY_SILKSCREE
 10
12.914884000000001
 20
7.210043999999999
 30
0.0
  0
VERTEX
  5
102FF
  8
PACKAGE_GEOMETRY_SILKSCREE
 10
12.914884000000001
 20
8.0401160000000012
 30
0.0
  0
SEQEND
  5
10300
  8
PACKAGE_GEOMETRY_SILKSCREE
  0
POLYLINE
  5
2335
  8
PIN_TOP
 66
     1
 10
0.0
 20
0.0
 30
0.0
 70
     1
  0
VERTEX
  5
10301
  8
PIN_TOP
 10
11.048999999999999
 20
7.4747119999999976
 30
0.0
  0
VERTEX
  5
10302
  8
PIN_TOP
 10
10.4902
 20
7.4747119999999976
 30
0.0
  0
VERTEX
  5
10303
  8
PIN_TOP
 10
10.4902
 20
7.881111999999999
 30
0.0
  0
VERTEX
  5
10304
  8
PIN_TOP
 10
11.048999999999999
 20
7.881111999999999
 30
0.0
  0
SEQEND
  5
10305
  8
PIN_TOP
  0
POLYLINE
  5
233B
  8
PIN_TOP
 66
     1
 10
0.0
 20
0.0
 30
0.0
 70
     1
  0
VERTEX
  5
10306
  8
PIN_TOP
 10
11.048999999999999
 20
8.3748880000000003
 30
0.0
  0
VERTEX
  5
10307
  8
PIN_TOP
 10
10.4902
 20
8.3748880000000003
 30
0.0
  0
VERTEX
  5
10308
  8
PIN_TOP
 10
10.4902
 20
8.7812879999999982
 30
0.0
  0
VERTEX
  5
10309
  8
PIN_TOP
 10
11.048999999999999
 20
8.7812879999999982
 30
0.0
  0
SEQEND
  5
1030A
  8
PIN_TOP
  0
POLYLINE
  5
2341
  8
PACKAGE_GEOMETRY_SILKSCREE
 66
     1
 10
0.0
 20
0.0
 30
0.0
 40
0.100076
 41
0.100076
  0
VERTEX
  5
1030B
  8
PACKAGE_GEOMETRY_SILKSCREE
 10
11.179556
 20
7.3080879999999979
 30
0.0
  0
VERTEX
  5
1030C
  8
PACKAGE_GEOMETRY_SILKSCREE
 10
11.179556
 20
8.9778839999999978
 30
0.0
  0
SEQEND
  5
1030D
  8
PACKAGE_GEOMETRY_SILKSCREE
  0
POLYLINE
  5
2345
  8
PACKAGE_GEOMETRY_SILKSCREE
 66
     1
 10
0.0
 20
0.0
 30
0.0
 40
0.100076
 41
0.100076
  0
VERTEX
  5
1030E
  8
PACKAGE_GEOMETRY_SILKSCREE
 10
10.349484
 20
7.3080879999999979
 30
0.0
  0
VERTEX
  5
1030F
  8
PACKAGE_GEOMETRY_SILKSCREE
 10
11.179556
 20
7.3080879999999979
 30
0.0
  0
SEQEND
  5
10310
  8
PACKAGE_GEOMETRY_SILKSCREE
  0
POLYLINE
  5
2349
  8
PACKAGE_GEOMETRY_SILKSCREE
 66
     1
 10
0.0
 20
0.0
 30
0.0
 40
0.100076
 41
0.100076
  0
VERTEX
  5
10311
  8
PACKAGE_GEOMETRY_SILKSCREE
 10
10.349484
 20
8.9778839999999978
 30
0.0
  0
VERTEX
  5
10312
  8
PACKAGE_GEOMETRY_SILKSCREE
 10
10.349484
 20
7.3080879999999979
 30
0.0
  0
SEQEND
  5
10313
  8
PACKAGE_GEOMETRY_SILKSCREE
  0
POLYLINE
  5
234D
  8
PACKAGE_GEOMETRY_SILKSCREE
 66
     1
 10
0.0
 20
0.0
 30
0.0
 40
0.100076
 41
0.100076
  0
VERTEX
  5
10314
  8
PACKAGE_GEOMETRY_SILKSCREE
 10
11.179556
 20
8.9778839999999978
 30
0.0
  0
VERTEX
  5
10315
  8
PACKAGE_GEOMETRY_SILKSCREE
 10
10.349484
 20
8.9778839999999978
 30
0.0
  0
SEQEND
  5
10316
  8
PACKAGE_GEOMETRY_SILKSCREE
  0
POLYLINE
  5
2351
  8
PIN_TOP
 66
     1
 10
0.0
 20
0.0
 30
0.0
 70
     1
  0
VERTEX
  5
10317
  8
PIN_TOP
 10
11.411712
 20
8.3566000000000003
 30
0.0
  0
VERTEX
  5
10318
  8
PIN_TOP
 10
11.411712
 20
8.9153999999999982
 30
0.0
  0
VERTEX
  5
10319
  8
PIN_TOP
 10
11.818111999999999
 20
8.9153999999999982
 30
0.0
  0
VERTEX
  5
1031A
  8
PIN_TOP
 10
11.818111999999999
 20
8.3566000000000003
 30
0.0
  0
SEQEND
  5
1031B
  8
PIN_TOP
  0
POLYLINE
  5
2357
  8
PIN_TOP
 66
     1
 10
0.0
 20
0.0
 30
0.0
 70
     1
  0
VERTEX
  5
1031C
  8
PIN_TOP
 10
12.311888
 20
8.3566000000000003
 30
0.0
  0
VERTEX
  5
1031D
  8
PIN_TOP
 10
12.311888
 20
8.9153999999999982
 30
0.0
  0
VERTEX
  5
1031E
  8
PIN_TOP
 10
12.718287999999999
 20
8.9153999999999982
 30
0.0
  0
VERTEX
  5
1031F
  8
PIN_TOP
 10
12.718287999999999
 20
8.3566000000000003
 30
0.0
  0
SEQEND
  5
10320
  8
PIN_TOP
  0
POLYLINE
  5
235D
  8
PACKAGE_GEOMETRY_SILKSCREE
 66
     1
 10
0.0
 20
0.0
 30
0.0
 40
0.100076
 41
0.100076
  0
VERTEX
  5
10321
  8
PACKAGE_GEOMETRY_SILKSCREE
 10
11.245088000000001
 20
8.2260439999999981
 30
0.0
  0
VERTEX
  5
10322
  8
PACKAGE_GEOMETRY_SILKSCREE
 10
12.914884000000001
 20
8.2260439999999981
 30
0.0
  0
SEQEND
  5
10323
  8
PACKAGE_GEOMETRY_SILKSCREE
  0
POLYLINE
  5
2361
  8
PACKAGE_GEOMETRY_SILKSCREE
 66
     1
 10
0.0
 20
0.0
 30
0.0
 40
0.100076
 41
0.100076
  0
VERTEX
  5
10324
  8
PACKAGE_GEOMETRY_SILKSCREE
 10
11.245088000000001
 20
9.0561159999999994
 30
0.0
  0
VERTEX
  5
10325
  8
PACKAGE_GEOMETRY_SILKSCREE
 10
11.245088000000001
 20
8.2260439999999981
 30
0.0
  0
SEQEND
  5
10326
  8
PACKAGE_GEOMETRY_SILKSCREE
  0
POLYLINE
  5
2365
  8
PACKAGE_GEOMETRY_SILKSCREE
 66
     1
 10
0.0
 20
0.0
 30
0.0
 40
0.100076
 41
0.100076
  0
VERTEX
  5
10327
  8
PACKAGE_GEOMETRY_SILKSCREE
 10
12.914884000000001
 20
9.0561159999999994
 30
0.0
  0
VERTEX
  5
10328
  8
PACKAGE_GEOMETRY_SILKSCREE
 10
11.245088000000001
 20
9.0561159999999994
 30
0.0
  0
SEQEND
  5
10329
  8
PACKAGE_GEOMETRY_SILKSCREE
  0
POLYLINE
  5
2369
  8
PACKAGE_GEOMETRY_SILKSCREE
 66
     1
 10
0.0
 20
0.0
 30
0.0
 40
0.100076
 41
0.100076
  0
VERTEX
  5
1032A
  8
PACKAGE_GEOMETRY_SILKSCREE
 10
12.914884000000001
 20
8.2260439999999981
 30
0.0
  0
VERTEX
  5
1032B
  8
PACKAGE_GEOMETRY_SILKSCREE
 10
12.914884000000001
 20
9.0561159999999994
 30
0.0
  0
SEQEND
  5
1032C
  8
PACKAGE_GEOMETRY_SILKSCREE
  0
POLYLINE
  5
236D
  8
PIN_TOP
 66
     1
 10
0.0
 20
0.0
 30
0.0
 70
     1
  0
VERTEX
  5
1032D
  8
PIN_TOP
 10
48.267620000000001
 20
2.3622000000000001
 30
0.0
  0
VERTEX
  5
1032E
  8
PIN_TOP
 10
47.454819999999991
 20
2.3622000000000001
 30
0.0
  0
VERTEX
  5
1032F
  8
PIN_TOP
 10
47.454819999999991
 20
3.174999999999998
 30
0.0
  0
VERTEX
  5
10330
  8
PIN_TOP
 10
48.267620000000001
 20
3.174999999999998
 30
0.0
  0
SEQEND
  5
10331
  8
PIN_TOP
  0
POLYLINE
  5
2373
  8
PIN_TOP
 66
     1
 10
0.0
 20
0.0
 30
0.0
 70
     1
  0
VERTEX
  5
10332
  8
PIN_TOP
 10
48.264572000000001
 20
0.62484
 30
0.0
  0
VERTEX
  5
10333
  8
PIN_TOP
 10
47.451771999999991
 20
0.62484
 30
0.0
  0
VERTEX
  5
10334
  8
PIN_TOP
 10
47.451771999999991
 20
1.43764
 30
0.0
  0
VERTEX
  5
10335
  8
PIN_TOP
 10
48.264572000000001
 20
1.43764
 30
0.0
  0
SEQEND
  5
10336
  8
PIN_TOP
  0
POLYLINE
  5
2379
  8
PACKAGE_GEOMETRY_SILKSCREE
 66
     1
 10
0.0
 20
0.0
 30
0.0
 40
0.1524
 41
0.1524
  0
VERTEX
  5
10337
  8
PACKAGE_GEOMETRY_SILKSCREE
 10
48.509681999999998
 20
0.4897120000000001
 30
0.0
  0
VERTEX
  5
10338
  8
PACKAGE_GEOMETRY_SILKSCREE
 10
48.509681999999998
 20
3.309619999999998
 30
0.0
  0
SEQEND
  5
10339
  8
PACKAGE_GEOMETRY_SILKSCREE
  0
POLYLINE
  5
237D
  8
PACKAGE_GEOMETRY_SILKSCREE
 66
     1
 10
0.0
 20
0.0
 30
0.0
 40
0.1524
 41
0.1524
  0
VERTEX
  5
1033A
  8
PACKAGE_GEOMETRY_SILKSCREE
 10
47.209710000000001
 20
0.4897120000000001
 30
0.0
  0
VERTEX
  5
1033B
  8
PACKAGE_GEOMETRY_SILKSCREE
 10
48.509681999999998
 20
0.4897120000000001
 30
0.0
  0
SEQEND
  5
1033C
  8
PACKAGE_GEOMETRY_SILKSCREE
  0
POLYLINE
  5
2381
  8
PACKAGE_GEOMETRY_SILKSCREE
 66
     1
 10
0.0
 20
0.0
 30
0.0
 40
0.1524
 41
0.1524
  0
VERTEX
  5
1033D
  8
PACKAGE_GEOMETRY_SILKSCREE
 10
47.209710000000001
 20
3.309619999999998
 30
0.0
  0
VERTEX
  5
1033E
  8
PACKAGE_GEOMETRY_SILKSCREE
 10
47.209710000000001
 20
0.4897120000000001
 30
0.0
  0
SEQEND
  5
1033F
  8
PACKAGE_GEOMETRY_SILKSCREE
  0
POLYLINE
  5
2385
  8
PACKAGE_GEOMETRY_SILKSCREE
 66
     1
 10
0.0
 20
0.0
 30
0.0
 40
0.1524
 41
0.1524
  0
VERTEX
  5
10340
  8
PACKAGE_GEOMETRY_SILKSCREE
 10
48.509681999999998
 20
3.309619999999998
 30
0.0
  0
VERTEX
  5
10341
  8
PACKAGE_GEOMETRY_SILKSCREE
 10
47.209710000000001
 20
3.309619999999998
 30
0.0
  0
SEQEND
  5
10342
  8
PACKAGE_GEOMETRY_SILKSCREE
  0
POLYLINE
  5
2389
  8
PACKAGE_GEOMETRY_SILKSCREE
 66
     1
 10
0.0
 20
0.0
 30
0.0
 40
0.1524
 41
0.1524
  0
VERTEX
  5
10343
  8
PACKAGE_GEOMETRY_SILKSCREE
 10
47.898811999999992
 20
2.111247999999998
 30
0.0
  0
VERTEX
  5
10344
  8
PACKAGE_GEOMETRY_SILKSCREE
 10
48.321468000000003
 20
1.688591999999999
 30
0.0
  0
SEQEND
  5
10345
  8
PACKAGE_GEOMETRY_SILKSCREE
  0
POLYLINE
  5
238D
  8
PACKAGE_GEOMETRY_SILKSCREE
 66
     1
 10
0.0
 20
0.0
 30
0.0
 40
0.1524
 41
0.1524
  0
VERTEX
  5
10346
  8
PACKAGE_GEOMETRY_SILKSCREE
 10
47.398177999999987
 20
1.688591999999999
 30
0.0
  0
VERTEX
  5
10347
  8
PACKAGE_GEOMETRY_SILKSCREE
 10
47.898811999999992
 20
2.111247999999998
 30
0.0
  0
SEQEND
  5
10348
  8
PACKAGE_GEOMETRY_SILKSCREE
  0
POLYLINE
  5
2391
  8
PACKAGE_GEOMETRY_SILKSCREE
 66
     1
 10
0.0
 20
0.0
 30
0.0
 40
0.1524
 41
0.1524
  0
VERTEX
  5
10349
  8
PACKAGE_GEOMETRY_SILKSCREE
 10
48.321468000000003
 20
1.688591999999999
 30
0.0
  0
VERTEX
  5
1034A
  8
PACKAGE_GEOMETRY_SILKSCREE
 10
47.398177999999987
 20
1.688591999999999
 30
0.0
  0
SEQEND
  5
1034B
  8
PACKAGE_GEOMETRY_SILKSCREE
  0
POLYLINE
  5
2395
  8
PACKAGE_GEOMETRY_SILKSCREE
 66
     1
 10
0.0
 20
0.0
 30
0.0
 40
0.1524
 41
0.1524
  0
VERTEX
  5
1034C
  8
PACKAGE_GEOMETRY_SILKSCREE
 10
48.793399999999998
 20
0.1016
 30
0.0
  0
VERTEX
  5
1034D
  8
PACKAGE_GEOMETRY_SILKSCREE
 10
48.793399999999998
 20
0.508
 30
0.0
  0
SEQEND
  5
1034E
  8
PACKAGE_GEOMETRY_SILKSCREE
  0
POLYLINE
  5
2399
  8
PACKAGE_GEOMETRY_SILKSCREE
 66
     1
 10
0.0
 20
0.0
 30
0.0
 40
0.1524
 41
0.1524
  0
VERTEX
  5
1034F
  8
PACKAGE_GEOMETRY_SILKSCREE
 10
48.488599999999998
 20
0.3048
 30
0.0
  0
VERTEX
  5
10350
  8
PACKAGE_GEOMETRY_SILKSCREE
 10
49.072800000000001
 20
0.3048
 30
0.0
  0
SEQEND
  5
10351
  8
PACKAGE_GEOMETRY_SILKSCREE
  0
CIRCLE
  5
239D
  8
PIN_TOP
 10
47.326041999999987
 20
10.095992000000001
 30
0.0
 40
0.1524
  0
CIRCLE
  5
239E
  8
PIN_TOP
 10
46.525942000000001
 20
10.095992000000001
 30
0.0
 40
0.1524
  0
CIRCLE
  5
239F
  8
PIN_TOP
 10
45.726095999999991
 20
10.095992000000001
 30
0.0
 40
0.1524
  0
CIRCLE
  5
23A0
  8
PIN_TOP
 10
44.925996000000012
 20
10.095992000000001
 30
0.0
 40
0.1524
  0
CIRCLE
  5
23A1
  8
PIN_TOP
 10
44.12589599999999
 20
10.095992000000001
 30
0.0
 40
0.1524
  0
CIRCLE
  5
23A2
  8
PIN_TOP
 10
41.726103999999992
 20
10.095992000000001
 30
0.0
 40
0.1524
  0
CIRCLE
  5
23A3
  8
PIN_TOP
 10
40.926003999999999
 20
10.095992000000001
 30
0.0
 40
0.1524
  0
CIRCLE
  5
23A4
  8
PIN_TOP
 10
40.125903999999991
 20
10.095992000000001
 30
0.0
 40
0.1524
  0
CIRCLE
  5
23A5
  8
PIN_TOP
 10
39.32605800000001
 20
10.095992000000001
 30
0.0
 40
0.1524
  0
CIRCLE
  5
23A6
  8
PIN_TOP
 10
38.525958000000003
 20
10.095992000000001
 30
0.0
 40
0.1524
  0
CIRCLE
  5
23A7
  8
PIN_TOP
 10
47.326041999999987
 20
10.745977999999999
 30
0.0
 40
0.1524
  0
CIRCLE
  5
23A8
  8
PIN_TOP
 10
46.525942000000001
 20
10.745977999999999
 30
0.0
 40
0.1524
  0
CIRCLE
  5
23A9
  8
PIN_TOP
 10
45.726095999999991
 20
10.745977999999999
 30
0.0
 40
0.1524
  0
CIRCLE
  5
23AA
  8
PIN_TOP
 10
44.925996000000012
 20
10.745977999999999
 30
0.0
 40
0.1524
  0
CIRCLE
  5
23AB
  8
PIN_TOP
 10
44.12589599999999
 20
10.745977999999999
 30
0.0
 40
0.1524
  0
CIRCLE
  5
23AC
  8
PIN_TOP
 10
41.726103999999992
 20
10.745977999999999
 30
0.0
 40
0.1524
  0
CIRCLE
  5
23AD
  8
PIN_TOP
 10
40.926003999999999
 20
10.745977999999999
 30
0.0
 40
0.1524
  0
CIRCLE
  5
23AE
  8
PIN_TOP
 10
40.125903999999991
 20
10.745977999999999
 30
0.0
 40
0.1524
  0
CIRCLE
  5
23AF
  8
PIN_TOP
 10
39.32605800000001
 20
10.745977999999999
 30
0.0
 40
0.1524
  0
CIRCLE
  5
23B0
  8
PIN_TOP
 10
38.525958000000003
 20
10.745977999999999
 30
0.0
 40
0.1524
  0
CIRCLE
  5
23B1
  8
PIN_TOP
 10
47.326041999999987
 20
11.395963999999999
 30
0.0
 40
0.1524
  0
CIRCLE
  5
23B2
  8
PIN_TOP
 10
46.525942000000001
 20
11.395963999999999
 30
0.0
 40
0.1524
  0
CIRCLE
  5
23B3
  8
PIN_TOP
 10
45.726095999999991
 20
11.395963999999999
 30
0.0
 40
0.1524
  0
CIRCLE
  5
23B4
  8
PIN_TOP
 10
44.925996000000012
 20
11.395963999999999
 30
0.0
 40
0.1524
  0
CIRCLE
  5
23B5
  8
PIN_TOP
 10
44.12589599999999
 20
11.395963999999999
 30
0.0
 40
0.1524
  0
CIRCLE
  5
23B6
  8
PIN_TOP
 10
41.726103999999992
 20
11.395963999999999
 30
0.0
 40
0.1524
  0
CIRCLE
  5
23B7
  8
PIN_TOP
 10
40.926003999999999
 20
11.395963999999999
 30
0.0
 40
0.1524
  0
CIRCLE
  5
23B8
  8
PIN_TOP
 10
40.125903999999991
 20
11.395963999999999
 30
0.0
 40
0.1524
  0
CIRCLE
  5
23B9
  8
PIN_TOP
 10
39.32605800000001
 20
11.395963999999999
 30
0.0
 40
0.1524
  0
CIRCLE
  5
23BA
  8
PIN_TOP
 10
38.525958000000003
 20
11.395963999999999
 30
0.0
 40
0.1524
  0
CIRCLE
  5
23BB
  8
PIN_TOP
 10
47.326041999999987
 20
12.045949999999999
 30
0.0
 40
0.1524
  0
CIRCLE
  5
23BC
  8
PIN_TOP
 10
46.525942000000001
 20
12.045949999999999
 30
0.0
 40
0.1524
  0
CIRCLE
  5
23BD
  8
PIN_TOP
 10
45.726095999999991
 20
12.045949999999999
 30
0.0
 40
0.1524
  0
CIRCLE
  5
23BE
  8
PIN_TOP
 10
44.925996000000012
 20
12.045949999999999
 30
0.0
 40
0.1524
  0
CIRCLE
  5
23BF
  8
PIN_TOP
 10
44.12589599999999
 20
12.045949999999999
 30
0.0
 40
0.1524
  0
CIRCLE
  5
23C0
  8
PIN_TOP
 10
41.726103999999992
 20
12.045949999999999
 30
0.0
 40
0.1524
  0
CIRCLE
  5
23C1
  8
PIN_TOP
 10
40.926003999999999
 20
12.045949999999999
 30
0.0
 40
0.1524
  0
CIRCLE
  5
23C2
  8
PIN_TOP
 10
40.125903999999991
 20
12.045949999999999
 30
0.0
 40
0.1524
  0
CIRCLE
  5
23C3
  8
PIN_TOP
 10
39.32605800000001
 20
12.045949999999999
 30
0.0
 40
0.1524
  0
CIRCLE
  5
23C4
  8
PIN_TOP
 10
38.525958000000003
 20
12.045949999999999
 30
0.0
 40
0.1524
  0
CIRCLE
  5
23C5
  8
PIN_TOP
 10
47.326041999999987
 20
12.695936
 30
0.0
 40
0.1524
  0
CIRCLE
  5
23C6
  8
PIN_TOP
 10
46.525942000000001
 20
12.695936
 30
0.0
 40
0.1524
  0
CIRCLE
  5
23C7
  8
PIN_TOP
 10
45.726095999999991
 20
12.695936
 30
0.0
 40
0.1524
  0
CIRCLE
  5
23C8
  8
PIN_TOP
 10
44.925996000000012
 20
12.695936
 30
0.0
 40
0.1524
  0
CIRCLE
  5
23C9
  8
PIN_TOP
 10
44.12589599999999
 20
12.695936
 30
0.0
 40
0.1524
  0
CIRCLE
  5
23CA
  8
PIN_TOP
 10
41.726103999999992
 20
12.695936
 30
0.0
 40
0.1524
  0
CIRCLE
  5
23CB
  8
PIN_TOP
 10
40.926003999999999
 20
12.695936
 30
0.0
 40
0.1524
  0
CIRCLE
  5
23CC
  8
PIN_TOP
 10
40.125903999999991
 20
12.695936
 30
0.0
 40
0.1524
  0
CIRCLE
  5
23CD
  8
PIN_TOP
 10
39.32605800000001
 20
12.695936
 30
0.0
 40
0.1524
  0
CIRCLE
  5
23CE
  8
PIN_TOP
 10
38.525958000000003
 20
12.695936
 30
0.0
 40
0.1524
  0
CIRCLE
  5
23CF
  8
PIN_TOP
 10
47.326041999999987
 20
13.345922
 30
0.0
 40
0.1524
  0
CIRCLE
  5
23D0
  8
PIN_TOP
 10
46.525942000000001
 20
13.345922
 30
0.0
 40
0.1524
  0
CIRCLE
  5
23D1
  8
PIN_TOP
 10
45.726095999999991
 20
13.345922
 30
0.0
 40
0.1524
  0
CIRCLE
  5
23D2
  8
PIN_TOP
 10
44.925996000000012
 20
13.345922
 30
0.0
 40
0.1524
  0
CIRCLE
  5
23D3
  8
PIN_TOP
 10
44.12589599999999
 20
13.345922
 30
0.0
 40
0.1524
  0
CIRCLE
  5
23D4
  8
PIN_TOP
 10
41.726103999999992
 20
13.345922
 30
0.0
 40
0.1524
  0
CIRCLE
  5
23D5
  8
PIN_TOP
 10
40.926003999999999
 20
13.345922
 30
0.0
 40
0.1524
  0
CIRCLE
  5
23D6
  8
PIN_TOP
 10
40.125903999999991
 20
13.345922
 30
0.0
 40
0.1524
  0
CIRCLE
  5
23D7
  8
PIN_TOP
 10
39.32605800000001
 20
13.345922
 30
0.0
 40
0.1524
  0
CIRCLE
  5
23D8
  8
PIN_TOP
 10
38.525958000000003
 20
13.345922
 30
0.0
 40
0.1524
  0
CIRCLE
  5
23D9
  8
PIN_TOP
 10
47.326041999999987
 20
13.995908
 30
0.0
 40
0.1524
  0
CIRCLE
  5
23DA
  8
PIN_TOP
 10
46.525942000000001
 20
13.995908
 30
0.0
 40
0.1524
  0
CIRCLE
  5
23DB
  8
PIN_TOP
 10
45.726095999999991
 20
13.995908
 30
0.0
 40
0.1524
  0
CIRCLE
  5
23DC
  8
PIN_TOP
 10
44.925996000000012
 20
13.995908
 30
0.0
 40
0.1524
  0
CIRCLE
  5
23DD
  8
PIN_TOP
 10
44.12589599999999
 20
13.995908
 30
0.0
 40
0.1524
  0
CIRCLE
  5
23DE
  8
PIN_TOP
 10
41.726103999999992
 20
13.995908
 30
0.0
 40
0.1524
  0
CIRCLE
  5
23DF
  8
PIN_TOP
 10
40.926003999999999
 20
13.995908
 30
0.0
 40
0.1524
  0
CIRCLE
  5
23E0
  8
PIN_TOP
 10
40.125903999999991
 20
13.995908
 30
0.0
 40
0.1524
  0
CIRCLE
  5
23E1
  8
PIN_TOP
 10
39.32605800000001
 20
13.995908
 30
0.0
 40
0.1524
  0
CIRCLE
  5
23E2
  8
PIN_TOP
 10
38.525958000000003
 20
13.995908
 30
0.0
 40
0.1524
  0
CIRCLE
  5
23E3
  8
PIN_TOP
 10
47.326041999999987
 20
14.645894
 30
0.0
 40
0.1524
  0
CIRCLE
  5
23E4
  8
PIN_TOP
 10
46.525942000000001
 20
14.645894
 30
0.0
 40
0.1524
  0
CIRCLE
  5
23E5
  8
PIN_TOP
 10
45.726095999999991
 20
14.645894
 30
0.0
 40
0.1524
  0
CIRCLE
  5
23E6
  8
PIN_TOP
 10
44.925996000000012
 20
14.645894
 30
0.0
 40
0.1524
  0
CIRCLE
  5
23E7
  8
PIN_TOP
 10
44.12589599999999
 20
14.645894
 30
0.0
 40
0.1524
  0
CIRCLE
  5
23E8
  8
PIN_TOP
 10
41.726103999999992
 20
14.645894
 30
0.0
 40
0.1524
  0
CIRCLE
  5
23E9
  8
PIN_TOP
 10
40.926003999999999
 20
14.645894
 30
0.0
 40
0.1524
  0
CIRCLE
  5
23EA
  8
PIN_TOP
 10
40.125903999999991
 20
14.645894
 30
0.0
 40
0.1524
  0
CIRCLE
  5
23EB
  8
PIN_TOP
 10
39.32605800000001
 20
14.645894
 30
0.0
 40
0.1524
  0
CIRCLE
  5
23EC
  8
PIN_TOP
 10
38.525958000000003
 20
14.645894
 30
0.0
 40
0.1524
  0
CIRCLE
  5
23ED
  8
PIN_TOP
 10
47.326041999999987
 20
16.596105999999999
 30
0.0
 40
0.1524
  0
CIRCLE
  5
23EE
  8
PIN_TOP
 10
46.525942000000001
 20
16.596105999999999
 30
0.0
 40
0.1524
  0
CIRCLE
  5
23EF
  8
PIN_TOP
 10
45.726095999999991
 20
16.596105999999999
 30
0.0
 40
0.1524
  0
CIRCLE
  5
23F0
  8
PIN_TOP
 10
44.925996000000012
 20
16.596105999999999
 30
0.0
 40
0.1524
  0
CIRCLE
  5
23F1
  8
PIN_TOP
 10
44.12589599999999
 20
16.596105999999999
 30
0.0
 40
0.1524
  0
CIRCLE
  5
23F2
  8
PIN_TOP
 10
41.726103999999992
 20
16.596105999999999
 30
0.0
 40
0.1524
  0
CIRCLE
  5
23F3
  8
PIN_TOP
 10
40.926003999999999
 20
16.596105999999999
 30
0.0
 40
0.1524
  0
CIRCLE
  5
23F4
  8
PIN_TOP
 10
40.125903999999991
 20
16.596105999999999
 30
0.0
 40
0.1524
  0
CIRCLE
  5
23F5
  8
PIN_TOP
 10
39.32605800000001
 20
16.596105999999999
 30
0.0
 40
0.1524
  0
CIRCLE
  5
23F6
  8
PIN_TOP
 10
38.525958000000003
 20
16.596105999999999
 30
0.0
 40
0.1524
  0
CIRCLE
  5
23F7
  8
PIN_TOP
 10
47.326041999999987
 20
17.246092000000001
 30
0.0
 40
0.1524
  0
CIRCLE
  5
23F8
  8
PIN_TOP
 10
46.525942000000001
 20
17.246092000000001
 30
0.0
 40
0.1524
  0
CIRCLE
  5
23F9
  8
PIN_TOP
 10
45.726095999999991
 20
17.246092000000001
 30
0.0
 40
0.1524
  0
CIRCLE
  5
23FA
  8
PIN_TOP
 10
44.925996000000012
 20
17.246092000000001
 30
0.0
 40
0.1524
  0
CIRCLE
  5
23FB
  8
PIN_TOP
 10
44.12589599999999
 20
17.246092000000001
 30
0.0
 40
0.1524
  0
CIRCLE
  5
23FC
  8
PIN_TOP
 10
41.726103999999992
 20
17.246092000000001
 30
0.0
 40
0.1524
  0
CIRCLE
  5
23FD
  8
PIN_TOP
 10
40.926003999999999
 20
17.246092000000001
 30
0.0
 40
0.1524
  0
CIRCLE
  5
23FE
  8
PIN_TOP
 10
40.125903999999991
 20
17.246092000000001
 30
0.0
 40
0.1524
  0
CIRCLE
  5
23FF
  8
PIN_TOP
 10
39.32605800000001
 20
17.246092000000001
 30
0.0
 40
0.1524
  0
CIRCLE
  5
2400
  8
PIN_TOP
 10
38.525958000000003
 20
17.246092000000001
 30
0.0
 40
0.1524
  0
CIRCLE
  5
2401
  8
PIN_TOP
 10
47.326041999999987
 20
17.896077999999999
 30
0.0
 40
0.1524
  0
CIRCLE
  5
2402
  8
PIN_TOP
 10
46.525942000000001
 20
17.896077999999999
 30
0.0
 40
0.1524
  0
CIRCLE
  5
2403
  8
PIN_TOP
 10
45.726095999999991
 20
17.896077999999999
 30
0.0
 40
0.1524
  0
CIRCLE
  5
2404
  8
PIN_TOP
 10
44.925996000000012
 20
17.896077999999999
 30
0.0
 40
0.1524
  0
CIRCLE
  5
2405
  8
PIN_TOP
 10
44.12589599999999
 20
17.896077999999999
 30
0.0
 40
0.1524
  0
CIRCLE
  5
2406
  8
PIN_TOP
 10
41.726103999999992
 20
17.896077999999999
 30
0.0
 40
0.1524
  0
CIRCLE
  5
2407
  8
PIN_TOP
 10
40.926003999999999
 20
17.896077999999999
 30
0.0
 40
0.1524
  0
CIRCLE
  5
2408
  8
PIN_TOP
 10
40.125903999999991
 20
17.896077999999999
 30
0.0
 40
0.1524
  0
CIRCLE
  5
2409
  8
PIN_TOP
 10
39.32605800000001
 20
17.896077999999999
 30
0.0
 40
0.1524
  0
CIRCLE
  5
240A
  8
PIN_TOP
 10
38.525958000000003
 20
17.896077999999999
 30
0.0
 40
0.1524
  0
CIRCLE
  5
240B
  8
PIN_TOP
 10
47.326041999999987
 20
18.546064000000001
 30
0.0
 40
0.1524
  0
CIRCLE
  5
240C
  8
PIN_TOP
 10
46.525942000000001
 20
18.546064000000001
 30
0.0
 40
0.1524
  0
CIRCLE
  5
240D
  8
PIN_TOP
 10
45.726095999999991
 20
18.546064000000001
 30
0.0
 40
0.1524
  0
CIRCLE
  5
240E
  8
PIN_TOP
 10
44.925996000000012
 20
18.546064000000001
 30
0.0
 40
0.1524
  0
CIRCLE
  5
240F
  8
PIN_TOP
 10
44.12589599999999
 20
18.546064000000001
 30
0.0
 40
0.1524
  0
CIRCLE
  5
2410
  8
PIN_TOP
 10
41.726103999999992
 20
18.546064000000001
 30
0.0
 40
0.1524
  0
CIRCLE
  5
2411
  8
PIN_TOP
 10
40.926003999999999
 20
18.546064000000001
 30
0.0
 40
0.1524
  0
CIRCLE
  5
2412
  8
PIN_TOP
 10
40.125903999999991
 20
18.546064000000001
 30
0.0
 40
0.1524
  0
CIRCLE
  5
2413
  8
PIN_TOP
 10
39.32605800000001
 20
18.546064000000001
 30
0.0
 40
0.1524
  0
CIRCLE
  5
2414
  8
PIN_TOP
 10
38.525958000000003
 20
18.546064000000001
 30
0.0
 40
0.1524
  0
CIRCLE
  5
2415
  8
PIN_TOP
 10
47.326041999999987
 20
19.19605
 30
0.0
 40
0.1524
  0
CIRCLE
  5
2416
  8
PIN_TOP
 10
46.525942000000001
 20
19.19605
 30
0.0
 40
0.1524
  0
CIRCLE
  5
2417
  8
PIN_TOP
 10
45.726095999999991
 20
19.19605
 30
0.0
 40
0.1524
  0
CIRCLE
  5
2418
  8
PIN_TOP
 10
44.925996000000012
 20
19.19605
 30
0.0
 40
0.1524
  0
CIRCLE
  5
2419
  8
PIN_TOP
 10
44.12589599999999
 20
19.19605
 30
0.0
 40
0.1524
  0
CIRCLE
  5
241A
  8
PIN_TOP
 10
41.726103999999992
 20
19.19605
 30
0.0
 40
0.1524
  0
CIRCLE
  5
241B
  8
PIN_TOP
 10
40.926003999999999
 20
19.19605
 30
0.0
 40
0.1524
  0
CIRCLE
  5
241C
  8
PIN_TOP
 10
40.125903999999991
 20
19.19605
 30
0.0
 40
0.1524
  0
CIRCLE
  5
241D
  8
PIN_TOP
 10
39.32605800000001
 20
19.19605
 30
0.0
 40
0.1524
  0
CIRCLE
  5
241E
  8
PIN_TOP
 10
38.525958000000003
 20
19.19605
 30
0.0
 40
0.1524
  0
CIRCLE
  5
241F
  8
PIN_TOP
 10
47.326041999999987
 20
19.846035999999991
 30
0.0
 40
0.1524
  0
CIRCLE
  5
2420
  8
PIN_TOP
 10
46.525942000000001
 20
19.846035999999991
 30
0.0
 40
0.1524
  0
CIRCLE
  5
2421
  8
PIN_TOP
 10
45.726095999999991
 20
19.846035999999991
 30
0.0
 40
0.1524
  0
CIRCLE
  5
2422
  8
PIN_TOP
 10
44.925996000000012
 20
19.846035999999991
 30
0.0
 40
0.1524
  0
CIRCLE
  5
2423
  8
PIN_TOP
 10
44.12589599999999
 20
19.846035999999991
 30
0.0
 40
0.1524
  0
CIRCLE
  5
2424
  8
PIN_TOP
 10
41.726103999999992
 20
19.846035999999991
 30
0.0
 40
0.1524
  0
CIRCLE
  5
2425
  8
PIN_TOP
 10
40.926003999999999
 20
19.846035999999991
 30
0.0
 40
0.1524
  0
CIRCLE
  5
2426
  8
PIN_TOP
 10
40.125903999999991
 20
19.846035999999991
 30
0.0
 40
0.1524
  0
CIRCLE
  5
2427
  8
PIN_TOP
 10
39.32605800000001
 20
19.846035999999991
 30
0.0
 40
0.1524
  0
CIRCLE
  5
2428
  8
PIN_TOP
 10
38.525958000000003
 20
19.846035999999991
 30
0.0
 40
0.1524
  0
CIRCLE
  5
2429
  8
PIN_TOP
 10
47.326041999999987
 20
20.496022
 30
0.0
 40
0.1524
  0
CIRCLE
  5
242A
  8
PIN_TOP
 10
46.525942000000001
 20
20.496022
 30
0.0
 40
0.1524
  0
CIRCLE
  5
242B
  8
PIN_TOP
 10
45.726095999999991
 20
20.496022
 30
0.0
 40
0.1524
  0
CIRCLE
  5
242C
  8
PIN_TOP
 10
44.925996000000012
 20
20.496022
 30
0.0
 40
0.1524
  0
CIRCLE
  5
242D
  8
PIN_TOP
 10
44.12589599999999
 20
20.496022
 30
0.0
 40
0.1524
  0
CIRCLE
  5
242E
  8
PIN_TOP
 10
41.726103999999992
 20
20.496022
 30
0.0
 40
0.1524
  0
CIRCLE
  5
242F
  8
PIN_TOP
 10
40.926003999999999
 20
20.496022
 30
0.0
 40
0.1524
  0
CIRCLE
  5
2430
  8
PIN_TOP
 10
40.125903999999991
 20
20.496022
 30
0.0
 40
0.1524
  0
CIRCLE
  5
2431
  8
PIN_TOP
 10
39.32605800000001
 20
20.496022
 30
0.0
 40
0.1524
  0
CIRCLE
  5
2432
  8
PIN_TOP
 10
38.525958000000003
 20
20.496022
 30
0.0
 40
0.1524
  0
CIRCLE
  5
2433
  8
PIN_TOP
 10
47.326041999999987
 20
21.146007999999998
 30
0.0
 40
0.1524
  0
CIRCLE
  5
2434
  8
PIN_TOP
 10
46.525942000000001
 20
21.146007999999998
 30
0.0
 40
0.1524
  0
CIRCLE
  5
2435
  8
PIN_TOP
 10
45.726095999999991
 20
21.146007999999998
 30
0.0
 40
0.1524
  0
CIRCLE
  5
2436
  8
PIN_TOP
 10
44.925996000000012
 20
21.146007999999998
 30
0.0
 40
0.1524
  0
CIRCLE
  5
2437
  8
PIN_TOP
 10
44.12589599999999
 20
21.146007999999998
 30
0.0
 40
0.1524
  0
CIRCLE
  5
2438
  8
PIN_TOP
 10
41.726103999999992
 20
21.146007999999998
 30
0.0
 40
0.1524
  0
CIRCLE
  5
2439
  8
PIN_TOP
 10
40.926003999999999
 20
21.146007999999998
 30
0.0
 40
0.1524
  0
CIRCLE
  5
243A
  8
PIN_TOP
 10
40.125903999999991
 20
21.146007999999998
 30
0.0
 40
0.1524
  0
CIRCLE
  5
243B
  8
PIN_TOP
 10
39.32605800000001
 20
21.146007999999998
 30
0.0
 40
0.1524
  0
CIRCLE
  5
243C
  8
PIN_TOP
 10
38.525958000000003
 20
21.146007999999998
 30
0.0
 40
0.1524
  0
CIRCLE
  5
243D
  8
PIN_TOP
 10
47.326041999999987
 20
21.795994
 30
0.0
 40
0.1524
  0
CIRCLE
  5
243E
  8
PIN_TOP
 10
46.525942000000001
 20
21.795994
 30
0.0
 40
0.1524
  0
CIRCLE
  5
243F
  8
PIN_TOP
 10
45.726095999999991
 20
21.795994
 30
0.0
 40
0.1524
  0
CIRCLE
  5
2440
  8
PIN_TOP
 10
44.925996000000012
 20
21.795994
 30
0.0
 40
0.1524
  0
CIRCLE
  5
2441
  8
PIN_TOP
 10
44.12589599999999
 20
21.795994
 30
0.0
 40
0.1524
  0
CIRCLE
  5
2442
  8
PIN_TOP
 10
41.726103999999992
 20
21.795994
 30
0.0
 40
0.1524
  0
CIRCLE
  5
2443
  8
PIN_TOP
 10
40.926003999999999
 20
21.795994
 30
0.0
 40
0.1524
  0
CIRCLE
  5
2444
  8
PIN_TOP
 10
40.125903999999991
 20
21.795994
 30
0.0
 40
0.1524
  0
CIRCLE
  5
2445
  8
PIN_TOP
 10
39.32605800000001
 20
21.795994
 30
0.0
 40
0.1524
  0
CIRCLE
  5
2446
  8
PIN_TOP
 10
38.525958000000003
 20
21.795994
 30
0.0
 40
0.1524
  0
CIRCLE
  5
2447
  8
PIN_TOP
 10
47.326041999999987
 20
8.7960200000000004
 30
0.0
 40
0.1524
  0
CIRCLE
  5
2448
  8
PIN_TOP
 10
46.525942000000001
 20
8.7960200000000004
 30
0.0
 40
0.1524
  0
CIRCLE
  5
2449
  8
PIN_TOP
 10
45.726095999999991
 20
8.7960200000000004
 30
0.0
 40
0.1524
  0
CIRCLE
  5
244A
  8
PIN_TOP
 10
44.925996000000012
 20
8.7960200000000004
 30
0.0
 40
0.1524
  0
CIRCLE
  5
244B
  8
PIN_TOP
 10
44.12589599999999
 20
8.7960200000000004
 30
0.0
 40
0.1524
  0
CIRCLE
  5
244C
  8
PIN_TOP
 10
41.726103999999992
 20
8.7960200000000004
 30
0.0
 40
0.1524
  0
CIRCLE
  5
244D
  8
PIN_TOP
 10
40.926003999999999
 20
8.7960200000000004
 30
0.0
 40
0.1524
  0
CIRCLE
  5
244E
  8
PIN_TOP
 10
40.125903999999991
 20
8.7960200000000004
 30
0.0
 40
0.1524
  0
CIRCLE
  5
244F
  8
PIN_TOP
 10
39.32605800000001
 20
8.7960200000000004
 30
0.0
 40
0.1524
  0
CIRCLE
  5
2450
  8
PIN_TOP
 10
38.525958000000003
 20
8.7960200000000004
 30
0.0
 40
0.1524
  0
CIRCLE
  5
2451
  8
PIN_TOP
 10
47.326041999999987
 20
9.4460060000000006
 30
0.0
 40
0.1524
  0
CIRCLE
  5
2452
  8
PIN_TOP
 10
46.525942000000001
 20
9.4460060000000006
 30
0.0
 40
0.1524
  0
CIRCLE
  5
2453
  8
PIN_TOP
 10
45.726095999999991
 20
9.4460060000000006
 30
0.0
 40
0.1524
  0
CIRCLE
  5
2454
  8
PIN_TOP
 10
44.925996000000012
 20
9.4460060000000006
 30
0.0
 40
0.1524
  0
CIRCLE
  5
2455
  8
PIN_TOP
 10
44.12589599999999
 20
9.4460060000000006
 30
0.0
 40
0.1524
  0
CIRCLE
  5
2456
  8
PIN_TOP
 10
41.726103999999992
 20
9.4460060000000006
 30
0.0
 40
0.1524
  0
CIRCLE
  5
2457
  8
PIN_TOP
 10
40.926003999999999
 20
9.4460060000000006
 30
0.0
 40
0.1524
  0
CIRCLE
  5
2458
  8
PIN_TOP
 10
40.125903999999991
 20
9.4460060000000006
 30
0.0
 40
0.1524
  0
CIRCLE
  5
2459
  8
PIN_TOP
 10
39.32605800000001
 20
9.4460060000000006
 30
0.0
 40
0.1524
  0
CIRCLE
  5
245A
  8
PIN_TOP
 10
38.525958000000003
 20
9.4460060000000006
 30
0.0
 40
0.1524
  0
CIRCLE
  5
245B
  8
PIN_TOP
 10
47.326041999999987
 20
22.445979999999999
 30
0.0
 40
0.1524
  0
CIRCLE
  5
245C
  8
PIN_TOP
 10
46.525942000000001
 20
22.445979999999999
 30
0.0
 40
0.1524
  0
CIRCLE
  5
245D
  8
PIN_TOP
 10
45.726095999999991
 20
22.445979999999999
 30
0.0
 40
0.1524
  0
CIRCLE
  5
245E
  8
PIN_TOP
 10
44.925996000000012
 20
22.445979999999999
 30
0.0
 40
0.1524
  0
CIRCLE
  5
245F
  8
PIN_TOP
 10
44.12589599999999
 20
22.445979999999999
 30
0.0
 40
0.1524
  0
CIRCLE
  5
2460
  8
PIN_TOP
 10
41.726103999999992
 20
22.445979999999999
 30
0.0
 40
0.1524
  0
CIRCLE
  5
2461
  8
PIN_TOP
 10
40.926003999999999
 20
22.445979999999999
 30
0.0
 40
0.1524
  0
CIRCLE
  5
2462
  8
PIN_TOP
 10
40.125903999999991
 20
22.445979999999999
 30
0.0
 40
0.1524
  0
CIRCLE
  5
2463
  8
PIN_TOP
 10
39.32605800000001
 20
22.445979999999999
 30
0.0
 40
0.1524
  0
CIRCLE
  5
2464
  8
PIN_TOP
 10
38.525958000000003
 20
22.445979999999999
 30
0.0
 40
0.1524
  0
POLYLINE
  5
2465
  8
PACKAGE_GEOMETRY_SILKSCREE
 66
     1
 10
0.0
 20
0.0
 30
0.0
 40
0.1524
 41
0.1524
  0
VERTEX
  5
10352
  8
PACKAGE_GEOMETRY_SILKSCREE
 10
36.911279999999998
 20
23.762969999999999
 30
0.0
 42
1.000095
  0
VERTEX
  5
10353
  8
PACKAGE_GEOMETRY_SILKSCREE
 10
36.278820000000003
 20
23.762969999999999
 30
0.0
 42
0.9999049999999998
  0
VERTEX
  5
10354
  8
PACKAGE_GEOMETRY_SILKSCREE
 10
36.911279999999998
 20
23.762969999999999
 30
0.0
  0
SEQEND
  5
10355
  8
PACKAGE_GEOMETRY_SILKSCREE
  0
POLYLINE
  5
246A
  8
PACKAGE_GEOMETRY_SILKSCREE
 66
     1
 10
0.0
 20
0.0
 30
0.0
 40
0.1524
 41
0.1524
  0
VERTEX
  5
10356
  8
PACKAGE_GEOMETRY_SILKSCREE
 10
37.926009999999998
 20
8.1208880000000008
 30
0.0
  0
VERTEX
  5
10357
  8
PACKAGE_GEOMETRY_SILKSCREE
 10
37.926009999999998
 20
23.121112
 30
0.0
  0
SEQEND
  5
10358
  8
PACKAGE_GEOMETRY_SILKSCREE
  0
POLYLINE
  5
246E
  8
PACKAGE_GEOMETRY_SILKSCREE
 66
     1
 10
0.0
 20
0.0
 30
0.0
 40
0.1524
 41
0.1524
  0
VERTEX
  5
10359
  8
PACKAGE_GEOMETRY_SILKSCREE
 10
47.926243999999997
 20
8.1208880000000008
 30
0.0
  0
VERTEX
  5
1035A
  8
PACKAGE_GEOMETRY_SILKSCREE
 10
37.926009999999998
 20
8.1208880000000008
 30
0.0
  0
SEQEND
  5
1035B
  8
PACKAGE_GEOMETRY_SILKSCREE
  0
POLYLINE
  5
2472
  8
PACKAGE_GEOMETRY_SILKSCREE
 66
     1
 10
0.0
 20
0.0
 30
0.0
 40
0.1524
 41
0.1524
  0
VERTEX
  5
1035C
  8
PACKAGE_GEOMETRY_SILKSCREE
 10
47.926243999999997
 20
23.121112
 30
0.0
  0
VERTEX
  5
1035D
  8
PACKAGE_GEOMETRY_SILKSCREE
 10
47.926243999999997
 20
8.1208880000000008
 30
0.0
  0
SEQEND
  5
1035E
  8
PACKAGE_GEOMETRY_SILKSCREE
  0
POLYLINE
  5
2476
  8
PACKAGE_GEOMETRY_SILKSCREE
 66
     1
 10
0.0
 20
0.0
 30
0.0
 40
0.1524
 41
0.1524
  0
VERTEX
  5
1035F
  8
PACKAGE_GEOMETRY_SILKSCREE
 10
37.926009999999998
 20
23.121112
 30
0.0
  0
VERTEX
  5
10360
  8
PACKAGE_GEOMETRY_SILKSCREE
 10
47.926243999999997
 20
23.121112
 30
0.0
  0
SEQEND
  5
10361
  8
PACKAGE_GEOMETRY_SILKSCREE
  0
POLYLINE
  5
247A
  8
PACKAGE_GEOMETRY_SILKSCREE
 66
     1
 10
0.0
 20
0.0
 30
0.0
 40
0.1524
 41
0.1524
  0
VERTEX
  5
10362
  8
PACKAGE_GEOMETRY_SILKSCREE
 10
36.92398
 20
23.430992
 30
0.0
  0
VERTEX
  5
10363
  8
PACKAGE_GEOMETRY_SILKSCREE
 10
36.92398
 20
23.051007999999999
 30
0.0
  0
SEQEND
  5
10364
  8
PACKAGE_GEOMETRY_SILKSCREE
  0
POLYLINE
  5
247E
  8
PACKAGE_GEOMETRY_SILKSCREE
 66
     1
 10
0.0
 20
0.0
 30
0.0
 40
0.1524
 41
0.1524
  0
VERTEX
  5
10365
  8
PACKAGE_GEOMETRY_SILKSCREE
 10
37.614352000000011
 20
24.121110000000002
 30
0.0
  0
VERTEX
  5
10366
  8
PACKAGE_GEOMETRY_SILKSCREE
 10
36.92398
 20
23.430992
 30
0.0
  0
SEQEND
  5
10367
  8
PACKAGE_GEOMETRY_SILKSCREE
  0
POLYLINE
  5
2482
  8
PACKAGE_GEOMETRY_SILKSCREE
 66
     1
 10
0.0
 20
0.0
 30
0.0
 40
0.1524
 41
0.1524
  0
VERTEX
  5
10368
  8
PACKAGE_GEOMETRY_SILKSCREE
 10
48.926242000000002
 20
24.121110000000002
 30
0.0
  0
VERTEX
  5
10369
  8
PACKAGE_GEOMETRY_SILKSCREE
 10
37.614352000000011
 20
24.121110000000002
 30
0.0
  0
SEQEND
  5
1036A
  8
PACKAGE_GEOMETRY_SILKSCREE
  0
POLYLINE
  5
2486
  8
PACKAGE_GEOMETRY_SILKSCREE
 66
     1
 10
0.0
 20
0.0
 30
0.0
 40
0.1524
 41
0.1524
  0
VERTEX
  5
1036B
  8
PACKAGE_GEOMETRY_SILKSCREE
 10
48.926242000000002
 20
7.1208899999999993
 30
0.0
  0
VERTEX
  5
1036C
  8
PACKAGE_GEOMETRY_SILKSCREE
 10
48.926242000000002
 20
24.121110000000002
 30
0.0
  0
SEQEND
  5
1036D
  8
PACKAGE_GEOMETRY_SILKSCREE
  0
POLYLINE
  5
248A
  8
PACKAGE_GEOMETRY_SILKSCREE
 66
     1
 10
0.0
 20
0.0
 30
0.0
 40
0.1524
 41
0.1524
  0
VERTEX
  5
1036E
  8
PACKAGE_GEOMETRY_SILKSCREE
 10
36.926012
 20
7.1208899999999993
 30
0.0
  0
VERTEX
  5
1036F
  8
PACKAGE_GEOMETRY_SILKSCREE
 10
48.926242000000002
 20
7.1208899999999993
 30
0.0
  0
SEQEND
  5
10370
  8
PACKAGE_GEOMETRY_SILKSCREE
  0
POLYLINE
  5
248E
  8
PACKAGE_GEOMETRY_SILKSCREE
 66
     1
 10
0.0
 20
0.0
 30
0.0
 40
0.1524
 41
0.1524
  0
VERTEX
  5
10371
  8
PACKAGE_GEOMETRY_SILKSCREE
 10
36.926265999999998
 20
23.329646
 30
0.0
  0
VERTEX
  5
10372
  8
PACKAGE_GEOMETRY_SILKSCREE
 10
36.926012
 20
7.1208899999999993
 30
0.0
  0
SEQEND
  5
10373
  8
PACKAGE_GEOMETRY_SILKSCREE
  0
TEXT
  5
2492
  8
PACKAGE_GEOMETRY_SILKSCREE
 10
35.94100000000001
 20
23.367999999999999
 30
0.0
 40
0.635
  1
1
 50
90.0
 41
1.004
  0
POLYLINE
  5
2493
  8
PIN_TOP
 66
     1
 10
0.0
 20
0.0
 30
0.0
 70
     1
  0
VERTEX
  5
10374
  8
PIN_TOP
 10
8.0390999999999977
 20
5.599429999999999
 30
0.0
  0
VERTEX
  5
10375
  8
PIN_TOP
 10
7.2008999999999981
 20
5.599429999999999
 30
0.0
  0
VERTEX
  5
10376
  8
PIN_TOP
 10
7.2008999999999981
 20
6.2344299999999988
 30
0.0
  0
VERTEX
  5
10377
  8
PIN_TOP
 10
8.0390999999999977
 20
6.2344299999999988
 30
0.0
  0
SEQEND
  5
10378
  8
PIN_TOP
  0
POLYLINE
  5
2499
  8
PIN_TOP
 66
     1
 10
0.0
 20
0.0
 30
0.0
 70
     1
  0
VERTEX
  5
10379
  8
PIN_TOP
 10
8.0390999999999977
 20
4.17957
 30
0.0
  0
VERTEX
  5
1037A
  8
PIN_TOP
 10
7.2008999999999981
 20
4.17957
 30
0.0
  0
VERTEX
  5
1037B
  8
PIN_TOP
 10
7.2008999999999981
 20
4.814569999999998
 30
0.0
  0
VERTEX
  5
1037C
  8
PIN_TOP
 10
8.0390999999999977
 20
4.814569999999998
 30
0.0
  0
SEQEND
  5
1037D
  8
PIN_TOP
  0
POLYLINE
  5
249F
  8
PACKAGE_GEOMETRY_SILKSCREE
 66
     1
 10
0.0
 20
0.0
 30
0.0
 40
0.127
 41
0.127
  0
VERTEX
  5
1037E
  8
PACKAGE_GEOMETRY_SILKSCREE
 10
7.9499459999999971
 20
6.5031619999999988
 30
0.0
  0
VERTEX
  5
1037F
  8
PACKAGE_GEOMETRY_SILKSCREE
 10
7.2999599999999978
 20
6.5031619999999988
 30
0.0
  0
SEQEND
  5
10380
  8
PACKAGE_GEOMETRY_SILKSCREE
  0
POLYLINE
  5
24A3
  8
PACKAGE_GEOMETRY_SILKSCREE
 66
     1
 10
0.0
 20
0.0
 30
0.0
 40
0.127
 41
0.127
  0
VERTEX
  5
10381
  8
PACKAGE_GEOMETRY_SILKSCREE
 10
8.1653380000000002
 20
4.0454579999999991
 30
0.0
  0
VERTEX
  5
10382
  8
PACKAGE_GEOMETRY_SILKSCREE
 10
7.0591679999999979
 20
4.0454579999999991
 30
0.0
  0
SEQEND
  5
10383
  8
PACKAGE_GEOMETRY_SILKSCREE
  0
POLYLINE
  5
24A7
  8
PACKAGE_GEOMETRY_SILKSCREE
 66
     1
 10
0.0
 20
0.0
 30
0.0
 40
0.127
 41
0.127
  0
VERTEX
  5
10384
  8
PACKAGE_GEOMETRY_SILKSCREE
 10
8.178291999999999
 20
6.2877700000000001
 30
0.0
  0
VERTEX
  5
10385
  8
PACKAGE_GEOMETRY_SILKSCREE
 10
8.178291999999999
 20
4.0454579999999991
 30
0.0
  0
SEQEND
  5
10386
  8
PACKAGE_GEOMETRY_SILKSCREE
  0
POLYLINE
  5
24AB
  8
PACKAGE_GEOMETRY_SILKSCREE
 66
     1
 10
0.0
 20
0.0
 30
0.0
 40
0.127
 41
0.127
  0
VERTEX
  5
10387
  8
PACKAGE_GEOMETRY_SILKSCREE
 10
7.869936
 20
6.5831720000000002
 30
0.0
  0
VERTEX
  5
10388
  8
PACKAGE_GEOMETRY_SILKSCREE
 10
8.1788000000000007
 20
6.299199999999999
 30
0.0
  0
SEQEND
  5
10389
  8
PACKAGE_GEOMETRY_SILKSCREE
  0
POLYLINE
  5
24AF
  8
PACKAGE_GEOMETRY_SILKSCREE
 66
     1
 10
0.0
 20
0.0
 30
0.0
 40
0.127
 41
0.127
  0
VERTEX
  5
1038A
  8
PACKAGE_GEOMETRY_SILKSCREE
 10
7.3499979999999976
 20
6.5831720000000002
 30
0.0
  0
VERTEX
  5
1038B
  8
PACKAGE_GEOMETRY_SILKSCREE
 10
7.869936
 20
6.5831720000000002
 30
0.0
  0
SEQEND
  5
1038C
  8
PACKAGE_GEOMETRY_SILKSCREE
  0
POLYLINE
  5
24B3
  8
PACKAGE_GEOMETRY_SILKSCREE
 66
     1
 10
0.0
 20
0.0
 30
0.0
 40
0.127
 41
0.127
  0
VERTEX
  5
1038D
  8
PACKAGE_GEOMETRY_SILKSCREE
 10
7.0612000000000004
 20
6.3246000000000002
 30
0.0
  0
VERTEX
  5
1038E
  8
PACKAGE_GEOMETRY_SILKSCREE
 10
7.3499979999999976
 20
6.5831720000000002
 30
0.0
  0
SEQEND
  5
1038F
  8
PACKAGE_GEOMETRY_SILKSCREE
  0
POLYLINE
  5
24B7
  8
PACKAGE_GEOMETRY_SILKSCREE
 66
     1
 10
0.0
 20
0.0
 30
0.0
 40
0.127
 41
0.127
  0
VERTEX
  5
10390
  8
PACKAGE_GEOMETRY_SILKSCREE
 10
7.0591679999999979
 20
4.0454579999999991
 30
0.0
  0
VERTEX
  5
10391
  8
PACKAGE_GEOMETRY_SILKSCREE
 10
7.0591679999999979
 20
6.3177419999999991
 30
0.0
  0
SEQEND
  5
10392
  8
PACKAGE_GEOMETRY_SILKSCREE
  0
POLYLINE
  5
24BB
  8
PACKAGE_GEOMETRY_SILKSCREE
 66
     1
 10
0.0
 20
0.0
 30
0.0
 40
0.127
 41
0.127
  0
VERTEX
  5
10393
  8
PACKAGE_GEOMETRY_SILKSCREE
 10
7.9999839999999978
 20
6.413246
 30
0.0
  0
VERTEX
  5
10394
  8
PACKAGE_GEOMETRY_SILKSCREE
 10
7.1998839999999991
 20
6.413246
 30
0.0
  0
SEQEND
  5
10395
  8
PACKAGE_GEOMETRY_SILKSCREE
  0
POLYLINE
  5
24BF
  8
PACKAGE_GEOMETRY_SILKSCREE
 66
     1
 10
0.0
 20
0.0
 30
0.0
 40
0.1524
 41
0.1524
  0
VERTEX
  5
10396
  8
PACKAGE_GEOMETRY_SILKSCREE
 10
8.2550000000000008
 20
3.302
 30
0.0
  0
VERTEX
  5
10397
  8
PACKAGE_GEOMETRY_SILKSCREE
 10
8.2550000000000008
 20
4.0640000000000001
 30
0.0
  0
SEQEND
  5
10398
  8
PACKAGE_GEOMETRY_SILKSCREE
  0
POLYLINE
  5
24C3
  8
PACKAGE_GEOMETRY_SILKSCREE
 66
     1
 10
0.0
 20
0.0
 30
0.0
 40
0.1524
 41
0.1524
  0
VERTEX
  5
10399
  8
PACKAGE_GEOMETRY_SILKSCREE
 10
7.8739999999999988
 20
3.6829999999999989
 30
0.0
  0
VERTEX
  5
1039A
  8
PACKAGE_GEOMETRY_SILKSCREE
 10
8.5090000000000003
 20
3.6829999999999989
 30
0.0
  0
SEQEND
  5
1039B
  8
PACKAGE_GEOMETRY_SILKSCREE
  0
POLYLINE
  5
24C7
  8
PACKAGE_GEOMETRY_SILKSCREE
 66
     1
 10
0.0
 20
0.0
 30
0.0
 40
0.127
 41
0.127
  0
VERTEX
  5
1039C
  8
PACKAGE_GEOMETRY_SILKSCREE
 10
7.9999839999999978
 20
6.3624460000000003
 30
0.0
  0
VERTEX
  5
1039D
  8
PACKAGE_GEOMETRY_SILKSCREE
 10
7.1998839999999991
 20
6.3624460000000003
 30
0.0
  0
SEQEND
  5
1039E
  8
PACKAGE_GEOMETRY_SILKSCREE
  0
CIRCLE
  5
24CB
  8
PIN_TOP
 10
6.6040000000000001
 20
23.114000000000001
 30
0.0
 40
0.508
  0
CIRCLE
  5
24CC
  8
PIN_TOP
 10
7.4168000000000003
 20
2.0828000000000002
 30
0.0
 40
0.508
  0
POLYLINE
  5
24CD
  8
PIN_TOP
 66
     1
 10
0.0
 20
0.0
 30
0.0
 70
     1
  0
VERTEX
  5
1039F
  8
PIN_TOP
 10
20.993099999999998
 20
3.2639
 30
0.0
  0
VERTEX
  5
103A0
  8
PIN_TOP
 10
22.440899999999999
 20
3.2639
 30
0.0
  0
VERTEX
  5
103A1
  8
PIN_TOP
 10
22.440899999999999
 20
1.8161
 30
0.0
  0
VERTEX
  5
103A2
  8
PIN_TOP
 10
20.993099999999998
 20
1.8161
 30
0.0
  0
SEQEND
  5
103A3
  8
PIN_TOP
  0
POLYLINE
  5
24D3
  8
PIN_TOP
 66
     1
 10
0.0
 20
0.0
 30
0.0
 70
     1
  0
VERTEX
  5
103A4
  8
PIN_TOP
 10
22.622256
 20
3.442461999999999
 30
0.0
  0
VERTEX
  5
103A5
  8
PIN_TOP
 10
23.231856000000001
 20
3.442461999999999
 30
0.0
  0
VERTEX
  5
103A6
  8
PIN_TOP
 10
23.231856000000001
 20
3.137661999999998
 30
0.0
  0
VERTEX
  5
103A7
  8
PIN_TOP
 10
22.622256
 20
3.137661999999998
 30
0.0
  0
SEQEND
  5
103A8
  8
PIN_TOP
  0
POLYLINE
  5
24D9
  8
PIN_TOP
 66
     1
 10
0.0
 20
0.0
 30
0.0
 70
     1
  0
VERTEX
  5
103A9
  8
PIN_TOP
 10
22.622256
 20
2.9423360000000001
 30
0.0
  0
VERTEX
  5
103AA
  8
PIN_TOP
 10
23.231856000000001
 20
2.9423360000000001
 30
0.0
  0
VERTEX
  5
103AB
  8
PIN_TOP
 10
23.231856000000001
 20
2.6375359999999981
 30
0.0
  0
VERTEX
  5
103AC
  8
PIN_TOP
 10
22.622256
 20
2.6375359999999981
 30
0.0
  0
SEQEND
  5
103AD
  8
PIN_TOP
  0
POLYLINE
  5
24DF
  8
PIN_TOP
 66
     1
 10
0.0
 20
0.0
 30
0.0
 70
     1
  0
VERTEX
  5
103AE
  8
PIN_TOP
 10
22.622256
 20
2.442463999999998
 30
0.0
  0
VERTEX
  5
103AF
  8
PIN_TOP
 10
23.231856000000001
 20
2.442463999999998
 30
0.0
  0
VERTEX
  5
103B0
  8
PIN_TOP
 10
23.231856000000001
 20
2.137664
 30
0.0
  0
VERTEX
  5
103B1
  8
PIN_TOP
 10
22.622256
 20
2.137664
 30
0.0
  0
SEQEND
  5
103B2
  8
PIN_TOP
  0
POLYLINE
  5
24E5
  8
PIN_TOP
 66
     1
 10
0.0
 20
0.0
 30
0.0
 70
     1
  0
VERTEX
  5
103B3
  8
PIN_TOP
 10
22.622256
 20
1.942337999999999
 30
0.0
  0
VERTEX
  5
103B4
  8
PIN_TOP
 10
23.231856000000001
 20
1.942337999999999
 30
0.0
  0
VERTEX
  5
103B5
  8
PIN_TOP
 10
23.231856000000001
 20
1.637537999999999
 30
0.0
  0
VERTEX
  5
103B6
  8
PIN_TOP
 10
22.622256
 20
1.637537999999999
 30
0.0
  0
SEQEND
  5
103B7
  8
PIN_TOP
  0
POLYLINE
  5
24EB
  8
PIN_TOP
 66
     1
 10
0.0
 20
0.0
 30
0.0
 70
     1
  0
VERTEX
  5
103B8
  8
PIN_TOP
 10
22.064471999999999
 20
1.6347439999999991
 30
0.0
  0
VERTEX
  5
103B9
  8
PIN_TOP
 10
22.369271999999999
 20
1.6347439999999991
 30
0.0
  0
VERTEX
  5
103BA
  8
PIN_TOP
 10
22.369271999999999
 20
1.0251440000000001
 30
0.0
  0
VERTEX
  5
103BB
  8
PIN_TOP
 10
22.064471999999999
 20
1.0251440000000001
 30
0.0
  0
SEQEND
  5
103BC
  8
PIN_TOP
  0
POLYLINE
  5
24F1
  8
PIN_TOP
 66
     1
 10
0.0
 20
0.0
 30
0.0
 70
     1
  0
VERTEX
  5
103BD
  8
PIN_TOP
 10
21.564599999999999
 20
1.6347439999999991
 30
0.0
  0
VERTEX
  5
103BE
  8
PIN_TOP
 10
21.869399999999999
 20
1.6347439999999991
 30
0.0
  0
VERTEX
  5
103BF
  8
PIN_TOP
 10
21.869399999999999
 20
1.0251440000000001
 30
0.0
  0
VERTEX
  5
103C0
  8
PIN_TOP
 10
21.564599999999999
 20
1.0251440000000001
 30
0.0
  0
SEQEND
  5
103C1
  8
PIN_TOP
  0
POLYLINE
  5
24F7
  8
PIN_TOP
 66
     1
 10
0.0
 20
0.0
 30
0.0
 70
     1
  0
VERTEX
  5
103C2
  8
PIN_TOP
 10
21.064727999999999
 20
1.6347439999999991
 30
0.0
  0
VERTEX
  5
103C3
  8
PIN_TOP
 10
21.369527999999999
 20
1.6347439999999991
 30
0.0
  0
VERTEX
  5
103C4
  8
PIN_TOP
 10
21.369527999999999
 20
1.0251440000000001
 30
0.0
  0
VERTEX
  5
103C5
  8
PIN_TOP
 10
21.064727999999999
 20
1.0251440000000001
 30
0.0
  0
SEQEND
  5
103C6
  8
PIN_TOP
  0
POLYLINE
  5
24FD
  8
PIN_TOP
 66
     1
 10
0.0
 20
0.0
 30
0.0
 70
     1
  0
VERTEX
  5
103C7
  8
PIN_TOP
 10
20.202144000000001
 20
1.942337999999999
 30
0.0
  0
VERTEX
  5
103C8
  8
PIN_TOP
 10
20.811744000000001
 20
1.942337999999999
 30
0.0
  0
VERTEX
  5
103C9
  8
PIN_TOP
 10
20.811744000000001
 20
1.637537999999999
 30
0.0
  0
VERTEX
  5
103CA
  8
PIN_TOP
 10
20.202144000000001
 20
1.637537999999999
 30
0.0
  0
SEQEND
  5
103CB
  8
PIN_TOP
  0
POLYLINE
  5
2503
  8
PIN_TOP
 66
     1
 10
0.0
 20
0.0
 30
0.0
 70
     1
  0
VERTEX
  5
103CC
  8
PIN_TOP
 10
20.202144000000001
 20
2.442463999999998
 30
0.0
  0
VERTEX
  5
103CD
  8
PIN_TOP
 10
20.811744000000001
 20
2.442463999999998
 30
0.0
  0
VERTEX
  5
103CE
  8
PIN_TOP
 10
20.811744000000001
 20
2.137664
 30
0.0
  0
VERTEX
  5
103CF
  8
PIN_TOP
 10
20.202144000000001
 20
2.137664
 30
0.0
  0
SEQEND
  5
103D0
  8
PIN_TOP
  0
POLYLINE
  5
2509
  8
PIN_TOP
 66
     1
 10
0.0
 20
0.0
 30
0.0
 70
     1
  0
VERTEX
  5
103D1
  8
PIN_TOP
 10
20.202144000000001
 20
2.9423360000000001
 30
0.0
  0
VERTEX
  5
103D2
  8
PIN_TOP
 10
20.811744000000001
 20
2.9423360000000001
 30
0.0
  0
VERTEX
  5
103D3
  8
PIN_TOP
 10
20.811744000000001
 20
2.6375359999999981
 30
0.0
  0
VERTEX
  5
103D4
  8
PIN_TOP
 10
20.202144000000001
 20
2.6375359999999981
 30
0.0
  0
SEQEND
  5
103D5
  8
PIN_TOP
  0
POLYLINE
  5
250F
  8
PIN_TOP
 66
     1
 10
0.0
 20
0.0
 30
0.0
 70
     1
  0
VERTEX
  5
103D6
  8
PIN_TOP
 10
20.202144000000001
 20
3.442461999999999
 30
0.0
  0
VERTEX
  5
103D7
  8
PIN_TOP
 10
20.811744000000001
 20
3.442461999999999
 30
0.0
  0
VERTEX
  5
103D8
  8
PIN_TOP
 10
20.811744000000001
 20
3.137661999999998
 30
0.0
  0
VERTEX
  5
103D9
  8
PIN_TOP
 10
20.202144000000001
 20
3.137661999999998
 30
0.0
  0
SEQEND
  5
103DA
  8
PIN_TOP
  0
POLYLINE
  5
2515
  8
PIN_TOP
 66
     1
 10
0.0
 20
0.0
 30
0.0
 70
     1
  0
VERTEX
  5
103DB
  8
PIN_TOP
 10
21.064727999999999
 20
4.054856
 30
0.0
  0
VERTEX
  5
103DC
  8
PIN_TOP
 10
21.369527999999999
 20
4.054856
 30
0.0
  0
VERTEX
  5
103DD
  8
PIN_TOP
 10
21.369527999999999
 20
3.4452559999999992
 30
0.0
  0
VERTEX
  5
103DE
  8
PIN_TOP
 10
21.064727999999999
 20
3.4452559999999992
 30
0.0
  0
SEQEND
  5
103DF
  8
PIN_TOP
  0
POLYLINE
  5
251B
  8
PIN_TOP
 66
     1
 10
0.0
 20
0.0
 30
0.0
 70
     1
  0
VERTEX
  5
103E0
  8
PIN_TOP
 10
21.564599999999999
 20
4.054856
 30
0.0
  0
VERTEX
  5
103E1
  8
PIN_TOP
 10
21.869399999999999
 20
4.054856
 30
0.0
  0
VERTEX
  5
103E2
  8
PIN_TOP
 10
21.869399999999999
 20
3.4452559999999992
 30
0.0
  0
VERTEX
  5
103E3
  8
PIN_TOP
 10
21.564599999999999
 20
3.4452559999999992
 30
0.0
  0
SEQEND
  5
103E4
  8
PIN_TOP
  0
POLYLINE
  5
2521
  8
PIN_TOP
 66
     1
 10
0.0
 20
0.0
 30
0.0
 70
     1
  0
VERTEX
  5
103E5
  8
PIN_TOP
 10
22.064471999999999
 20
4.054856
 30
0.0
  0
VERTEX
  5
103E6
  8
PIN_TOP
 10
22.369271999999999
 20
4.054856
 30
0.0
  0
VERTEX
  5
103E7
  8
PIN_TOP
 10
22.369271999999999
 20
3.4452559999999992
 30
0.0
  0
VERTEX
  5
103E8
  8
PIN_TOP
 10
22.064471999999999
 20
3.4452559999999992
 30
0.0
  0
SEQEND
  5
103E9
  8
PIN_TOP
  0
POLYLINE
  5
2527
  8
PACKAGE_GEOMETRY_SILKSCREE
 66
     1
 10
0.0
 20
0.0
 30
0.0
 40
0.199898
 41
0.199898
  0
VERTEX
  5
103EA
  8
PACKAGE_GEOMETRY_SILKSCREE
 10
22.1996
 20
4.3228260000000001
 30
0.0
  0
VERTEX
  5
103EB
  8
PACKAGE_GEOMETRY_SILKSCREE
 10
22.449535999999998
 20
4.822697999999999
 30
0.0
  0
VERTEX
  5
103EC
  8
PACKAGE_GEOMETRY_SILKSCREE
 10
21.949663999999999
 20
4.822697999999999
 30
0.0
  0
VERTEX
  5
103ED
  8
PACKAGE_GEOMETRY_SILKSCREE
 10
22.1996
 20
4.3228260000000001
 30
0.0
  0
VERTEX
  5
103EE
  8
PACKAGE_GEOMETRY_SILKSCREE
 10
22.1996
 20
4.7228760000000003
 30
0.0
  0
SEQEND
  5
103EF
  8
PACKAGE_GEOMETRY_SILKSCREE
  0
POLYLINE
  5
252E
  8
PACKAGE_GEOMETRY_SILKSCREE
 66
     1
 10
0.0
 20
0.0
 30
0.0
 40
0.1524
 41
0.1524
  0
VERTEX
  5
103F0
  8
PACKAGE_GEOMETRY_SILKSCREE
 10
20.467065999999999
 20
3.7899339999999988
 30
0.0
  0
VERTEX
  5
103F1
  8
PACKAGE_GEOMETRY_SILKSCREE
 10
20.467065999999999
 20
3.6111179999999989
 30
0.0
  0
SEQEND
  5
103F2
  8
PACKAGE_GEOMETRY_SILKSCREE
  0
POLYLINE
  5
2532
  8
PACKAGE_GEOMETRY_SILKSCREE
 66
     1
 10
0.0
 20
0.0
 30
0.0
 40
0.1524
 41
0.1524
  0
VERTEX
  5
103F3
  8
PACKAGE_GEOMETRY_SILKSCREE
 10
22.966933999999998
 20
3.7899339999999988
 30
0.0
  0
VERTEX
  5
103F4
  8
PACKAGE_GEOMETRY_SILKSCREE
 10
22.966933999999998
 20
3.6111179999999989
 30
0.0
  0
SEQEND
  5
103F5
  8
PACKAGE_GEOMETRY_SILKSCREE
  0
POLYLINE
  5
2536
  8
PACKAGE_GEOMETRY_SILKSCREE
 66
     1
 10
0.0
 20
0.0
 30
0.0
 40
0.1524
 41
0.1524
  0
VERTEX
  5
103F6
  8
PACKAGE_GEOMETRY_SILKSCREE
 10
20.467065999999999
 20
1.290065999999999
 30
0.0
  0
VERTEX
  5
103F7
  8
PACKAGE_GEOMETRY_SILKSCREE
 10
20.467065999999999
 20
1.432814
 30
0.0
  0
SEQEND
  5
103F8
  8
PACKAGE_GEOMETRY_SILKSCREE
  0
POLYLINE
  5
253A
  8
PACKAGE_GEOMETRY_SILKSCREE
 66
     1
 10
0.0
 20
0.0
 30
0.0
 40
0.1524
 41
0.1524
  0
VERTEX
  5
103F9
  8
PACKAGE_GEOMETRY_SILKSCREE
 10
22.966933999999998
 20
1.290065999999999
 30
0.0
  0
VERTEX
  5
103FA
  8
PACKAGE_GEOMETRY_SILKSCREE
 10
22.966933999999998
 20
1.432814
 30
0.0
  0
SEQEND
  5
103FB
  8
PACKAGE_GEOMETRY_SILKSCREE
  0
POLYLINE
  5
253E
  8
PACKAGE_GEOMETRY_SILKSCREE
 66
     1
 10
0.0
 20
0.0
 30
0.0
 40
0.1524
 41
0.1524
  0
VERTEX
  5
103FC
  8
PACKAGE_GEOMETRY_SILKSCREE
 10
20.467065999999999
 20
3.7899339999999988
 30
0.0
  0
VERTEX
  5
103FD
  8
PACKAGE_GEOMETRY_SILKSCREE
 10
20.926297999999999
 20
3.7899339999999988
 30
0.0
  0
SEQEND
  5
103FE
  8
PACKAGE_GEOMETRY_SILKSCREE
  0
POLYLINE
  5
2542
  8
PACKAGE_GEOMETRY_SILKSCREE
 66
     1
 10
0.0
 20
0.0
 30
0.0
 40
0.1524
 41
0.1524
  0
VERTEX
  5
103FF
  8
PACKAGE_GEOMETRY_SILKSCREE
 10
20.467065999999999
 20
1.290065999999999
 30
0.0
  0
VERTEX
  5
10400
  8
PACKAGE_GEOMETRY_SILKSCREE
 10
20.926297999999999
 20
1.290065999999999
 30
0.0
  0
SEQEND
  5
10401
  8
PACKAGE_GEOMETRY_SILKSCREE
  0
POLYLINE
  5
2546
  8
PACKAGE_GEOMETRY_SILKSCREE
 66
     1
 10
0.0
 20
0.0
 30
0.0
 40
0.1524
 41
0.1524
  0
VERTEX
  5
10402
  8
PACKAGE_GEOMETRY_SILKSCREE
 10
22.966933999999998
 20
3.7899339999999988
 30
0.0
  0
VERTEX
  5
10403
  8
PACKAGE_GEOMETRY_SILKSCREE
 10
22.533864000000001
 20
3.7899339999999988
 30
0.0
  0
SEQEND
  5
10404
  8
PACKAGE_GEOMETRY_SILKSCREE
  0
POLYLINE
  5
254A
  8
PACKAGE_GEOMETRY_SILKSCREE
 66
     1
 10
0.0
 20
0.0
 30
0.0
 40
0.1524
 41
0.1524
  0
VERTEX
  5
10405
  8
PACKAGE_GEOMETRY_SILKSCREE
 10
22.966933999999998
 20
1.290065999999999
 30
0.0
  0
VERTEX
  5
10406
  8
PACKAGE_GEOMETRY_SILKSCREE
 10
22.533864000000001
 20
1.290065999999999
 30
0.0
  0
SEQEND
  5
10407
  8
PACKAGE_GEOMETRY_SILKSCREE
  0
POLYLINE
  5
254E
  8
PIN_TOP
 66
     1
 10
0.0
 20
0.0
 30
0.0
 70
     1
  0
VERTEX
  5
10408
  8
PIN_TOP
 10
23.977599999999999
 20
21.846540000000001
 30
0.0
  0
VERTEX
  5
10409
  8
PIN_TOP
 10
23.977599999999999
 20
20.957540000000002
 30
0.0
  0
VERTEX
  5
1040A
  8
PIN_TOP
 10
23.266400000000001
 20
20.957540000000002
 30
0.0
  0
VERTEX
  5
1040B
  8
PIN_TOP
 10
23.266400000000001
 20
21.846540000000001
 30
0.0
  0
SEQEND
  5
1040C
  8
PIN_TOP
  0
POLYLINE
  5
2554
  8
PIN_TOP
 66
     1
 10
0.0
 20
0.0
 30
0.0
 70
     1
  0
VERTEX
  5
1040D
  8
PIN_TOP
 10
23.327614000000001
 20
23.746459999999999
 30
0.0
  0
VERTEX
  5
1040E
  8
PIN_TOP
 10
23.327614000000001
 20
22.85746
 30
0.0
  0
VERTEX
  5
1040F
  8
PIN_TOP
 10
22.616413999999999
 20
22.85746
 30
0.0
  0
VERTEX
  5
10410
  8
PIN_TOP
 10
22.616413999999999
 20
23.746459999999999
 30
0.0
  0
SEQEND
  5
10411
  8
PIN_TOP
  0
POLYLINE
  5
255A
  8
PIN_TOP
 66
     1
 10
0.0
 20
0.0
 30
0.0
 70
     1
  0
VERTEX
  5
10412
  8
PIN_TOP
 10
24.627586000000001
 20
23.746459999999999
 30
0.0
  0
VERTEX
  5
10413
  8
PIN_TOP
 10
24.627586000000001
 20
22.85746
 30
0.0
  0
VERTEX
  5
10414
  8
PIN_TOP
 10
23.916385999999999
 20
22.85746
 30
0.0
  0
VERTEX
  5
10415
  8
PIN_TOP
 10
23.916385999999999
 20
23.746459999999999
 30
0.0
  0
SEQEND
  5
10416
  8
PIN_TOP
  0
POLYLINE
  5
2560
  8
PACKAGE_GEOMETRY_SILKSCREE
 66
     1
 10
0.0
 20
0.0
 30
0.0
 40
0.1524
 41
0.1524
  0
VERTEX
  5
10417
  8
PACKAGE_GEOMETRY_SILKSCREE
 10
24.722073999999999
 20
21.677122000000001
 30
0.0
  0
VERTEX
  5
10418
  8
PACKAGE_GEOMETRY_SILKSCREE
 10
24.722073999999999
 20
22.769576000000001
 30
0.0
  0
SEQEND
  5
10419
  8
PACKAGE_GEOMETRY_SILKSCREE
  0
POLYLINE
  5
2564
  8
PACKAGE_GEOMETRY_SILKSCREE
 66
     1
 10
0.0
 20
0.0
 30
0.0
 40
0.1524
 41
0.1524
  0
VERTEX
  5
1041A
  8
PACKAGE_GEOMETRY_SILKSCREE
 10
22.521926000000001
 20
21.677122000000001
 30
0.0
  0
VERTEX
  5
1041B
  8
PACKAGE_GEOMETRY_SILKSCREE
 10
23.124922000000002
 20
21.677122000000001
 30
0.0
  0
SEQEND
  5
1041C
  8
PACKAGE_GEOMETRY_SILKSCREE
  0
POLYLINE
  5
2568
  8
PACKAGE_GEOMETRY_SILKSCREE
 66
     1
 10
0.0
 20
0.0
 30
0.0
 40
0.1524
 41
0.1524
  0
VERTEX
  5
1041D
  8
PACKAGE_GEOMETRY_SILKSCREE
 10
24.722073999999999
 20
21.677122000000001
 30
0.0
  0
VERTEX
  5
1041E
  8
PACKAGE_GEOMETRY_SILKSCREE
 10
24.128222000000001
 20
21.677122000000001
 30
0.0
  0
SEQEND
  5
1041F
  8
PACKAGE_GEOMETRY_SILKSCREE
  0
POLYLINE
  5
256C
  8
PACKAGE_GEOMETRY_SILKSCREE
 66
     1
 10
0.0
 20
0.0
 30
0.0
 40
0.1524
 41
0.1524
  0
VERTEX
  5
10420
  8
PACKAGE_GEOMETRY_SILKSCREE
 10
22.521926000000001
 20
21.677122000000001
 30
0.0
  0
VERTEX
  5
10421
  8
PACKAGE_GEOMETRY_SILKSCREE
 10
22.521926000000001
 20
22.732237999999999
 30
0.0
  0
SEQEND
  5
10422
  8
PACKAGE_GEOMETRY_SILKSCREE
  0
POLYLINE
  5
2570
  8
PACKAGE_GEOMETRY_SILKSCREE
 66
     1
 10
0.0
 20
0.0
 30
0.0
 40
0.1524
 41
0.1524
  0
VERTEX
  5
10423
  8
PACKAGE_GEOMETRY_SILKSCREE
 10
23.782782000000001
 20
23.026878
 30
0.0
  0
VERTEX
  5
10424
  8
PACKAGE_GEOMETRY_SILKSCREE
 10
23.451566
 20
23.026878
 30
0.0
  0
SEQEND
  5
10425
  8
PACKAGE_GEOMETRY_SILKSCREE
  0
POLYLINE
  5
2574
  8
PACKAGE_GEOMETRY_SILKSCREE
 66
     1
 10
0.0
 20
0.0
 30
0.0
 40
0.199898
 41
0.199898
  0
VERTEX
  5
10426
  8
PACKAGE_GEOMETRY_SILKSCREE
 10
24.809449999999998
 20
23.539449999999999
 30
0.0
  0
VERTEX
  5
10427
  8
PACKAGE_GEOMETRY_SILKSCREE
 10
25.339548000000001
 20
23.716234
 30
0.0
  0
VERTEX
  5
10428
  8
PACKAGE_GEOMETRY_SILKSCREE
 10
24.986234
 20
24.069548000000001
 30
0.0
  0
VERTEX
  5
10429
  8
PACKAGE_GEOMETRY_SILKSCREE
 10
24.809449999999998
 20
23.539449999999999
 30
0.0
  0
VERTEX
  5
1042A
  8
PACKAGE_GEOMETRY_SILKSCREE
 10
25.092406
 20
23.822406000000001
 30
0.0
  0
SEQEND
  5
1042B
  8
PACKAGE_GEOMETRY_SILKSCREE
  0
POLYLINE
  5
257B
  8
PIN_TOP
 66
     1
 10
0.0
 20
0.0
 30
0.0
 70
     1
  0
VERTEX
  5
1042C
  8
PIN_TOP
 10
21.691600000000001
 20
21.846540000000001
 30
0.0
  0
VERTEX
  5
1042D
  8
PIN_TOP
 10
21.691600000000001
 20
20.957540000000002
 30
0.0
  0
VERTEX
  5
1042E
  8
PIN_TOP
 10
20.980399999999999
 20
20.957540000000002
 30
0.0
  0
VERTEX
  5
1042F
  8
PIN_TOP
 10
20.980399999999999
 20
21.846540000000001
 30
0.0
  0
SEQEND
  5
10430
  8
PIN_TOP
  0
POLYLINE
  5
2581
  8
PIN_TOP
 66
     1
 10
0.0
 20
0.0
 30
0.0
 70
     1
  0
VERTEX
  5
10431
  8
PIN_TOP
 10
22.341586
 20
23.746459999999999
 30
0.0
  0
VERTEX
  5
10432
  8
PIN_TOP
 10
22.341586
 20
22.85746
 30
0.0
  0
VERTEX
  5
10433
  8
PIN_TOP
 10
21.630386000000001
 20
22.85746
 30
0.0
  0
VERTEX
  5
10434
  8
PIN_TOP
 10
21.630386000000001
 20
23.746459999999999
 30
0.0
  0
SEQEND
  5
10435
  8
PIN_TOP
  0
POLYLINE
  5
2587
  8
PIN_TOP
 66
     1
 10
0.0
 20
0.0
 30
0.0
 70
     1
  0
VERTEX
  5
10436
  8
PIN_TOP
 10
21.041613999999999
 20
23.746459999999999
 30
0.0
  0
VERTEX
  5
10437
  8
PIN_TOP
 10
21.041613999999999
 20
22.85746
 30
0.0
  0
VERTEX
  5
10438
  8
PIN_TOP
 10
20.330414000000001
 20
22.85746
 30
0.0
  0
VERTEX
  5
10439
  8
PIN_TOP
 10
20.330414000000001
 20
23.746459999999999
 30
0.0
  0
SEQEND
  5
1043A
  8
PIN_TOP
  0
POLYLINE
  5
258D
  8
PACKAGE_GEOMETRY_SILKSCREE
 66
     1
 10
0.0
 20
0.0
 30
0.0
 40
0.1524
 41
0.1524
  0
VERTEX
  5
1043B
  8
PACKAGE_GEOMETRY_SILKSCREE
 10
22.436074000000001
 20
21.677122000000001
 30
0.0
  0
VERTEX
  5
1043C
  8
PACKAGE_GEOMETRY_SILKSCREE
 10
22.436074000000001
 20
22.769576000000001
 30
0.0
  0
SEQEND
  5
1043D
  8
PACKAGE_GEOMETRY_SILKSCREE
  0
POLYLINE
  5
2591
  8
PACKAGE_GEOMETRY_SILKSCREE
 66
     1
 10
0.0
 20
0.0
 30
0.0
 40
0.1524
 41
0.1524
  0
VERTEX
  5
1043E
  8
PACKAGE_GEOMETRY_SILKSCREE
 10
20.235925999999999
 20
21.677122000000001
 30
0.0
  0
VERTEX
  5
1043F
  8
PACKAGE_GEOMETRY_SILKSCREE
 10
20.838922
 20
21.677122000000001
 30
0.0
  0
SEQEND
  5
10440
  8
PACKAGE_GEOMETRY_SILKSCREE
  0
POLYLINE
  5
2595
  8
PACKAGE_GEOMETRY_SILKSCREE
 66
     1
 10
0.0
 20
0.0
 30
0.0
 40
0.1524
 41
0.1524
  0
VERTEX
  5
10441
  8
PACKAGE_GEOMETRY_SILKSCREE
 10
22.436074000000001
 20
21.677122000000001
 30
0.0
  0
VERTEX
  5
10442
  8
PACKAGE_GEOMETRY_SILKSCREE
 10
21.842222
 20
21.677122000000001
 30
0.0
  0
SEQEND
  5
10443
  8
PACKAGE_GEOMETRY_SILKSCREE
  0
POLYLINE
  5
2599
  8
PACKAGE_GEOMETRY_SILKSCREE
 66
     1
 10
0.0
 20
0.0
 30
0.0
 40
0.1524
 41
0.1524
  0
VERTEX
  5
10444
  8
PACKAGE_GEOMETRY_SILKSCREE
 10
20.235925999999999
 20
21.677122000000001
 30
0.0
  0
VERTEX
  5
10445
  8
PACKAGE_GEOMETRY_SILKSCREE
 10
20.235925999999999
 20
22.732237999999999
 30
0.0
  0
SEQEND
  5
10446
  8
PACKAGE_GEOMETRY_SILKSCREE
  0
POLYLINE
  5
259D
  8
PACKAGE_GEOMETRY_SILKSCREE
 66
     1
 10
0.0
 20
0.0
 30
0.0
 40
0.1524
 41
0.1524
  0
VERTEX
  5
10447
  8
PACKAGE_GEOMETRY_SILKSCREE
 10
21.496782
 20
23.026878
 30
0.0
  0
VERTEX
  5
10448
  8
PACKAGE_GEOMETRY_SILKSCREE
 10
21.165565999999998
 20
23.026878
 30
0.0
  0
SEQEND
  5
10449
  8
PACKAGE_GEOMETRY_SILKSCREE
  0
POLYLINE
  5
25A1
  8
PACKAGE_GEOMETRY_SILKSCREE
 66
     1
 10
0.0
 20
0.0
 30
0.0
 40
0.199898
 41
0.199898
  0
VERTEX
  5
1044A
  8
PACKAGE_GEOMETRY_SILKSCREE
 10
22.352
 20
21.483574000000001
 30
0.0
  0
VERTEX
  5
1044B
  8
PACKAGE_GEOMETRY_SILKSCREE
 10
22.102063999999999
 20
20.983702000000001
 30
0.0
  0
VERTEX
  5
1044C
  8
PACKAGE_GEOMETRY_SILKSCREE
 10
22.601935999999998
 20
20.983702000000001
 30
0.0
  0
VERTEX
  5
1044D
  8
PACKAGE_GEOMETRY_SILKSCREE
 10
22.352
 20
21.483574000000001
 30
0.0
  0
VERTEX
  5
1044E
  8
PACKAGE_GEOMETRY_SILKSCREE
 10
22.352
 20
21.083524000000001
 30
0.0
  0
SEQEND
  5
1044F
  8
PACKAGE_GEOMETRY_SILKSCREE
  0
POLYLINE
  5
D8DE
  8
BOARD_GEOMETRY_SILKSCREEN_
 66
     1
 10
0.0
 20
0.0
 30
0.0
 40
0.1524
 41
0.1524
  0
VERTEX
  5
10450
  8
BOARD_GEOMETRY_SILKSCREEN_
 10
7.8739999999999988
 20
3.6829999999999989
 30
0.0
  0
VERTEX
  5
10451
  8
BOARD_GEOMETRY_SILKSCREEN_
 10
8.5090000000000003
 20
3.6829999999999989
 30
0.0
  0
SEQEND
  5
10452
  8
BOARD_GEOMETRY_SILKSCREEN_
  0
POLYLINE
  5
D8E2
  8
BOARD_GEOMETRY_SILKSCREEN_
 66
     1
 10
0.0
 20
0.0
 30
0.0
 40
0.1524
 41
0.1524
  0
VERTEX
  5
10453
  8
BOARD_GEOMETRY_SILKSCREEN_
 10
8.2550000000000008
 20
3.302
 30
0.0
  0
VERTEX
  5
10454
  8
BOARD_GEOMETRY_SILKSCREEN_
 10
8.2550000000000008
 20
4.0640000000000001
 30
0.0
  0
SEQEND
  5
10455
  8
BOARD_GEOMETRY_SILKSCREEN_
  0
POLYLINE
  5
D8E6
  8
BOARD_GEOMETRY_SILKSCREEN_
 66
     1
 10
0.0
 20
0.0
 30
0.0
 40
0.127
 41
0.127
  0
VERTEX
  5
10456
  8
BOARD_GEOMETRY_SILKSCREEN_
 10
8.1653380000000002
 20
4.0454579999999991
 30
0.0
  0
VERTEX
  5
10457
  8
BOARD_GEOMETRY_SILKSCREEN_
 10
7.0591679999999979
 20
4.0454579999999991
 30
0.0
  0
SEQEND
  5
10458
  8
BOARD_GEOMETRY_SILKSCREEN_
  0
POLYLINE
  5
D8EA
  8
BOARD_GEOMETRY_SILKSCREEN_
 66
     1
 10
0.0
 20
0.0
 30
0.0
 40
0.127
 41
0.127
  0
VERTEX
  5
10459
  8
BOARD_GEOMETRY_SILKSCREEN_
 10
7.0591679999999979
 20
4.0454579999999991
 30
0.0
  0
VERTEX
  5
1045A
  8
BOARD_GEOMETRY_SILKSCREEN_
 10
7.0591679999999979
 20
6.3177419999999991
 30
0.0
  0
SEQEND
  5
1045B
  8
BOARD_GEOMETRY_SILKSCREEN_
  0
POLYLINE
  5
D8EE
  8
BOARD_GEOMETRY_SILKSCREEN_
 66
     1
 10
0.0
 20
0.0
 30
0.0
 40
0.127
 41
0.127
  0
VERTEX
  5
1045C
  8
BOARD_GEOMETRY_SILKSCREEN_
 10
8.178291999999999
 20
6.2877700000000001
 30
0.0
  0
VERTEX
  5
1045D
  8
BOARD_GEOMETRY_SILKSCREEN_
 10
8.178291999999999
 20
4.0454579999999991
 30
0.0
  0
SEQEND
  5
1045E
  8
BOARD_GEOMETRY_SILKSCREEN_
  0
POLYLINE
  5
D8F2
  8
BOARD_GEOMETRY_SILKSCREEN_
 66
     1
 10
0.0
 20
0.0
 30
0.0
 40
0.127
 41
0.127
  0
VERTEX
  5
1045F
  8
BOARD_GEOMETRY_SILKSCREEN_
 10
7.869936
 20
6.5831720000000002
 30
0.0
  0
VERTEX
  5
10460
  8
BOARD_GEOMETRY_SILKSCREEN_
 10
8.1788000000000007
 20
6.299199999999999
 30
0.0
  0
SEQEND
  5
10461
  8
BOARD_GEOMETRY_SILKSCREEN_
  0
POLYLINE
  5
D8F6
  8
BOARD_GEOMETRY_SILKSCREEN_
 66
     1
 10
0.0
 20
0.0
 30
0.0
 40
0.127
 41
0.127
  0
VERTEX
  5
10462
  8
BOARD_GEOMETRY_SILKSCREEN_
 10
7.9999839999999978
 20
6.413246
 30
0.0
  0
VERTEX
  5
10463
  8
BOARD_GEOMETRY_SILKSCREEN_
 10
7.1998839999999991
 20
6.413246
 30
0.0
  0
SEQEND
  5
10464
  8
BOARD_GEOMETRY_SILKSCREEN_
  0
POLYLINE
  5
D8FA
  8
BOARD_GEOMETRY_SILKSCREEN_
 66
     1
 10
0.0
 20
0.0
 30
0.0
 40
0.127
 41
0.127
  0
VERTEX
  5
10465
  8
BOARD_GEOMETRY_SILKSCREEN_
 10
7.9999839999999978
 20
6.3624460000000003
 30
0.0
  0
VERTEX
  5
10466
  8
BOARD_GEOMETRY_SILKSCREEN_
 10
7.1998839999999991
 20
6.3624460000000003
 30
0.0
  0
SEQEND
  5
10467
  8
BOARD_GEOMETRY_SILKSCREEN_
  0
POLYLINE
  5
D8FE
  8
BOARD_GEOMETRY_SILKSCREEN_
 66
     1
 10
0.0
 20
0.0
 30
0.0
 40
0.127
 41
0.127
  0
VERTEX
  5
10468
  8
BOARD_GEOMETRY_SILKSCREEN_
 10
7.9499459999999971
 20
6.5031619999999988
 30
0.0
  0
VERTEX
  5
10469
  8
BOARD_GEOMETRY_SILKSCREEN_
 10
7.2999599999999978
 20
6.5031619999999988
 30
0.0
  0
SEQEND
  5
1046A
  8
BOARD_GEOMETRY_SILKSCREEN_
  0
POLYLINE
  5
D902
  8
BOARD_GEOMETRY_SILKSCREEN_
 66
     1
 10
0.0
 20
0.0
 30
0.0
 40
0.127
 41
0.127
  0
VERTEX
  5
1046B
  8
BOARD_GEOMETRY_SILKSCREEN_
 10
7.3499979999999976
 20
6.5831720000000002
 30
0.0
  0
VERTEX
  5
1046C
  8
BOARD_GEOMETRY_SILKSCREEN_
 10
7.869936
 20
6.5831720000000002
 30
0.0
  0
SEQEND
  5
1046D
  8
BOARD_GEOMETRY_SILKSCREEN_
  0
POLYLINE
  5
D906
  8
BOARD_GEOMETRY_SILKSCREEN_
 66
     1
 10
0.0
 20
0.0
 30
0.0
 40
0.127
 41
0.127
  0
VERTEX
  5
1046E
  8
BOARD_GEOMETRY_SILKSCREEN_
 10
7.0612000000000004
 20
6.3246000000000002
 30
0.0
  0
VERTEX
  5
1046F
  8
BOARD_GEOMETRY_SILKSCREEN_
 10
7.3499979999999976
 20
6.5831720000000002
 30
0.0
  0
SEQEND
  5
10470
  8
BOARD_GEOMETRY_SILKSCREEN_
  0
POLYLINE
  5
D90A
  8
BOARD_GEOMETRY_SILKSCREEN_
 66
     1
 10
0.0
 20
0.0
 30
0.0
 40
0.1524
 41
0.1524
  0
VERTEX
  5
10471
  8
BOARD_GEOMETRY_SILKSCREEN_
 10
8.2501740000000012
 20
22.973030000000001
 30
0.0
  0
VERTEX
  5
10472
  8
BOARD_GEOMETRY_SILKSCREEN_
 10
9.0502739999999982
 20
22.973030000000001
 30
0.0
  0
VERTEX
  5
10473
  8
BOARD_GEOMETRY_SILKSCREEN_
 10
8.6502239999999961
 20
23.773129999999998
 30
0.0
  0
VERTEX
  5
10474
  8
BOARD_GEOMETRY_SILKSCREEN_
 10
8.2501740000000012
 20
22.973030000000001
 30
0.0
  0
VERTEX
  5
10475
  8
BOARD_GEOMETRY_SILKSCREEN_
 10
8.6502239999999961
 20
23.572977999999999
 30
0.0
  0
VERTEX
  5
10476
  8
BOARD_GEOMETRY_SILKSCREEN_
 10
8.9501980000000003
 20
23.073105999999999
 30
0.0
  0
VERTEX
  5
10477
  8
BOARD_GEOMETRY_SILKSCREEN_
 10
8.4503259999999987
 20
23.073105999999999
 30
0.0
  0
VERTEX
  5
10478
  8
BOARD_GEOMETRY_SILKSCREEN_
 10
8.6502239999999961
 20
23.473155999999999
 30
0.0
  0
VERTEX
  5
10479
  8
BOARD_GEOMETRY_SILKSCREEN_
 10
8.8501220000000007
 20
23.173182000000001
 30
0.0
  0
VERTEX
  5
1047A
  8
BOARD_GEOMETRY_SILKSCREEN_
 10
8.5501480000000001
 20
23.173182000000001
 30
0.0
  0
VERTEX
  5
1047B
  8
BOARD_GEOMETRY_SILKSCREEN_
 10
8.7502999999999975
 20
23.373080000000002
 30
0.0
  0
SEQEND
  5
1047C
  8
BOARD_GEOMETRY_SILKSCREEN_
  0
POLYLINE
  5
D917
  8
BOARD_GEOMETRY_SILKSCREEN_
 66
     1
 10
0.0
 20
0.0
 30
0.0
 40
0.1524
 41
0.1524
  0
VERTEX
  5
1047D
  8
BOARD_GEOMETRY_SILKSCREEN_
 10
36.911279999999998
 20
23.762969999999999
 30
0.0
 42
1.000095
  0
VERTEX
  5
1047E
  8
BOARD_GEOMETRY_SILKSCREEN_
 10
36.278820000000003
 20
23.762969999999999
 30
0.0
 42
0.9999049999999998
  0
VERTEX
  5
1047F
  8
BOARD_GEOMETRY_SILKSCREEN_
 10
36.911279999999998
 20
23.762969999999999
 30
0.0
  0
SEQEND
  5
10480
  8
BOARD_GEOMETRY_SILKSCREEN_
  0
POLYLINE
  5
D91C
  8
BOARD_GEOMETRY_SILKSCREEN_
 66
     1
 10
0.0
 20
0.0
 30
0.0
 40
0.199898
 41
0.199898
  0
VERTEX
  5
10481
  8
BOARD_GEOMETRY_SILKSCREEN_
 10
13.863066
 20
6.9949060000000003
 30
0.0
  0
VERTEX
  5
10482
  8
BOARD_GEOMETRY_SILKSCREEN_
 10
13.686282
 20
7.5250039999999982
 30
0.0
  0
VERTEX
  5
10483
  8
BOARD_GEOMETRY_SILKSCREEN_
 10
13.332967999999999
 20
7.171689999999999
 30
0.0
  0
VERTEX
  5
10484
  8
BOARD_GEOMETRY_SILKSCREEN_
 10
13.863066
 20
6.9949060000000003
 30
0.0
  0
VERTEX
  5
10485
  8
BOARD_GEOMETRY_SILKSCREEN_
 10
13.580109999999999
 20
7.2778619999999989
 30
0.0
  0
SEQEND
  5
10486
  8
BOARD_GEOMETRY_SILKSCREEN_
  0
POLYLINE
  5
D923
  8
BOARD_GEOMETRY_SILKSCREEN_
 66
     1
 10
0.0
 20
0.0
 30
0.0
 40
0.199898
 41
0.199898
  0
VERTEX
  5
10487
  8
BOARD_GEOMETRY_SILKSCREEN_
 10
5.3954680000000002
 20
15.565628
 30
0.0
  0
VERTEX
  5
10488
  8
BOARD_GEOMETRY_SILKSCREEN_
 10
5.572251999999998
 20
15.035276
 30
0.0
  0
VERTEX
  5
10489
  8
BOARD_GEOMETRY_SILKSCREEN_
 10
5.925565999999999
 20
15.388844000000001
 30
0.0
  0
VERTEX
  5
1048A
  8
BOARD_GEOMETRY_SILKSCREEN_
 10
5.3954680000000002
 20
15.565628
 30
0.0
  0
VERTEX
  5
1048B
  8
BOARD_GEOMETRY_SILKSCREEN_
 10
5.6781699999999979
 20
15.282926
 30
0.0
  0
SEQEND
  5
1048C
  8
BOARD_GEOMETRY_SILKSCREEN_
  0
POLYLINE
  5
D92A
  8
BOARD_GEOMETRY_SILKSCREEN_
 66
     1
 10
0.0
 20
0.0
 30
0.0
 40
0.1524
 41
0.1524
  0
VERTEX
  5
1048D
  8
BOARD_GEOMETRY_SILKSCREEN_
 10
7.3355199999999989
 20
10.25652
 30
0.0
  0
VERTEX
  5
1048E
  8
BOARD_GEOMETRY_SILKSCREEN_
 10
8.3362800000000004
 20
10.25652
 30
0.0
  0
SEQEND
  5
1048F
  8
BOARD_GEOMETRY_SILKSCREEN_
  0
POLYLINE
  5
D92E
  8
BOARD_GEOMETRY_SILKSCREEN_
 66
     1
 10
0.0
 20
0.0
 30
0.0
 40
0.1524
 41
0.1524
  0
VERTEX
  5
10490
  8
BOARD_GEOMETRY_SILKSCREEN_
 10
7.3355199999999989
 20
11.25728
 30
0.0
  0
VERTEX
  5
10491
  8
BOARD_GEOMETRY_SILKSCREEN_
 10
7.3355199999999989
 20
10.25652
 30
0.0
  0
SEQEND
  5
10492
  8
BOARD_GEOMETRY_SILKSCREEN_
  0
POLYLINE
  5
D932
  8
BOARD_GEOMETRY_SILKSCREEN_
 66
     1
 10
0.0
 20
0.0
 30
0.0
 40
0.1524
 41
0.1524
  0
VERTEX
  5
10493
  8
BOARD_GEOMETRY_SILKSCREEN_
 10
18.33372
 20
10.25652
 30
0.0
  0
VERTEX
  5
10494
  8
BOARD_GEOMETRY_SILKSCREEN_
 10
19.334479999999999
 20
10.25652
 30
0.0
  0
SEQEND
  5
10495
  8
BOARD_GEOMETRY_SILKSCREEN_
  0
POLYLINE
  5
D936
  8
BOARD_GEOMETRY_SILKSCREEN_
 66
     1
 10
0.0
 20
0.0
 30
0.0
 40
0.1524
 41
0.1524
  0
VERTEX
  5
10496
  8
BOARD_GEOMETRY_SILKSCREEN_
 10
19.334479999999999
 20
10.25652
 30
0.0
  0
VERTEX
  5
10497
  8
BOARD_GEOMETRY_SILKSCREEN_
 10
19.334479999999999
 20
11.25728
 30
0.0
  0
SEQEND
  5
10498
  8
BOARD_GEOMETRY_SILKSCREEN_
  0
POLYLINE
  5
D93A
  8
BOARD_GEOMETRY_SILKSCREEN_
 66
     1
 10
0.0
 20
0.0
 30
0.0
 40
0.1524
 41
0.1524
  0
VERTEX
  5
10499
  8
BOARD_GEOMETRY_SILKSCREEN_
 10
18.33372
 20
22.255479999999999
 30
0.0
  0
VERTEX
  5
1049A
  8
BOARD_GEOMETRY_SILKSCREEN_
 10
19.334479999999999
 20
22.255479999999999
 30
0.0
  0
SEQEND
  5
1049B
  8
BOARD_GEOMETRY_SILKSCREEN_
  0
POLYLINE
  5
D93E
  8
BOARD_GEOMETRY_SILKSCREEN_
 66
     1
 10
0.0
 20
0.0
 30
0.0
 40
0.1524
 41
0.1524
  0
VERTEX
  5
1049C
  8
BOARD_GEOMETRY_SILKSCREEN_
 10
19.334479999999999
 20
22.255479999999999
 30
0.0
  0
VERTEX
  5
1049D
  8
BOARD_GEOMETRY_SILKSCREEN_
 10
19.334479999999999
 20
21.254719999999999
 30
0.0
  0
SEQEND
  5
1049E
  8
BOARD_GEOMETRY_SILKSCREEN_
  0
POLYLINE
  5
D942
  8
BOARD_GEOMETRY_SILKSCREEN_
 66
     1
 10
0.0
 20
0.0
 30
0.0
 40
0.1524
 41
0.1524
  0
VERTEX
  5
1049F
  8
BOARD_GEOMETRY_SILKSCREEN_
 10
5.9245499999999991
 20
21.235924000000001
 30
0.0
  0
VERTEX
  5
104A0
  8
BOARD_GEOMETRY_SILKSCREEN_
 10
5.9245499999999991
 20
20.435824
 30
0.0
  0
VERTEX
  5
104A1
  8
BOARD_GEOMETRY_SILKSCREEN_
 10
6.7246499999999987
 20
20.835874
 30
0.0
  0
VERTEX
  5
104A2
  8
BOARD_GEOMETRY_SILKSCREEN_
 10
5.9245499999999991
 20
21.235924000000001
 30
0.0
  0
VERTEX
  5
104A3
  8
BOARD_GEOMETRY_SILKSCREEN_
 10
6.5244980000000004
 20
20.835874
 30
0.0
  0
VERTEX
  5
104A4
  8
BOARD_GEOMETRY_SILKSCREEN_
 10
6.0246259999999987
 20
20.535900000000002
 30
0.0
  0
VERTEX
  5
104A5
  8
BOARD_GEOMETRY_SILKSCREEN_
 10
6.0246259999999987
 20
21.035772000000001
 30
0.0
  0
VERTEX
  5
104A6
  8
BOARD_GEOMETRY_SILKSCREEN_
 10
6.4246759999999981
 20
20.835874
 30
0.0
  0
VERTEX
  5
104A7
  8
BOARD_GEOMETRY_SILKSCREEN_
 10
6.1247020000000001
 20
20.635722000000001
 30
0.0
  0
VERTEX
  5
104A8
  8
BOARD_GEOMETRY_SILKSCREEN_
 10
6.1247020000000001
 20
20.935696
 30
0.0
  0
VERTEX
  5
104A9
  8
BOARD_GEOMETRY_SILKSCREEN_
 10
6.3246000000000002
 20
20.735797999999999
 30
0.0
  0
SEQEND
  5
104AA
  8
BOARD_GEOMETRY_SILKSCREEN_
  0
POLYLINE
  5
D94F
  8
BOARD_GEOMETRY_SILKSCREEN_
 66
     1
 10
0.0
 20
0.0
 30
0.0
 40
0.1524
 41
0.1524
  0
VERTEX
  5
104AB
  8
BOARD_GEOMETRY_SILKSCREEN_
 10
7.0891399999999987
 20
21.59
 30
0.0
 42
1.0
  0
VERTEX
  5
104AC
  8
BOARD_GEOMETRY_SILKSCREEN_
 10
6.3728600000000002
 20
21.59
 30
0.0
 42
1.0
  0
VERTEX
  5
104AD
  8
BOARD_GEOMETRY_SILKSCREEN_
 10
7.0891399999999987
 20
21.59
 30
0.0
  0
SEQEND
  5
104AE
  8
BOARD_GEOMETRY_SILKSCREEN_
  0
POLYLINE
  5
D954
  8
BOARD_GEOMETRY_SILKSCREEN_
 66
     1
 10
0.0
 20
0.0
 30
0.0
 40
0.1524
 41
0.1524
  0
VERTEX
  5
104AF
  8
BOARD_GEOMETRY_SILKSCREEN_
 10
7.3355199999999989
 20
22.255479999999999
 30
0.0
  0
VERTEX
  5
104B0
  8
BOARD_GEOMETRY_SILKSCREEN_
 10
8.3362800000000004
 20
22.255479999999999
 30
0.0
  0
SEQEND
  5
104B1
  8
BOARD_GEOMETRY_SILKSCREEN_
  0
POLYLINE
  5
D958
  8
BOARD_GEOMETRY_SILKSCREEN_
 66
     1
 10
0.0
 20
0.0
 30
0.0
 40
0.1524
 41
0.1524
  0
VERTEX
  5
104B2
  8
BOARD_GEOMETRY_SILKSCREEN_
 10
7.3355199999999989
 20
21.254719999999999
 30
0.0
  0
VERTEX
  5
104B3
  8
BOARD_GEOMETRY_SILKSCREEN_
 10
7.3355199999999989
 20
22.255479999999999
 30
0.0
  0
SEQEND
  5
104B4
  8
BOARD_GEOMETRY_SILKSCREEN_
  0
POLYLINE
  5
D95C
  8
BOARD_GEOMETRY_SILKSCREEN_
 66
     1
 10
0.0
 20
0.0
 30
0.0
 40
0.1524
 41
0.1524
  0
VERTEX
  5
104B5
  8
BOARD_GEOMETRY_SILKSCREEN_
 10
47.898811999999992
 20
2.111247999999998
 30
0.0
  0
VERTEX
  5
104B6
  8
BOARD_GEOMETRY_SILKSCREEN_
 10
48.321468000000003
 20
1.688591999999999
 30
0.0
  0
SEQEND
  5
104B7
  8
BOARD_GEOMETRY_SILKSCREEN_
  0
POLYLINE
  5
D960
  8
BOARD_GEOMETRY_SILKSCREEN_
 66
     1
 10
0.0
 20
0.0
 30
0.0
 40
0.1524
 41
0.1524
  0
VERTEX
  5
104B8
  8
BOARD_GEOMETRY_SILKSCREEN_
 10
47.398177999999987
 20
1.688591999999999
 30
0.0
  0
VERTEX
  5
104B9
  8
BOARD_GEOMETRY_SILKSCREEN_
 10
47.898811999999992
 20
2.111247999999998
 30
0.0
  0
SEQEND
  5
104BA
  8
BOARD_GEOMETRY_SILKSCREEN_
  0
POLYLINE
  5
D964
  8
BOARD_GEOMETRY_SILKSCREEN_
 66
     1
 10
0.0
 20
0.0
 30
0.0
 40
0.1524
 41
0.1524
  0
VERTEX
  5
104BB
  8
BOARD_GEOMETRY_SILKSCREEN_
 10
48.321468000000003
 20
1.688591999999999
 30
0.0
  0
VERTEX
  5
104BC
  8
BOARD_GEOMETRY_SILKSCREEN_
 10
47.398177999999987
 20
1.688591999999999
 30
0.0
  0
SEQEND
  5
104BD
  8
BOARD_GEOMETRY_SILKSCREEN_
  0
POLYLINE
  5
D968
  8
BOARD_GEOMETRY_SILKSCREEN_
 66
     1
 10
0.0
 20
0.0
 30
0.0
 40
0.1524
 41
0.1524
  0
VERTEX
  5
104BE
  8
BOARD_GEOMETRY_SILKSCREEN_
 10
47.209710000000001
 20
0.4897120000000001
 30
0.0
  0
VERTEX
  5
104BF
  8
BOARD_GEOMETRY_SILKSCREEN_
 10
48.509681999999998
 20
0.4897120000000001
 30
0.0
  0
SEQEND
  5
104C0
  8
BOARD_GEOMETRY_SILKSCREEN_
  0
POLYLINE
  5
D96C
  8
BOARD_GEOMETRY_SILKSCREEN_
 66
     1
 10
0.0
 20
0.0
 30
0.0
 40
0.1524
 41
0.1524
  0
VERTEX
  5
104C1
  8
BOARD_GEOMETRY_SILKSCREEN_
 10
48.509681999999998
 20
0.4897120000000001
 30
0.0
  0
VERTEX
  5
104C2
  8
BOARD_GEOMETRY_SILKSCREEN_
 10
48.509681999999998
 20
3.309619999999998
 30
0.0
  0
SEQEND
  5
104C3
  8
BOARD_GEOMETRY_SILKSCREEN_
  0
POLYLINE
  5
D970
  8
BOARD_GEOMETRY_SILKSCREEN_
 66
     1
 10
0.0
 20
0.0
 30
0.0
 40
0.1524
 41
0.1524
  0
VERTEX
  5
104C4
  8
BOARD_GEOMETRY_SILKSCREEN_
 10
47.209710000000001
 20
3.309619999999998
 30
0.0
  0
VERTEX
  5
104C5
  8
BOARD_GEOMETRY_SILKSCREEN_
 10
47.209710000000001
 20
0.4897120000000001
 30
0.0
  0
SEQEND
  5
104C6
  8
BOARD_GEOMETRY_SILKSCREEN_
  0
POLYLINE
  5
D974
  8
BOARD_GEOMETRY_SILKSCREEN_
 66
     1
 10
0.0
 20
0.0
 30
0.0
 40
0.1524
 41
0.1524
  0
VERTEX
  5
104C7
  8
BOARD_GEOMETRY_SILKSCREEN_
 10
48.509681999999998
 20
3.309619999999998
 30
0.0
  0
VERTEX
  5
104C8
  8
BOARD_GEOMETRY_SILKSCREEN_
 10
47.209710000000001
 20
3.309619999999998
 30
0.0
  0
SEQEND
  5
104C9
  8
BOARD_GEOMETRY_SILKSCREEN_
  0
POLYLINE
  5
D978
  8
BOARD_GEOMETRY_SILKSCREEN_
 66
     1
 10
0.0
 20
0.0
 30
0.0
 40
0.350012
 41
0.350012
  0
VERTEX
  5
104CA
  8
BOARD_GEOMETRY_SILKSCREEN_
 10
34.711385999999997
 20
20.849589999999999
 30
0.0
  0
VERTEX
  5
104CB
  8
BOARD_GEOMETRY_SILKSCREEN_
 10
34.394647999999997
 20
21.166328
 30
0.0
  0
SEQEND
  5
104CC
  8
BOARD_GEOMETRY_SILKSCREEN_
  0
POLYLINE
  5
D97C
  8
BOARD_GEOMETRY_SILKSCREEN_
 66
     1
 10
0.0
 20
0.0
 30
0.0
 40
0.350012
 41
0.350012
  0
VERTEX
  5
104CD
  8
BOARD_GEOMETRY_SILKSCREEN_
 10
35.028377999999996
 20
21.166328
 30
0.0
  0
VERTEX
  5
104CE
  8
BOARD_GEOMETRY_SILKSCREEN_
 10
34.711385999999997
 20
20.849589999999999
 30
0.0
  0
SEQEND
  5
104CF
  8
BOARD_GEOMETRY_SILKSCREEN_
  0
POLYLINE
  5
D980
  8
BOARD_GEOMETRY_SILKSCREEN_
 66
     1
 10
0.0
 20
0.0
 30
0.0
 40
0.350012
 41
0.350012
  0
VERTEX
  5
104D0
  8
BOARD_GEOMETRY_SILKSCREEN_
 10
34.394647999999997
 20
21.166328
 30
0.0
  0
VERTEX
  5
104D1
  8
BOARD_GEOMETRY_SILKSCREEN_
 10
35.028377999999996
 20
21.166328
 30
0.0
  0
SEQEND
  5
104D2
  8
BOARD_GEOMETRY_SILKSCREEN_
  0
POLYLINE
  5
D984
  8
BOARD_GEOMETRY_SILKSCREEN_
 66
     1
 10
0.0
 20
0.0
 30
0.0
 40
0.1524
 41
0.1524
  0
VERTEX
  5
104D3
  8
BOARD_GEOMETRY_SILKSCREEN_
 10
35.043872
 20
20.450047999999999
 30
0.0
  0
VERTEX
  5
104D4
  8
BOARD_GEOMETRY_SILKSCREEN_
 10
35.393884
 20
20.100035999999999
 30
0.0
  0
SEQEND
  5
104D5
  8
BOARD_GEOMETRY_SILKSCREEN_
  0
POLYLINE
  5
D988
  8
BOARD_GEOMETRY_SILKSCREEN_
 66
     1
 10
0.0
 20
0.0
 30
0.0
 40
0.1524
 41
0.1524
  0
VERTEX
  5
104D6
  8
BOARD_GEOMETRY_SILKSCREEN_
 10
8.3566000000000003
 20
7.086599999999998
 30
0.0
  0
VERTEX
  5
104D7
  8
BOARD_GEOMETRY_SILKSCREEN_
 10
8.5090000000000003
 20
7.2644000000000002
 30
0.0
  0
SEQEND
  5
104D8
  8
BOARD_GEOMETRY_SILKSCREEN_
  0
POLYLINE
  5
D98C
  8
BOARD_GEOMETRY_SILKSCREEN_
 66
     1
 10
0.0
 20
0.0
 30
0.0
 40
0.1524
 41
0.1524
  0
VERTEX
  5
104D9
  8
BOARD_GEOMETRY_SILKSCREEN_
 10
8.5443060000000006
 20
7.0779639999999979
 30
0.0
  0
VERTEX
  5
104DA
  8
BOARD_GEOMETRY_SILKSCREEN_
 10
6.9469000000000003
 20
7.0779639999999979
 30
0.0
  0
SEQEND
  5
104DB
  8
BOARD_GEOMETRY_SILKSCREEN_
  0
POLYLINE
  5
D990
  8
BOARD_GEOMETRY_SILKSCREEN_
 66
     1
 10
0.0
 20
0.0
 30
0.0
 40
0.1524
 41
0.1524
  0
VERTEX
  5
104DC
  8
BOARD_GEOMETRY_SILKSCREEN_
 10
8.5471000000000004
 20
7.0807580000000003
 30
0.0
  0
VERTEX
  5
104DD
  8
BOARD_GEOMETRY_SILKSCREEN_
 10
8.5443060000000006
 20
7.0779639999999979
 30
0.0
  0
SEQEND
  5
104DE
  8
BOARD_GEOMETRY_SILKSCREEN_
  0
POLYLINE
  5
D994
  8
BOARD_GEOMETRY_SILKSCREEN_
 66
     1
 10
0.0
 20
0.0
 30
0.0
 40
0.1524
 41
0.1524
  0
VERTEX
  5
104DF
  8
BOARD_GEOMETRY_SILKSCREEN_
 10
8.5471000000000004
 20
9.1780360000000005
 30
0.0
  0
VERTEX
  5
104E0
  8
BOARD_GEOMETRY_SILKSCREEN_
 10
8.5471000000000004
 20
7.0807580000000003
 30
0.0
  0
SEQEND
  5
104E1
  8
BOARD_GEOMETRY_SILKSCREEN_
  0
POLYLINE
  5
D998
  8
BOARD_GEOMETRY_SILKSCREEN_
 66
     1
 10
0.0
 20
0.0
 30
0.0
 40
0.1524
 41
0.1524
  0
VERTEX
  5
104E2
  8
BOARD_GEOMETRY_SILKSCREEN_
 10
8.5153499999999998
 20
6.6710560000000001
 30
0.0
 42
0.99991
  0
VERTEX
  5
104E3
  8
BOARD_GEOMETRY_SILKSCREEN_
 10
8.1158079999999977
 20
6.6710560000000001
 30
0.0
 42
1.000089999999999
  0
VERTEX
  5
104E4
  8
BOARD_GEOMETRY_SILKSCREEN_
 10
8.5153499999999998
 20
6.6710560000000001
 30
0.0
  0
SEQEND
  5
104E5
  8
BOARD_GEOMETRY_SILKSCREEN_
  0
POLYLINE
  5
D99D
  8
BOARD_GEOMETRY_SILKSCREEN_
 66
     1
 10
0.0
 20
0.0
 30
0.0
 40
0.1524
 41
0.1524
  0
VERTEX
  5
104E6
  8
BOARD_GEOMETRY_SILKSCREEN_
 10
6.9469000000000003
 20
9.1780360000000005
 30
0.0
  0
VERTEX
  5
104E7
  8
BOARD_GEOMETRY_SILKSCREEN_
 10
8.5471000000000004
 20
9.1780360000000005
 30
0.0
  0
SEQEND
  5
104E8
  8
BOARD_GEOMETRY_SILKSCREEN_
  0
POLYLINE
  5
D9A1
  8
BOARD_GEOMETRY_SILKSCREEN_
 66
     1
 10
0.0
 20
0.0
 30
0.0
 40
0.1524
 41
0.1524
  0
VERTEX
  5
104E9
  8
BOARD_GEOMETRY_SILKSCREEN_
 10
6.9469000000000003
 20
7.0779639999999979
 30
0.0
  0
VERTEX
  5
104EA
  8
BOARD_GEOMETRY_SILKSCREEN_
 10
6.9469000000000003
 20
9.1780360000000005
 30
0.0
  0
SEQEND
  5
104EB
  8
BOARD_GEOMETRY_SILKSCREEN_
  0
POLYLINE
  5
D9A5
  8
BOARD_GEOMETRY_SILKSCREEN_
 66
     1
 10
0.0
 20
0.0
 30
0.0
 40
0.1524
 41
0.1524
  0
VERTEX
  5
104EC
  8
BOARD_GEOMETRY_SILKSCREEN_
 10
33.130997999999998
 20
2.3241000000000001
 30
0.0
  0
VERTEX
  5
104ED
  8
BOARD_GEOMETRY_SILKSCREEN_
 10
33.130997999999998
 20
0.7239
 30
0.0
  0
SEQEND
  5
104EE
  8
BOARD_GEOMETRY_SILKSCREEN_
  0
POLYLINE
  5
D9A9
  8
BOARD_GEOMETRY_SILKSCREEN_
 66
     1
 10
0.0
 20
0.0
 30
0.0
 40
0.1524
 41
0.1524
  0
VERTEX
  5
104EF
  8
BOARD_GEOMETRY_SILKSCREEN_
 10
33.130997999999998
 20
0.7239
 30
0.0
  0
VERTEX
  5
104F0
  8
BOARD_GEOMETRY_SILKSCREEN_
 10
31.231078
 20
0.7239
 30
0.0
  0
SEQEND
  5
104F1
  8
BOARD_GEOMETRY_SILKSCREEN_
  0
POLYLINE
  5
D9AD
  8
BOARD_GEOMETRY_SILKSCREEN_
 66
     1
 10
0.0
 20
0.0
 30
0.0
 40
0.1524
 41
0.1524
  0
VERTEX
  5
104F2
  8
BOARD_GEOMETRY_SILKSCREEN_
 10
31.131001999999999
 20
2.3241000000000001
 30
0.0
  0
VERTEX
  5
104F3
  8
BOARD_GEOMETRY_SILKSCREEN_
 10
33.130997999999998
 20
2.3241000000000001
 30
0.0
  0
SEQEND
  5
104F4
  8
BOARD_GEOMETRY_SILKSCREEN_
  0
POLYLINE
  5
D9B1
  8
BOARD_GEOMETRY_SILKSCREEN_
 66
     1
 10
0.0
 20
0.0
 30
0.0
 40
0.1524
 41
0.1524
  0
VERTEX
  5
104F5
  8
BOARD_GEOMETRY_SILKSCREEN_
 10
31.092901999999999
 20
0.624078
 30
0.0
 42
1.0004379999999991
  0
VERTEX
  5
104F6
  8
BOARD_GEOMETRY_SILKSCREEN_
 10
30.869128
 20
0.6238240000000001
 30
0.0
 42
0.999562
  0
VERTEX
  5
104F7
  8
BOARD_GEOMETRY_SILKSCREEN_
 10
31.092901999999999
 20
0.624078
 30
0.0
  0
SEQEND
  5
104F8
  8
BOARD_GEOMETRY_SILKSCREEN_
  0
POLYLINE
  5
D9B6
  8
BOARD_GEOMETRY_SILKSCREEN_
 66
     1
 10
0.0
 20
0.0
 30
0.0
 40
0.1524
 41
0.1524
  0
VERTEX
  5
104F9
  8
BOARD_GEOMETRY_SILKSCREEN_
 10
31.131001999999999
 20
0.823976
 30
0.0
  0
VERTEX
  5
104FA
  8
BOARD_GEOMETRY_SILKSCREEN_
 10
31.131001999999999
 20
2.3241000000000001
 30
0.0
  0
SEQEND
  5
104FB
  8
BOARD_GEOMETRY_SILKSCREEN_
  0
POLYLINE
  5
D9BA
  8
BOARD_GEOMETRY_SILKSCREEN_
 66
     1
 10
0.0
 20
0.0
 30
0.0
 40
0.1524
 41
0.1524
  0
VERTEX
  5
104FC
  8
BOARD_GEOMETRY_SILKSCREEN_
 10
31.231078
 20
0.7239
 30
0.0
  0
VERTEX
  5
104FD
  8
BOARD_GEOMETRY_SILKSCREEN_
 10
31.131001999999999
 20
0.823976
 30
0.0
  0
SEQEND
  5
104FE
  8
BOARD_GEOMETRY_SILKSCREEN_
  0
POLYLINE
  5
D9BE
  8
BOARD_GEOMETRY_SILKSCREEN_
 66
     1
 10
0.0
 20
0.0
 30
0.0
 40
0.1524
 41
0.1524
  0
VERTEX
  5
104FF
  8
BOARD_GEOMETRY_SILKSCREEN_
 10
36.929821999999987
 20
-0.9999979999999998
 30
0.0
  0
VERTEX
  5
10500
  8
BOARD_GEOMETRY_SILKSCREEN_
 10
36.929821999999987
 20
-0.146812
 30
0.0
  0
SEQEND
  5
10501
  8
BOARD_GEOMETRY_SILKSCREEN_
  0
POLYLINE
  5
D9C2
  8
BOARD_GEOMETRY_SILKSCREEN_
 66
     1
 10
0.0
 20
0.0
 30
0.0
 40
0.1524
 41
0.1524
  0
VERTEX
  5
10502
  8
BOARD_GEOMETRY_SILKSCREEN_
 10
46.039785999999999
 20
-0.9999979999999998
 30
0.0
  0
VERTEX
  5
10503
  8
BOARD_GEOMETRY_SILKSCREEN_
 10
46.039785999999999
 20
-0.146812
 30
0.0
  0
SEQEND
  5
10504
  8
BOARD_GEOMETRY_SILKSCREEN_
  0
POLYLINE
  5
D9C6
  8
BOARD_GEOMETRY_SILKSCREEN_
 66
     1
 10
0.0
 20
0.0
 30
0.0
 40
0.1524
 41
0.1524
  0
VERTEX
  5
10505
  8
BOARD_GEOMETRY_SILKSCREEN_
 10
46.039785999999999
 20
-0.9999979999999998
 30
0.0
  0
VERTEX
  5
10506
  8
BOARD_GEOMETRY_SILKSCREEN_
 10
36.929821999999987
 20
-0.9999979999999998
 30
0.0
  0
SEQEND
  5
10507
  8
BOARD_GEOMETRY_SILKSCREEN_
  0
POLYLINE
  5
D9CA
  8
BOARD_GEOMETRY_SILKSCREEN_
 66
     1
 10
0.0
 20
0.0
 30
0.0
 40
0.1524
 41
0.1524
  0
VERTEX
  5
10508
  8
BOARD_GEOMETRY_SILKSCREEN_
 10
37.604953999999999
 20
6.8999100000000002
 30
0.0
  0
VERTEX
  5
10509
  8
BOARD_GEOMETRY_SILKSCREEN_
 10
38.462204
 20
6.8999100000000002
 30
0.0
  0
SEQEND
  5
1050A
  8
BOARD_GEOMETRY_SILKSCREEN_
  0
POLYLINE
  5
D9CE
  8
BOARD_GEOMETRY_SILKSCREEN_
 66
     1
 10
0.0
 20
0.0
 30
0.0
 40
0.1524
 41
0.1524
  0
VERTEX
  5
1050B
  8
BOARD_GEOMETRY_SILKSCREEN_
 10
44.616115999999998
 20
6.8999100000000002
 30
0.0
  0
VERTEX
  5
1050C
  8
BOARD_GEOMETRY_SILKSCREEN_
 10
45.356017999999999
 20
6.8999100000000002
 30
0.0
  0
SEQEND
  5
1050D
  8
BOARD_GEOMETRY_SILKSCREEN_
  0
POLYLINE
  5
D9D2
  8
BOARD_GEOMETRY_SILKSCREEN_
 66
     1
 10
0.0
 20
0.0
 30
0.0
 40
0.1524
 41
0.1524
  0
VERTEX
  5
1050E
  8
BOARD_GEOMETRY_SILKSCREEN_
 10
46.039785999999999
 20
4.8033939999999991
 30
0.0
  0
VERTEX
  5
1050F
  8
BOARD_GEOMETRY_SILKSCREEN_
 10
46.039785999999999
 20
2.800857999999999
 30
0.0
  0
SEQEND
  5
10510
  8
BOARD_GEOMETRY_SILKSCREEN_
  0
POLYLINE
  5
D9D6
  8
BOARD_GEOMETRY_SILKSCREEN_
 66
     1
 10
0.0
 20
0.0
 30
0.0
 40
0.1524
 41
0.1524
  0
VERTEX
  5
10511
  8
BOARD_GEOMETRY_SILKSCREEN_
 10
36.929821999999987
 20
4.7797720000000004
 30
0.0
  0
VERTEX
  5
10512
  8
BOARD_GEOMETRY_SILKSCREEN_
 10
36.929821999999987
 20
2.800857999999999
 30
0.0
  0
SEQEND
  5
10513
  8
BOARD_GEOMETRY_SILKSCREEN_
  0
POLYLINE
  5
D9DA
  8
BOARD_GEOMETRY_SILKSCREEN_
 66
     1
 10
0.0
 20
0.0
 30
0.0
 40
0.1524
 41
0.1524
  0
VERTEX
  5
10514
  8
BOARD_GEOMETRY_SILKSCREEN_
 10
54.919879999999999
 20
11.86688
 30
0.0
  0
VERTEX
  5
10515
  8
BOARD_GEOMETRY_SILKSCREEN_
 10
54.919879999999999
 20
12.320016000000001
 30
0.0
  0
SEQEND
  5
10516
  8
BOARD_GEOMETRY_SILKSCREEN_
  0
POLYLINE
  5
D9DE
  8
BOARD_GEOMETRY_SILKSCREEN_
 66
     1
 10
0.0
 20
0.0
 30
0.0
 40
0.1524
 41
0.1524
  0
VERTEX
  5
10517
  8
BOARD_GEOMETRY_SILKSCREEN_
 10
48.793399999999998
 20
0.1016
 30
0.0
  0
VERTEX
  5
10518
  8
BOARD_GEOMETRY_SILKSCREEN_
 10
48.793399999999998
 20
0.508
 30
0.0
  0
SEQEND
  5
10519
  8
BOARD_GEOMETRY_SILKSCREEN_
  0
POLYLINE
  5
D9E2
  8
BOARD_GEOMETRY_SILKSCREEN_
 66
     1
 10
0.0
 20
0.0
 30
0.0
 40
0.1524
 41
0.1524
  0
VERTEX
  5
1051A
  8
BOARD_GEOMETRY_SILKSCREEN_
 10
48.488599999999998
 20
0.3048
 30
0.0
  0
VERTEX
  5
1051B
  8
BOARD_GEOMETRY_SILKSCREEN_
 10
49.072800000000001
 20
0.3048
 30
0.0
  0
SEQEND
  5
1051C
  8
BOARD_GEOMETRY_SILKSCREEN_
  0
POLYLINE
  5
D9E6
  8
BOARD_GEOMETRY_SILKSCREEN_
 66
     1
 10
0.0
 20
0.0
 30
0.0
 40
0.1524
 41
0.1524
  0
VERTEX
  5
1051D
  8
BOARD_GEOMETRY_SILKSCREEN_
 10
58.499755999999998
 20
4.4663360000000001
 30
0.0
  0
VERTEX
  5
1051E
  8
BOARD_GEOMETRY_SILKSCREEN_
 10
58.499755999999998
 20
2.537205999999999
 30
0.0
  0
SEQEND
  5
1051F
  8
BOARD_GEOMETRY_SILKSCREEN_
  0
POLYLINE
  5
D9EA
  8
BOARD_GEOMETRY_SILKSCREEN_
 66
     1
 10
0.0
 20
0.0
 30
0.0
 40
0.1524
 41
0.1524
  0
VERTEX
  5
10520
  8
BOARD_GEOMETRY_SILKSCREEN_
 10
58.499755999999998
 20
-1.150112
 30
0.0
  0
VERTEX
  5
10521
  8
BOARD_GEOMETRY_SILKSCREEN_
 10
58.499755999999998
 20
0.2524760000000001
 30
0.0
  0
SEQEND
  5
10522
  8
BOARD_GEOMETRY_SILKSCREEN_
  0
POLYLINE
  5
D9EE
  8
BOARD_GEOMETRY_SILKSCREEN_
 66
     1
 10
0.0
 20
0.0
 30
0.0
 40
0.1524
 41
0.1524
  0
VERTEX
  5
10523
  8
BOARD_GEOMETRY_SILKSCREEN_
 10
49.509679999999989
 20
-1.150112
 30
0.0
  0
VERTEX
  5
10524
  8
BOARD_GEOMETRY_SILKSCREEN_
 10
49.509679999999989
 20
0.2524760000000001
 30
0.0
  0
SEQEND
  5
10525
  8
BOARD_GEOMETRY_SILKSCREEN_
  0
POLYLINE
  5
D9F2
  8
BOARD_GEOMETRY_SILKSCREEN_
 66
     1
 10
0.0
 20
0.0
 30
0.0
 40
0.1524
 41
0.1524
  0
VERTEX
  5
10526
  8
BOARD_GEOMETRY_SILKSCREEN_
 10
58.499755999999998
 20
-1.150112
 30
0.0
  0
VERTEX
  5
10527
  8
BOARD_GEOMETRY_SILKSCREEN_
 10
49.509679999999989
 20
-1.150112
 30
0.0
  0
SEQEND
  5
10528
  8
BOARD_GEOMETRY_SILKSCREEN_
  0
POLYLINE
  5
D9F6
  8
BOARD_GEOMETRY_SILKSCREEN_
 66
     1
 10
0.0
 20
0.0
 30
0.0
 40
0.1524
 41
0.1524
  0
VERTEX
  5
10529
  8
BOARD_GEOMETRY_SILKSCREEN_
 10
49.509679999999989
 20
4.4495719999999981
 30
0.0
  0
VERTEX
  5
1052A
  8
BOARD_GEOMETRY_SILKSCREEN_
 10
49.509679999999989
 20
2.537205999999999
 30
0.0
  0
SEQEND
  5
1052B
  8
BOARD_GEOMETRY_SILKSCREEN_
  0
POLYLINE
  5
D9FA
  8
BOARD_GEOMETRY_SILKSCREEN_
 66
     1
 10
0.0
 20
0.0
 30
0.0
 40
0.1524
 41
0.1524
  0
VERTEX
  5
1052C
  8
BOARD_GEOMETRY_SILKSCREEN_
 10
54.919879999999999
 20
11.86688
 30
0.0
  0
VERTEX
  5
1052D
  8
BOARD_GEOMETRY_SILKSCREEN_
 10
55.405781999999981
 20
11.86688
 30
0.0
  0
SEQEND
  5
1052E
  8
BOARD_GEOMETRY_SILKSCREEN_
  0
POLYLINE
  5
D9FE
  8
BOARD_GEOMETRY_SILKSCREEN_
 66
     1
 10
0.0
 20
0.0
 30
0.0
 40
0.1524
 41
0.1524
  0
VERTEX
  5
1052F
  8
BOARD_GEOMETRY_SILKSCREEN_
 10
61.920119999999997
 20
11.86688
 30
0.0
  0
VERTEX
  5
10530
  8
BOARD_GEOMETRY_SILKSCREEN_
 10
61.456062000000003
 20
11.86688
 30
0.0
  0
SEQEND
  5
10531
  8
BOARD_GEOMETRY_SILKSCREEN_
  0
POLYLINE
  5
DA02
  8
BOARD_GEOMETRY_SILKSCREEN_
 66
     1
 10
0.0
 20
0.0
 30
0.0
 40
0.1524
 41
0.1524
  0
VERTEX
  5
10532
  8
BOARD_GEOMETRY_SILKSCREEN_
 10
61.920119999999997
 20
11.86688
 30
0.0
  0
VERTEX
  5
10533
  8
BOARD_GEOMETRY_SILKSCREEN_
 10
61.920119999999997
 20
12.320016000000001
 30
0.0
  0
SEQEND
  5
10534
  8
BOARD_GEOMETRY_SILKSCREEN_
  0
POLYLINE
  5
DA06
  8
BOARD_GEOMETRY_SILKSCREEN_
 66
     1
 10
0.0
 20
0.0
 30
0.0
 40
0.1524
 41
0.1524
  0
VERTEX
  5
10535
  8
BOARD_GEOMETRY_SILKSCREEN_
 10
61.920119999999997
 20
18.86712
 30
0.0
  0
VERTEX
  5
10536
  8
BOARD_GEOMETRY_SILKSCREEN_
 10
61.456062000000003
 20
18.86712
 30
0.0
  0
SEQEND
  5
10537
  8
BOARD_GEOMETRY_SILKSCREEN_
  0
POLYLINE
  5
DA0A
  8
BOARD_GEOMETRY_SILKSCREEN_
 66
     1
 10
0.0
 20
0.0
 30
0.0
 40
0.1524
 41
0.1524
  0
VERTEX
  5
10538
  8
BOARD_GEOMETRY_SILKSCREEN_
 10
61.920119999999997
 20
18.86712
 30
0.0
  0
VERTEX
  5
10539
  8
BOARD_GEOMETRY_SILKSCREEN_
 10
61.920119999999997
 20
18.424651999999998
 30
0.0
  0
SEQEND
  5
1053A
  8
BOARD_GEOMETRY_SILKSCREEN_
  0
POLYLINE
  5
DA0E
  8
BOARD_GEOMETRY_SILKSCREEN_
 66
     1
 10
0.0
 20
0.0
 30
0.0
 40
0.199898
 41
0.199898
  0
VERTEX
  5
1053B
  8
BOARD_GEOMETRY_SILKSCREEN_
 10
54.249574000000003
 20
18.1356
 30
0.0
  0
VERTEX
  5
1053C
  8
BOARD_GEOMETRY_SILKSCREEN_
 10
53.749701999999992
 20
18.385535999999998
 30
0.0
  0
VERTEX
  5
1053D
  8
BOARD_GEOMETRY_SILKSCREEN_
 10
53.749701999999992
 20
17.885663999999991
 30
0.0
  0
VERTEX
  5
1053E
  8
BOARD_GEOMETRY_SILKSCREEN_
 10
54.249574000000003
 20
18.1356
 30
0.0
  0
VERTEX
  5
1053F
  8
BOARD_GEOMETRY_SILKSCREEN_
 10
53.849524000000002
 20
18.1356
 30
0.0
  0
SEQEND
  5
10540
  8
BOARD_GEOMETRY_SILKSCREEN_
  0
POLYLINE
  5
DA15
  8
BOARD_GEOMETRY_SILKSCREEN_
 66
     1
 10
0.0
 20
0.0
 30
0.0
 40
0.1524
 41
0.1524
  0
VERTEX
  5
10541
  8
BOARD_GEOMETRY_SILKSCREEN_
 10
54.924706
 20
19.112991999999998
 30
0.0
 42
1.000024
  0
VERTEX
  5
10542
  8
BOARD_GEOMETRY_SILKSCREEN_
 10
54.270910000000001
 20
19.112991999999998
 30
0.0
 42
0.999976
  0
VERTEX
  5
10543
  8
BOARD_GEOMETRY_SILKSCREEN_
 10
54.924706
 20
19.112991999999998
 30
0.0
  0
SEQEND
  5
10544
  8
BOARD_GEOMETRY_SILKSCREEN_
  0
POLYLINE
  5
DA1A
  8
BOARD_GEOMETRY_SILKSCREEN_
 66
     1
 10
0.0
 20
0.0
 30
0.0
 40
0.1524
 41
0.1524
  0
VERTEX
  5
10545
  8
BOARD_GEOMETRY_SILKSCREEN_
 10
54.919879999999999
 20
18.86712
 30
0.0
  0
VERTEX
  5
10546
  8
BOARD_GEOMETRY_SILKSCREEN_
 10
55.405781999999981
 20
18.86712
 30
0.0
  0
SEQEND
  5
10547
  8
BOARD_GEOMETRY_SILKSCREEN_
  0
POLYLINE
  5
DA1E
  8
BOARD_GEOMETRY_SILKSCREEN_
 66
     1
 10
0.0
 20
0.0
 30
0.0
 40
0.1524
 41
0.1524
  0
VERTEX
  5
10548
  8
BOARD_GEOMETRY_SILKSCREEN_
 10
54.919879999999999
 20
18.86712
 30
0.0
  0
VERTEX
  5
10549
  8
BOARD_GEOMETRY_SILKSCREEN_
 10
54.919879999999999
 20
18.424651999999998
 30
0.0
  0
SEQEND
  5
1054A
  8
BOARD_GEOMETRY_SILKSCREEN_
  0
POLYLINE
  5
DA22
  8
BOARD_GEOMETRY_SILKSCREEN_
 66
     1
 10
0.0
 20
0.0
 30
0.0
 40
0.1524
 41
0.1524
  0
VERTEX
  5
1054B
  8
BOARD_GEOMETRY_SILKSCREEN_
 10
7.0500239999999987
 20
29.21508
 30
0.0
  0
VERTEX
  5
1054C
  8
BOARD_GEOMETRY_SILKSCREEN_
 10
57.850023999999991
 20
29.21508
 30
0.0
  0
VERTEX
  5
1054D
  8
BOARD_GEOMETRY_SILKSCREEN_
 10
57.850023999999991
 20
24.135079999999999
 30
0.0
  0
VERTEX
  5
1054E
  8
BOARD_GEOMETRY_SILKSCREEN_
 10
7.0500239999999987
 20
24.135079999999999
 30
0.0
  0
VERTEX
  5
1054F
  8
BOARD_GEOMETRY_SILKSCREEN_
 10
7.0500239999999987
 20
29.21508
 30
0.0
  0
SEQEND
  5
10550
  8
BOARD_GEOMETRY_SILKSCREEN_
  0
POLYLINE
  5
DA29
  8
BOARD_GEOMETRY_SILKSCREEN_
 66
     1
 10
0.0
 20
0.0
 30
0.0
 40
0.1524
 41
0.1524
  0
VERTEX
  5
10551
  8
BOARD_GEOMETRY_SILKSCREEN_
 10
48.926242000000002
 20
24.121110000000002
 30
0.0
  0
VERTEX
  5
10552
  8
BOARD_GEOMETRY_SILKSCREEN_
 10
37.614352000000011
 20
24.121110000000002
 30
0.0
  0
SEQEND
  5
10553
  8
BOARD_GEOMETRY_SILKSCREEN_
  0
POLYLINE
  5
DA2D
  8
BOARD_GEOMETRY_SILKSCREEN_
 66
     1
 10
0.0
 20
0.0
 30
0.0
 40
0.1524
 41
0.1524
  0
VERTEX
  5
10554
  8
BOARD_GEOMETRY_SILKSCREEN_
 10
37.614352000000011
 20
24.121110000000002
 30
0.0
  0
VERTEX
  5
10555
  8
BOARD_GEOMETRY_SILKSCREEN_
 10
36.92398
 20
23.430992
 30
0.0
  0
SEQEND
  5
10556
  8
BOARD_GEOMETRY_SILKSCREEN_
  0
POLYLINE
  5
DA31
  8
BOARD_GEOMETRY_SILKSCREEN_
 66
     1
 10
0.0
 20
0.0
 30
0.0
 40
0.1524
 41
0.1524
  0
VERTEX
  5
10557
  8
BOARD_GEOMETRY_SILKSCREEN_
 10
37.926009999999998
 20
23.121112
 30
0.0
  0
VERTEX
  5
10558
  8
BOARD_GEOMETRY_SILKSCREEN_
 10
47.926243999999997
 20
23.121112
 30
0.0
  0
SEQEND
  5
10559
  8
BOARD_GEOMETRY_SILKSCREEN_
  0
POLYLINE
  5
DA35
  8
BOARD_GEOMETRY_SILKSCREEN_
 66
     1
 10
0.0
 20
0.0
 30
0.0
 40
0.1524
 41
0.1524
  0
VERTEX
  5
1055A
  8
BOARD_GEOMETRY_SILKSCREEN_
 10
48.926242000000002
 20
7.1208899999999993
 30
0.0
  0
VERTEX
  5
1055B
  8
BOARD_GEOMETRY_SILKSCREEN_
 10
48.926242000000002
 20
24.121110000000002
 30
0.0
  0
SEQEND
  5
1055C
  8
BOARD_GEOMETRY_SILKSCREEN_
  0
POLYLINE
  5
DA39
  8
BOARD_GEOMETRY_SILKSCREEN_
 66
     1
 10
0.0
 20
0.0
 30
0.0
 40
0.1524
 41
0.1524
  0
VERTEX
  5
1055D
  8
BOARD_GEOMETRY_SILKSCREEN_
 10
47.926243999999997
 20
23.121112
 30
0.0
  0
VERTEX
  5
1055E
  8
BOARD_GEOMETRY_SILKSCREEN_
 10
47.926243999999997
 20
8.1208880000000008
 30
0.0
  0
SEQEND
  5
1055F
  8
BOARD_GEOMETRY_SILKSCREEN_
  0
POLYLINE
  5
DA3D
  8
BOARD_GEOMETRY_SILKSCREEN_
 66
     1
 10
0.0
 20
0.0
 30
0.0
 40
0.1524
 41
0.1524
  0
VERTEX
  5
10560
  8
BOARD_GEOMETRY_SILKSCREEN_
 10
37.926009999999998
 20
8.1208880000000008
 30
0.0
  0
VERTEX
  5
10561
  8
BOARD_GEOMETRY_SILKSCREEN_
 10
37.926009999999998
 20
23.121112
 30
0.0
  0
SEQEND
  5
10562
  8
BOARD_GEOMETRY_SILKSCREEN_
  0
POLYLINE
  5
DA41
  8
BOARD_GEOMETRY_SILKSCREEN_
 66
     1
 10
0.0
 20
0.0
 30
0.0
 40
0.1524
 41
0.1524
  0
VERTEX
  5
10563
  8
BOARD_GEOMETRY_SILKSCREEN_
 10
36.92398
 20
23.430992
 30
0.0
  0
VERTEX
  5
10564
  8
BOARD_GEOMETRY_SILKSCREEN_
 10
36.926012
 20
7.1208899999999993
 30
0.0
  0
SEQEND
  5
10565
  8
BOARD_GEOMETRY_SILKSCREEN_
  0
POLYLINE
  5
DA45
  8
BOARD_GEOMETRY_SILKSCREEN_
 66
     1
 10
0.0
 20
0.0
 30
0.0
 40
0.1524
 41
0.1524
  0
VERTEX
  5
10566
  8
BOARD_GEOMETRY_SILKSCREEN_
 10
47.926243999999997
 20
8.1208880000000008
 30
0.0
  0
VERTEX
  5
10567
  8
BOARD_GEOMETRY_SILKSCREEN_
 10
37.926009999999998
 20
8.1208880000000008
 30
0.0
  0
SEQEND
  5
10568
  8
BOARD_GEOMETRY_SILKSCREEN_
  0
POLYLINE
  5
DA49
  8
BOARD_GEOMETRY_SILKSCREEN_
 66
     1
 10
0.0
 20
0.0
 30
0.0
 40
0.1524
 41
0.1524
  0
VERTEX
  5
10569
  8
BOARD_GEOMETRY_SILKSCREEN_
 10
36.926012
 20
7.1208899999999993
 30
0.0
  0
VERTEX
  5
1056A
  8
BOARD_GEOMETRY_SILKSCREEN_
 10
48.926242000000002
 20
7.1208899999999993
 30
0.0
  0
SEQEND
  5
1056B
  8
BOARD_GEOMETRY_SILKSCREEN_
  0
POLYLINE
  5
DA4D
  8
BOARD_GEOMETRY_SILKSCREEN_
 66
     1
 10
0.0
 20
0.0
 30
0.0
 40
0.1524
 41
0.1524
  0
VERTEX
  5
1056C
  8
BOARD_GEOMETRY_SILKSCREEN_
 10
35.393884
 20
4.9499519999999979
 30
0.0
  0
VERTEX
  5
1056D
  8
BOARD_GEOMETRY_SILKSCREEN_
 10
20.994116000000002
 20
4.9499519999999979
 30
0.0
  0
SEQEND
  5
1056E
  8
BOARD_GEOMETRY_SILKSCREEN_
  0
POLYLINE
  5
DA51
  8
BOARD_GEOMETRY_SILKSCREEN_
 66
     1
 10
0.0
 20
0.0
 30
0.0
 40
0.1524
 41
0.1524
  0
VERTEX
  5
1056F
  8
BOARD_GEOMETRY_SILKSCREEN_
 10
35.393884
 20
20.100035999999999
 30
0.0
  0
VERTEX
  5
10570
  8
BOARD_GEOMETRY_SILKSCREEN_
 10
35.393884
 20
4.9499519999999979
 30
0.0
  0
SEQEND
  5
10571
  8
BOARD_GEOMETRY_SILKSCREEN_
  0
POLYLINE
  5
DA55
  8
BOARD_GEOMETRY_SILKSCREEN_
 66
     1
 10
0.0
 20
0.0
 30
0.0
 40
0.1524
 41
0.1524
  0
VERTEX
  5
10572
  8
BOARD_GEOMETRY_SILKSCREEN_
 10
20.994116000000002
 20
20.450047999999999
 30
0.0
  0
VERTEX
  5
10573
  8
BOARD_GEOMETRY_SILKSCREEN_
 10
35.043872
 20
20.450047999999999
 30
0.0
  0
SEQEND
  5
10574
  8
BOARD_GEOMETRY_SILKSCREEN_
  0
POLYLINE
  5
DA59
  8
BOARD_GEOMETRY_SILKSCREEN_
 66
     1
 10
0.0
 20
0.0
 30
0.0
 40
0.1524
 41
0.1524
  0
VERTEX
  5
10575
  8
BOARD_GEOMETRY_SILKSCREEN_
 10
20.994116000000002
 20
4.9499519999999979
 30
0.0
  0
VERTEX
  5
10576
  8
BOARD_GEOMETRY_SILKSCREEN_
 10
20.994116000000002
 20
20.450047999999999
 30
0.0
  0
SEQEND
  5
10577
  8
BOARD_GEOMETRY_SILKSCREEN_
  0
POLYLINE
  5
DA5D
  8
BOARD_GEOMETRY_SILKSCREEN_
 66
     1
 10
0.0
 20
0.0
 30
0.0
 40
0.1524
 41
0.1524
  0
VERTEX
  5
10578
  8
BOARD_GEOMETRY_SILKSCREEN_
 10
2.9062679999999981
 20
12.402058
 30
0.0
  0
VERTEX
  5
10579
  8
BOARD_GEOMETRY_SILKSCREEN_
 10
2.9062679999999981
 20
11.752072
 30
0.0
  0
SEQEND
  5
1057A
  8
BOARD_GEOMETRY_SILKSCREEN_
  0
POLYLINE
  5
DA61
  8
BOARD_GEOMETRY_SILKSCREEN_
 66
     1
 10
0.0
 20
0.0
 30
0.0
 40
0.1524
 41
0.1524
  0
VERTEX
  5
1057B
  8
BOARD_GEOMETRY_SILKSCREEN_
 10
2.9062679999999981
 20
12.402058
 30
0.0
  0
VERTEX
  5
1057C
  8
BOARD_GEOMETRY_SILKSCREEN_
 10
2.832354
 20
12.402058
 30
0.0
  0
SEQEND
  5
1057D
  8
BOARD_GEOMETRY_SILKSCREEN_
  0
POLYLINE
  5
DA65
  8
BOARD_GEOMETRY_SILKSCREEN_
 66
     1
 10
0.0
 20
0.0
 30
0.0
 40
0.1524
 41
0.1524
  0
VERTEX
  5
1057E
  8
BOARD_GEOMETRY_SILKSCREEN_
 10
2.9062679999999981
 20
9.8021139999999995
 30
0.0
  0
VERTEX
  5
1057F
  8
BOARD_GEOMETRY_SILKSCREEN_
 10
2.9062679999999981
 20
10.451338
 30
0.0
  0
SEQEND
  5
10580
  8
BOARD_GEOMETRY_SILKSCREEN_
  0
POLYLINE
  5
DA69
  8
BOARD_GEOMETRY_SILKSCREEN_
 66
     1
 10
0.0
 20
0.0
 30
0.0
 40
0.1524
 41
0.1524
  0
VERTEX
  5
10581
  8
BOARD_GEOMETRY_SILKSCREEN_
 10
2.9062679999999981
 20
9.8021139999999995
 30
0.0
  0
VERTEX
  5
10582
  8
BOARD_GEOMETRY_SILKSCREEN_
 10
2.832354
 20
9.8021139999999995
 30
0.0
  0
SEQEND
  5
10583
  8
BOARD_GEOMETRY_SILKSCREEN_
  0
POLYLINE
  5
DA6D
  8
BOARD_GEOMETRY_SILKSCREEN_
 66
     1
 10
0.0
 20
0.0
 30
0.0
 40
0.1524
 41
0.1524
  0
VERTEX
  5
10584
  8
BOARD_GEOMETRY_SILKSCREEN_
 10
0.306324
 20
12.402058
 30
0.0
  0
VERTEX
  5
10585
  8
BOARD_GEOMETRY_SILKSCREEN_
 10
0.38862
 20
12.402058
 30
0.0
  0
SEQEND
  5
10586
  8
BOARD_GEOMETRY_SILKSCREEN_
  0
POLYLINE
  5
DA71
  8
BOARD_GEOMETRY_SILKSCREEN_
 66
     1
 10
0.0
 20
0.0
 30
0.0
 40
0.1524
 41
0.1524
  0
VERTEX
  5
10587
  8
BOARD_GEOMETRY_SILKSCREEN_
 10
0.306324
 20
9.8021139999999995
 30
0.0
  0
VERTEX
  5
10588
  8
BOARD_GEOMETRY_SILKSCREEN_
 10
0.38862
 20
9.8021139999999995
 30
0.0
  0
SEQEND
  5
10589
  8
BOARD_GEOMETRY_SILKSCREEN_
  0
POLYLINE
  5
DA75
  8
BOARD_GEOMETRY_SILKSCREEN_
 66
     1
 10
0.0
 20
0.0
 30
0.0
 40
0.1524
 41
0.1524
  0
VERTEX
  5
1058A
  8
BOARD_GEOMETRY_SILKSCREEN_
 10
0.306324
 20
9.8021139999999995
 30
0.0
  0
VERTEX
  5
1058B
  8
BOARD_GEOMETRY_SILKSCREEN_
 10
0.306324
 20
12.402058
 30
0.0
  0
SEQEND
  5
1058C
  8
BOARD_GEOMETRY_SILKSCREEN_
  0
POLYLINE
  5
DA79
  8
BOARD_GEOMETRY_SILKSCREEN_
 66
     1
 10
0.0
 20
0.0
 30
0.0
 40
0.1524
 41
0.1524
  0
VERTEX
  5
1058D
  8
BOARD_GEOMETRY_SILKSCREEN_
 10
15.731998000000001
 20
6.3400939999999988
 30
0.0
  0
VERTEX
  5
1058E
  8
BOARD_GEOMETRY_SILKSCREEN_
 10
14.497558
 20
6.3400939999999988
 30
0.0
  0
SEQEND
  5
1058F
  8
BOARD_GEOMETRY_SILKSCREEN_
  0
POLYLINE
  5
DA7D
  8
BOARD_GEOMETRY_SILKSCREEN_
 66
     1
 10
0.0
 20
0.0
 30
0.0
 40
0.1524
 41
0.1524
  0
VERTEX
  5
10590
  8
BOARD_GEOMETRY_SILKSCREEN_
 10
15.683992
 20
6.5498979999999989
 30
0.0
  0
VERTEX
  5
10591
  8
BOARD_GEOMETRY_SILKSCREEN_
 10
14.497558
 20
6.5498979999999989
 30
0.0
  0
SEQEND
  5
10592
  8
BOARD_GEOMETRY_SILKSCREEN_
  0
POLYLINE
  5
DA81
  8
BOARD_GEOMETRY_SILKSCREEN_
 66
     1
 10
0.0
 20
0.0
 30
0.0
 40
0.1524
 41
0.1524
  0
VERTEX
  5
10593
  8
BOARD_GEOMETRY_SILKSCREEN_
 10
15.731998000000001
 20
-0.9690100000000002
 30
0.0
  0
VERTEX
  5
10594
  8
BOARD_GEOMETRY_SILKSCREEN_
 10
15.731998000000001
 20
6.3400939999999988
 30
0.0
  0
SEQEND
  5
10595
  8
BOARD_GEOMETRY_SILKSCREEN_
  0
POLYLINE
  5
DA85
  8
BOARD_GEOMETRY_SILKSCREEN_
 66
     1
 10
0.0
 20
0.0
 30
0.0
 40
0.1524
 41
0.1524
  0
VERTEX
  5
10596
  8
BOARD_GEOMETRY_SILKSCREEN_
 10
15.679928
 20
6.5420239999999987
 30
0.0
  0
VERTEX
  5
10597
  8
BOARD_GEOMETRY_SILKSCREEN_
 10
15.679928
 20
-0.9530079999999999
 30
0.0
  0
SEQEND
  5
10598
  8
BOARD_GEOMETRY_SILKSCREEN_
  0
POLYLINE
  5
DA89
  8
BOARD_GEOMETRY_SILKSCREEN_
 66
     1
 10
0.0
 20
0.0
 30
0.0
 40
0.1524
 41
0.1524
  0
VERTEX
  5
10599
  8
BOARD_GEOMETRY_SILKSCREEN_
 10
9.2549979999999987
 20
-0.9690100000000002
 30
0.0
  0
VERTEX
  5
1059A
  8
BOARD_GEOMETRY_SILKSCREEN_
 10
15.731998000000001
 20
-0.9690100000000002
 30
0.0
  0
SEQEND
  5
1059B
  8
BOARD_GEOMETRY_SILKSCREEN_
  0
POLYLINE
  5
DA8D
  8
BOARD_GEOMETRY_SILKSCREEN_
 66
     1
 10
0.0
 20
0.0
 30
0.0
 40
0.1524
 41
0.1524
  0
VERTEX
  5
1059C
  8
BOARD_GEOMETRY_SILKSCREEN_
 10
9.1810840000000002
 20
-0.94996
 30
0.0
  0
VERTEX
  5
1059D
  8
BOARD_GEOMETRY_SILKSCREEN_
 10
15.682976
 20
-0.94996
 30
0.0
  0
SEQEND
  5
1059E
  8
BOARD_GEOMETRY_SILKSCREEN_
  0
POLYLINE
  5
DA91
  8
BOARD_GEOMETRY_SILKSCREEN_
 66
     1
 10
0.0
 20
0.0
 30
0.0
 40
0.1524
 41
0.1524
  0
VERTEX
  5
1059F
  8
BOARD_GEOMETRY_SILKSCREEN_
 10
9.1831160000000001
 20
-0.249936
 30
0.0
  0
VERTEX
  5
105A0
  8
BOARD_GEOMETRY_SILKSCREEN_
 10
15.680944
 20
-0.249936
 30
0.0
  0
SEQEND
  5
105A1
  8
BOARD_GEOMETRY_SILKSCREEN_
  0
POLYLINE
  5
DA95
  8
BOARD_GEOMETRY_SILKSCREEN_
 66
     1
 10
0.0
 20
0.0
 30
0.0
 40
0.1524
 41
0.1524
  0
VERTEX
  5
105A2
  8
BOARD_GEOMETRY_SILKSCREEN_
 10
9.1800679999999986
 20
6.5430400000000004
 30
0.0
  0
VERTEX
  5
105A3
  8
BOARD_GEOMETRY_SILKSCREEN_
 10
9.1800679999999986
 20
-0.948944
 30
0.0
  0
SEQEND
  5
105A4
  8
BOARD_GEOMETRY_SILKSCREEN_
  0
POLYLINE
  5
DA99
  8
BOARD_GEOMETRY_SILKSCREEN_
 66
     1
 10
0.0
 20
0.0
 30
0.0
 40
0.1524
 41
0.1524
  0
VERTEX
  5
105A5
  8
BOARD_GEOMETRY_SILKSCREEN_
 10
9.2549979999999987
 20
6.3400939999999988
 30
0.0
  0
VERTEX
  5
105A6
  8
BOARD_GEOMETRY_SILKSCREEN_
 10
9.2549979999999987
 20
-0.9690100000000002
 30
0.0
  0
SEQEND
  5
105A7
  8
BOARD_GEOMETRY_SILKSCREEN_
  0
POLYLINE
  5
DA9D
  8
BOARD_GEOMETRY_SILKSCREEN_
 66
     1
 10
0.0
 20
0.0
 30
0.0
 40
0.1524
 41
0.1524
  0
VERTEX
  5
105A8
  8
BOARD_GEOMETRY_SILKSCREEN_
 10
9.2549979999999987
 20
6.3400939999999988
 30
0.0
  0
VERTEX
  5
105A9
  8
BOARD_GEOMETRY_SILKSCREEN_
 10
10.325608000000001
 20
6.3400939999999988
 30
0.0
  0
SEQEND
  5
105AA
  8
BOARD_GEOMETRY_SILKSCREEN_
  0
POLYLINE
  5
DAA1
  8
BOARD_GEOMETRY_SILKSCREEN_
 66
     1
 10
0.0
 20
0.0
 30
0.0
 40
0.1524
 41
0.1524
  0
VERTEX
  5
105AB
  8
BOARD_GEOMETRY_SILKSCREEN_
 10
9.1821000000000002
 20
6.5498979999999989
 30
0.0
  0
VERTEX
  5
105AC
  8
BOARD_GEOMETRY_SILKSCREEN_
 10
10.325608000000001
 20
6.5498979999999989
 30
0.0
  0
SEQEND
  5
105AD
  8
BOARD_GEOMETRY_SILKSCREEN_
  0
POLYLINE
  5
DAAA
  8
BOARD_GEOMETRY_OUTLINE
 66
     1
 10
0.0
 20
0.0
 30
0.0
 70
     1
  0
VERTEX
  5
105AE
  8
BOARD_GEOMETRY_OUTLINE
 10
0.0
 20
2.8023820000000002
 30
0.0
 42
0.444679
  0
VERTEX
  5
105AF
  8
BOARD_GEOMETRY_OUTLINE
 10
2.5272999999999981
 20
0.0
 30
0.0
  0
VERTEX
  5
105B0
  8
BOARD_GEOMETRY_OUTLINE
 10
62.536324
 20
0.0
 30
0.0
 42
0.414124
  0
VERTEX
  5
105B1
  8
BOARD_GEOMETRY_OUTLINE
 10
65.001648000000003
 20
2.465323999999999
 30
0.0
  0
VERTEX
  5
105B2
  8
BOARD_GEOMETRY_OUTLINE
 10
65.001648000000003
 20
27.525726000000009
 30
0.0
 42
0.414223
  0
VERTEX
  5
105B3
  8
BOARD_GEOMETRY_OUTLINE
 10
62.522100000000002
 20
30.005528000000002
 30
0.0
  0
VERTEX
  5
105B4
  8
BOARD_GEOMETRY_OUTLINE
 10
2.4574500000000001
 20
30.005528000000002
 30
0.0
 42
0.414246
  0
VERTEX
  5
105B5
  8
BOARD_GEOMETRY_OUTLINE
 10
0.0
 20
27.547823999999999
 30
0.0
  0
SEQEND
  5
105B6
  8
BOARD_GEOMETRY_OUTLINE
  0
TEXT
  5
DAB4
  8
BOARD_GEOMETRY_SILKSCREEN_
 10
35.102800000000002
 20
20.446999999999999
 30
0.0
 40
0.635
  1
1
 41
1.004
  0
TEXT
  5
DAB5
  8
BOARD_GEOMETRY_SILKSCREEN_
 10
35.94100000000001
 20
23.367999999999999
 30
0.0
 40
0.635
  1
1
 50
90.0
 41
1.004
  0
TEXT
  5
DAB6
  8
BOARD_GEOMETRY_SILKSCREEN_
 10
36.55060000000001
 20
9.3472000000000008
 30
0.0
 40
0.635
  1
ZER0 3W_V1.11
 50
90.0
 41
1.004
  0
ENDSEC
  0
EOF
